aire_tipo,aire_capa,aire_dia,aire_hor,aire_anio,aire_ene,aire_feb,aire_mar,aire_abr,aire_may,aire_jun,aire_jul,aire_ago,aire_sep,aire_oct,aire_nov,aire_dic
4,9,42,6,2,0.0,0.0,0.0,4.0,5.0,6.0,0.0,0.0,0.0,0.0,0.0,0.0
4,9,42,3,2,0.0,0.0,0.0,4.0,5.0,6.0,0.0,0.0,0.0,0.0,0.0,0.0
6,9,30,2,1,0.0,0.0,0.0,0.0,5.0,0.0,0.0,0.0,0.0,0.0,0.0,0.0
6,9,90,4,1,0.0,0.0,0.0,4.0,5.0,6.0,0.0,0.0,0.0,0.0,0.0,0.0
2,9,60,2,8,0.0,0.0,0.0,0.0,5.0,6.0,0.0,0.0,0.0,0.0,0.0,0.0
2,1,4,3,10,0.0,0.0,0.0,4.0,5.0,0.0,0.0,0.0,0.0,0.0,0.0,0.0
5,4,15,0,15,0.0,0.0,0.0,0.0,0.0,6.0,0.0,0.0,0.0,0.0,0.0,12.0
1,9,70,5,8,0.0,0.0,0.0,0.0,5.0,6.0,7.0,0.0,0.0,0.0,0.0,0.0
6,5,90,2,6,0.0,0.0,0.0,4.0,5.0,0.0,0.0,0.0,0.0,0.0,0.0,12.0
2,1,30,5,15,0.0,0.0,0.0,0.0,5.0,6.0,0.0,0.0,0.0,0.0,0.0,0.0
6,9,60,8,1,1.0,0.0,0.0,0.0,0.0,0.0,0.0,0.0,0.0,0.0,0.0,12.0
2,9,300,6,13,0.0,2.0,3.0,4.0,5.0,6.0,7.0,8.0,9.0,10.0,11.0,0.0
5,1,15,1,4,0.0,0.0,0.0,0.0,5.0,6.0,7.0,0.0,0.0,0.0,0.0,0.0
4,9,60,1,3,0.0,0.0,0.0,0.0,5.0,6.0,0.0,0.0,0.0,0.0,0.0,0.0
5,3,90,2,8,0.0,0.0,0.0,0.0,5.0,6.0,7.0,0.0,0.0,0.0,0.0,0.0
2,1,30,2,6,0.0,0.0,0.0,0.0,5.0,0.0,0.0,0.0,0.0,0.0,0.0,0.0
2,9,30,8,5,0.0,0.0,0.0,0.0,0.0,6.0,0.0,0.0,0.0,0.0,0.0,0.0
4,1,60,8,5,0.0,0.0,0.0,0.0,5.0,6.0,0.0,0.0,0.0,0.0,0.0,0.0
5,9,30,8,2,0.0,0.0,0.0,0.0,5.0,0.0,0.0,0.0,0.0,0.0,0.0,0.0
5,9,60,8,2,0.0,0.0,0.0,0.0,5.0,6.0,0.0,0.0,0.0,0.0,0.0,0.0
2,9,60,3,5,0.0,0.0,0.0,0.0,5.0,6.0,0.0,0.0,0.0,0.0,0.0,0.0
1,9,30,4,1,0.0,0.0,0.0,0.0,5.0,0.0,0.0,0.0,0.0,0.0,0.0,0.0
5,9,240,4,8,0.0,0.0,3.0,4.0,5.0,6.0,7.0,8.0,9.0,10.0,0.0,0.0
5,3,180,2,1,0.0,0.0,0.0,0.0,5.0,6.0,7.0,8.0,9.0,10.0,0.0,0.0
5,5,180,4,1,0.0,0.0,0.0,0.0,5.0,6.0,7.0,8.0,9.0,10.0,0.0,0.0
5,2,210,5,1,0.0,0.0,0.0,0.0,5.0,6.0,7.0,8.0,9.0,10.0,11.0,0.0
5,4,180,1,1,0.0,0.0,0.0,4.0,5.0,6.0,7.0,8.0,9.0,0.0,0.0,0.0
5,3,210,8,1,0.0,0.0,0.0,4.0,5.0,6.0,7.0,8.0,9.0,10.0,0.0,0.0
5,3,210,4,1,0.0,0.0,0.0,4.0,5.0,6.0,7.0,8.0,9.0,10.0,0.0,0.0
5,5,210,4,8,0.0,0.0,0.0,4.0,5.0,6.0,7.0,8.0,9.0,10.0,0.0,0.0
2,3,90,12,3,0.0,0.0,0.0,0.0,0.0,6.0,7.0,8.0,0.0,0.0,0.0,0.0
2,3,90,12,3,0.0,0.0,0.0,0.0,0.0,6.0,7.0,8.0,0.0,0.0,0.0,0.0
2,3,180,6,3,0.0,0.0,0.0,0.0,0.0,6.0,7.0,8.0,9.0,10.0,11.0,0.0
2,3,150,24,4,0.0,0.0,0.0,0.0,0.0,6.0,7.0,8.0,9.0,10.0,0.0,0.0
6,3,210,18,2,0.0,0.0,0.0,4.0,5.0,6.0,7.0,8.0,9.0,10.0,0.0,0.0
5,5,210,8,2,0.0,0.0,0.0,4.0,5.0,6.0,7.0,8.0,9.0,10.0,0.0,0.0
5,4,180,8,4,0.0,0.0,0.0,0.0,5.0,6.0,7.0,8.0,9.0,10.0,0.0,0.0
5,4,180,12,2,0.0,0.0,0.0,0.0,5.0,6.0,7.0,8.0,9.0,10.0,0.0,0.0
2,5,150,8,2,0.0,0.0,0.0,0.0,5.0,6.0,7.0,8.0,9.0,0.0,0.0,0.0
2,5,150,12,5,0.0,0.0,0.0,0.0,5.0,6.0,7.0,8.0,9.0,0.0,0.0,0.0
2,3,150,12,5,0.0,0.0,0.0,0.0,5.0,6.0,7.0,8.0,9.0,0.0,0.0,0.0
5,5,120,8,2,0.0,0.0,0.0,0.0,0.0,6.0,7.0,8.0,9.0,0.0,0.0,0.0
2,4,120,8,8,0.0,0.0,0.0,0.0,0.0,6.0,7.0,8.0,9.0,0.0,0.0,0.0
3,6,150,24,2,0.0,0.0,0.0,0.0,5.0,6.0,7.0,8.0,9.0,0.0,0.0,0.0
5,3,180,9,1,0.0,0.0,0.0,4.0,5.0,6.0,7.0,8.0,9.0,0.0,0.0,0.0
5,3,180,9,1,0.0,0.0,0.0,4.0,5.0,6.0,7.0,8.0,9.0,0.0,0.0,0.0
2,5,180,9,3,0.0,0.0,0.0,4.0,5.0,6.0,7.0,8.0,9.0,0.0,0.0,0.0
4,1,180,4,7,0.0,0.0,0.0,4.0,5.0,6.0,7.0,8.0,9.0,0.0,0.0,0.0
5,3,180,8,3,0.0,0.0,0.0,4.0,5.0,6.0,7.0,8.0,9.0,0.0,0.0,0.0
5,5,180,8,2,0.0,0.0,0.0,0.0,5.0,6.0,7.0,8.0,9.0,10.0,0.0,0.0
5,4,180,8,2,0.0,0.0,0.0,0.0,5.0,6.0,7.0,8.0,9.0,10.0,0.0,0.0
5,3,180,8,2,0.0,0.0,0.0,0.0,5.0,6.0,7.0,8.0,9.0,10.0,0.0,0.0
2,3,150,8,7,0.0,0.0,0.0,0.0,5.0,6.0,7.0,8.0,9.0,0.0,0.0,0.0
5,3,150,8,6,0.0,0.0,0.0,0.0,0.0,6.0,7.0,8.0,9.0,10.0,0.0,0.0
5,3,150,8,3,0.0,0.0,0.0,0.0,5.0,6.0,7.0,8.0,9.0,0.0,0.0,0.0
3,5,180,8,6,0.0,0.0,0.0,0.0,0.0,6.0,7.0,8.0,9.0,10.0,11.0,0.0
5,5,150,24,5,0.0,0.0,0.0,0.0,0.0,6.0,7.0,8.0,9.0,10.0,0.0,0.0
5,4,150,8,2,0.0,0.0,0.0,0.0,0.0,6.0,7.0,8.0,9.0,10.0,0.0,0.0
5,3,150,6,16,0.0,0.0,0.0,0.0,5.0,6.0,7.0,8.0,9.0,0.0,0.0,0.0
2,3,150,4,28,0.0,0.0,0.0,0.0,5.0,6.0,7.0,8.0,9.0,0.0,0.0,0.0
5,4,210,18,2,0.0,0.0,0.0,4.0,5.0,6.0,7.0,8.0,9.0,10.0,0.0,0.0
5,5,210,10,3,0.0,0.0,0.0,4.0,5.0,6.0,7.0,8.0,9.0,10.0,0.0,0.0
3,5,90,10,2,0.0,0.0,0.0,0.0,0.0,6.0,7.0,8.0,0.0,0.0,0.0,0.0
6,5,90,11,10,0.0,0.0,0.0,0.0,0.0,0.0,7.0,8.0,9.0,0.0,0.0,0.0
6,3,120,10,4,0.0,0.0,0.0,0.0,0.0,6.0,7.0,8.0,9.0,0.0,0.0,0.0
2,5,150,11,3,0.0,0.0,0.0,0.0,0.0,6.0,7.0,8.0,9.0,10.0,0.0,0.0
3,6,150,12,2,0.0,0.0,0.0,0.0,5.0,6.0,7.0,8.0,9.0,0.0,0.0,0.0
5,5,150,12,2,0.0,0.0,0.0,0.0,5.0,6.0,7.0,8.0,9.0,0.0,0.0,0.0
6,5,120,7,1,0.0,0.0,0.0,0.0,0.0,6.0,7.0,8.0,9.0,0.0,0.0,0.0
6,3,120,10,1,0.0,0.0,0.0,0.0,0.0,6.0,7.0,8.0,9.0,0.0,0.0,0.0
6,3,120,10,1,0.0,0.0,0.0,0.0,0.0,6.0,7.0,8.0,9.0,0.0,0.0,0.0
5,5,120,5,2,0.0,0.0,0.0,0.0,0.0,6.0,7.0,8.0,9.0,0.0,0.0,0.0
2,3,90,6,8,0.0,0.0,0.0,0.0,0.0,6.0,7.0,8.0,0.0,0.0,0.0,0.0
6,5,120,11,2,0.0,0.0,0.0,0.0,0.0,6.0,7.0,8.0,9.0,0.0,0.0,0.0
3,5,120,4,8,0.0,0.0,0.0,0.0,0.0,6.0,7.0,8.0,9.0,0.0,0.0,0.0
2,4,180,8,5,0.0,0.0,0.0,4.0,5.0,6.0,7.0,8.0,9.0,0.0,0.0,0.0
2,1,180,18,3,0.0,0.0,0.0,4.0,5.0,6.0,7.0,8.0,9.0,0.0,0.0,0.0
2,2,150,10,3,0.0,0.0,0.0,0.0,5.0,6.0,7.0,8.0,9.0,0.0,0.0,0.0
5,5,180,20,4,0.0,0.0,0.0,0.0,5.0,6.0,7.0,8.0,9.0,10.0,0.0,0.0
2,3,180,12,2,0.0,0.0,0.0,0.0,5.0,6.0,7.0,8.0,9.0,10.0,0.0,0.0
2,1,150,12,1,0.0,0.0,0.0,0.0,5.0,6.0,7.0,8.0,9.0,0.0,0.0,0.0
2,5,120,8,2,0.0,0.0,0.0,0.0,0.0,6.0,7.0,8.0,9.0,0.0,0.0,0.0
3,1,210,11,1,0.0,0.0,3.0,4.0,5.0,6.0,7.0,8.0,9.0,0.0,0.0,0.0
5,5,210,10,6,0.0,0.0,3.0,4.0,5.0,6.0,7.0,8.0,9.0,0.0,0.0,0.0
3,9,150,12,99,0.0,0.0,0.0,0.0,5.0,6.0,7.0,8.0,9.0,0.0,0.0,0.0
3,9,150,24,5,0.0,0.0,0.0,4.0,5.0,6.0,7.0,8.0,0.0,0.0,0.0,0.0
3,2,150,24,1,0.0,0.0,0.0,0.0,5.0,6.0,7.0,8.0,9.0,0.0,0.0,0.0
5,5,150,12,3,0.0,0.0,0.0,0.0,0.0,6.0,7.0,8.0,9.0,10.0,0.0,0.0
3,3,150,12,3,0.0,0.0,0.0,0.0,5.0,6.0,7.0,8.0,9.0,0.0,0.0,0.0
9,9,150,10,99,0.0,0.0,0.0,0.0,5.0,6.0,7.0,8.0,9.0,0.0,0.0,0.0
3,9,150,12,99,0.0,0.0,0.0,0.0,5.0,6.0,7.0,8.0,9.0,0.0,0.0,0.0
2,2,90,12,1,0.0,0.0,0.0,0.0,0.0,6.0,7.0,8.0,0.0,0.0,0.0,0.0
2,3,120,2,1,0.0,0.0,0.0,0.0,5.0,6.0,7.0,8.0,0.0,0.0,0.0,0.0
2,2,90,3,1,0.0,0.0,0.0,0.0,0.0,0.0,0.0,8.0,9.0,10.0,0.0,0.0
3,9,150,8,4,0.0,0.0,0.0,0.0,5.0,6.0,7.0,8.0,9.0,0.0,0.0,0.0
2,4,120,6,8,0.0,0.0,0.0,0.0,0.0,6.0,7.0,8.0,9.0,0.0,0.0,0.0
2,4,120,6,8,0.0,0.0,0.0,0.0,0.0,6.0,7.0,8.0,9.0,0.0,0.0,0.0
2,5,120,6,3,0.0,0.0,0.0,0.0,5.0,6.0,7.0,8.0,0.0,0.0,0.0,0.0
2,3,120,6,4,0.0,0.0,0.0,0.0,5.0,6.0,7.0,8.0,0.0,0.0,0.0,0.0
2,5,120,6,5,0.0,0.0,0.0,0.0,5.0,6.0,7.0,8.0,0.0,0.0,0.0,0.0
5,5,60,24,4,0.0,0.0,0.0,0.0,0.0,0.0,7.0,8.0,0.0,0.0,0.0,0.0
5,5,60,24,4,0.0,0.0,0.0,0.0,0.0,0.0,7.0,8.0,0.0,0.0,0.0,0.0
5,3,60,24,3,0.0,0.0,0.0,0.0,0.0,0.0,7.0,8.0,0.0,0.0,0.0,0.0
5,3,60,24,3,0.0,0.0,0.0,0.0,0.0,0.0,7.0,8.0,0.0,0.0,0.0,0.0
5,3,60,24,3,0.0,0.0,0.0,0.0,0.0,0.0,7.0,8.0,0.0,0.0,0.0,0.0
6,1,90,24,3,0.0,0.0,0.0,0.0,5.0,6.0,7.0,0.0,0.0,0.0,0.0,0.0
6,2,90,24,5,0.0,0.0,0.0,0.0,5.0,6.0,7.0,0.0,0.0,0.0,0.0,0.0
6,1,90,24,3,0.0,0.0,0.0,0.0,5.0,6.0,7.0,0.0,0.0,0.0,0.0,0.0
6,1,90,24,3,0.0,0.0,0.0,0.0,5.0,6.0,7.0,0.0,0.0,0.0,0.0,0.0
2,3,120,2,2,0.0,0.0,0.0,0.0,0.0,6.0,7.0,8.0,9.0,0.0,0.0,0.0
2,3,120,2,1,0.0,0.0,0.0,0.0,0.0,6.0,7.0,8.0,9.0,0.0,0.0,0.0
2,5,120,2,8,0.0,0.0,0.0,0.0,0.0,6.0,7.0,8.0,9.0,0.0,0.0,0.0
5,4,90,6,1,0.0,0.0,0.0,0.0,0.0,0.0,7.0,8.0,9.0,0.0,0.0,0.0
2,4,60,2,3,0.0,0.0,0.0,0.0,0.0,0.0,7.0,8.0,0.0,0.0,0.0,0.0
5,5,150,12,4,0.0,0.0,0.0,4.0,5.0,6.0,7.0,8.0,0.0,0.0,0.0,0.0
2,4,120,3,2,0.0,0.0,0.0,0.0,5.0,6.0,7.0,8.0,0.0,0.0,0.0,0.0
5,3,180,24,5,0.0,0.0,0.0,0.0,5.0,6.0,7.0,8.0,9.0,10.0,0.0,0.0
5,3,180,6,5,0.0,0.0,0.0,0.0,5.0,6.0,7.0,8.0,9.0,10.0,0.0,0.0
3,6,180,24,5,0.0,0.0,0.0,0.0,5.0,6.0,7.0,8.0,9.0,10.0,0.0,0.0
2,3,150,7,10,0.0,0.0,0.0,4.0,5.0,6.0,7.0,8.0,0.0,0.0,0.0,0.0
2,3,150,8,10,0.0,0.0,0.0,0.0,5.0,6.0,7.0,8.0,9.0,0.0,0.0,0.0
2,4,90,4,2,0.0,0.0,0.0,0.0,0.0,6.0,7.0,8.0,0.0,0.0,0.0,0.0
2,5,90,8,10,0.0,0.0,0.0,0.0,0.0,6.0,7.0,8.0,0.0,0.0,0.0,0.0
5,4,210,10,1,0.0,0.0,0.0,4.0,5.0,6.0,7.0,8.0,9.0,10.0,0.0,0.0
2,3,210,8,1,0.0,0.0,0.0,4.0,5.0,6.0,7.0,8.0,9.0,10.0,0.0,0.0
2,3,210,10,1,0.0,0.0,0.0,4.0,5.0,6.0,7.0,8.0,9.0,10.0,0.0,0.0
5,3,120,99,1,0.0,0.0,0.0,0.0,5.0,6.0,7.0,8.0,0.0,0.0,0.0,0.0
5,3,120,99,1,0.0,0.0,0.0,0.0,5.0,6.0,7.0,8.0,0.0,0.0,0.0,0.0
5,3,120,99,2,0.0,0.0,0.0,0.0,0.0,6.0,7.0,8.0,9.0,0.0,0.0,0.0
5,3,120,99,1,0.0,0.0,0.0,0.0,5.0,6.0,7.0,8.0,0.0,0.0,0.0,0.0
2,1,3,8,14,0.0,0.0,0.0,0.0,5.0,6.0,7.0,0.0,0.0,0.0,0.0,0.0
2,1,90,5,15,0.0,0.0,0.0,0.0,0.0,6.0,7.0,8.0,0.0,0.0,0.0,0.0
2,1,120,8,1,0.0,0.0,0.0,0.0,0.0,6.0,7.0,8.0,9.0,0.0,0.0,0.0
5,5,120,6,3,0.0,0.0,0.0,0.0,5.0,6.0,7.0,8.0,0.0,0.0,0.0,0.0
2,1,120,5,2,0.0,0.0,0.0,0.0,0.0,6.0,7.0,8.0,9.0,0.0,0.0,0.0
2,2,120,7,5,0.0,0.0,0.0,0.0,0.0,6.0,7.0,8.0,9.0,0.0,0.0,0.0
2,1,120,6,5,0.0,0.0,0.0,0.0,0.0,6.0,7.0,8.0,9.0,0.0,0.0,0.0
5,5,120,6,2,0.0,0.0,0.0,0.0,0.0,6.0,7.0,8.0,9.0,0.0,0.0,0.0
2,3,120,7,3,0.0,0.0,0.0,0.0,0.0,6.0,7.0,8.0,9.0,0.0,0.0,0.0
5,3,150,4,10,0.0,0.0,0.0,0.0,5.0,6.0,7.0,8.0,9.0,0.0,0.0,0.0
2,1,90,6,3,0.0,0.0,0.0,0.0,0.0,0.0,7.0,8.0,9.0,0.0,0.0,0.0
2,3,90,8,1,0.0,0.0,0.0,0.0,0.0,0.0,7.0,8.0,9.0,0.0,0.0,0.0
2,5,90,4,4,0.0,0.0,0.0,0.0,0.0,6.0,7.0,8.0,0.0,0.0,0.0,0.0
2,5,90,6,4,0.0,0.0,0.0,0.0,0.0,6.0,7.0,8.0,0.0,0.0,0.0,0.0
6,5,210,9,6,0.0,0.0,0.0,0.0,5.0,6.0,7.0,8.0,9.0,10.0,11.0,0.0
3,5,120,9,2,0.0,0.0,0.0,0.0,5.0,6.0,7.0,8.0,0.0,0.0,0.0,0.0
6,2,90,8,1,0.0,0.0,0.0,0.0,0.0,6.0,7.0,8.0,0.0,0.0,0.0,0.0
3,6,180,18,10,0.0,0.0,0.0,4.0,5.0,6.0,7.0,8.0,9.0,0.0,0.0,0.0
2,3,120,4,3,0.0,0.0,0.0,0.0,5.0,6.0,7.0,8.0,0.0,0.0,0.0,0.0
3,9,120,7,4,0.0,0.0,0.0,0.0,5.0,6.0,7.0,8.0,0.0,0.0,0.0,0.0
2,2,60,3,99,0.0,0.0,0.0,0.0,0.0,0.0,0.0,8.0,9.0,0.0,0.0,0.0
2,2,60,3,9,0.0,0.0,0.0,0.0,0.0,0.0,0.0,8.0,9.0,0.0,0.0,0.0
5,3,150,5,2,0.0,0.0,0.0,0.0,5.0,6.0,7.0,8.0,9.0,0.0,0.0,0.0
2,3,150,24,4,0.0,0.0,0.0,0.0,5.0,6.0,7.0,8.0,9.0,0.0,0.0,0.0
2,5,120,24,2,0.0,0.0,0.0,0.0,0.0,6.0,7.0,8.0,9.0,0.0,0.0,0.0
5,3,120,4,99,0.0,0.0,0.0,0.0,0.0,6.0,7.0,8.0,9.0,0.0,0.0,0.0
5,3,90,5,6,0.0,0.0,0.0,0.0,0.0,6.0,7.0,8.0,0.0,0.0,0.0,0.0
5,3,90,8,6,0.0,0.0,0.0,0.0,0.0,6.0,7.0,8.0,0.0,0.0,0.0,0.0
5,3,90,5,6,0.0,0.0,0.0,0.0,0.0,6.0,7.0,8.0,0.0,0.0,0.0,0.0
5,5,150,12,1,0.0,0.0,0.0,0.0,5.0,6.0,7.0,8.0,9.0,0.0,0.0,0.0
5,3,150,12,4,0.0,0.0,0.0,0.0,5.0,6.0,7.0,8.0,9.0,0.0,0.0,0.0
5,3,90,24,3,0.0,0.0,0.0,0.0,0.0,6.0,7.0,8.0,0.0,0.0,0.0,0.0
5,3,90,12,3,0.0,0.0,0.0,0.0,0.0,6.0,7.0,8.0,0.0,0.0,0.0,0.0
5,9,180,8,1,0.0,0.0,0.0,4.0,5.0,6.0,7.0,8.0,9.0,0.0,0.0,0.0
5,3,150,24,3,0.0,0.0,0.0,0.0,5.0,6.0,7.0,8.0,9.0,0.0,0.0,0.0
5,3,150,10,5,0.0,0.0,0.0,0.0,5.0,6.0,7.0,8.0,9.0,0.0,0.0,0.0
5,4,150,8,2,0.0,0.0,0.0,0.0,5.0,6.0,7.0,8.0,9.0,0.0,0.0,0.0
5,3,60,5,2,0.0,0.0,0.0,0.0,0.0,0.0,7.0,8.0,0.0,0.0,0.0,0.0
2,5,180,12,15,0.0,0.0,0.0,0.0,5.0,6.0,7.0,8.0,9.0,10.0,0.0,0.0
2,2,180,12,3,0.0,0.0,0.0,0.0,5.0,6.0,7.0,8.0,9.0,10.0,0.0,0.0
2,2,180,12,4,0.0,0.0,0.0,4.0,5.0,6.0,7.0,8.0,9.0,0.0,0.0,0.0
5,4,30,8,2,0.0,0.0,0.0,0.0,0.0,0.0,0.0,8.0,0.0,0.0,0.0,0.0
5,4,180,2,2,0.0,0.0,0.0,4.0,5.0,6.0,7.0,8.0,9.0,0.0,0.0,0.0
5,4,180,24,2,0.0,0.0,0.0,4.0,5.0,6.0,7.0,8.0,9.0,0.0,0.0,0.0
2,2,180,8,1,0.0,0.0,0.0,4.0,5.0,6.0,7.0,8.0,9.0,0.0,0.0,0.0
2,3,90,18,4,0.0,0.0,0.0,0.0,0.0,0.0,7.0,8.0,9.0,0.0,0.0,0.0
5,3,90,8,1,0.0,0.0,0.0,0.0,0.0,0.0,7.0,8.0,9.0,0.0,0.0,0.0
5,3,90,8,1,0.0,0.0,0.0,0.0,0.0,0.0,7.0,8.0,9.0,0.0,0.0,0.0
6,3,180,12,3,0.0,0.0,0.0,4.0,5.0,6.0,7.0,8.0,9.0,0.0,0.0,0.0
6,3,150,12,3,0.0,0.0,0.0,0.0,5.0,6.0,7.0,8.0,9.0,0.0,0.0,0.0
5,5,90,15,8,0.0,0.0,0.0,0.0,0.0,6.0,7.0,8.0,0.0,0.0,0.0,0.0
5,5,90,15,8,0.0,0.0,0.0,0.0,0.0,6.0,7.0,8.0,0.0,0.0,0.0,0.0
5,5,90,24,8,0.0,0.0,0.0,0.0,0.0,6.0,7.0,8.0,0.0,0.0,0.0,0.0
5,5,90,8,3,0.0,0.0,0.0,0.0,0.0,0.0,7.0,8.0,9.0,0.0,0.0,0.0
5,5,90,7,3,0.0,0.0,0.0,0.0,5.0,6.0,7.0,0.0,0.0,0.0,0.0,0.0
5,5,90,4,5,0.0,0.0,0.0,0.0,0.0,6.0,7.0,8.0,0.0,0.0,0.0,0.0
2,3,210,24,4,0.0,0.0,0.0,4.0,5.0,6.0,7.0,8.0,9.0,10.0,0.0,0.0
1,3,60,8,2,0.0,0.0,0.0,0.0,0.0,0.0,7.0,8.0,0.0,0.0,0.0,0.0
4,9,180,12,2,0.0,0.0,0.0,0.0,5.0,6.0,7.0,8.0,9.0,10.0,0.0,0.0
2,1,150,12,2,0.0,0.0,0.0,0.0,5.0,6.0,7.0,8.0,9.0,0.0,0.0,0.0
4,2,120,12,1,0.0,0.0,0.0,0.0,5.0,6.0,7.0,8.0,0.0,0.0,0.0,0.0
5,5,180,6,3,0.0,0.0,0.0,4.0,5.0,6.0,7.0,8.0,9.0,0.0,0.0,0.0
5,3,180,10,5,0.0,0.0,0.0,4.0,5.0,6.0,7.0,8.0,9.0,0.0,0.0,0.0
5,3,180,10,3,0.0,0.0,0.0,4.0,5.0,6.0,7.0,8.0,9.0,0.0,0.0,0.0
2,2,180,15,2,0.0,0.0,0.0,4.0,5.0,6.0,7.0,8.0,9.0,0.0,0.0,0.0
5,3,180,10,1,0.0,0.0,0.0,4.0,5.0,6.0,7.0,8.0,9.0,0.0,0.0,0.0
2,3,150,24,3,0.0,0.0,0.0,4.0,5.0,6.0,7.0,8.0,0.0,0.0,0.0,0.0
2,3,150,8,2,0.0,0.0,0.0,4.0,5.0,6.0,7.0,8.0,0.0,0.0,0.0,0.0
5,1,210,5,1,0.0,0.0,3.0,4.0,5.0,6.0,7.0,8.0,9.0,0.0,0.0,0.0
5,3,120,24,5,0.0,0.0,0.0,0.0,0.0,6.0,7.0,8.0,9.0,0.0,0.0,0.0
5,3,16,8,99,0.0,0.0,0.0,0.0,5.0,0.0,0.0,0.0,0.0,0.0,0.0,0.0
2,3,120,1,5,0.0,0.0,0.0,0.0,5.0,6.0,7.0,8.0,0.0,0.0,0.0,0.0
5,4,180,24,10,0.0,0.0,0.0,4.0,5.0,6.0,7.0,8.0,9.0,0.0,0.0,0.0
5,3,180,24,10,0.0,0.0,0.0,0.0,5.0,6.0,7.0,8.0,9.0,10.0,0.0,0.0
2,3,180,10,4,0.0,0.0,0.0,0.0,5.0,6.0,7.0,8.0,9.0,10.0,0.0,0.0
2,2,180,10,4,0.0,0.0,0.0,0.0,5.0,6.0,7.0,8.0,9.0,10.0,0.0,0.0
1,3,180,7,2,0.0,0.0,0.0,0.0,5.0,6.0,7.0,8.0,9.0,10.0,0.0,0.0
5,4,180,12,4,0.0,0.0,0.0,4.0,5.0,6.0,7.0,8.0,9.0,0.0,0.0,0.0
6,3,90,5,8,0.0,0.0,0.0,0.0,0.0,6.0,7.0,8.0,0.0,0.0,0.0,0.0
5,3,90,7,8,0.0,0.0,0.0,0.0,0.0,6.0,7.0,8.0,0.0,0.0,0.0,0.0
2,3,90,6,1,0.0,0.0,0.0,0.0,0.0,6.0,7.0,8.0,0.0,0.0,0.0,0.0
2,5,180,8,1,0.0,0.0,0.0,0.0,0.0,6.0,7.0,8.0,9.0,10.0,11.0,0.0
2,3,90,7,7,0.0,0.0,0.0,0.0,0.0,6.0,7.0,8.0,0.0,0.0,0.0,0.0
2,3,90,10,4,0.0,0.0,0.0,0.0,0.0,6.0,7.0,8.0,0.0,0.0,0.0,0.0
2,3,90,10,3,0.0,0.0,0.0,0.0,0.0,6.0,7.0,8.0,0.0,0.0,0.0,0.0
5,2,120,18,3,0.0,0.0,0.0,0.0,5.0,6.0,7.0,8.0,0.0,0.0,0.0,0.0
5,2,120,18,3,0.0,0.0,0.0,0.0,5.0,6.0,7.0,8.0,0.0,0.0,0.0,0.0
5,1,120,18,5,0.0,0.0,0.0,0.0,5.0,6.0,7.0,8.0,0.0,0.0,0.0,0.0
2,2,120,24,6,0.0,0.0,0.0,0.0,5.0,6.0,7.0,8.0,0.0,0.0,0.0,0.0
5,3,150,24,1,0.0,0.0,0.0,0.0,5.0,6.0,7.0,8.0,9.0,0.0,0.0,0.0
5,3,150,24,2,0.0,0.0,0.0,0.0,5.0,6.0,7.0,8.0,9.0,0.0,0.0,0.0
5,3,150,4,3,0.0,0.0,0.0,4.0,5.0,6.0,7.0,8.0,0.0,0.0,0.0,0.0
5,5,150,4,3,0.0,0.0,0.0,0.0,5.0,6.0,7.0,8.0,9.0,0.0,0.0,0.0
5,3,180,12,5,0.0,0.0,0.0,4.0,5.0,6.0,7.0,8.0,9.0,0.0,0.0,0.0
5,5,180,10,4,0.0,0.0,0.0,4.0,5.0,6.0,7.0,8.0,9.0,0.0,0.0,0.0
5,3,180,10,3,0.0,0.0,0.0,4.0,5.0,6.0,7.0,8.0,9.0,0.0,0.0,0.0
5,3,180,5,5,0.0,0.0,0.0,4.0,5.0,6.0,7.0,8.0,9.0,0.0,0.0,0.0
6,4,180,12,1,0.0,0.0,0.0,0.0,5.0,6.0,7.0,8.0,9.0,10.0,0.0,0.0
6,3,180,10,2,0.0,0.0,0.0,4.0,5.0,6.0,7.0,8.0,9.0,0.0,0.0,0.0
3,6,120,18,15,0.0,0.0,0.0,0.0,0.0,6.0,7.0,8.0,9.0,0.0,0.0,0.0
3,6,90,6,3,0.0,0.0,0.0,0.0,0.0,6.0,7.0,8.0,0.0,0.0,0.0,0.0
5,3,150,4,4,0.0,0.0,0.0,0.0,5.0,6.0,7.0,8.0,9.0,0.0,0.0,0.0
5,3,150,3,5,0.0,0.0,0.0,0.0,5.0,6.0,7.0,8.0,9.0,0.0,0.0,0.0
5,3,180,13,2,0.0,0.0,0.0,0.0,5.0,6.0,7.0,8.0,9.0,10.0,0.0,0.0
5,3,90,5,1,0.0,0.0,0.0,0.0,0.0,0.0,0.0,8.0,9.0,10.0,0.0,0.0
5,3,90,5,2,0.0,0.0,0.0,0.0,0.0,0.0,0.0,8.0,9.0,10.0,0.0,0.0
5,3,90,5,3,0.0,0.0,0.0,0.0,0.0,0.0,0.0,8.0,9.0,10.0,0.0,0.0
2,5,90,5,2,0.0,0.0,0.0,0.0,0.0,0.0,0.0,8.0,9.0,10.0,0.0,0.0
5,5,210,24,5,0.0,0.0,0.0,4.0,5.0,6.0,7.0,8.0,9.0,10.0,0.0,0.0
5,4,210,24,5,0.0,0.0,0.0,4.0,5.0,6.0,7.0,8.0,9.0,10.0,0.0,0.0
5,3,150,13,7,0.0,0.0,0.0,0.0,5.0,6.0,7.0,8.0,9.0,0.0,0.0,0.0
5,6,150,10,2,0.0,0.0,0.0,0.0,5.0,6.0,7.0,8.0,9.0,0.0,0.0,0.0
5,3,150,13,7,0.0,0.0,0.0,0.0,5.0,6.0,7.0,8.0,9.0,0.0,0.0,0.0
2,2,120,18,4,0.0,0.0,0.0,0.0,0.0,6.0,7.0,8.0,9.0,0.0,0.0,0.0
2,2,120,18,3,0.0,0.0,0.0,0.0,0.0,6.0,7.0,8.0,9.0,0.0,0.0,0.0
2,3,90,6,5,0.0,0.0,0.0,0.0,0.0,6.0,7.0,8.0,0.0,0.0,0.0,0.0
5,3,210,4,8,0.0,0.0,0.0,4.0,5.0,6.0,7.0,8.0,9.0,10.0,0.0,0.0
5,3,210,8,1,0.0,0.0,0.0,4.0,5.0,6.0,7.0,8.0,9.0,10.0,0.0,0.0
5,3,210,8,3,0.0,0.0,0.0,4.0,5.0,6.0,7.0,8.0,9.0,10.0,0.0,0.0
5,3,150,8,5,0.0,0.0,0.0,0.0,5.0,6.0,7.0,8.0,9.0,0.0,0.0,0.0
5,3,90,10,1,0.0,0.0,0.0,0.0,0.0,6.0,7.0,8.0,0.0,0.0,0.0,0.0
5,3,90,10,5,0.0,0.0,0.0,0.0,0.0,6.0,7.0,8.0,0.0,0.0,0.0,0.0
5,4,90,24,1,0.0,0.0,0.0,0.0,0.0,0.0,7.0,8.0,9.0,0.0,0.0,0.0
5,3,120,8,1,0.0,0.0,0.0,0.0,0.0,0.0,7.0,8.0,9.0,10.0,0.0,0.0
5,3,120,10,1,0.0,0.0,0.0,0.0,0.0,0.0,7.0,8.0,9.0,10.0,0.0,0.0
5,4,120,18,1,0.0,0.0,0.0,0.0,0.0,0.0,7.0,8.0,9.0,10.0,0.0,0.0
2,3,150,18,3,0.0,0.0,0.0,0.0,5.0,6.0,7.0,8.0,9.0,0.0,0.0,0.0
2,4,180,18,4,0.0,0.0,0.0,0.0,5.0,6.0,7.0,8.0,9.0,10.0,0.0,0.0
5,4,180,10,2,0.0,0.0,0.0,0.0,5.0,6.0,7.0,8.0,9.0,10.0,0.0,0.0
2,3,150,24,3,0.0,0.0,0.0,0.0,5.0,6.0,7.0,8.0,9.0,0.0,0.0,0.0
2,3,150,24,1,0.0,0.0,0.0,0.0,5.0,6.0,7.0,8.0,9.0,0.0,0.0,0.0
5,3,150,24,1,0.0,0.0,0.0,0.0,5.0,6.0,7.0,8.0,9.0,0.0,0.0,0.0
5,3,150,24,2,0.0,0.0,0.0,0.0,5.0,6.0,7.0,8.0,9.0,0.0,0.0,0.0
2,3,210,24,8,0.0,0.0,0.0,0.0,5.0,6.0,7.0,8.0,9.0,10.0,11.0,0.0
5,5,120,24,4,0.0,0.0,0.0,0.0,0.0,6.0,7.0,8.0,9.0,0.0,0.0,0.0
5,2,120,1,7,0.0,0.0,0.0,0.0,5.0,6.0,7.0,8.0,0.0,0.0,0.0,0.0
5,2,120,0,7,0.0,0.0,0.0,0.0,5.0,6.0,7.0,8.0,0.0,0.0,0.0,0.0
5,3,150,24,5,0.0,0.0,0.0,0.0,5.0,6.0,7.0,8.0,9.0,0.0,0.0,0.0
5,3,120,11,2,0.0,0.0,0.0,0.0,5.0,6.0,7.0,8.0,0.0,0.0,0.0,0.0
6,3,120,12,2,0.0,0.0,0.0,0.0,0.0,6.0,7.0,8.0,9.0,0.0,0.0,0.0
5,3,90,8,6,0.0,0.0,0.0,0.0,5.0,6.0,7.0,0.0,0.0,0.0,0.0,0.0
5,5,90,11,8,0.0,0.0,0.0,0.0,0.0,6.0,7.0,8.0,0.0,0.0,0.0,0.0
6,3,150,11,2,0.0,0.0,0.0,0.0,5.0,6.0,7.0,8.0,9.0,0.0,0.0,0.0
6,3,120,10,1,0.0,0.0,0.0,0.0,5.0,6.0,7.0,8.0,0.0,0.0,0.0,0.0
6,5,120,5,1,0.0,0.0,0.0,0.0,5.0,6.0,7.0,8.0,0.0,0.0,0.0,0.0
5,3,150,3,3,0.0,0.0,0.0,0.0,5.0,6.0,7.0,8.0,9.0,0.0,0.0,0.0
5,3,120,11,3,0.0,0.0,0.0,0.0,5.0,6.0,7.0,8.0,0.0,0.0,0.0,0.0
5,3,90,24,2,0.0,0.0,0.0,0.0,0.0,0.0,7.0,8.0,9.0,0.0,0.0,0.0
2,5,90,18,1,0.0,0.0,0.0,0.0,0.0,0.0,7.0,8.0,9.0,0.0,0.0,0.0
2,3,90,24,2,0.0,0.0,0.0,0.0,0.0,0.0,7.0,8.0,9.0,0.0,0.0,0.0
2,5,180,12,1,0.0,0.0,0.0,4.0,5.0,6.0,7.0,8.0,9.0,0.0,0.0,0.0
5,5,120,7,2,0.0,0.0,0.0,0.0,0.0,6.0,7.0,8.0,9.0,0.0,0.0,0.0
5,5,120,7,4,0.0,0.0,0.0,0.0,0.0,6.0,7.0,8.0,9.0,0.0,0.0,0.0
2,3,90,12,3,0.0,0.0,0.0,4.0,5.0,6.0,0.0,0.0,0.0,0.0,0.0,0.0
2,4,90,8,1,0.0,0.0,0.0,0.0,0.0,0.0,7.0,8.0,9.0,0.0,0.0,0.0
2,3,120,2,3,0.0,0.0,0.0,0.0,5.0,6.0,7.0,8.0,0.0,0.0,0.0,0.0
2,2,120,24,3,0.0,0.0,0.0,4.0,5.0,6.0,7.0,8.0,0.0,0.0,0.0,0.0
2,3,180,10,3,0.0,0.0,0.0,4.0,5.0,6.0,7.0,8.0,9.0,0.0,0.0,0.0
2,3,180,12,3,0.0,0.0,0.0,4.0,5.0,6.0,7.0,8.0,9.0,0.0,0.0,0.0
2,9,60,3,99,0.0,0.0,3.0,4.0,0.0,0.0,0.0,0.0,0.0,0.0,0.0,0.0
5,3,90,11,3,0.0,0.0,0.0,0.0,5.0,6.0,7.0,0.0,0.0,0.0,0.0,0.0
2,3,60,12,3,0.0,0.0,0.0,0.0,0.0,0.0,7.0,8.0,0.0,0.0,0.0,0.0
6,1,120,10,8,0.0,0.0,0.0,0.0,5.0,6.0,7.0,8.0,0.0,0.0,0.0,0.0
6,4,180,11,2,0.0,0.0,0.0,0.0,5.0,6.0,7.0,8.0,9.0,10.0,0.0,0.0
3,6,120,12,15,0.0,0.0,0.0,0.0,5.0,6.0,7.0,8.0,0.0,0.0,0.0,0.0
5,4,150,6,3,0.0,0.0,0.0,0.0,5.0,6.0,7.0,8.0,9.0,0.0,0.0,0.0
5,3,120,8,2,0.0,0.0,0.0,0.0,5.0,6.0,7.0,8.0,0.0,0.0,0.0,0.0
5,3,150,12,3,0.0,0.0,0.0,0.0,5.0,6.0,7.0,8.0,9.0,0.0,0.0,0.0
5,3,150,12,2,0.0,0.0,0.0,0.0,5.0,6.0,7.0,8.0,9.0,0.0,0.0,0.0
5,3,150,6,3,0.0,0.0,0.0,4.0,5.0,6.0,7.0,8.0,0.0,0.0,0.0,0.0
5,5,180,10,99,0.0,0.0,0.0,4.0,5.0,6.0,7.0,8.0,9.0,0.0,0.0,0.0
3,3,120,24,5,0.0,0.0,0.0,0.0,0.0,6.0,7.0,8.0,9.0,0.0,0.0,0.0
3,3,120,8,3,0.0,0.0,0.0,0.0,0.0,6.0,7.0,8.0,9.0,0.0,0.0,0.0
5,6,120,8,1,0.0,0.0,0.0,0.0,0.0,6.0,7.0,8.0,9.0,0.0,0.0,0.0
5,3,150,5,3,0.0,0.0,0.0,0.0,5.0,6.0,7.0,8.0,9.0,0.0,0.0,0.0
5,3,150,5,1,0.0,0.0,0.0,0.0,5.0,6.0,7.0,8.0,9.0,0.0,0.0,0.0
3,5,150,8,99,0.0,0.0,0.0,0.0,5.0,6.0,7.0,8.0,9.0,0.0,0.0,0.0
5,5,150,8,99,0.0,0.0,0.0,0.0,5.0,6.0,7.0,8.0,9.0,0.0,0.0,0.0
3,6,210,24,10,0.0,0.0,0.0,4.0,5.0,6.0,7.0,8.0,9.0,10.0,0.0,0.0
2,4,120,8,3,0.0,0.0,0.0,0.0,0.0,6.0,7.0,8.0,9.0,0.0,0.0,0.0
2,2,150,10,2,0.0,0.0,0.0,0.0,5.0,6.0,7.0,8.0,9.0,0.0,0.0,0.0
5,3,180,10,3,0.0,0.0,0.0,0.0,5.0,6.0,7.0,8.0,9.0,10.0,0.0,0.0
2,4,180,9,2,0.0,0.0,0.0,0.0,5.0,6.0,7.0,8.0,9.0,10.0,0.0,0.0
5,3,60,5,3,0.0,0.0,0.0,0.0,0.0,0.0,7.0,8.0,0.0,0.0,0.0,0.0
2,2,60,6,4,0.0,0.0,0.0,0.0,0.0,0.0,7.0,8.0,0.0,0.0,0.0,0.0
2,5,90,6,3,0.0,0.0,0.0,0.0,0.0,6.0,7.0,8.0,0.0,0.0,0.0,0.0
5,3,120,7,3,0.0,0.0,0.0,0.0,5.0,6.0,7.0,8.0,0.0,0.0,0.0,0.0
2,3,60,8,3,0.0,0.0,0.0,0.0,0.0,0.0,7.0,8.0,0.0,0.0,0.0,0.0
5,2,90,8,3,0.0,0.0,0.0,0.0,0.0,0.0,7.0,8.0,9.0,0.0,0.0,0.0
5,3,180,6,1,0.0,0.0,3.0,4.0,5.0,6.0,7.0,8.0,0.0,0.0,0.0,0.0
5,3,180,7,1,0.0,0.0,3.0,4.0,5.0,6.0,7.0,8.0,0.0,0.0,0.0,0.0
2,3,150,10,3,0.0,0.0,0.0,0.0,5.0,6.0,7.0,8.0,9.0,0.0,0.0,0.0
2,2,150,10,3,0.0,0.0,0.0,0.0,5.0,6.0,7.0,8.0,9.0,0.0,0.0,0.0
2,3,180,10,2,0.0,0.0,3.0,4.0,5.0,6.0,7.0,8.0,0.0,0.0,0.0,0.0
2,4,180,10,2,0.0,0.0,0.0,4.0,5.0,6.0,7.0,8.0,9.0,0.0,0.0,0.0
2,3,120,5,3,0.0,0.0,0.0,0.0,0.0,6.0,7.0,8.0,9.0,0.0,0.0,0.0
5,3,120,5,3,0.0,0.0,0.0,0.0,5.0,6.0,7.0,8.0,0.0,0.0,0.0,0.0
2,9,120,0,17,0.0,0.0,0.0,0.0,0.0,6.0,7.0,8.0,9.0,0.0,0.0,0.0
2,3,60,18,2,0.0,0.0,0.0,0.0,0.0,0.0,7.0,8.0,0.0,0.0,0.0,0.0
5,3,45,1,4,0.0,0.0,0.0,0.0,0.0,0.0,7.0,8.0,0.0,0.0,0.0,0.0
5,3,45,1,4,0.0,0.0,0.0,0.0,0.0,0.0,7.0,8.0,0.0,0.0,0.0,0.0
3,3,6,1,3,0.0,0.0,0.0,0.0,0.0,0.0,0.0,8.0,0.0,0.0,0.0,0.0
5,9,15,1,3,0.0,0.0,0.0,0.0,0.0,0.0,7.0,8.0,0.0,0.0,0.0,0.0
2,3,90,4,3,0.0,0.0,0.0,4.0,5.0,6.0,0.0,0.0,0.0,0.0,0.0,0.0
5,5,60,2,2,0.0,0.0,0.0,0.0,0.0,6.0,7.0,0.0,0.0,0.0,0.0,0.0
2,6,90,6,1,0.0,0.0,0.0,0.0,5.0,6.0,7.0,0.0,0.0,0.0,0.0,0.0
5,3,15,8,7,0.0,0.0,0.0,0.0,0.0,0.0,0.0,0.0,9.0,0.0,0.0,0.0
5,3,60,5,5,0.0,0.0,0.0,0.0,0.0,0.0,0.0,8.0,9.0,0.0,0.0,0.0
2,3,90,3,12,0.0,0.0,0.0,0.0,0.0,0.0,0.0,8.0,9.0,10.0,0.0,0.0
5,2,120,3,3,0.0,0.0,0.0,0.0,0.0,6.0,7.0,8.0,9.0,0.0,0.0,0.0
5,2,120,2,4,0.0,0.0,0.0,0.0,0.0,6.0,7.0,8.0,9.0,0.0,0.0,0.0
2,3,60,1,5,0.0,0.0,0.0,0.0,0.0,0.0,7.0,8.0,0.0,0.0,0.0,0.0
5,3,90,3,1,0.0,0.0,0.0,0.0,0.0,6.0,7.0,8.0,0.0,0.0,0.0,0.0
5,1,30,2,2,0.0,0.0,0.0,0.0,0.0,0.0,0.0,8.0,0.0,0.0,0.0,0.0
5,1,30,2,2,0.0,0.0,0.0,0.0,0.0,0.0,0.0,8.0,0.0,0.0,0.0,0.0
6,4,60,3,1,0.0,0.0,0.0,0.0,0.0,0.0,7.0,8.0,0.0,0.0,0.0,0.0
2,3,180,10,3,0.0,0.0,0.0,4.0,5.0,6.0,7.0,8.0,9.0,0.0,0.0,0.0
2,5,120,6,2,0.0,0.0,0.0,0.0,5.0,6.0,7.0,8.0,0.0,0.0,0.0,0.0
5,5,150,14,5,0.0,0.0,0.0,4.0,5.0,6.0,7.0,8.0,0.0,0.0,0.0,0.0
5,3,150,16,3,0.0,0.0,0.0,4.0,5.0,6.0,7.0,8.0,0.0,0.0,0.0,0.0
2,4,120,7,1,0.0,0.0,0.0,0.0,0.0,6.0,7.0,8.0,9.0,0.0,0.0,0.0
6,5,150,24,1,0.0,0.0,0.0,0.0,5.0,6.0,7.0,8.0,9.0,0.0,0.0,0.0
6,3,210,8,2,0.0,0.0,0.0,4.0,5.0,6.0,7.0,8.0,9.0,10.0,0.0,0.0
6,3,210,8,2,0.0,0.0,0.0,4.0,5.0,6.0,7.0,8.0,9.0,10.0,0.0,0.0
2,5,120,12,4,0.0,0.0,0.0,0.0,0.0,6.0,7.0,8.0,9.0,0.0,0.0,0.0
6,3,120,12,5,0.0,0.0,0.0,0.0,5.0,6.0,7.0,8.0,9.0,0.0,0.0,0.0
6,3,60,24,6,0.0,0.0,0.0,0.0,0.0,0.0,7.0,8.0,0.0,0.0,0.0,0.0
6,3,90,24,6,0.0,0.0,0.0,0.0,0.0,0.0,7.0,8.0,9.0,0.0,0.0,0.0
6,3,60,7,3,0.0,0.0,0.0,4.0,5.0,0.0,0.0,0.0,0.0,0.0,0.0,0.0
2,5,120,7,1,0.0,0.0,0.0,0.0,5.0,6.0,7.0,8.0,0.0,0.0,0.0,0.0
2,3,120,6,1,0.0,0.0,0.0,0.0,5.0,6.0,7.0,8.0,0.0,0.0,0.0,0.0
5,5,60,6,3,0.0,0.0,0.0,0.0,5.0,6.0,0.0,0.0,0.0,0.0,0.0,0.0
6,3,150,24,2,0.0,0.0,0.0,0.0,5.0,6.0,7.0,8.0,9.0,0.0,0.0,0.0
6,3,150,24,1,0.0,0.0,0.0,0.0,5.0,6.0,7.0,8.0,9.0,0.0,0.0,0.0
2,4,150,18,12,0.0,0.0,0.0,0.0,0.0,6.0,7.0,8.0,9.0,10.0,0.0,0.0
6,3,30,8,1,0.0,0.0,0.0,0.0,0.0,0.0,7.0,0.0,0.0,0.0,0.0,0.0
5,4,180,8,2,0.0,0.0,0.0,0.0,5.0,6.0,7.0,8.0,9.0,10.0,0.0,0.0
2,5,180,24,3,0.0,0.0,0.0,0.0,5.0,6.0,7.0,8.0,9.0,10.0,0.0,0.0
2,2,15,4,8,0.0,0.0,0.0,0.0,0.0,0.0,7.0,0.0,0.0,0.0,0.0,0.0
4,9,30,2,1,0.0,0.0,0.0,0.0,0.0,0.0,7.0,0.0,0.0,0.0,0.0,0.0
4,1,90,2,5,0.0,0.0,0.0,0.0,0.0,0.0,0.0,8.0,9.0,10.0,0.0,0.0
2,3,60,8,3,0.0,0.0,0.0,0.0,0.0,0.0,7.0,8.0,0.0,0.0,0.0,0.0
2,3,60,8,3,0.0,0.0,0.0,0.0,0.0,0.0,7.0,8.0,0.0,0.0,0.0,0.0
2,3,180,8,2,0.0,0.0,0.0,0.0,5.0,6.0,7.0,8.0,9.0,10.0,0.0,0.0
2,3,60,6,6,0.0,0.0,0.0,0.0,0.0,6.0,7.0,0.0,0.0,0.0,0.0,0.0
5,4,150,6,3,0.0,0.0,0.0,0.0,5.0,6.0,7.0,8.0,9.0,0.0,0.0,0.0
5,5,150,8,4,0.0,0.0,0.0,0.0,5.0,6.0,7.0,8.0,9.0,0.0,0.0,0.0
2,3,150,8,3,0.0,0.0,0.0,0.0,5.0,6.0,7.0,8.0,9.0,0.0,0.0,0.0
2,1,150,4,2,0.0,0.0,0.0,0.0,5.0,6.0,7.0,8.0,9.0,0.0,0.0,0.0
2,3,150,6,5,0.0,0.0,0.0,0.0,5.0,6.0,7.0,8.0,9.0,0.0,0.0,0.0
2,3,150,6,8,0.0,0.0,0.0,0.0,5.0,6.0,7.0,8.0,9.0,0.0,0.0,0.0
2,3,180,18,6,0.0,0.0,0.0,0.0,5.0,6.0,7.0,8.0,9.0,10.0,0.0,0.0
2,4,180,24,10,0.0,0.0,0.0,0.0,5.0,6.0,7.0,8.0,9.0,10.0,0.0,0.0
2,4,180,18,10,0.0,0.0,0.0,0.0,5.0,6.0,7.0,8.0,9.0,10.0,0.0,0.0
2,3,150,24,5,0.0,0.0,0.0,0.0,5.0,6.0,7.0,8.0,9.0,0.0,0.0,0.0
2,3,120,12,4,0.0,0.0,0.0,0.0,0.0,6.0,7.0,8.0,9.0,0.0,0.0,0.0
2,6,120,8,5,0.0,0.0,0.0,0.0,0.0,6.0,7.0,8.0,9.0,0.0,0.0,0.0
2,5,120,8,5,0.0,0.0,0.0,0.0,0.0,6.0,7.0,8.0,9.0,0.0,0.0,0.0
2,5,120,8,9,0.0,0.0,0.0,0.0,0.0,6.0,7.0,8.0,9.0,0.0,0.0,0.0
2,6,120,8,9,0.0,0.0,0.0,0.0,0.0,6.0,7.0,8.0,9.0,0.0,0.0,0.0
2,5,120,12,9,0.0,0.0,0.0,0.0,0.0,6.0,7.0,8.0,9.0,0.0,0.0,0.0
2,3,60,1,1,0.0,0.0,0.0,0.0,0.0,0.0,7.0,8.0,0.0,0.0,0.0,0.0
2,5,180,8,6,0.0,0.0,0.0,0.0,5.0,6.0,7.0,8.0,9.0,10.0,0.0,0.0
2,1,180,8,3,0.0,0.0,0.0,0.0,5.0,6.0,7.0,8.0,9.0,10.0,0.0,0.0
5,3,180,9,3,0.0,0.0,0.0,0.0,5.0,6.0,7.0,8.0,9.0,10.0,0.0,0.0
2,4,180,24,3,0.0,0.0,0.0,0.0,5.0,6.0,7.0,8.0,9.0,10.0,0.0,0.0
2,4,180,24,7,0.0,0.0,0.0,0.0,5.0,6.0,7.0,8.0,9.0,10.0,0.0,0.0
2,3,180,12,6,0.0,0.0,0.0,4.0,5.0,6.0,7.0,8.0,9.0,0.0,0.0,0.0
2,2,180,6,1,0.0,0.0,0.0,4.0,5.0,6.0,7.0,8.0,9.0,0.0,0.0,0.0
2,3,180,6,1,0.0,0.0,0.0,4.0,5.0,6.0,7.0,8.0,9.0,0.0,0.0,0.0
2,3,180,6,3,0.0,0.0,0.0,4.0,5.0,6.0,7.0,8.0,9.0,0.0,0.0,0.0
2,5,150,20,2,0.0,0.0,0.0,0.0,5.0,6.0,7.0,8.0,9.0,0.0,0.0,0.0
2,3,120,24,2,0.0,0.0,0.0,0.0,0.0,6.0,7.0,8.0,9.0,0.0,0.0,0.0
2,3,150,6,3,0.0,0.0,0.0,0.0,5.0,6.0,7.0,8.0,9.0,0.0,0.0,0.0
2,2,120,24,2,0.0,0.0,0.0,0.0,5.0,6.0,7.0,8.0,0.0,0.0,0.0,0.0
5,3,210,6,2,0.0,0.0,0.0,4.0,5.0,6.0,7.0,8.0,9.0,10.0,0.0,0.0
5,3,210,6,2,0.0,0.0,0.0,4.0,5.0,6.0,7.0,8.0,9.0,10.0,0.0,0.0
5,3,150,6,1,0.0,0.0,0.0,4.0,5.0,6.0,7.0,8.0,0.0,0.0,0.0,0.0
2,3,150,24,4,0.0,0.0,0.0,0.0,5.0,6.0,7.0,8.0,9.0,0.0,0.0,0.0
2,4,150,24,5,0.0,0.0,0.0,0.0,5.0,6.0,7.0,8.0,9.0,0.0,0.0,0.0
2,4,120,24,4,0.0,0.0,0.0,0.0,0.0,6.0,7.0,8.0,9.0,0.0,0.0,0.0
5,5,150,8,2,0.0,0.0,0.0,0.0,5.0,6.0,7.0,8.0,9.0,0.0,0.0,0.0
5,5,120,8,3,0.0,0.0,0.0,0.0,5.0,6.0,7.0,8.0,0.0,0.0,0.0,0.0
2,5,120,8,5,0.0,0.0,0.0,0.0,5.0,6.0,7.0,8.0,0.0,0.0,0.0,0.0
5,3,180,18,2,0.0,0.0,0.0,4.0,5.0,6.0,7.0,8.0,9.0,0.0,0.0,0.0
5,3,120,8,2,0.0,0.0,0.0,0.0,0.0,6.0,7.0,8.0,9.0,0.0,0.0,0.0
5,3,180,24,2,0.0,0.0,0.0,4.0,5.0,6.0,7.0,8.0,9.0,0.0,0.0,0.0
5,3,180,19,1,0.0,0.0,0.0,4.0,5.0,6.0,7.0,8.0,9.0,0.0,0.0,0.0
3,5,150,3,5,0.0,0.0,0.0,0.0,5.0,6.0,7.0,8.0,9.0,0.0,0.0,0.0
2,3,60,4,6,0.0,0.0,0.0,0.0,0.0,0.0,7.0,8.0,0.0,0.0,0.0,0.0
1,9,60,12,3,0.0,0.0,0.0,0.0,5.0,6.0,0.0,0.0,0.0,0.0,0.0,0.0
5,1,60,4,1,0.0,0.0,0.0,0.0,0.0,0.0,0.0,8.0,9.0,0.0,0.0,0.0
6,3,180,10,2,0.0,0.0,0.0,4.0,5.0,6.0,7.0,8.0,9.0,0.0,0.0,0.0
6,3,180,10,2,0.0,0.0,0.0,0.0,5.0,6.0,7.0,8.0,9.0,10.0,0.0,0.0
2,3,150,4,4,0.0,0.0,0.0,0.0,5.0,6.0,7.0,8.0,9.0,0.0,0.0,0.0
2,3,180,10,5,0.0,0.0,0.0,0.0,5.0,6.0,7.0,8.0,9.0,10.0,0.0,0.0
2,3,150,11,4,0.0,0.0,0.0,0.0,5.0,6.0,7.0,8.0,9.0,0.0,0.0,0.0
2,4,120,12,1,0.0,0.0,0.0,0.0,5.0,6.0,7.0,8.0,0.0,0.0,0.0,0.0
2,3,120,24,1,0.0,0.0,0.0,0.0,0.0,6.0,7.0,8.0,9.0,0.0,0.0,0.0
2,2,270,15,6,0.0,0.0,0.0,4.0,5.0,6.0,7.0,8.0,9.0,10.0,11.0,12.0
6,3,90,4,1,0.0,0.0,0.0,0.0,0.0,6.0,7.0,8.0,0.0,0.0,0.0,0.0
6,3,90,4,1,0.0,0.0,0.0,0.0,0.0,6.0,7.0,8.0,0.0,0.0,0.0,0.0
5,3,300,24,2,0.0,2.0,3.0,4.0,5.0,6.0,7.0,8.0,9.0,10.0,11.0,0.0
2,3,120,10,3,0.0,0.0,0.0,0.0,5.0,6.0,7.0,8.0,0.0,0.0,0.0,0.0
2,3,180,18,2,0.0,0.0,0.0,0.0,5.0,6.0,7.0,8.0,9.0,10.0,0.0,0.0
2,3,180,10,3,0.0,0.0,0.0,0.0,5.0,6.0,7.0,8.0,9.0,10.0,0.0,0.0
2,3,150,10,2,0.0,0.0,0.0,0.0,5.0,6.0,7.0,8.0,9.0,0.0,0.0,0.0
5,5,150,10,2,0.0,0.0,0.0,0.0,5.0,6.0,7.0,8.0,9.0,0.0,0.0,0.0
2,4,150,11,3,0.0,0.0,0.0,0.0,5.0,6.0,7.0,8.0,9.0,0.0,0.0,0.0
2,3,150,6,5,0.0,0.0,0.0,0.0,5.0,6.0,7.0,8.0,9.0,0.0,0.0,0.0
5,3,150,10,4,0.0,0.0,0.0,0.0,5.0,6.0,7.0,8.0,9.0,0.0,0.0,0.0
6,3,60,1,2,0.0,0.0,0.0,0.0,0.0,0.0,7.0,8.0,0.0,0.0,0.0,0.0
2,3,60,2,3,0.0,0.0,0.0,0.0,0.0,0.0,7.0,8.0,0.0,0.0,0.0,0.0
6,3,120,2,17,0.0,0.0,0.0,0.0,0.0,6.0,7.0,8.0,9.0,0.0,0.0,0.0
1,9,240,7,5,0.0,0.0,3.0,4.0,5.0,6.0,7.0,8.0,9.0,10.0,0.0,0.0
1,9,240,8,4,0.0,0.0,3.0,4.0,5.0,6.0,7.0,8.0,9.0,10.0,0.0,0.0
5,3,270,7,3,0.0,2.0,3.0,4.0,5.0,6.0,7.0,8.0,9.0,10.0,0.0,0.0
5,3,90,5,4,0.0,0.0,0.0,0.0,0.0,0.0,7.0,8.0,9.0,0.0,0.0,0.0
5,3,90,8,3,0.0,0.0,0.0,0.0,0.0,0.0,7.0,8.0,9.0,0.0,0.0,0.0
4,3,90,8,99,0.0,0.0,0.0,0.0,0.0,6.0,7.0,8.0,0.0,0.0,0.0,0.0
5,4,120,6,2,0.0,0.0,0.0,0.0,0.0,0.0,7.0,8.0,9.0,10.0,0.0,0.0
2,4,180,5,99,0.0,0.0,0.0,0.0,5.0,6.0,7.0,8.0,9.0,10.0,0.0,0.0
5,3,150,8,4,0.0,0.0,0.0,0.0,5.0,6.0,7.0,8.0,9.0,0.0,0.0,0.0
5,4,120,4,4,0.0,0.0,0.0,0.0,5.0,6.0,7.0,8.0,0.0,0.0,0.0,0.0
2,2,90,3,4,0.0,0.0,0.0,0.0,0.0,0.0,7.0,8.0,9.0,0.0,0.0,0.0
6,5,90,8,1,0.0,0.0,0.0,0.0,0.0,0.0,7.0,8.0,9.0,0.0,0.0,0.0
5,3,210,8,3,0.0,0.0,3.0,4.0,5.0,6.0,7.0,8.0,9.0,0.0,0.0,0.0
5,4,180,8,4,0.0,0.0,0.0,4.0,5.0,6.0,7.0,8.0,9.0,0.0,0.0,0.0
2,2,90,2,99,0.0,0.0,0.0,0.0,0.0,0.0,7.0,8.0,9.0,0.0,0.0,0.0
5,4,180,14,10,0.0,0.0,0.0,0.0,5.0,6.0,7.0,8.0,9.0,10.0,0.0,0.0
5,3,120,8,3,0.0,0.0,0.0,0.0,5.0,6.0,7.0,8.0,9.0,10.0,0.0,0.0
5,3,90,6,99,0.0,0.0,0.0,0.0,0.0,6.0,7.0,8.0,0.0,0.0,0.0,0.0
5,3,60,4,99,0.0,0.0,0.0,0.0,0.0,0.0,7.0,8.0,0.0,0.0,0.0,0.0
2,9,90,8,99,0.0,0.0,0.0,0.0,0.0,6.0,7.0,8.0,0.0,0.0,0.0,0.0
5,3,150,12,8,0.0,0.0,0.0,0.0,5.0,6.0,7.0,8.0,9.0,0.0,0.0,0.0
5,3,150,8,10,0.0,0.0,0.0,0.0,5.0,6.0,7.0,8.0,9.0,0.0,0.0,0.0
5,3,150,8,10,0.0,0.0,0.0,4.0,5.0,6.0,7.0,8.0,0.0,0.0,0.0,0.0
5,3,150,6,6,0.0,0.0,0.0,0.0,5.0,6.0,7.0,8.0,9.0,0.0,0.0,0.0
5,5,90,3,15,0.0,0.0,0.0,0.0,0.0,0.0,0.0,8.0,9.0,10.0,0.0,0.0
2,3,150,8,4,0.0,0.0,0.0,0.0,0.0,6.0,7.0,8.0,9.0,10.0,0.0,0.0
2,3,150,8,4,0.0,0.0,0.0,0.0,0.0,6.0,7.0,8.0,9.0,10.0,0.0,0.0
5,3,150,2,6,0.0,0.0,0.0,0.0,0.0,6.0,7.0,8.0,9.0,10.0,0.0,0.0
5,3,150,2,6,0.0,0.0,0.0,0.0,0.0,6.0,7.0,8.0,9.0,10.0,0.0,0.0
5,3,150,8,6,0.0,0.0,0.0,0.0,0.0,6.0,7.0,8.0,9.0,10.0,0.0,0.0
5,3,150,2,6,0.0,0.0,0.0,0.0,0.0,6.0,7.0,8.0,9.0,10.0,0.0,0.0
5,5,90,8,4,0.0,0.0,0.0,0.0,0.0,6.0,7.0,8.0,0.0,0.0,0.0,0.0
2,9,120,9,8,0.0,0.0,0.0,0.0,0.0,6.0,7.0,8.0,9.0,0.0,0.0,0.0
2,2,120,2,5,0.0,0.0,0.0,0.0,5.0,6.0,7.0,8.0,0.0,0.0,0.0,0.0
5,4,150,8,1,0.0,0.0,0.0,0.0,5.0,6.0,7.0,8.0,9.0,0.0,0.0,0.0
2,2,180,3,12,0.0,0.0,0.0,0.0,5.0,6.0,7.0,8.0,9.0,10.0,0.0,0.0
2,3,90,2,6,0.0,0.0,0.0,0.0,0.0,6.0,7.0,8.0,0.0,0.0,0.0,0.0
5,9,90,0,1,0.0,0.0,0.0,0.0,0.0,6.0,7.0,8.0,0.0,0.0,0.0,0.0
5,3,60,5,2,0.0,0.0,0.0,0.0,0.0,0.0,0.0,8.0,9.0,0.0,0.0,0.0
5,4,60,5,3,0.0,0.0,0.0,0.0,0.0,0.0,0.0,8.0,9.0,0.0,0.0,0.0
5,3,150,9,9,0.0,0.0,0.0,0.0,0.0,6.0,7.0,8.0,9.0,10.0,0.0,0.0
5,5,150,2,8,0.0,0.0,0.0,0.0,0.0,6.0,7.0,8.0,9.0,10.0,0.0,0.0
5,3,180,6,3,0.0,0.0,0.0,0.0,5.0,6.0,7.0,8.0,9.0,10.0,0.0,0.0
5,3,180,3,2,0.0,0.0,0.0,0.0,5.0,6.0,7.0,8.0,9.0,10.0,0.0,0.0
2,3,180,8,1,0.0,0.0,0.0,0.0,5.0,6.0,7.0,8.0,9.0,10.0,0.0,0.0
5,3,150,3,1,0.0,0.0,0.0,0.0,0.0,6.0,7.0,8.0,9.0,10.0,0.0,0.0
5,3,150,12,1,0.0,0.0,0.0,0.0,0.0,6.0,7.0,8.0,9.0,10.0,0.0,0.0
5,3,150,12,2,0.0,0.0,0.0,0.0,0.0,6.0,7.0,8.0,9.0,10.0,0.0,0.0
2,3,60,1,4,0.0,0.0,0.0,0.0,0.0,0.0,7.0,8.0,0.0,0.0,0.0,0.0
2,3,180,8,99,0.0,0.0,0.0,4.0,5.0,6.0,7.0,8.0,9.0,0.0,0.0,0.0
5,3,120,8,4,0.0,0.0,0.0,0.0,0.0,6.0,7.0,8.0,9.0,0.0,0.0,0.0
5,5,120,8,3,0.0,0.0,0.0,0.0,0.0,6.0,7.0,8.0,9.0,0.0,0.0,0.0
5,3,120,4,1,0.0,0.0,0.0,0.0,0.0,6.0,7.0,8.0,9.0,0.0,0.0,0.0
2,4,120,4,99,0.0,0.0,0.0,0.0,0.0,6.0,7.0,8.0,9.0,0.0,0.0,0.0
5,5,90,8,4,0.0,0.0,0.0,0.0,0.0,6.0,7.0,8.0,0.0,0.0,0.0,0.0
5,3,180,10,2,0.0,0.0,0.0,0.0,5.0,6.0,7.0,8.0,9.0,10.0,0.0,0.0
5,3,180,9,3,0.0,0.0,0.0,0.0,5.0,6.0,7.0,8.0,9.0,10.0,0.0,0.0
6,4,180,8,1,0.0,0.0,0.0,0.0,5.0,6.0,7.0,8.0,9.0,10.0,0.0,0.0
6,4,180,8,1,0.0,0.0,0.0,0.0,5.0,6.0,7.0,8.0,9.0,10.0,0.0,0.0
6,4,180,8,1,0.0,0.0,0.0,0.0,5.0,6.0,7.0,8.0,9.0,10.0,0.0,0.0
5,3,90,7,99,0.0,0.0,0.0,0.0,0.0,6.0,7.0,8.0,0.0,0.0,0.0,0.0
5,3,120,8,99,0.0,0.0,0.0,0.0,0.0,6.0,7.0,8.0,9.0,0.0,0.0,0.0
5,3,150,8,6,0.0,0.0,0.0,0.0,0.0,6.0,7.0,8.0,9.0,10.0,0.0,0.0
5,5,150,8,5,0.0,0.0,0.0,0.0,0.0,6.0,7.0,8.0,9.0,10.0,0.0,0.0
5,3,90,4,10,0.0,0.0,0.0,0.0,0.0,6.0,7.0,8.0,0.0,0.0,0.0,0.0
5,5,180,6,99,0.0,0.0,0.0,0.0,5.0,6.0,7.0,8.0,9.0,10.0,0.0,0.0
5,5,180,6,99,0.0,0.0,0.0,0.0,5.0,6.0,7.0,8.0,9.0,10.0,0.0,0.0
5,5,180,12,99,0.0,0.0,0.0,0.0,5.0,6.0,7.0,8.0,9.0,10.0,0.0,0.0
2,4,180,6,99,0.0,0.0,0.0,0.0,5.0,6.0,7.0,8.0,9.0,10.0,0.0,0.0
5,4,150,3,3,0.0,0.0,0.0,0.0,0.0,6.0,7.0,8.0,9.0,10.0,0.0,0.0
5,5,120,2,5,0.0,0.0,0.0,0.0,0.0,6.0,7.0,8.0,9.0,0.0,0.0,0.0
2,9,150,3,10,0.0,0.0,0.0,0.0,5.0,6.0,7.0,8.0,9.0,0.0,0.0,0.0
2,9,120,3,1,0.0,0.0,0.0,0.0,0.0,6.0,7.0,8.0,9.0,0.0,0.0,0.0
5,3,180,7,15,0.0,0.0,0.0,0.0,0.0,6.0,7.0,8.0,9.0,10.0,11.0,0.0
5,5,180,5,2,0.0,0.0,0.0,0.0,0.0,6.0,7.0,8.0,9.0,10.0,11.0,0.0
5,5,180,7,17,0.0,0.0,0.0,0.0,0.0,6.0,7.0,8.0,9.0,10.0,11.0,0.0
5,3,180,7,15,0.0,0.0,0.0,0.0,0.0,6.0,7.0,8.0,9.0,10.0,11.0,0.0
2,3,120,9,25,0.0,0.0,0.0,0.0,0.0,6.0,7.0,8.0,9.0,0.0,0.0,0.0
5,4,60,8,3,0.0,0.0,0.0,0.0,0.0,0.0,0.0,8.0,9.0,0.0,0.0,0.0
5,5,60,0,3,0.0,0.0,0.0,0.0,0.0,0.0,0.0,8.0,9.0,0.0,0.0,0.0
2,1,60,8,5,0.0,0.0,0.0,0.0,0.0,0.0,0.0,8.0,9.0,0.0,0.0,0.0
5,2,180,3,2,0.0,0.0,0.0,0.0,0.0,6.0,7.0,8.0,9.0,10.0,11.0,0.0
5,3,180,9,12,0.0,0.0,0.0,0.0,0.0,6.0,7.0,8.0,9.0,10.0,11.0,0.0
2,4,60,1,99,0.0,0.0,0.0,0.0,0.0,0.0,7.0,8.0,0.0,0.0,0.0,0.0
5,3,120,6,4,0.0,0.0,0.0,0.0,0.0,6.0,7.0,8.0,9.0,0.0,0.0,0.0
5,3,120,6,4,0.0,0.0,0.0,0.0,0.0,6.0,7.0,8.0,9.0,0.0,0.0,0.0
3,3,120,6,4,0.0,0.0,0.0,0.0,0.0,6.0,7.0,8.0,9.0,0.0,0.0,0.0
2,3,90,4,8,0.0,0.0,0.0,0.0,0.0,6.0,7.0,8.0,0.0,0.0,0.0,0.0
2,5,90,4,1,0.0,0.0,0.0,0.0,0.0,6.0,7.0,8.0,0.0,0.0,0.0,0.0
5,3,150,2,1,0.0,0.0,0.0,0.0,0.0,6.0,7.0,8.0,9.0,10.0,0.0,0.0
5,3,180,8,1,0.0,0.0,0.0,4.0,5.0,6.0,7.0,8.0,9.0,10.0,0.0,0.0
5,5,120,3,6,0.0,0.0,0.0,0.0,0.0,6.0,7.0,8.0,9.0,0.0,0.0,0.0
5,5,120,5,6,0.0,0.0,0.0,0.0,0.0,6.0,7.0,8.0,9.0,0.0,0.0,0.0
5,3,180,6,10,0.0,0.0,0.0,0.0,5.0,6.0,7.0,8.0,9.0,10.0,0.0,0.0
5,3,180,3,10,0.0,0.0,0.0,0.0,5.0,6.0,7.0,8.0,9.0,10.0,0.0,0.0
6,3,180,8,1,0.0,0.0,0.0,4.0,5.0,6.0,7.0,8.0,9.0,0.0,0.0,0.0
6,3,180,8,4,0.0,0.0,0.0,4.0,5.0,6.0,7.0,8.0,9.0,0.0,0.0,0.0
5,3,180,8,3,0.0,0.0,0.0,4.0,5.0,6.0,7.0,8.0,9.0,0.0,0.0,0.0
2,3,90,4,5,0.0,0.0,0.0,0.0,0.0,0.0,7.0,8.0,9.0,0.0,0.0,0.0
2,3,120,2,3,0.0,0.0,0.0,0.0,0.0,6.0,7.0,8.0,9.0,0.0,0.0,0.0
2,3,120,2,3,0.0,0.0,0.0,0.0,0.0,6.0,7.0,8.0,9.0,0.0,0.0,0.0
2,3,90,8,5,0.0,0.0,0.0,0.0,0.0,0.0,7.0,8.0,9.0,0.0,0.0,0.0
5,3,210,8,6,0.0,0.0,0.0,4.0,5.0,6.0,7.0,8.0,9.0,10.0,0.0,0.0
2,9,150,8,5,0.0,0.0,0.0,4.0,5.0,6.0,7.0,8.0,0.0,0.0,0.0,0.0
2,9,150,8,5,0.0,0.0,0.0,4.0,5.0,6.0,7.0,8.0,0.0,0.0,0.0,0.0
5,5,240,3,1,0.0,0.0,0.0,4.0,5.0,6.0,7.0,8.0,9.0,10.0,11.0,0.0
2,3,240,7,7,0.0,0.0,0.0,4.0,5.0,6.0,7.0,8.0,9.0,10.0,11.0,0.0
2,3,240,7,4,0.0,0.0,0.0,4.0,5.0,6.0,7.0,8.0,9.0,10.0,11.0,0.0
5,3,150,8,3,0.0,0.0,0.0,0.0,5.0,6.0,7.0,8.0,9.0,0.0,0.0,0.0
5,3,150,8,3,0.0,0.0,0.0,0.0,5.0,6.0,7.0,8.0,9.0,0.0,0.0,0.0
5,3,150,8,3,0.0,0.0,0.0,0.0,5.0,6.0,7.0,8.0,9.0,0.0,0.0,0.0
5,3,90,8,3,0.0,0.0,0.0,0.0,0.0,6.0,7.0,8.0,0.0,0.0,0.0,0.0
5,3,90,8,3,0.0,0.0,0.0,0.0,0.0,6.0,7.0,8.0,0.0,0.0,0.0,0.0
5,3,180,6,4,0.0,0.0,0.0,0.0,5.0,6.0,7.0,8.0,9.0,10.0,0.0,0.0
5,4,180,6,2,0.0,0.0,0.0,0.0,5.0,6.0,7.0,8.0,9.0,10.0,0.0,0.0
5,5,120,4,15,0.0,0.0,0.0,0.0,0.0,6.0,7.0,8.0,9.0,0.0,0.0,0.0
5,3,180,5,6,0.0,0.0,0.0,0.0,5.0,6.0,7.0,8.0,9.0,10.0,0.0,0.0
5,3,60,8,8,0.0,0.0,0.0,0.0,0.0,0.0,0.0,8.0,9.0,0.0,0.0,0.0
5,3,150,3,3,0.0,0.0,0.0,0.0,0.0,6.0,7.0,8.0,9.0,10.0,0.0,0.0
5,3,150,8,1,0.0,0.0,0.0,0.0,0.0,6.0,7.0,8.0,9.0,10.0,0.0,0.0
5,3,150,3,2,0.0,0.0,0.0,0.0,0.0,6.0,7.0,8.0,9.0,10.0,0.0,0.0
5,3,150,13,5,0.0,0.0,0.0,0.0,5.0,6.0,7.0,8.0,9.0,0.0,0.0,0.0
2,4,15,4,15,0.0,0.0,0.0,0.0,5.0,6.0,7.0,8.0,9.0,0.0,0.0,0.0
5,3,150,13,5,0.0,0.0,0.0,0.0,5.0,6.0,7.0,8.0,9.0,0.0,0.0,0.0
5,3,150,5,5,0.0,0.0,0.0,0.0,5.0,6.0,7.0,8.0,9.0,0.0,0.0,0.0
6,9,90,10,99,0.0,0.0,0.0,0.0,0.0,0.0,7.0,8.0,9.0,0.0,0.0,0.0
5,3,180,8,3,0.0,0.0,0.0,0.0,5.0,6.0,7.0,8.0,9.0,10.0,0.0,0.0
5,4,210,8,1,0.0,0.0,0.0,0.0,5.0,6.0,7.0,8.0,9.0,10.0,11.0,0.0
5,3,60,8,4,0.0,0.0,0.0,0.0,0.0,0.0,0.0,8.0,9.0,0.0,0.0,0.0
5,3,360,3,2,1.0,2.0,3.0,4.0,5.0,6.0,7.0,8.0,9.0,10.0,11.0,12.0
5,3,210,15,4,0.0,0.0,0.0,0.0,5.0,6.0,7.0,8.0,9.0,10.0,11.0,0.0
5,3,60,8,1,0.0,0.0,0.0,0.0,0.0,0.0,7.0,8.0,0.0,0.0,0.0,0.0
5,3,180,3,8,0.0,0.0,0.0,0.0,0.0,6.0,7.0,8.0,9.0,10.0,11.0,0.0
5,3,180,3,8,0.0,0.0,0.0,0.0,0.0,6.0,7.0,8.0,9.0,10.0,11.0,0.0
5,3,180,8,8,0.0,0.0,0.0,0.0,0.0,6.0,7.0,8.0,9.0,10.0,11.0,0.0
5,9,180,8,3,0.0,0.0,0.0,0.0,0.0,6.0,7.0,8.0,9.0,10.0,11.0,0.0
5,9,180,8,3,0.0,0.0,0.0,0.0,0.0,6.0,7.0,8.0,9.0,10.0,11.0,0.0
5,9,180,2,1,0.0,0.0,0.0,0.0,0.0,6.0,7.0,8.0,9.0,10.0,11.0,0.0
5,4,150,12,8,0.0,0.0,0.0,0.0,5.0,6.0,7.0,8.0,9.0,0.0,0.0,0.0
5,3,150,15,10,0.0,0.0,0.0,0.0,5.0,6.0,7.0,8.0,9.0,0.0,0.0,0.0
5,3,120,12,8,0.0,0.0,0.0,0.0,0.0,6.0,7.0,8.0,9.0,0.0,0.0,0.0
5,5,120,10,12,0.0,0.0,0.0,0.0,0.0,6.0,7.0,8.0,9.0,0.0,0.0,0.0
5,3,270,8,8,0.0,0.0,3.0,4.0,5.0,6.0,7.0,8.0,9.0,10.0,11.0,0.0
5,3,270,8,1,0.0,0.0,3.0,4.0,5.0,6.0,7.0,8.0,9.0,10.0,11.0,0.0
5,4,270,8,8,0.0,0.0,3.0,4.0,5.0,6.0,7.0,8.0,9.0,10.0,11.0,0.0
5,4,270,8,8,0.0,0.0,3.0,4.0,5.0,6.0,7.0,8.0,9.0,10.0,11.0,0.0
5,6,210,7,1,0.0,0.0,0.0,0.0,5.0,6.0,7.0,8.0,9.0,10.0,11.0,0.0
5,3,210,7,4,0.0,0.0,0.0,4.0,5.0,6.0,7.0,8.0,9.0,10.0,0.0,0.0
5,4,150,8,10,0.0,0.0,0.0,0.0,0.0,6.0,7.0,8.0,9.0,10.0,0.0,0.0
5,3,150,10,2,0.0,0.0,0.0,0.0,5.0,6.0,7.0,8.0,9.0,0.0,0.0,0.0
5,3,150,6,2,0.0,0.0,0.0,0.0,5.0,6.0,7.0,8.0,9.0,0.0,0.0,0.0
2,4,240,4,4,0.0,0.0,0.0,4.0,5.0,6.0,7.0,8.0,9.0,10.0,11.0,0.0
5,3,100,5,5,0.0,0.0,0.0,0.0,5.0,6.0,7.0,8.0,9.0,10.0,0.0,0.0
5,3,180,8,7,0.0,0.0,0.0,0.0,5.0,6.0,7.0,8.0,9.0,10.0,0.0,0.0
5,3,120,7,8,0.0,0.0,0.0,0.0,0.0,6.0,7.0,8.0,9.0,0.0,0.0,0.0
2,5,210,7,2,0.0,0.0,0.0,4.0,5.0,6.0,7.0,8.0,9.0,10.0,0.0,0.0
5,3,180,5,1,0.0,0.0,0.0,0.0,5.0,6.0,7.0,8.0,9.0,10.0,0.0,0.0
5,4,90,8,1,0.0,0.0,0.0,0.0,0.0,0.0,7.0,8.0,9.0,0.0,0.0,0.0
5,3,90,8,1,0.0,0.0,0.0,0.0,0.0,0.0,7.0,8.0,9.0,0.0,0.0,0.0
2,5,150,3,10,0.0,0.0,0.0,0.0,0.0,6.0,7.0,8.0,9.0,10.0,0.0,0.0
2,9,150,3,10,0.0,0.0,0.0,0.0,5.0,6.0,7.0,8.0,9.0,0.0,0.0,0.0
2,3,180,5,5,0.0,0.0,0.0,0.0,5.0,6.0,7.0,8.0,9.0,10.0,0.0,0.0
5,3,180,5,5,0.0,0.0,0.0,0.0,5.0,6.0,7.0,8.0,9.0,10.0,0.0,0.0
2,4,180,14,5,0.0,0.0,0.0,0.0,5.0,6.0,7.0,8.0,9.0,10.0,0.0,0.0
2,3,90,3,5,0.0,0.0,0.0,0.0,0.0,6.0,7.0,8.0,0.0,0.0,0.0,0.0
5,9,240,10,1,0.0,0.0,3.0,4.0,5.0,6.0,7.0,8.0,9.0,10.0,0.0,0.0
5,9,240,6,2,0.0,0.0,3.0,4.0,5.0,6.0,7.0,8.0,9.0,10.0,0.0,0.0
5,3,210,10,3,0.0,0.0,0.0,4.0,5.0,6.0,7.0,8.0,9.0,10.0,0.0,0.0
2,3,210,8,10,0.0,0.0,0.0,4.0,5.0,6.0,7.0,8.0,9.0,10.0,0.0,0.0
5,3,210,8,3,0.0,0.0,0.0,4.0,5.0,6.0,7.0,8.0,9.0,10.0,11.0,0.0
2,3,180,10,5,0.0,0.0,0.0,0.0,5.0,6.0,7.0,8.0,9.0,10.0,0.0,0.0
2,1,180,24,9,0.0,0.0,0.0,0.0,5.0,6.0,7.0,8.0,9.0,10.0,0.0,0.0
5,3,210,15,6,0.0,0.0,0.0,0.0,5.0,6.0,7.0,8.0,9.0,10.0,11.0,0.0
2,3,200,12,2,0.0,0.0,0.0,0.0,5.0,6.0,7.0,8.0,9.0,10.0,11.0,0.0
5,6,90,4,9,0.0,0.0,0.0,0.0,0.0,0.0,0.0,8.0,9.0,10.0,0.0,0.0
5,6,180,11,12,0.0,0.0,0.0,0.0,5.0,6.0,7.0,8.0,9.0,10.0,0.0,0.0
5,3,90,7,5,0.0,0.0,0.0,0.0,0.0,6.0,7.0,8.0,9.0,0.0,0.0,0.0
5,3,90,7,5,0.0,0.0,0.0,0.0,0.0,6.0,7.0,8.0,0.0,0.0,0.0,0.0
2,3,30,3,10,0.0,0.0,0.0,0.0,0.0,0.0,0.0,8.0,0.0,0.0,0.0,0.0
5,3,180,8,3,0.0,0.0,0.0,4.0,5.0,6.0,7.0,8.0,9.0,0.0,0.0,0.0
5,3,90,3,8,0.0,0.0,0.0,0.0,0.0,6.0,7.0,8.0,0.0,0.0,0.0,0.0
2,5,90,24,5,0.0,0.0,0.0,0.0,0.0,0.0,0.0,8.0,9.0,10.0,0.0,0.0
5,5,90,24,2,0.0,0.0,0.0,0.0,0.0,0.0,0.0,8.0,9.0,10.0,0.0,0.0
2,3,150,8,8,0.0,0.0,0.0,0.0,0.0,6.0,7.0,8.0,9.0,10.0,0.0,0.0
5,5,150,4,5,0.0,0.0,0.0,0.0,5.0,6.0,7.0,8.0,9.0,0.0,0.0,0.0
5,3,240,6,5,0.0,0.0,0.0,0.0,5.0,6.0,7.0,8.0,9.0,10.0,11.0,12.0
5,3,240,6,5,0.0,0.0,0.0,0.0,5.0,6.0,7.0,8.0,9.0,10.0,11.0,12.0
5,3,120,3,3,0.0,0.0,0.0,0.0,0.0,0.0,7.0,8.0,9.0,10.0,0.0,0.0
5,3,120,2,3,0.0,0.0,0.0,0.0,0.0,0.0,7.0,8.0,9.0,10.0,0.0,0.0
5,3,210,6,1,0.0,0.0,0.0,4.0,5.0,6.0,7.0,8.0,9.0,10.0,0.0,0.0
5,3,210,5,5,0.0,0.0,0.0,4.0,5.0,6.0,7.0,8.0,9.0,10.0,0.0,0.0
5,3,120,4,4,0.0,0.0,0.0,0.0,0.0,0.0,7.0,8.0,9.0,10.0,0.0,0.0
5,4,180,10,1,0.0,0.0,0.0,0.0,5.0,6.0,7.0,8.0,9.0,10.0,0.0,0.0
2,3,150,4,8,0.0,0.0,0.0,0.0,0.0,6.0,7.0,8.0,9.0,10.0,0.0,0.0
6,5,180,9,3,0.0,0.0,0.0,0.0,5.0,6.0,7.0,8.0,9.0,10.0,0.0,0.0
5,5,180,9,6,0.0,0.0,0.0,0.0,5.0,6.0,7.0,8.0,9.0,10.0,0.0,0.0
5,5,150,6,8,0.0,0.0,0.0,0.0,0.0,0.0,7.0,8.0,9.0,10.0,11.0,0.0
5,4,150,8,8,0.0,0.0,0.0,0.0,0.0,0.0,7.0,8.0,9.0,10.0,11.0,0.0
6,3,180,2,6,0.0,0.0,0.0,0.0,5.0,6.0,7.0,8.0,9.0,10.0,0.0,0.0
5,3,150,8,6,0.0,0.0,0.0,0.0,5.0,6.0,7.0,8.0,9.0,0.0,0.0,0.0
5,9,60,2,2,0.0,0.0,0.0,0.0,0.0,0.0,0.0,8.0,9.0,0.0,0.0,0.0
2,5,210,4,99,0.0,0.0,0.0,0.0,5.0,6.0,7.0,8.0,9.0,10.0,11.0,0.0
2,3,90,8,5,0.0,0.0,0.0,0.0,0.0,0.0,7.0,8.0,9.0,0.0,0.0,0.0
2,3,90,8,99,0.0,0.0,0.0,0.0,0.0,6.0,7.0,8.0,0.0,0.0,0.0,0.0
5,3,120,5,4,0.0,0.0,0.0,0.0,0.0,6.0,7.0,8.0,9.0,0.0,0.0,0.0
5,3,120,4,4,0.0,0.0,0.0,0.0,0.0,6.0,7.0,8.0,9.0,0.0,0.0,0.0
6,4,120,8,4,0.0,0.0,0.0,0.0,0.0,6.0,7.0,8.0,9.0,0.0,0.0,0.0
7,3,120,6,99,0.0,0.0,0.0,0.0,0.0,6.0,7.0,8.0,9.0,0.0,0.0,0.0
5,3,240,8,2,0.0,0.0,0.0,4.0,5.0,6.0,7.0,8.0,9.0,10.0,11.0,0.0
5,3,240,13,2,0.0,0.0,0.0,4.0,5.0,6.0,7.0,8.0,9.0,10.0,11.0,0.0
5,3,240,13,2,0.0,0.0,0.0,4.0,5.0,6.0,7.0,8.0,9.0,10.0,11.0,0.0
5,3,120,12,4,0.0,0.0,0.0,0.0,0.0,6.0,7.0,8.0,9.0,0.0,0.0,0.0
5,3,120,12,4,0.0,0.0,0.0,0.0,0.0,6.0,7.0,8.0,9.0,0.0,0.0,0.0
5,9,240,8,99,0.0,0.0,0.0,4.0,5.0,6.0,7.0,8.0,9.0,10.0,11.0,0.0
5,4,90,3,4,0.0,0.0,0.0,0.0,0.0,0.0,0.0,8.0,9.0,10.0,0.0,0.0
5,4,90,1,2,0.0,0.0,0.0,0.0,0.0,0.0,0.0,8.0,9.0,10.0,0.0,0.0
5,3,150,7,3,0.0,0.0,0.0,0.0,5.0,6.0,7.0,8.0,9.0,0.0,0.0,0.0
5,3,150,7,1,0.0,0.0,0.0,0.0,5.0,6.0,7.0,8.0,9.0,0.0,0.0,0.0
5,5,180,7,2,0.0,0.0,0.0,0.0,5.0,6.0,7.0,8.0,9.0,10.0,0.0,0.0
5,6,180,7,4,0.0,0.0,0.0,0.0,5.0,6.0,7.0,8.0,9.0,10.0,0.0,0.0
5,3,210,8,2,0.0,0.0,0.0,4.0,5.0,6.0,7.0,8.0,9.0,10.0,0.0,0.0
5,4,180,8,2,0.0,0.0,0.0,0.0,5.0,6.0,7.0,8.0,9.0,10.0,0.0,0.0
2,3,90,4,2,0.0,0.0,0.0,0.0,0.0,0.0,7.0,8.0,9.0,0.0,0.0,0.0
5,9,240,8,2,0.0,0.0,0.0,4.0,5.0,6.0,7.0,8.0,9.0,10.0,11.0,0.0
5,9,240,8,2,0.0,0.0,0.0,4.0,5.0,6.0,7.0,8.0,9.0,10.0,11.0,0.0
5,3,90,8,6,0.0,0.0,0.0,0.0,0.0,0.0,7.0,8.0,9.0,0.0,0.0,0.0
5,4,60,3,6,0.0,0.0,0.0,0.0,0.0,0.0,0.0,8.0,9.0,0.0,0.0,0.0
6,3,90,5,1,0.0,0.0,0.0,0.0,0.0,0.0,7.0,8.0,9.0,0.0,0.0,0.0
6,3,150,18,2,0.0,0.0,0.0,0.0,5.0,6.0,7.0,8.0,9.0,0.0,0.0,0.0
6,5,210,10,4,0.0,0.0,0.0,0.0,5.0,6.0,7.0,8.0,9.0,10.0,11.0,0.0
6,5,210,10,4,0.0,0.0,0.0,0.0,5.0,6.0,7.0,8.0,9.0,10.0,11.0,0.0
5,4,90,9,5,0.0,0.0,0.0,0.0,0.0,0.0,0.0,8.0,9.0,10.0,0.0,0.0
5,3,120,10,2,0.0,0.0,0.0,0.0,0.0,0.0,7.0,8.0,9.0,10.0,0.0,0.0
5,3,120,10,7,0.0,0.0,0.0,0.0,0.0,0.0,7.0,8.0,9.0,10.0,0.0,0.0
5,5,60,4,6,0.0,0.0,0.0,0.0,0.0,0.0,0.0,0.0,9.0,10.0,0.0,0.0
5,3,180,4,2,0.0,0.0,0.0,0.0,0.0,6.0,7.0,8.0,9.0,10.0,11.0,0.0
5,3,180,10,1,0.0,0.0,0.0,0.0,0.0,6.0,7.0,8.0,9.0,10.0,11.0,0.0
5,3,150,6,1,0.0,0.0,0.0,0.0,0.0,6.0,7.0,8.0,9.0,10.0,0.0,0.0
5,3,330,8,2,1.0,2.0,3.0,4.0,5.0,6.0,7.0,8.0,9.0,10.0,11.0,0.0
5,3,330,16,2,1.0,2.0,3.0,4.0,5.0,6.0,7.0,8.0,9.0,10.0,11.0,0.0
5,3,90,3,4,0.0,0.0,0.0,0.0,0.0,6.0,7.0,8.0,0.0,0.0,0.0,0.0
5,3,90,3,4,0.0,0.0,0.0,0.0,0.0,6.0,7.0,8.0,0.0,0.0,0.0,0.0
5,4,120,8,15,0.0,0.0,0.0,0.0,0.0,0.0,7.0,8.0,9.0,10.0,0.0,0.0
5,5,120,2,4,0.0,0.0,0.0,0.0,0.0,0.0,7.0,8.0,9.0,10.0,0.0,0.0
5,3,150,8,2,0.0,0.0,0.0,0.0,0.0,0.0,7.0,8.0,9.0,10.0,11.0,0.0
5,5,210,10,12,0.0,0.0,0.0,0.0,5.0,6.0,7.0,8.0,9.0,10.0,11.0,0.0
5,3,210,2,13,0.0,0.0,0.0,0.0,5.0,6.0,7.0,8.0,9.0,10.0,11.0,0.0
5,3,210,10,12,0.0,0.0,0.0,0.0,5.0,6.0,7.0,8.0,9.0,10.0,11.0,0.0
5,5,210,10,12,0.0,0.0,0.0,0.0,5.0,6.0,7.0,8.0,9.0,10.0,11.0,0.0
2,3,180,8,9,0.0,0.0,0.0,0.0,0.0,6.0,7.0,8.0,9.0,10.0,11.0,0.0
2,9,60,24,2,0.0,0.0,0.0,0.0,0.0,0.0,7.0,8.0,0.0,0.0,0.0,0.0
5,3,120,10,7,0.0,0.0,0.0,0.0,0.0,6.0,7.0,8.0,9.0,0.0,0.0,0.0
5,3,120,10,1,0.0,0.0,0.0,0.0,0.0,6.0,7.0,8.0,9.0,0.0,0.0,0.0
5,3,90,4,2,0.0,0.0,0.0,0.0,0.0,0.0,7.0,8.0,9.0,0.0,0.0,0.0
5,3,210,24,7,0.0,0.0,3.0,4.0,5.0,6.0,7.0,8.0,9.0,10.0,11.0,0.0
5,9,150,3,4,0.0,0.0,0.0,0.0,0.0,6.0,7.0,8.0,9.0,10.0,0.0,0.0
5,4,150,7,2,0.0,0.0,0.0,0.0,0.0,6.0,7.0,8.0,9.0,10.0,0.0,0.0
2,4,90,2,20,0.0,0.0,0.0,0.0,0.0,0.0,7.0,8.0,9.0,0.0,0.0,0.0
5,3,150,12,2,0.0,0.0,0.0,0.0,0.0,6.0,7.0,8.0,9.0,10.0,0.0,0.0
5,1,180,10,5,0.0,0.0,0.0,4.0,5.0,6.0,7.0,8.0,9.0,0.0,0.0,0.0
2,3,180,18,2,0.0,0.0,0.0,0.0,5.0,6.0,7.0,8.0,9.0,10.0,0.0,0.0
5,3,180,18,8,0.0,0.0,0.0,0.0,5.0,6.0,7.0,8.0,9.0,10.0,0.0,0.0
5,3,150,8,3,0.0,0.0,0.0,0.0,0.0,6.0,7.0,8.0,9.0,10.0,0.0,0.0
5,5,150,8,3,0.0,0.0,0.0,0.0,0.0,6.0,7.0,8.0,9.0,10.0,0.0,0.0
5,9,180,5,99,0.0,0.0,0.0,4.0,5.0,6.0,7.0,8.0,9.0,0.0,0.0,0.0
2,4,90,8,14,0.0,0.0,0.0,0.0,0.0,0.0,0.0,8.0,9.0,10.0,0.0,0.0
4,1,120,5,2,0.0,0.0,0.0,0.0,0.0,6.0,7.0,8.0,9.0,0.0,0.0,0.0
7,2,240,4,3,0.0,0.0,3.0,4.0,5.0,6.0,7.0,8.0,9.0,10.0,0.0,0.0
2,2,240,8,3,0.0,0.0,3.0,4.0,5.0,6.0,7.0,8.0,9.0,10.0,0.0,0.0
2,9,150,5,1,0.0,0.0,0.0,0.0,0.0,6.0,7.0,8.0,9.0,10.0,0.0,0.0
2,5,150,11,8,0.0,0.0,0.0,0.0,0.0,6.0,7.0,8.0,9.0,10.0,0.0,0.0
2,2,180,9,2,0.0,0.0,0.0,0.0,0.0,6.0,7.0,8.0,9.0,10.0,11.0,0.0
2,9,210,4,5,0.0,0.0,0.0,4.0,5.0,6.0,7.0,8.0,9.0,10.0,0.0,0.0
5,3,210,5,1,0.0,0.0,0.0,0.0,5.0,6.0,7.0,8.0,9.0,10.0,11.0,0.0
6,3,150,4,2,0.0,0.0,0.0,0.0,5.0,6.0,7.0,8.0,9.0,0.0,0.0,0.0
6,3,180,4,7,0.0,0.0,0.0,0.0,5.0,6.0,7.0,8.0,9.0,10.0,0.0,0.0
6,3,180,4,7,0.0,0.0,0.0,0.0,5.0,6.0,7.0,8.0,9.0,10.0,0.0,0.0
2,5,180,12,5,0.0,0.0,0.0,0.0,5.0,6.0,7.0,8.0,9.0,10.0,0.0,0.0
2,3,180,12,10,0.0,0.0,0.0,0.0,5.0,6.0,7.0,8.0,9.0,10.0,0.0,0.0
5,9,360,6,99,1.0,2.0,3.0,4.0,5.0,6.0,7.0,8.0,9.0,10.0,11.0,12.0
6,3,210,12,1,0.0,0.0,0.0,4.0,5.0,6.0,7.0,8.0,9.0,10.0,0.0,0.0
2,3,150,8,99,0.0,0.0,0.0,0.0,5.0,6.0,7.0,8.0,9.0,0.0,0.0,0.0
2,3,150,8,99,0.0,0.0,0.0,0.0,5.0,6.0,7.0,8.0,9.0,0.0,0.0,0.0
5,3,150,5,5,0.0,0.0,0.0,0.0,5.0,6.0,7.0,8.0,9.0,0.0,0.0,0.0
5,3,120,11,10,0.0,0.0,0.0,0.0,0.0,0.0,7.0,8.0,9.0,10.0,0.0,0.0
5,3,120,12,1,0.0,0.0,0.0,0.0,0.0,0.0,7.0,8.0,9.0,10.0,0.0,0.0
5,3,150,6,3,0.0,0.0,0.0,0.0,0.0,6.0,7.0,8.0,9.0,10.0,0.0,0.0
5,4,150,6,4,0.0,0.0,0.0,0.0,0.0,6.0,7.0,8.0,9.0,10.0,0.0,0.0
2,3,180,2,7,0.0,0.0,0.0,0.0,0.0,6.0,7.0,8.0,9.0,10.0,11.0,0.0
5,3,150,5,4,0.0,0.0,0.0,0.0,0.0,6.0,7.0,8.0,9.0,10.0,0.0,0.0
5,3,150,5,4,0.0,0.0,0.0,0.0,0.0,6.0,7.0,8.0,9.0,10.0,0.0,0.0
5,3,150,5,1,0.0,0.0,0.0,0.0,5.0,6.0,7.0,8.0,9.0,0.0,0.0,0.0
2,1,60,3,5,0.0,0.0,0.0,0.0,0.0,0.0,0.0,8.0,9.0,0.0,0.0,0.0
5,3,180,13,4,0.0,0.0,0.0,0.0,5.0,6.0,7.0,8.0,9.0,10.0,0.0,0.0
5,3,120,3,5,0.0,0.0,0.0,0.0,0.0,0.0,7.0,8.0,9.0,10.0,0.0,0.0
5,3,120,3,1,0.0,0.0,0.0,0.0,0.0,0.0,7.0,8.0,9.0,10.0,0.0,0.0
5,5,60,8,5,0.0,0.0,0.0,0.0,0.0,0.0,7.0,8.0,0.0,0.0,0.0,0.0
5,3,180,8,9,0.0,0.0,0.0,0.0,0.0,6.0,7.0,8.0,9.0,10.0,11.0,0.0
5,3,180,8,9,0.0,0.0,0.0,0.0,0.0,6.0,7.0,8.0,9.0,10.0,11.0,0.0
5,4,180,6,10,0.0,0.0,0.0,4.0,5.0,6.0,7.0,8.0,9.0,0.0,0.0,0.0
5,5,210,10,5,0.0,0.0,3.0,4.0,5.0,6.0,7.0,8.0,9.0,10.0,0.0,0.0
5,3,60,6,12,0.0,0.0,0.0,0.0,0.0,0.0,7.0,8.0,0.0,0.0,0.0,0.0
5,3,120,6,6,0.0,0.0,0.0,0.0,0.0,6.0,7.0,8.0,9.0,0.0,0.0,0.0
5,4,210,6,8,0.0,0.0,0.0,0.0,5.0,6.0,7.0,8.0,9.0,10.0,11.0,0.0
5,5,120,3,2,0.0,0.0,0.0,0.0,0.0,6.0,7.0,8.0,9.0,0.0,0.0,0.0
5,3,120,4,3,0.0,0.0,0.0,0.0,0.0,0.0,7.0,8.0,9.0,10.0,0.0,0.0
5,3,120,4,5,0.0,0.0,0.0,0.0,0.0,0.0,7.0,8.0,9.0,10.0,0.0,0.0
5,3,120,4,3,0.0,0.0,0.0,0.0,0.0,0.0,7.0,8.0,9.0,10.0,0.0,0.0
5,5,120,8,3,0.0,0.0,0.0,0.0,0.0,6.0,7.0,8.0,9.0,0.0,0.0,0.0
5,5,120,2,3,0.0,0.0,0.0,0.0,0.0,6.0,7.0,8.0,9.0,0.0,0.0,0.0
5,3,150,10,6,0.0,0.0,0.0,0.0,5.0,6.0,7.0,8.0,9.0,0.0,0.0,0.0
5,5,150,5,4,0.0,0.0,0.0,0.0,5.0,6.0,7.0,8.0,9.0,0.0,0.0,0.0
5,3,360,12,3,1.0,2.0,3.0,4.0,5.0,6.0,7.0,8.0,9.0,10.0,11.0,12.0
5,3,360,12,2,1.0,2.0,3.0,4.0,5.0,6.0,7.0,8.0,9.0,10.0,11.0,12.0
2,3,150,12,10,0.0,0.0,0.0,4.0,5.0,6.0,7.0,8.0,0.0,0.0,0.0,0.0
5,3,150,3,2,0.0,0.0,0.0,0.0,0.0,6.0,7.0,8.0,9.0,10.0,0.0,0.0
5,3,150,3,3,0.0,0.0,0.0,0.0,0.0,6.0,7.0,8.0,9.0,10.0,0.0,0.0
5,3,150,2,2,0.0,0.0,0.0,0.0,0.0,6.0,7.0,8.0,9.0,10.0,0.0,0.0
5,3,300,20,6,1.0,2.0,3.0,4.0,5.0,6.0,7.0,8.0,9.0,10.0,0.0,0.0
5,4,70,3,3,0.0,0.0,0.0,0.0,5.0,6.0,7.0,8.0,9.0,10.0,0.0,0.0
5,3,120,10,4,0.0,0.0,0.0,0.0,0.0,6.0,7.0,8.0,9.0,0.0,0.0,0.0
5,3,180,4,7,0.0,0.0,0.0,0.0,5.0,6.0,7.0,8.0,9.0,10.0,0.0,0.0
5,3,180,3,7,0.0,0.0,0.0,0.0,5.0,6.0,7.0,8.0,9.0,10.0,0.0,0.0
5,3,210,10,9,0.0,0.0,0.0,0.0,5.0,6.0,7.0,8.0,9.0,10.0,11.0,0.0
5,3,210,8,8,0.0,0.0,0.0,0.0,5.0,6.0,7.0,8.0,9.0,10.0,11.0,0.0
5,3,210,8,8,0.0,0.0,0.0,0.0,5.0,6.0,7.0,8.0,9.0,10.0,11.0,0.0
2,1,150,10,6,0.0,0.0,0.0,0.0,5.0,6.0,7.0,8.0,9.0,0.0,0.0,0.0
5,3,150,10,1,0.0,0.0,0.0,0.0,5.0,6.0,7.0,8.0,9.0,0.0,0.0,0.0
5,3,150,10,3,0.0,0.0,0.0,0.0,5.0,6.0,7.0,8.0,9.0,0.0,0.0,0.0
5,3,180,2,4,0.0,0.0,0.0,0.0,5.0,6.0,7.0,8.0,9.0,10.0,0.0,0.0
5,5,120,2,4,0.0,0.0,0.0,0.0,5.0,6.0,7.0,8.0,0.0,0.0,0.0,0.0
5,3,120,2,5,0.0,0.0,0.0,0.0,5.0,6.0,7.0,8.0,0.0,0.0,0.0,0.0
2,5,120,8,1,0.0,0.0,0.0,0.0,5.0,6.0,7.0,8.0,0.0,0.0,0.0,0.0
2,4,150,2,5,0.0,0.0,0.0,4.0,5.0,6.0,7.0,8.0,0.0,0.0,0.0,0.0
5,3,90,3,1,0.0,0.0,0.0,4.0,5.0,6.0,0.0,0.0,0.0,0.0,0.0,0.0
5,2,150,8,99,0.0,0.0,0.0,0.0,0.0,6.0,7.0,8.0,9.0,10.0,0.0,0.0
5,2,150,8,99,0.0,0.0,0.0,0.0,0.0,6.0,7.0,8.0,9.0,10.0,0.0,0.0
5,2,150,8,99,0.0,0.0,0.0,0.0,0.0,6.0,7.0,8.0,9.0,10.0,0.0,0.0
5,3,90,7,4,0.0,0.0,0.0,0.0,0.0,0.0,7.0,8.0,9.0,0.0,0.0,0.0
5,3,32,1,3,0.0,0.0,3.0,4.0,5.0,6.0,7.0,8.0,9.0,10.0,11.0,0.0
5,3,270,6,3,0.0,0.0,3.0,4.0,5.0,6.0,7.0,8.0,9.0,10.0,11.0,0.0
5,3,120,8,5,0.0,0.0,0.0,0.0,0.0,6.0,7.0,8.0,9.0,0.0,0.0,0.0
5,3,120,3,2,0.0,0.0,0.0,0.0,0.0,6.0,7.0,8.0,9.0,0.0,0.0,0.0
5,3,120,3,2,0.0,0.0,0.0,0.0,0.0,6.0,7.0,8.0,9.0,0.0,0.0,0.0
5,3,180,5,3,0.0,0.0,0.0,0.0,0.0,6.0,7.0,8.0,9.0,10.0,11.0,0.0
5,5,120,9,3,0.0,0.0,0.0,0.0,0.0,0.0,0.0,8.0,9.0,10.0,11.0,0.0
5,3,120,8,3,0.0,0.0,0.0,0.0,0.0,0.0,0.0,8.0,9.0,10.0,11.0,0.0
5,3,120,9,8,0.0,0.0,0.0,0.0,0.0,0.0,7.0,8.0,9.0,10.0,0.0,0.0
5,3,120,12,8,0.0,0.0,0.0,0.0,0.0,0.0,7.0,8.0,9.0,10.0,0.0,0.0
5,9,150,5,99,0.0,0.0,0.0,0.0,0.0,6.0,7.0,8.0,9.0,10.0,0.0,0.0
5,3,210,24,3,0.0,0.0,0.0,0.0,5.0,6.0,7.0,8.0,9.0,10.0,11.0,0.0
5,3,180,5,8,0.0,0.0,0.0,0.0,0.0,6.0,7.0,8.0,9.0,10.0,11.0,0.0
5,3,120,8,7,0.0,0.0,0.0,0.0,0.0,0.0,0.0,8.0,9.0,10.0,11.0,0.0
5,3,120,8,4,0.0,0.0,0.0,0.0,0.0,0.0,0.0,8.0,9.0,10.0,11.0,0.0
5,4,90,6,3,0.0,0.0,0.0,0.0,0.0,0.0,7.0,8.0,9.0,0.0,0.0,0.0
5,3,90,6,5,0.0,0.0,0.0,0.0,0.0,0.0,7.0,8.0,9.0,0.0,0.0,0.0
5,3,150,8,2,0.0,0.0,0.0,0.0,5.0,6.0,7.0,8.0,9.0,0.0,0.0,0.0
5,3,120,5,5,0.0,0.0,0.0,0.0,5.0,6.0,7.0,8.0,0.0,0.0,0.0,0.0
5,3,120,10,2,0.0,0.0,0.0,0.0,0.0,6.0,7.0,8.0,9.0,0.0,0.0,0.0
5,3,240,1,5,0.0,0.0,3.0,4.0,5.0,6.0,7.0,8.0,9.0,10.0,11.0,0.0
5,5,240,8,5,0.0,0.0,0.0,4.0,5.0,6.0,7.0,8.0,9.0,10.0,11.0,0.0
5,3,240,1,6,0.0,0.0,0.0,4.0,5.0,6.0,7.0,8.0,9.0,10.0,11.0,0.0
2,5,180,6,4,0.0,0.0,0.0,0.0,5.0,6.0,7.0,8.0,9.0,10.0,0.0,0.0
5,3,60,4,4,0.0,0.0,0.0,0.0,0.0,0.0,0.0,8.0,9.0,0.0,0.0,0.0
2,3,150,5,10,0.0,0.0,0.0,0.0,0.0,6.0,7.0,8.0,9.0,10.0,0.0,0.0
5,3,60,8,5,0.0,0.0,0.0,0.0,0.0,0.0,7.0,8.0,0.0,0.0,0.0,0.0
6,1,120,4,5,0.0,0.0,0.0,0.0,0.0,6.0,7.0,8.0,9.0,0.0,0.0,0.0
4,1,360,8,1,1.0,2.0,3.0,4.0,5.0,6.0,7.0,8.0,9.0,10.0,11.0,12.0
2,2,90,3,99,0.0,0.0,0.0,0.0,0.0,6.0,7.0,8.0,9.0,0.0,0.0,0.0
2,3,60,8,6,0.0,0.0,0.0,0.0,0.0,0.0,7.0,8.0,0.0,0.0,0.0,0.0
5,5,180,7,2,0.0,0.0,0.0,0.0,5.0,6.0,7.0,8.0,9.0,10.0,0.0,0.0
5,5,180,4,3,0.0,0.0,0.0,0.0,5.0,6.0,7.0,8.0,9.0,10.0,0.0,0.0
2,1,90,12,1,0.0,0.0,0.0,0.0,0.0,0.0,7.0,8.0,9.0,0.0,0.0,0.0
5,3,240,8,2,0.0,0.0,3.0,4.0,5.0,6.0,7.0,8.0,9.0,10.0,0.0,0.0
5,3,210,24,2,0.0,0.0,0.0,0.0,5.0,6.0,7.0,8.0,9.0,10.0,11.0,0.0
5,3,180,9,3,0.0,0.0,0.0,4.0,5.0,6.0,7.0,8.0,9.0,0.0,0.0,0.0
2,3,180,5,3,0.0,0.0,0.0,0.0,0.0,0.0,7.0,8.0,9.0,10.0,11.0,12.0
5,3,150,5,1,0.0,0.0,0.0,0.0,0.0,6.0,7.0,8.0,9.0,10.0,0.0,0.0
2,3,150,4,6,0.0,0.0,0.0,0.0,5.0,6.0,7.0,8.0,9.0,0.0,0.0,0.0
5,3,90,3,2,0.0,0.0,0.0,0.0,0.0,0.0,7.0,8.0,9.0,0.0,0.0,0.0
6,3,150,6,4,0.0,0.0,0.0,0.0,0.0,6.0,7.0,8.0,9.0,10.0,0.0,0.0
6,3,150,6,8,0.0,0.0,0.0,0.0,0.0,6.0,7.0,8.0,9.0,10.0,0.0,0.0
2,3,90,2,15,0.0,0.0,0.0,0.0,0.0,6.0,7.0,8.0,0.0,0.0,0.0,0.0
5,4,120,8,1,0.0,0.0,0.0,0.0,0.0,6.0,7.0,8.0,9.0,0.0,0.0,0.0
5,4,180,8,1,0.0,0.0,0.0,0.0,5.0,6.0,7.0,8.0,9.0,10.0,0.0,0.0
5,4,50,2,2,0.0,0.0,0.0,0.0,5.0,6.0,7.0,8.0,9.0,10.0,0.0,0.0
5,3,60,8,6,0.0,0.0,0.0,0.0,0.0,0.0,0.0,8.0,9.0,0.0,0.0,0.0
5,4,120,8,10,0.0,0.0,0.0,0.0,0.0,6.0,7.0,8.0,9.0,0.0,0.0,0.0
1,9,90,6,4,0.0,0.0,0.0,0.0,0.0,0.0,7.0,8.0,9.0,0.0,0.0,0.0
2,3,90,6,99,0.0,0.0,0.0,0.0,0.0,0.0,7.0,8.0,9.0,0.0,0.0,0.0
5,4,90,4,3,0.0,0.0,0.0,0.0,0.0,6.0,7.0,8.0,0.0,0.0,0.0,0.0
5,4,90,3,3,0.0,0.0,0.0,0.0,0.0,0.0,7.0,8.0,9.0,0.0,0.0,0.0
5,3,120,8,6,0.0,0.0,0.0,0.0,0.0,6.0,7.0,8.0,9.0,0.0,0.0,0.0
5,3,150,5,1,0.0,0.0,0.0,0.0,5.0,6.0,7.0,8.0,9.0,0.0,0.0,0.0
5,3,150,3,4,0.0,0.0,0.0,0.0,5.0,6.0,7.0,8.0,9.0,0.0,0.0,0.0
5,3,150,5,4,0.0,0.0,0.0,0.0,5.0,6.0,7.0,8.0,9.0,0.0,0.0,0.0
5,1,120,4,4,0.0,0.0,0.0,0.0,0.0,0.0,7.0,8.0,9.0,10.0,0.0,0.0
5,3,120,3,7,0.0,0.0,0.0,0.0,0.0,0.0,7.0,8.0,9.0,10.0,0.0,0.0
5,3,120,3,7,0.0,0.0,0.0,0.0,0.0,0.0,7.0,8.0,9.0,10.0,0.0,0.0
5,3,120,3,7,0.0,0.0,0.0,0.0,0.0,0.0,7.0,8.0,9.0,10.0,0.0,0.0
5,3,90,10,1,0.0,0.0,0.0,0.0,0.0,6.0,7.0,8.0,0.0,0.0,0.0,0.0
5,3,90,3,1,0.0,0.0,0.0,0.0,0.0,6.0,7.0,8.0,0.0,0.0,0.0,0.0
5,3,120,1,1,0.0,0.0,0.0,0.0,0.0,0.0,7.0,8.0,9.0,10.0,0.0,0.0
5,3,60,6,2,0.0,0.0,0.0,0.0,0.0,0.0,0.0,8.0,9.0,0.0,0.0,0.0
5,3,60,6,9,0.0,0.0,0.0,0.0,0.0,0.0,0.0,8.0,9.0,0.0,0.0,0.0
5,4,60,4,8,0.0,0.0,0.0,0.0,0.0,0.0,7.0,8.0,0.0,0.0,0.0,0.0
5,5,60,4,4,0.0,0.0,0.0,0.0,0.0,0.0,7.0,8.0,0.0,0.0,0.0,0.0
5,3,90,2,3,0.0,0.0,0.0,0.0,0.0,0.0,7.0,8.0,9.0,0.0,0.0,0.0
2,1,60,3,3,0.0,0.0,0.0,0.0,0.0,0.0,7.0,8.0,0.0,0.0,0.0,0.0
5,3,90,10,8,0.0,0.0,0.0,0.0,0.0,0.0,7.0,8.0,9.0,0.0,0.0,0.0
5,5,120,5,5,0.0,0.0,0.0,0.0,0.0,6.0,7.0,8.0,9.0,0.0,0.0,0.0
5,4,150,5,5,0.0,0.0,0.0,0.0,0.0,6.0,7.0,8.0,9.0,10.0,0.0,0.0
5,6,60,8,4,0.0,0.0,0.0,0.0,0.0,0.0,7.0,8.0,0.0,0.0,0.0,0.0
5,4,60,8,4,0.0,0.0,0.0,0.0,0.0,0.0,7.0,8.0,0.0,0.0,0.0,0.0
5,3,120,2,15,0.0,0.0,0.0,0.0,5.0,6.0,7.0,8.0,0.0,0.0,0.0,0.0
3,3,120,2,15,0.0,0.0,0.0,0.0,5.0,6.0,7.0,8.0,0.0,0.0,0.0,0.0
2,3,180,8,5,0.0,0.0,0.0,0.0,0.0,6.0,7.0,8.0,9.0,10.0,11.0,0.0
6,3,240,10,10,0.0,0.0,3.0,4.0,5.0,6.0,7.0,8.0,9.0,10.0,0.0,0.0
5,5,180,2,5,0.0,0.0,0.0,0.0,5.0,6.0,7.0,8.0,9.0,10.0,0.0,0.0
5,5,180,2,5,0.0,0.0,0.0,0.0,5.0,6.0,7.0,8.0,9.0,10.0,0.0,0.0
5,3,180,10,5,0.0,0.0,0.0,0.0,5.0,6.0,7.0,8.0,9.0,10.0,0.0,0.0
5,3,90,8,4,0.0,0.0,0.0,0.0,0.0,0.0,7.0,8.0,9.0,0.0,0.0,0.0
5,3,90,4,3,0.0,0.0,0.0,0.0,0.0,6.0,7.0,8.0,0.0,0.0,0.0,0.0
5,3,90,8,1,0.0,0.0,0.0,0.0,0.0,0.0,7.0,8.0,9.0,0.0,0.0,0.0
5,3,150,10,8,0.0,0.0,0.0,0.0,0.0,6.0,7.0,8.0,9.0,10.0,0.0,0.0
5,3,150,8,8,0.0,0.0,0.0,0.0,0.0,6.0,7.0,8.0,9.0,10.0,0.0,0.0
5,3,150,10,8,0.0,0.0,0.0,0.0,0.0,6.0,7.0,8.0,9.0,10.0,0.0,0.0
5,3,180,24,3,0.0,0.0,0.0,4.0,5.0,6.0,7.0,8.0,9.0,0.0,0.0,0.0
5,5,180,24,4,0.0,0.0,0.0,4.0,5.0,6.0,7.0,8.0,9.0,0.0,0.0,0.0
9,9,180,6,10,0.0,0.0,0.0,0.0,5.0,6.0,7.0,8.0,9.0,10.0,0.0,0.0
5,3,120,6,4,0.0,0.0,0.0,0.0,0.0,6.0,7.0,8.0,9.0,0.0,0.0,0.0
5,3,120,6,3,0.0,0.0,0.0,0.0,0.0,6.0,7.0,8.0,9.0,0.0,0.0,0.0
6,3,120,1,2,0.0,0.0,0.0,0.0,0.0,6.0,7.0,8.0,9.0,0.0,0.0,0.0
6,3,120,1,1,0.0,0.0,0.0,0.0,0.0,6.0,7.0,8.0,9.0,0.0,0.0,0.0
5,3,150,4,1,0.0,0.0,0.0,4.0,5.0,6.0,7.0,8.0,0.0,0.0,0.0,0.0
5,5,60,8,99,0.0,0.0,0.0,0.0,0.0,0.0,0.0,8.0,9.0,0.0,0.0,0.0
5,5,60,6,1,0.0,0.0,0.0,0.0,0.0,0.0,0.0,8.0,9.0,0.0,0.0,0.0
5,4,180,2,99,0.0,0.0,0.0,4.0,5.0,6.0,7.0,8.0,9.0,0.0,0.0,0.0
5,3,180,2,1,0.0,0.0,0.0,0.0,5.0,6.0,7.0,8.0,9.0,10.0,0.0,0.0
6,4,150,11,1,0.0,0.0,0.0,0.0,0.0,6.0,7.0,8.0,9.0,10.0,0.0,0.0
5,9,210,3,15,0.0,0.0,0.0,4.0,5.0,6.0,7.0,8.0,9.0,10.0,0.0,0.0
5,9,210,0,15,0.0,0.0,0.0,4.0,5.0,6.0,7.0,8.0,9.0,10.0,0.0,0.0
6,3,240,8,1,0.0,0.0,0.0,4.0,5.0,6.0,7.0,8.0,9.0,10.0,11.0,0.0
5,3,180,6,10,0.0,0.0,0.0,0.0,5.0,6.0,7.0,8.0,9.0,10.0,0.0,0.0
5,5,180,6,10,0.0,0.0,0.0,0.0,5.0,6.0,7.0,8.0,9.0,10.0,0.0,0.0
5,3,90,8,2,0.0,0.0,0.0,0.0,0.0,0.0,0.0,8.0,9.0,10.0,0.0,0.0
5,3,120,7,6,0.0,0.0,0.0,0.0,0.0,6.0,7.0,8.0,9.0,0.0,0.0,0.0
6,3,120,4,1,0.0,0.0,0.0,0.0,0.0,0.0,7.0,8.0,9.0,10.0,0.0,0.0
6,3,120,4,1,0.0,0.0,0.0,0.0,0.0,0.0,7.0,8.0,9.0,10.0,0.0,0.0
5,3,180,12,4,0.0,0.0,0.0,0.0,5.0,6.0,7.0,8.0,9.0,10.0,0.0,0.0
5,3,210,3,1,0.0,0.0,3.0,4.0,5.0,6.0,7.0,8.0,9.0,10.0,0.0,0.0
5,3,360,6,4,1.0,2.0,3.0,4.0,5.0,6.0,7.0,8.0,9.0,10.0,11.0,12.0
5,3,240,8,1,0.0,0.0,3.0,4.0,5.0,6.0,7.0,8.0,9.0,10.0,0.0,0.0
6,5,240,4,2,0.0,0.0,3.0,4.0,5.0,6.0,7.0,8.0,9.0,10.0,0.0,0.0
5,3,240,6,5,0.0,0.0,3.0,4.0,5.0,6.0,7.0,8.0,9.0,10.0,0.0,0.0
5,3,120,4,8,0.0,0.0,0.0,0.0,0.0,0.0,7.0,8.0,9.0,10.0,0.0,0.0
5,3,150,7,3,0.0,0.0,0.0,0.0,5.0,6.0,7.0,8.0,9.0,0.0,0.0,0.0
5,3,15,2,2,0.0,0.0,0.0,0.0,5.0,6.0,7.0,8.0,9.0,0.0,0.0,0.0
5,5,240,2,2,0.0,0.0,0.0,4.0,5.0,6.0,7.0,8.0,9.0,10.0,11.0,0.0
5,3,210,8,2,0.0,0.0,0.0,0.0,5.0,6.0,7.0,8.0,9.0,10.0,11.0,0.0
5,3,180,3,4,0.0,0.0,0.0,0.0,0.0,6.0,7.0,8.0,9.0,10.0,11.0,0.0
5,4,180,5,6,0.0,0.0,0.0,0.0,0.0,6.0,7.0,8.0,9.0,10.0,11.0,0.0
5,3,180,6,5,0.0,0.0,0.0,0.0,5.0,6.0,7.0,8.0,9.0,10.0,0.0,0.0
5,5,210,4,5,0.0,0.0,0.0,4.0,5.0,6.0,7.0,8.0,9.0,10.0,0.0,0.0
5,3,180,6,5,0.0,0.0,0.0,4.0,5.0,6.0,7.0,8.0,9.0,10.0,0.0,0.0
5,9,60,8,99,0.0,0.0,0.0,0.0,0.0,0.0,0.0,8.0,9.0,0.0,0.0,0.0
2,9,150,4,99,0.0,0.0,0.0,0.0,0.0,6.0,7.0,8.0,9.0,10.0,0.0,0.0
5,3,90,2,99,0.0,0.0,0.0,0.0,0.0,0.0,0.0,8.0,9.0,10.0,0.0,0.0
5,4,180,10,2,0.0,0.0,0.0,0.0,5.0,6.0,7.0,8.0,9.0,10.0,0.0,0.0
5,4,180,10,6,0.0,0.0,0.0,0.0,5.0,6.0,7.0,8.0,9.0,10.0,0.0,0.0
2,9,90,2,99,0.0,0.0,0.0,0.0,0.0,0.0,7.0,8.0,9.0,0.0,0.0,0.0
2,4,360,16,5,1.0,2.0,3.0,4.0,5.0,6.0,7.0,8.0,9.0,10.0,11.0,12.0
5,9,180,24,99,0.0,0.0,0.0,0.0,5.0,6.0,7.0,8.0,9.0,10.0,0.0,0.0
6,5,120,6,6,0.0,0.0,0.0,0.0,0.0,6.0,7.0,8.0,9.0,0.0,0.0,0.0
6,5,120,6,1,0.0,0.0,0.0,0.0,0.0,6.0,7.0,8.0,9.0,0.0,0.0,0.0
6,5,120,6,1,0.0,0.0,0.0,0.0,0.0,6.0,7.0,8.0,9.0,0.0,0.0,0.0
6,5,120,6,1,0.0,0.0,0.0,0.0,0.0,6.0,7.0,8.0,9.0,0.0,0.0,0.0
2,5,150,8,15,0.0,0.0,0.0,0.0,5.0,6.0,7.0,8.0,9.0,0.0,0.0,0.0
2,5,150,8,10,0.0,0.0,0.0,0.0,5.0,6.0,7.0,8.0,9.0,0.0,0.0,0.0
5,5,150,6,1,0.0,0.0,0.0,0.0,5.0,6.0,7.0,8.0,9.0,0.0,0.0,0.0
5,5,150,6,1,0.0,0.0,0.0,0.0,5.0,6.0,7.0,8.0,9.0,0.0,0.0,0.0
6,3,360,12,1,1.0,2.0,3.0,4.0,5.0,6.0,7.0,8.0,9.0,10.0,11.0,12.0
2,4,120,7,99,0.0,0.0,0.0,0.0,0.0,0.0,7.0,8.0,9.0,10.0,0.0,0.0
2,4,120,7,99,0.0,0.0,0.0,0.0,0.0,0.0,7.0,8.0,9.0,10.0,0.0,0.0
5,4,210,4,1,0.0,0.0,3.0,4.0,5.0,6.0,7.0,8.0,9.0,0.0,0.0,0.0
5,5,180,3,1,0.0,0.0,0.0,0.0,5.0,6.0,7.0,8.0,9.0,10.0,0.0,0.0
2,3,150,3,99,0.0,0.0,0.0,0.0,0.0,0.0,7.0,8.0,9.0,10.0,11.0,0.0
5,4,150,4,5,0.0,0.0,0.0,0.0,0.0,6.0,7.0,8.0,9.0,10.0,0.0,0.0
6,5,180,7,2,0.0,0.0,0.0,0.0,5.0,6.0,7.0,8.0,9.0,10.0,0.0,0.0
5,5,180,8,6,0.0,0.0,0.0,0.0,5.0,6.0,7.0,8.0,9.0,10.0,0.0,0.0
5,3,180,8,8,0.0,0.0,0.0,0.0,5.0,6.0,7.0,8.0,9.0,10.0,0.0,0.0
6,3,90,4,99,0.0,0.0,0.0,0.0,0.0,0.0,7.0,8.0,9.0,0.0,0.0,0.0
5,5,150,10,3,0.0,0.0,0.0,0.0,0.0,6.0,7.0,8.0,9.0,10.0,0.0,0.0
2,3,120,5,3,0.0,0.0,0.0,0.0,0.0,6.0,7.0,8.0,9.0,0.0,0.0,0.0
5,4,150,10,99,0.0,0.0,0.0,0.0,0.0,6.0,7.0,8.0,9.0,10.0,0.0,0.0
5,3,210,8,3,0.0,0.0,3.0,4.0,5.0,6.0,7.0,8.0,9.0,0.0,0.0,0.0
5,4,150,8,1,0.0,0.0,0.0,0.0,0.0,6.0,7.0,8.0,9.0,10.0,0.0,0.0
5,3,60,4,1,0.0,0.0,0.0,0.0,0.0,0.0,0.0,8.0,9.0,0.0,0.0,0.0
5,3,180,8,1,0.0,0.0,0.0,0.0,5.0,6.0,7.0,8.0,9.0,10.0,0.0,0.0
5,3,180,8,1,0.0,0.0,0.0,0.0,5.0,6.0,7.0,8.0,9.0,10.0,0.0,0.0
5,3,180,8,1,0.0,0.0,0.0,0.0,5.0,6.0,7.0,8.0,9.0,10.0,0.0,0.0
5,5,60,10,5,0.0,0.0,0.0,0.0,0.0,0.0,7.0,8.0,0.0,0.0,0.0,0.0
5,3,180,2,4,0.0,0.0,0.0,4.0,5.0,6.0,7.0,8.0,9.0,0.0,0.0,0.0
5,3,180,3,5,0.0,0.0,0.0,0.0,5.0,6.0,7.0,8.0,9.0,10.0,0.0,0.0
5,3,150,5,6,0.0,0.0,0.0,0.0,0.0,6.0,7.0,8.0,9.0,10.0,0.0,0.0
5,2,120,3,1,0.0,0.0,0.0,0.0,0.0,0.0,7.0,8.0,9.0,10.0,0.0,0.0
5,1,120,2,10,0.0,0.0,0.0,0.0,0.0,0.0,7.0,8.0,9.0,10.0,0.0,0.0
5,5,120,3,8,0.0,0.0,0.0,0.0,5.0,6.0,7.0,8.0,0.0,0.0,0.0,0.0
5,3,120,3,8,0.0,0.0,0.0,0.0,5.0,6.0,7.0,8.0,0.0,0.0,0.0,0.0
5,3,150,5,6,0.0,0.0,0.0,0.0,5.0,6.0,7.0,8.0,9.0,0.0,0.0,0.0
5,5,150,7,1,0.0,0.0,0.0,0.0,0.0,6.0,7.0,8.0,9.0,10.0,0.0,0.0
5,3,150,6,6,0.0,0.0,0.0,0.0,5.0,6.0,7.0,8.0,9.0,0.0,0.0,0.0
6,3,120,8,2,0.0,0.0,0.0,0.0,5.0,6.0,7.0,8.0,0.0,0.0,0.0,0.0
6,3,120,8,2,0.0,0.0,0.0,0.0,5.0,6.0,7.0,8.0,0.0,0.0,0.0,0.0
5,3,240,2,6,0.0,0.0,3.0,4.0,5.0,6.0,7.0,8.0,9.0,10.0,0.0,0.0
5,3,30,8,6,0.0,0.0,0.0,0.0,0.0,0.0,0.0,8.0,0.0,0.0,0.0,0.0
5,3,30,8,6,0.0,0.0,0.0,0.0,0.0,0.0,0.0,8.0,0.0,0.0,0.0,0.0
6,9,180,8,99,0.0,0.0,0.0,0.0,5.0,6.0,7.0,8.0,9.0,10.0,0.0,0.0
2,9,360,5,99,1.0,2.0,3.0,4.0,5.0,6.0,7.0,8.0,9.0,10.0,11.0,12.0
5,3,90,6,7,0.0,0.0,0.0,0.0,0.0,6.0,7.0,8.0,0.0,0.0,0.0,0.0
5,5,180,3,10,0.0,0.0,0.0,0.0,5.0,6.0,7.0,8.0,9.0,10.0,0.0,0.0
1,5,180,3,5,0.0,0.0,0.0,0.0,5.0,6.0,7.0,8.0,9.0,10.0,0.0,0.0
6,9,150,4,5,0.0,0.0,0.0,0.0,5.0,6.0,7.0,8.0,9.0,0.0,0.0,0.0
6,9,150,5,5,0.0,0.0,0.0,0.0,5.0,6.0,7.0,8.0,9.0,0.0,0.0,0.0
5,3,150,1,1,0.0,0.0,0.0,0.0,5.0,6.0,7.0,8.0,9.0,0.0,0.0,0.0
5,3,360,6,2,1.0,2.0,3.0,4.0,5.0,6.0,7.0,8.0,9.0,10.0,11.0,12.0
5,3,360,8,2,1.0,2.0,3.0,4.0,5.0,6.0,7.0,8.0,9.0,10.0,11.0,12.0
5,5,360,6,2,1.0,2.0,3.0,4.0,5.0,6.0,7.0,8.0,9.0,10.0,11.0,12.0
5,3,120,5,1,0.0,2.0,3.0,4.0,5.0,0.0,0.0,0.0,0.0,0.0,0.0,0.0
5,5,60,4,3,0.0,0.0,0.0,0.0,0.0,0.0,0.0,0.0,9.0,10.0,0.0,0.0
5,5,180,5,4,0.0,0.0,0.0,0.0,5.0,6.0,7.0,8.0,9.0,10.0,0.0,0.0
2,2,90,7,3,0.0,0.0,0.0,0.0,0.0,6.0,7.0,8.0,0.0,0.0,0.0,0.0
2,4,180,3,3,0.0,0.0,0.0,4.0,5.0,6.0,7.0,8.0,9.0,0.0,0.0,0.0
2,2,120,4,12,0.0,0.0,0.0,0.0,0.0,0.0,0.0,8.0,9.0,10.0,11.0,0.0
5,4,50,8,6,0.0,0.0,0.0,4.0,5.0,6.0,7.0,8.0,0.0,0.0,0.0,0.0
5,3,90,3,7,0.0,0.0,0.0,0.0,0.0,0.0,7.0,8.0,9.0,0.0,0.0,0.0
2,9,150,6,2,0.0,0.0,0.0,0.0,5.0,6.0,7.0,8.0,9.0,0.0,0.0,0.0
5,4,90,3,1,0.0,0.0,0.0,0.0,0.0,6.0,7.0,8.0,0.0,0.0,0.0,0.0
5,3,90,6,1,0.0,0.0,0.0,0.0,0.0,6.0,7.0,8.0,0.0,0.0,0.0,0.0
5,3,180,5,3,0.0,0.0,0.0,0.0,0.0,6.0,7.0,8.0,9.0,10.0,11.0,0.0
5,3,180,5,3,0.0,0.0,0.0,0.0,0.0,6.0,7.0,8.0,9.0,10.0,11.0,0.0
2,9,120,4,10,0.0,0.0,0.0,0.0,0.0,6.0,7.0,8.0,9.0,0.0,0.0,0.0
2,3,210,24,5,0.0,0.0,3.0,4.0,5.0,6.0,7.0,8.0,9.0,0.0,0.0,0.0
5,4,120,6,2,0.0,0.0,0.0,0.0,0.0,6.0,7.0,8.0,9.0,0.0,0.0,0.0
5,4,120,6,2,0.0,0.0,0.0,0.0,0.0,6.0,7.0,8.0,9.0,0.0,0.0,0.0
2,3,150,5,10,0.0,0.0,0.0,0.0,0.0,6.0,7.0,8.0,9.0,10.0,0.0,0.0
2,9,150,6,99,0.0,0.0,0.0,0.0,5.0,6.0,7.0,8.0,9.0,0.0,0.0,0.0
2,9,210,8,2,0.0,0.0,0.0,4.0,5.0,6.0,7.0,8.0,9.0,10.0,0.0,0.0
5,3,180,6,3,0.0,0.0,0.0,0.0,5.0,6.0,7.0,8.0,9.0,10.0,0.0,0.0
2,3,180,8,6,0.0,0.0,0.0,0.0,5.0,6.0,7.0,8.0,9.0,10.0,0.0,0.0
6,3,150,11,1,0.0,0.0,0.0,0.0,0.0,6.0,7.0,8.0,9.0,10.0,0.0,0.0
5,3,90,8,10,0.0,0.0,0.0,0.0,0.0,0.0,7.0,8.0,9.0,0.0,0.0,0.0
5,4,150,5,10,0.0,0.0,0.0,0.0,5.0,6.0,7.0,8.0,9.0,0.0,0.0,0.0
3,6,150,8,10,0.0,0.0,0.0,0.0,5.0,6.0,7.0,8.0,9.0,0.0,0.0,0.0
5,5,150,10,10,0.0,0.0,0.0,0.0,5.0,6.0,7.0,8.0,9.0,0.0,0.0,0.0
5,3,150,24,1,0.0,0.0,0.0,0.0,5.0,6.0,7.0,8.0,9.0,0.0,0.0,0.0
5,5,180,8,3,0.0,0.0,0.0,0.0,5.0,6.0,7.0,8.0,9.0,10.0,0.0,0.0
5,3,180,8,1,0.0,0.0,0.0,0.0,5.0,6.0,7.0,8.0,9.0,10.0,0.0,0.0
5,2,180,8,5,0.0,0.0,0.0,0.0,5.0,6.0,7.0,8.0,9.0,10.0,0.0,0.0
2,3,180,8,4,0.0,0.0,0.0,0.0,5.0,6.0,7.0,8.0,9.0,10.0,0.0,0.0
2,3,120,2,12,0.0,0.0,0.0,0.0,0.0,6.0,7.0,8.0,9.0,0.0,0.0,0.0
2,3,90,8,6,0.0,0.0,0.0,0.0,0.0,0.0,7.0,8.0,9.0,0.0,0.0,0.0
5,5,90,8,2,0.0,0.0,0.0,0.0,0.0,0.0,7.0,8.0,9.0,0.0,0.0,0.0
5,5,90,8,2,0.0,0.0,0.0,0.0,0.0,0.0,7.0,8.0,9.0,0.0,0.0,0.0
5,3,150,10,4,0.0,0.0,0.0,0.0,0.0,6.0,7.0,8.0,9.0,10.0,0.0,0.0
2,3,150,10,10,0.0,0.0,0.0,0.0,0.0,6.0,7.0,8.0,9.0,10.0,0.0,0.0
5,3,180,8,99,0.0,0.0,0.0,0.0,5.0,6.0,7.0,8.0,9.0,10.0,0.0,0.0
5,3,180,8,6,0.0,0.0,0.0,0.0,5.0,6.0,7.0,8.0,9.0,10.0,0.0,0.0
2,1,180,9,8,0.0,0.0,0.0,0.0,5.0,6.0,7.0,8.0,9.0,10.0,0.0,0.0
5,3,60,12,2,0.0,0.0,0.0,0.0,0.0,0.0,0.0,8.0,9.0,0.0,0.0,0.0
6,4,120,2,1,0.0,0.0,0.0,0.0,0.0,6.0,7.0,8.0,9.0,0.0,0.0,0.0
5,3,90,3,1,0.0,0.0,0.0,0.0,0.0,6.0,7.0,8.0,0.0,0.0,0.0,0.0
5,3,180,8,2,0.0,0.0,0.0,0.0,5.0,6.0,7.0,8.0,9.0,10.0,0.0,0.0
5,3,180,4,2,0.0,0.0,0.0,0.0,5.0,6.0,7.0,8.0,9.0,10.0,0.0,0.0
5,5,180,3,2,0.0,0.0,0.0,0.0,5.0,6.0,7.0,8.0,9.0,10.0,0.0,0.0
5,3,120,3,2,0.0,0.0,0.0,0.0,0.0,6.0,7.0,8.0,9.0,0.0,0.0,0.0
5,3,120,6,6,0.0,0.0,0.0,0.0,5.0,6.0,7.0,8.0,0.0,0.0,0.0,0.0
5,3,90,1,4,0.0,0.0,0.0,0.0,0.0,0.0,0.0,8.0,9.0,10.0,0.0,0.0
5,2,90,3,99,0.0,0.0,0.0,0.0,0.0,6.0,7.0,8.0,0.0,0.0,0.0,0.0
5,2,90,2,99,0.0,0.0,0.0,0.0,0.0,6.0,7.0,8.0,0.0,0.0,0.0,0.0
5,3,150,1,2,0.0,0.0,0.0,0.0,0.0,6.0,7.0,8.0,9.0,10.0,0.0,0.0
2,3,120,8,5,0.0,0.0,0.0,0.0,0.0,6.0,7.0,8.0,9.0,0.0,0.0,0.0
5,3,60,12,2,0.0,0.0,0.0,0.0,0.0,0.0,0.0,8.0,9.0,0.0,0.0,0.0
6,3,150,9,2,0.0,0.0,0.0,0.0,5.0,6.0,7.0,8.0,9.0,0.0,0.0,0.0
6,3,150,9,2,0.0,0.0,0.0,0.0,5.0,6.0,7.0,8.0,9.0,0.0,0.0,0.0
5,3,120,5,3,0.0,0.0,0.0,0.0,0.0,6.0,7.0,8.0,9.0,0.0,0.0,0.0
5,3,120,5,2,0.0,0.0,0.0,0.0,0.0,6.0,7.0,8.0,9.0,0.0,0.0,0.0
5,3,120,3,3,0.0,0.0,0.0,0.0,0.0,6.0,7.0,8.0,9.0,0.0,0.0,0.0
5,5,120,6,3,0.0,0.0,0.0,0.0,5.0,6.0,7.0,8.0,0.0,0.0,0.0,0.0
5,4,120,6,2,0.0,0.0,0.0,0.0,5.0,6.0,7.0,8.0,0.0,0.0,0.0,0.0
5,5,120,6,5,0.0,0.0,0.0,0.0,5.0,6.0,7.0,8.0,0.0,0.0,0.0,0.0
5,3,120,4,1,0.0,0.0,0.0,0.0,5.0,6.0,7.0,8.0,0.0,0.0,0.0,0.0
4,9,180,10,99,0.0,0.0,0.0,0.0,5.0,6.0,7.0,8.0,9.0,10.0,11.0,0.0
2,3,120,7,2,0.0,0.0,0.0,0.0,0.0,6.0,7.0,8.0,9.0,0.0,0.0,0.0
5,3,90,1,3,0.0,0.0,0.0,0.0,0.0,0.0,7.0,8.0,9.0,0.0,0.0,0.0
5,4,60,5,3,0.0,0.0,0.0,0.0,0.0,0.0,0.0,8.0,9.0,0.0,0.0,0.0
5,3,60,4,4,0.0,0.0,0.0,0.0,5.0,6.0,0.0,0.0,0.0,0.0,0.0,0.0
5,3,240,6,3,0.0,0.0,3.0,4.0,5.0,6.0,7.0,8.0,9.0,10.0,0.0,0.0
6,3,150,11,2,0.0,0.0,0.0,0.0,0.0,6.0,7.0,8.0,9.0,10.0,0.0,0.0
6,3,240,11,2,0.0,0.0,0.0,0.0,5.0,6.0,7.0,8.0,9.0,10.0,11.0,12.0
5,3,90,4,3,0.0,0.0,0.0,0.0,0.0,0.0,7.0,8.0,9.0,0.0,0.0,0.0
2,3,180,1,4,0.0,0.0,3.0,4.0,5.0,6.0,7.0,8.0,0.0,0.0,0.0,0.0
5,3,180,6,3,0.0,0.0,0.0,0.0,0.0,6.0,7.0,8.0,9.0,10.0,11.0,0.0
5,3,180,6,3,0.0,0.0,0.0,0.0,0.0,6.0,7.0,8.0,9.0,10.0,11.0,0.0
5,3,180,3,3,0.0,0.0,0.0,0.0,0.0,6.0,7.0,8.0,9.0,10.0,11.0,0.0
5,3,150,5,2,0.0,0.0,0.0,0.0,5.0,6.0,7.0,8.0,9.0,0.0,0.0,0.0
2,3,150,4,1,0.0,0.0,0.0,4.0,5.0,6.0,7.0,8.0,0.0,0.0,0.0,0.0
2,9,150,9,99,0.0,0.0,0.0,4.0,5.0,6.0,7.0,8.0,0.0,0.0,0.0,0.0
2,9,150,8,99,0.0,0.0,0.0,4.0,5.0,6.0,7.0,8.0,0.0,0.0,0.0,0.0
5,3,120,8,3,0.0,0.0,0.0,0.0,0.0,6.0,7.0,8.0,9.0,0.0,0.0,0.0
5,3,120,8,5,0.0,0.0,0.0,0.0,0.0,6.0,7.0,8.0,9.0,0.0,0.0,0.0
5,3,120,5,5,0.0,0.0,0.0,0.0,0.0,6.0,7.0,8.0,9.0,0.0,0.0,0.0
5,3,120,8,2,0.0,0.0,0.0,0.0,0.0,6.0,7.0,8.0,9.0,0.0,0.0,0.0
5,3,180,7,2,0.0,0.0,0.0,0.0,5.0,6.0,7.0,8.0,9.0,10.0,0.0,0.0
2,3,180,2,2,0.0,0.0,0.0,0.0,5.0,6.0,7.0,8.0,9.0,10.0,0.0,0.0
2,3,180,10,3,0.0,0.0,0.0,4.0,5.0,6.0,7.0,8.0,9.0,0.0,0.0,0.0
5,3,180,10,3,0.0,0.0,0.0,4.0,5.0,6.0,7.0,8.0,9.0,0.0,0.0,0.0
2,1,120,5,10,0.0,0.0,0.0,0.0,0.0,0.0,7.0,8.0,9.0,10.0,0.0,0.0
5,3,210,8,5,0.0,0.0,0.0,0.0,5.0,6.0,7.0,8.0,9.0,10.0,11.0,0.0
5,3,210,8,5,0.0,0.0,0.0,0.0,5.0,6.0,7.0,8.0,9.0,10.0,11.0,0.0
5,9,180,2,99,0.0,0.0,0.0,0.0,0.0,6.0,7.0,8.0,9.0,10.0,11.0,0.0
2,9,180,2,99,0.0,0.0,0.0,0.0,0.0,6.0,7.0,8.0,9.0,10.0,11.0,0.0
2,3,90,4,3,0.0,0.0,0.0,0.0,0.0,0.0,0.0,8.0,9.0,10.0,0.0,0.0
5,3,90,5,5,0.0,0.0,0.0,0.0,0.0,0.0,0.0,8.0,9.0,10.0,0.0,0.0
2,1,150,8,1,0.0,0.0,0.0,0.0,0.0,6.0,7.0,8.0,9.0,10.0,0.0,0.0
2,3,90,6,8,0.0,0.0,0.0,0.0,0.0,6.0,7.0,8.0,0.0,0.0,0.0,0.0
2,1,180,7,7,0.0,0.0,0.0,0.0,5.0,6.0,7.0,8.0,9.0,10.0,0.0,0.0
2,5,120,4,7,0.0,0.0,0.0,0.0,0.0,6.0,7.0,8.0,9.0,0.0,0.0,0.0
5,3,150,8,8,0.0,0.0,0.0,0.0,5.0,6.0,7.0,8.0,9.0,0.0,0.0,0.0
5,9,120,5,3,0.0,0.0,0.0,0.0,0.0,6.0,7.0,8.0,9.0,0.0,0.0,0.0
5,9,120,8,5,0.0,0.0,0.0,0.0,0.0,6.0,7.0,8.0,9.0,0.0,0.0,0.0
5,9,90,5,3,0.0,0.0,0.0,0.0,0.0,6.0,7.0,8.0,0.0,0.0,0.0,0.0
5,3,120,5,4,0.0,0.0,0.0,0.0,0.0,6.0,7.0,8.0,9.0,0.0,0.0,0.0
5,3,120,5,5,0.0,0.0,0.0,0.0,0.0,6.0,7.0,8.0,9.0,0.0,0.0,0.0
2,9,270,16,2,0.0,2.0,3.0,4.0,5.0,6.0,7.0,8.0,9.0,10.0,0.0,0.0
5,2,300,8,99,0.0,2.0,3.0,4.0,5.0,6.0,7.0,8.0,9.0,10.0,11.0,0.0
5,5,60,8,5,0.0,0.0,0.0,0.0,0.0,0.0,0.0,8.0,9.0,0.0,0.0,0.0
5,3,90,5,99,0.0,0.0,0.0,0.0,0.0,0.0,0.0,8.0,9.0,10.0,0.0,0.0
5,3,90,5,99,0.0,0.0,0.0,0.0,0.0,0.0,0.0,8.0,9.0,10.0,0.0,0.0
5,3,150,8,4,0.0,0.0,0.0,0.0,0.0,6.0,7.0,8.0,9.0,10.0,0.0,0.0
5,3,150,8,4,0.0,0.0,0.0,0.0,0.0,6.0,7.0,8.0,9.0,10.0,0.0,0.0
5,4,150,8,4,0.0,0.0,0.0,0.0,0.0,6.0,7.0,8.0,9.0,10.0,0.0,0.0
5,3,150,8,4,0.0,0.0,0.0,0.0,0.0,6.0,7.0,8.0,9.0,10.0,0.0,0.0
5,4,60,5,5,0.0,0.0,0.0,0.0,0.0,0.0,0.0,8.0,9.0,0.0,0.0,0.0
5,4,60,5,5,0.0,0.0,0.0,0.0,0.0,0.0,0.0,8.0,9.0,0.0,0.0,0.0
5,4,60,5,5,0.0,0.0,0.0,0.0,0.0,0.0,0.0,8.0,9.0,0.0,0.0,0.0
5,3,60,8,5,0.0,0.0,0.0,0.0,0.0,0.0,0.0,8.0,9.0,0.0,0.0,0.0
5,3,60,8,5,0.0,0.0,0.0,0.0,0.0,0.0,0.0,8.0,9.0,0.0,0.0,0.0
5,4,150,10,10,0.0,0.0,0.0,0.0,5.0,6.0,7.0,8.0,9.0,0.0,0.0,0.0
5,4,150,10,10,0.0,0.0,0.0,0.0,5.0,6.0,7.0,8.0,9.0,0.0,0.0,0.0
5,4,180,8,10,0.0,0.0,0.0,4.0,5.0,6.0,7.0,8.0,9.0,0.0,0.0,0.0
5,4,180,8,10,0.0,0.0,0.0,0.0,5.0,6.0,7.0,8.0,9.0,10.0,0.0,0.0
5,4,330,8,1,1.0,2.0,3.0,4.0,5.0,6.0,7.0,0.0,9.0,10.0,11.0,12.0
5,4,330,8,1,1.0,2.0,3.0,4.0,5.0,6.0,7.0,0.0,9.0,10.0,11.0,12.0
5,4,330,8,1,1.0,2.0,3.0,4.0,5.0,6.0,7.0,0.0,9.0,10.0,11.0,12.0
5,3,60,8,3,0.0,0.0,0.0,0.0,0.0,0.0,0.0,8.0,9.0,0.0,0.0,0.0
2,5,150,9,4,0.0,0.0,0.0,0.0,0.0,6.0,7.0,8.0,9.0,10.0,0.0,0.0
2,5,150,9,4,0.0,0.0,0.0,0.0,0.0,6.0,7.0,8.0,9.0,10.0,0.0,0.0
2,9,120,12,6,0.0,0.0,0.0,0.0,0.0,0.0,7.0,8.0,9.0,10.0,0.0,0.0
2,3,120,15,4,0.0,0.0,0.0,0.0,0.0,6.0,7.0,8.0,9.0,0.0,0.0,0.0
2,1,120,8,1,0.0,0.0,0.0,0.0,0.0,0.0,7.0,8.0,9.0,10.0,0.0,0.0
2,3,180,8,2,0.0,0.0,0.0,0.0,5.0,6.0,7.0,8.0,9.0,10.0,0.0,0.0
2,9,90,8,5,0.0,0.0,0.0,0.0,0.0,0.0,0.0,8.0,9.0,10.0,0.0,0.0
2,3,210,11,7,0.0,0.0,0.0,4.0,5.0,6.0,7.0,8.0,9.0,10.0,0.0,0.0
5,3,150,10,10,0.0,0.0,0.0,0.0,5.0,6.0,7.0,8.0,9.0,0.0,0.0,0.0
6,3,150,7,2,0.0,0.0,0.0,0.0,5.0,6.0,7.0,8.0,9.0,0.0,0.0,0.0
5,9,150,7,1,0.0,0.0,0.0,0.0,0.0,0.0,7.0,8.0,9.0,10.0,11.0,0.0
2,9,90,3,4,0.0,0.0,0.0,0.0,0.0,0.0,0.0,8.0,9.0,10.0,0.0,0.0
5,3,150,10,1,0.0,0.0,0.0,0.0,5.0,6.0,7.0,8.0,9.0,0.0,0.0,0.0
5,3,150,4,1,0.0,0.0,0.0,0.0,5.0,6.0,7.0,8.0,9.0,0.0,0.0,0.0
5,3,150,4,4,0.0,0.0,0.0,0.0,5.0,6.0,7.0,8.0,9.0,0.0,0.0,0.0
6,9,90,6,7,0.0,0.0,0.0,0.0,0.0,0.0,7.0,8.0,9.0,0.0,0.0,0.0
5,3,210,12,6,0.0,0.0,0.0,4.0,5.0,6.0,7.0,8.0,9.0,10.0,0.0,0.0
5,3,150,7,5,0.0,0.0,0.0,0.0,5.0,6.0,7.0,8.0,9.0,0.0,0.0,0.0
5,3,120,7,4,0.0,0.0,0.0,0.0,0.0,6.0,7.0,8.0,9.0,0.0,0.0,0.0
5,2,180,8,5,0.0,0.0,0.0,0.0,0.0,6.0,7.0,8.0,9.0,10.0,11.0,0.0
5,9,150,5,99,0.0,2.0,3.0,4.0,5.0,6.0,0.0,0.0,0.0,0.0,0.0,0.0
5,3,365,11,1,1.0,2.0,3.0,4.0,5.0,6.0,7.0,8.0,9.0,10.0,11.0,12.0
5,4,365,5,6,1.0,2.0,3.0,4.0,5.0,6.0,7.0,8.0,9.0,10.0,11.0,12.0
5,4,365,4,6,1.0,2.0,3.0,4.0,5.0,6.0,7.0,8.0,9.0,10.0,11.0,12.0
5,4,365,8,6,1.0,2.0,3.0,4.0,5.0,6.0,7.0,8.0,9.0,10.0,11.0,12.0
6,9,150,4,3,0.0,0.0,0.0,4.0,5.0,6.0,7.0,8.0,0.0,0.0,0.0,0.0
6,4,120,3,3,0.0,0.0,3.0,4.0,5.0,6.0,0.0,0.0,0.0,0.0,0.0,0.0
6,4,210,6,3,0.0,0.0,3.0,4.0,5.0,6.0,7.0,8.0,9.0,0.0,0.0,0.0
5,3,365,2,10,1.0,2.0,3.0,4.0,5.0,6.0,7.0,8.0,9.0,10.0,11.0,12.0
5,3,210,1,2,0.0,0.0,3.0,4.0,5.0,6.0,7.0,8.0,9.0,0.0,0.0,0.0
5,3,210,2,1,0.0,0.0,3.0,4.0,5.0,6.0,7.0,8.0,9.0,0.0,0.0,0.0
6,9,300,15,1,0.0,2.0,3.0,4.0,5.0,6.0,7.0,8.0,9.0,10.0,11.0,0.0
5,3,300,6,4,0.0,2.0,3.0,4.0,5.0,6.0,7.0,8.0,9.0,10.0,11.0,0.0
6,4,300,6,1,0.0,2.0,3.0,4.0,5.0,6.0,7.0,8.0,9.0,10.0,11.0,0.0
5,3,300,6,8,0.0,2.0,3.0,4.0,5.0,6.0,7.0,8.0,9.0,10.0,11.0,0.0
5,9,90,2,2,0.0,0.0,0.0,4.0,5.0,6.0,0.0,0.0,0.0,0.0,0.0,0.0
5,2,180,2,6,0.0,0.0,3.0,4.0,5.0,6.0,7.0,8.0,0.0,0.0,0.0,0.0
5,2,180,2,6,0.0,0.0,3.0,4.0,5.0,6.0,7.0,8.0,0.0,0.0,0.0,0.0
5,3,90,3,3,0.0,0.0,0.0,4.0,5.0,6.0,0.0,0.0,0.0,0.0,0.0,0.0
6,9,60,3,5,0.0,0.0,0.0,4.0,5.0,0.0,0.0,0.0,0.0,0.0,0.0,0.0
2,1,150,5,6,0.0,0.0,0.0,4.0,5.0,6.0,7.0,8.0,0.0,0.0,0.0,0.0
5,3,90,5,5,0.0,0.0,3.0,4.0,5.0,0.0,0.0,0.0,0.0,0.0,0.0,0.0
5,3,365,8,6,1.0,2.0,3.0,4.0,5.0,6.0,7.0,8.0,9.0,10.0,11.0,12.0
5,3,365,6,6,1.0,2.0,3.0,4.0,5.0,6.0,7.0,8.0,9.0,10.0,11.0,12.0
6,4,365,8,2,1.0,2.0,3.0,4.0,5.0,6.0,7.0,8.0,9.0,10.0,11.0,12.0
6,5,260,8,3,1.0,2.0,3.0,4.0,5.0,6.0,7.0,8.0,9.0,10.0,11.0,12.0
6,5,365,8,3,1.0,2.0,3.0,4.0,5.0,6.0,7.0,8.0,9.0,10.0,11.0,12.0
6,3,365,2,1,1.0,2.0,3.0,4.0,5.0,6.0,7.0,8.0,9.0,10.0,11.0,12.0
6,3,365,2,1,1.0,2.0,3.0,4.0,5.0,6.0,7.0,8.0,9.0,10.0,11.0,12.0
6,3,365,2,1,1.0,2.0,3.0,4.0,5.0,6.0,7.0,8.0,9.0,10.0,11.0,12.0
5,3,270,2,4,0.0,0.0,3.0,4.0,5.0,6.0,7.0,8.0,9.0,10.0,11.0,0.0
6,3,365,4,4,1.0,2.0,3.0,4.0,5.0,6.0,7.0,8.0,9.0,10.0,11.0,12.0
6,9,30,1,1,0.0,0.0,0.0,0.0,0.0,0.0,0.0,0.0,9.0,0.0,0.0,0.0
5,9,270,3,3,0.0,0.0,3.0,4.0,5.0,6.0,7.0,8.0,9.0,10.0,11.0,0.0
5,5,120,3,1,0.0,0.0,3.0,4.0,5.0,6.0,0.0,0.0,0.0,0.0,0.0,0.0
5,3,300,7,6,0.0,2.0,3.0,4.0,5.0,6.0,7.0,8.0,9.0,10.0,11.0,0.0
5,2,120,3,4,0.0,0.0,3.0,4.0,5.0,6.0,7.0,8.0,0.0,0.0,0.0,0.0
5,2,120,3,4,0.0,0.0,3.0,4.0,5.0,6.0,7.0,8.0,0.0,0.0,0.0,0.0
5,2,120,3,4,0.0,0.0,3.0,4.0,5.0,6.0,7.0,8.0,0.0,0.0,0.0,0.0
5,2,210,1,99,0.0,2.0,3.0,4.0,5.0,6.0,7.0,8.0,0.0,0.0,0.0,0.0
5,9,150,4,3,0.0,0.0,3.0,4.0,5.0,6.0,7.0,0.0,0.0,0.0,0.0,0.0
5,9,150,4,1,0.0,0.0,3.0,4.0,5.0,6.0,7.0,0.0,0.0,0.0,0.0,0.0
6,9,90,3,5,0.0,0.0,0.0,4.0,5.0,6.0,0.0,0.0,0.0,0.0,0.0,0.0
2,5,240,1,14,0.0,0.0,0.0,0.0,5.0,6.0,7.0,8.0,9.0,10.0,11.0,12.0
6,9,150,2,4,0.0,0.0,0.0,4.0,5.0,6.0,7.0,8.0,0.0,0.0,0.0,0.0
6,4,120,2,4,0.0,2.0,3.0,4.0,5.0,6.0,7.0,8.0,9.0,10.0,11.0,12.0
6,3,360,5,2,1.0,2.0,3.0,4.0,5.0,6.0,7.0,8.0,9.0,10.0,11.0,12.0
5,3,365,6,7,1.0,2.0,3.0,4.0,5.0,6.0,7.0,8.0,9.0,10.0,11.0,12.0
5,3,365,6,6,1.0,2.0,3.0,4.0,5.0,6.0,7.0,8.0,9.0,10.0,11.0,12.0
5,1,300,4,5,0.0,2.0,3.0,4.0,5.0,6.0,7.0,8.0,9.0,10.0,11.0,0.0
5,1,300,3,4,0.0,2.0,3.0,4.0,5.0,6.0,7.0,8.0,9.0,10.0,11.0,0.0
6,3,90,8,7,0.0,0.0,0.0,4.0,5.0,6.0,0.0,0.0,0.0,0.0,0.0,0.0
5,5,365,5,3,1.0,2.0,3.0,4.0,5.0,6.0,7.0,8.0,9.0,10.0,11.0,12.0
6,4,240,6,6,0.0,0.0,3.0,4.0,5.0,6.0,7.0,8.0,9.0,10.0,0.0,0.0
2,9,365,8,4,1.0,2.0,3.0,4.0,5.0,6.0,7.0,8.0,9.0,10.0,11.0,12.0
5,3,210,2,3,0.0,0.0,0.0,0.0,5.0,6.0,7.0,8.0,9.0,10.0,11.0,0.0
5,4,210,2,2,0.0,0.0,0.0,0.0,5.0,6.0,7.0,8.0,9.0,10.0,11.0,0.0
6,1,210,10,2,0.0,0.0,3.0,4.0,5.0,6.0,7.0,8.0,9.0,10.0,0.0,0.0
5,2,90,10,3,0.0,2.0,3.0,4.0,0.0,0.0,0.0,0.0,0.0,0.0,0.0,0.0
6,2,90,10,3,0.0,2.0,3.0,4.0,0.0,0.0,0.0,0.0,0.0,0.0,0.0,0.0
6,3,90,7,1,0.0,0.0,3.0,4.0,5.0,0.0,0.0,0.0,0.0,0.0,0.0,0.0
2,3,90,1,5,0.0,0.0,3.0,4.0,5.0,0.0,0.0,0.0,0.0,0.0,0.0,0.0
2,3,90,2,1,0.0,0.0,3.0,4.0,5.0,0.0,0.0,0.0,0.0,0.0,0.0,0.0
2,2,90,2,5,0.0,0.0,3.0,4.0,5.0,0.0,0.0,0.0,0.0,0.0,0.0,0.0
5,3,200,4,12,0.0,2.0,3.0,4.0,5.0,6.0,7.0,8.0,9.0,10.0,11.0,0.0
5,3,365,10,3,1.0,2.0,3.0,4.0,5.0,6.0,7.0,8.0,9.0,10.0,11.0,12.0
5,9,120,0,3,0.0,0.0,3.0,4.0,5.0,6.0,0.0,0.0,0.0,0.0,0.0,0.0
6,4,240,3,1,0.0,2.0,3.0,4.0,5.0,6.0,7.0,8.0,9.0,0.0,0.0,0.0
6,4,210,3,1,0.0,2.0,3.0,4.0,5.0,6.0,7.0,8.0,9.0,10.0,0.0,0.0
2,9,270,3,8,0.0,0.0,3.0,4.0,5.0,6.0,7.0,8.0,9.0,10.0,11.0,0.0
6,3,120,3,3,0.0,0.0,0.0,4.0,5.0,6.0,7.0,0.0,0.0,0.0,0.0,0.0
2,9,300,6,8,0.0,2.0,3.0,4.0,5.0,6.0,7.0,8.0,9.0,10.0,11.0,0.0
5,3,150,2,1,0.0,0.0,0.0,4.0,5.0,6.0,7.0,8.0,0.0,0.0,0.0,0.0
5,3,150,2,4,0.0,0.0,0.0,4.0,5.0,6.0,7.0,8.0,0.0,0.0,0.0,0.0
5,3,150,2,4,0.0,0.0,0.0,4.0,5.0,6.0,7.0,8.0,0.0,0.0,0.0,0.0
5,1,300,8,10,0.0,0.0,3.0,4.0,5.0,6.0,7.0,8.0,9.0,10.0,11.0,12.0
5,1,300,8,10,0.0,0.0,3.0,4.0,5.0,6.0,7.0,8.0,9.0,10.0,11.0,12.0
5,5,180,2,10,0.0,0.0,3.0,4.0,5.0,6.0,7.0,8.0,0.0,0.0,0.0,0.0
2,3,120,2,4,0.0,0.0,3.0,4.0,5.0,6.0,0.0,0.0,0.0,0.0,0.0,0.0
2,3,120,2,4,0.0,0.0,3.0,4.0,5.0,6.0,0.0,0.0,0.0,0.0,0.0,0.0
5,9,90,7,1,0.0,0.0,3.0,4.0,5.0,0.0,0.0,0.0,0.0,0.0,0.0,0.0
2,4,120,99,2,0.0,0.0,3.0,4.0,5.0,6.0,0.0,0.0,0.0,0.0,0.0,0.0
5,4,120,99,1,0.0,0.0,3.0,4.0,5.0,6.0,0.0,0.0,0.0,0.0,0.0,0.0
2,1,300,10,7,0.0,0.0,3.0,4.0,5.0,6.0,7.0,8.0,9.0,10.0,11.0,12.0
5,1,300,10,7,0.0,0.0,3.0,4.0,5.0,6.0,7.0,8.0,9.0,10.0,11.0,12.0
6,9,60,1,1,0.0,0.0,0.0,0.0,0.0,0.0,0.0,0.0,0.0,10.0,11.0,0.0
5,3,365,5,1,1.0,2.0,3.0,4.0,5.0,6.0,7.0,8.0,9.0,10.0,11.0,12.0
5,9,330,6,4,1.0,2.0,3.0,4.0,5.0,6.0,7.0,8.0,9.0,10.0,11.0,0.0
5,4,60,4,9,0.0,0.0,3.0,4.0,0.0,0.0,0.0,0.0,0.0,0.0,0.0,0.0
5,2,270,8,10,0.0,0.0,3.0,4.0,5.0,6.0,7.0,8.0,9.0,10.0,11.0,0.0
2,3,365,4,2,1.0,2.0,3.0,4.0,5.0,6.0,7.0,8.0,9.0,10.0,11.0,12.0
6,3,300,6,3,0.0,2.0,3.0,4.0,5.0,6.0,7.0,8.0,9.0,10.0,11.0,0.0
6,3,330,8,1,1.0,2.0,3.0,4.0,5.0,6.0,7.0,8.0,9.0,10.0,11.0,0.0
6,9,90,3,2,0.0,0.0,3.0,4.0,5.0,0.0,0.0,0.0,0.0,0.0,0.0,0.0
6,9,365,12,1,1.0,2.0,3.0,4.0,5.0,6.0,7.0,8.0,9.0,10.0,11.0,12.0
2,9,120,1,5,0.0,0.0,3.0,4.0,5.0,6.0,0.0,0.0,0.0,0.0,0.0,0.0
2,9,120,1,5,0.0,0.0,3.0,4.0,5.0,6.0,0.0,0.0,0.0,0.0,0.0,0.0
5,9,365,6,3,1.0,2.0,3.0,4.0,5.0,6.0,7.0,8.0,9.0,10.0,11.0,12.0
6,3,300,10,1,0.0,2.0,3.0,4.0,5.0,6.0,7.0,8.0,9.0,10.0,11.0,0.0
5,3,300,6,4,0.0,2.0,3.0,4.0,5.0,6.0,7.0,8.0,9.0,10.0,11.0,0.0
2,4,120,8,2,0.0,0.0,3.0,4.0,5.0,6.0,0.0,0.0,0.0,0.0,0.0,0.0
2,3,365,10,4,1.0,2.0,3.0,4.0,5.0,6.0,7.0,8.0,9.0,10.0,11.0,12.0
2,3,365,10,4,1.0,2.0,3.0,4.0,5.0,6.0,7.0,8.0,9.0,10.0,11.0,12.0
5,3,365,8,5,1.0,2.0,3.0,4.0,5.0,6.0,7.0,8.0,9.0,10.0,11.0,12.0
2,3,365,3,10,1.0,2.0,3.0,4.0,5.0,6.0,7.0,8.0,9.0,10.0,11.0,12.0
6,4,120,5,3,0.0,0.0,0.0,0.0,5.0,6.0,7.0,8.0,0.0,0.0,0.0,0.0
6,2,360,8,2,1.0,2.0,3.0,4.0,5.0,6.0,7.0,8.0,9.0,10.0,11.0,12.0
6,2,360,8,2,1.0,2.0,3.0,4.0,5.0,6.0,7.0,8.0,9.0,10.0,11.0,12.0
6,2,360,8,2,1.0,2.0,3.0,4.0,5.0,6.0,7.0,8.0,9.0,10.0,11.0,12.0
6,3,180,5,2,0.0,0.0,0.0,0.0,5.0,6.0,7.0,8.0,9.0,10.0,0.0,0.0
6,3,180,5,2,0.0,0.0,0.0,0.0,5.0,6.0,7.0,8.0,9.0,10.0,0.0,0.0
6,5,360,8,3,1.0,2.0,3.0,4.0,5.0,6.0,7.0,8.0,9.0,10.0,11.0,12.0
6,5,360,8,3,1.0,2.0,3.0,4.0,5.0,6.0,7.0,8.0,9.0,10.0,11.0,12.0
6,3,360,8,3,1.0,2.0,3.0,4.0,5.0,6.0,7.0,8.0,9.0,10.0,11.0,12.0
6,3,365,5,1,1.0,2.0,3.0,4.0,5.0,6.0,7.0,8.0,9.0,10.0,11.0,12.0
5,9,120,1,2,0.0,0.0,0.0,4.0,5.0,6.0,7.0,0.0,0.0,0.0,0.0,0.0
5,9,120,1,3,0.0,0.0,0.0,4.0,5.0,6.0,7.0,0.0,0.0,0.0,0.0,0.0
5,3,360,9,2,1.0,2.0,3.0,4.0,5.0,6.0,7.0,8.0,9.0,10.0,11.0,12.0
5,1,90,4,3,0.0,0.0,0.0,4.0,5.0,6.0,0.0,0.0,0.0,0.0,0.0,0.0
6,9,270,1,2,0.0,0.0,3.0,4.0,5.0,6.0,7.0,8.0,9.0,10.0,11.0,0.0
2,9,30,4,6,0.0,0.0,0.0,0.0,0.0,0.0,7.0,0.0,0.0,0.0,0.0,0.0
2,9,30,2,2,0.0,0.0,0.0,0.0,0.0,0.0,7.0,0.0,0.0,0.0,0.0,0.0
6,9,365,8,1,1.0,2.0,3.0,4.0,5.0,6.0,7.0,8.0,9.0,10.0,11.0,12.0
5,3,120,3,1,0.0,0.0,3.0,4.0,5.0,6.0,0.0,0.0,0.0,0.0,0.0,0.0
6,4,330,5,2,1.0,2.0,3.0,4.0,5.0,6.0,7.0,8.0,9.0,10.0,11.0,0.0
5,9,60,3,1,0.0,0.0,0.0,4.0,5.0,0.0,0.0,0.0,0.0,0.0,0.0,0.0
2,1,270,2,99,0.0,2.0,3.0,4.0,5.0,6.0,7.0,8.0,9.0,10.0,0.0,0.0
2,2,270,2,99,0.0,2.0,3.0,4.0,5.0,6.0,7.0,8.0,9.0,10.0,0.0,0.0
6,9,120,12,2,0.0,0.0,3.0,4.0,5.0,6.0,0.0,0.0,0.0,0.0,0.0,0.0
2,1,360,4,3,1.0,2.0,3.0,4.0,5.0,6.0,7.0,8.0,9.0,10.0,11.0,12.0
5,3,15,3,1,0.0,0.0,0.0,0.0,0.0,0.0,0.0,0.0,0.0,10.0,0.0,0.0
5,3,60,4,1,0.0,0.0,0.0,4.0,5.0,0.0,0.0,0.0,0.0,0.0,0.0,0.0
5,3,60,4,1,0.0,0.0,0.0,4.0,5.0,0.0,0.0,0.0,0.0,0.0,0.0,0.0
5,1,270,2,4,0.0,2.0,3.0,4.0,5.0,6.0,7.0,8.0,9.0,10.0,0.0,0.0
5,3,180,6,4,0.0,0.0,0.0,4.0,5.0,6.0,7.0,8.0,9.0,0.0,0.0,0.0
2,1,30,1,16,0.0,0.0,3.0,0.0,0.0,0.0,0.0,0.0,0.0,0.0,0.0,0.0
5,3,120,3,4,0.0,0.0,3.0,4.0,5.0,6.0,0.0,0.0,0.0,0.0,0.0,0.0
5,3,120,3,4,0.0,0.0,3.0,4.0,5.0,6.0,0.0,0.0,0.0,0.0,0.0,0.0
2,9,240,4,2,0.0,0.0,3.0,4.0,5.0,6.0,7.0,8.0,9.0,10.0,0.0,0.0
6,6,60,2,3,0.0,0.0,3.0,4.0,0.0,0.0,0.0,0.0,0.0,0.0,0.0,0.0
6,9,365,8,1,1.0,2.0,3.0,4.0,5.0,6.0,7.0,8.0,9.0,10.0,11.0,12.0
2,2,270,6,10,0.0,0.0,3.0,4.0,5.0,6.0,7.0,8.0,9.0,10.0,11.0,0.0
2,4,120,6,5,0.0,0.0,0.0,4.0,5.0,6.0,7.0,0.0,0.0,0.0,0.0,0.0
5,5,60,3,4,1.0,2.0,3.0,4.0,5.0,6.0,7.0,8.0,9.0,10.0,11.0,12.0
2,9,4,5,4,0.0,0.0,0.0,4.0,5.0,0.0,0.0,0.0,0.0,0.0,0.0,0.0
2,9,210,3,3,0.0,0.0,0.0,4.0,5.0,6.0,7.0,8.0,9.0,10.0,0.0,0.0
5,3,300,7,3,0.0,2.0,3.0,4.0,5.0,6.0,7.0,8.0,9.0,10.0,11.0,0.0
5,3,30,3,3,0.0,0.0,0.0,4.0,0.0,0.0,0.0,0.0,0.0,0.0,0.0,0.0
6,5,360,4,1,1.0,2.0,3.0,4.0,5.0,6.0,7.0,8.0,9.0,10.0,11.0,12.0
6,4,360,8,1,1.0,2.0,3.0,4.0,5.0,6.0,7.0,8.0,9.0,10.0,11.0,12.0
6,4,360,12,1,1.0,2.0,3.0,4.0,5.0,6.0,7.0,8.0,9.0,10.0,11.0,12.0
6,4,32,1,2,0.0,2.0,3.0,4.0,5.0,6.0,7.0,8.0,9.0,10.0,0.0,0.0
6,4,90,2,1,0.0,2.0,3.0,4.0,5.0,6.0,7.0,8.0,9.0,10.0,0.0,0.0
2,5,365,1,5,1.0,2.0,3.0,4.0,5.0,6.0,7.0,8.0,9.0,10.0,11.0,12.0
5,4,120,2,3,0.0,0.0,0.0,4.0,5.0,6.0,7.0,0.0,0.0,0.0,0.0,0.0
6,4,300,5,1,0.0,2.0,3.0,4.0,5.0,6.0,7.0,8.0,9.0,10.0,11.0,0.0
2,2,300,3,3,0.0,2.0,3.0,4.0,5.0,6.0,7.0,8.0,9.0,10.0,11.0,0.0
5,4,300,4,5,0.0,0.0,3.0,4.0,5.0,6.0,7.0,8.0,9.0,10.0,11.0,12.0
5,5,300,8,4,0.0,0.0,3.0,4.0,5.0,6.0,7.0,8.0,9.0,10.0,11.0,12.0
5,5,300,8,1,0.0,0.0,3.0,4.0,5.0,6.0,7.0,8.0,9.0,10.0,11.0,12.0
5,3,300,8,4,0.0,0.0,3.0,4.0,5.0,6.0,7.0,8.0,9.0,10.0,11.0,12.0
5,3,90,3,99,0.0,0.0,3.0,4.0,5.0,0.0,0.0,0.0,0.0,0.0,0.0,0.0
6,3,365,4,5,1.0,2.0,3.0,4.0,5.0,6.0,7.0,8.0,9.0,10.0,11.0,12.0
6,3,365,4,5,1.0,2.0,3.0,4.0,5.0,6.0,7.0,8.0,9.0,10.0,11.0,12.0
6,3,180,3,1,0.0,0.0,0.0,4.0,5.0,6.0,7.0,8.0,9.0,0.0,0.0,0.0
6,3,180,3,1,0.0,0.0,0.0,4.0,5.0,6.0,7.0,8.0,9.0,0.0,0.0,0.0
5,4,120,2,6,0.0,0.0,3.0,4.0,5.0,6.0,0.0,0.0,0.0,0.0,0.0,0.0
2,4,240,4,1,0.0,0.0,3.0,4.0,5.0,6.0,7.0,8.0,9.0,10.0,0.0,0.0
5,3,365,8,2,1.0,2.0,3.0,4.0,5.0,6.0,7.0,8.0,9.0,10.0,11.0,12.0
2,9,330,9,1,1.0,2.0,3.0,4.0,5.0,6.0,7.0,8.0,9.0,10.0,11.0,0.0
5,9,60,2,99,0.0,0.0,3.0,0.0,0.0,0.0,7.0,0.0,0.0,0.0,0.0,0.0
6,3,270,3,4,0.0,0.0,3.0,4.0,5.0,6.0,7.0,8.0,9.0,10.0,11.0,0.0
6,3,270,3,1,0.0,0.0,3.0,4.0,5.0,6.0,7.0,8.0,9.0,10.0,11.0,0.0
6,9,90,4,2,0.0,0.0,3.0,4.0,5.0,0.0,0.0,0.0,0.0,0.0,0.0,0.0
2,5,180,10,1,0.0,0.0,3.0,4.0,5.0,6.0,7.0,8.0,0.0,0.0,0.0,0.0
2,9,999,2,6,1.0,0.0,0.0,0.0,0.0,0.0,0.0,0.0,0.0,0.0,0.0,0.0
5,3,90,2,2,0.0,0.0,3.0,4.0,5.0,0.0,0.0,0.0,0.0,0.0,0.0,0.0
5,3,90,2,8,0.0,0.0,3.0,4.0,5.0,0.0,0.0,0.0,0.0,0.0,0.0,0.0
5,9,330,3,1,0.0,2.0,3.0,4.0,5.0,6.0,7.0,8.0,9.0,10.0,11.0,12.0
5,1,90,4,5,0.0,0.0,3.0,4.0,5.0,0.0,0.0,0.0,0.0,0.0,0.0,0.0
2,1,120,8,4,0.0,0.0,0.0,0.0,5.0,6.0,7.0,8.0,0.0,0.0,0.0,0.0
2,3,216,3,18,0.0,0.0,3.0,4.0,5.0,6.0,7.0,8.0,9.0,10.0,11.0,0.0
5,4,180,5,1,0.0,0.0,0.0,4.0,5.0,6.0,7.0,8.0,9.0,0.0,0.0,0.0
5,5,30,5,1,0.0,0.0,0.0,0.0,0.0,6.0,7.0,8.0,9.0,0.0,0.0,0.0
5,9,90,3,7,0.0,0.0,3.0,4.0,5.0,0.0,0.0,0.0,0.0,0.0,0.0,0.0
5,1,360,5,2,1.0,2.0,3.0,4.0,5.0,6.0,7.0,8.0,9.0,10.0,11.0,12.0
5,1,360,5,3,1.0,2.0,3.0,4.0,5.0,6.0,7.0,8.0,9.0,10.0,11.0,12.0
6,9,365,8,2,1.0,2.0,3.0,4.0,5.0,6.0,7.0,8.0,9.0,10.0,11.0,12.0
5,4,330,7,5,1.0,2.0,3.0,4.0,5.0,6.0,7.0,8.0,9.0,10.0,11.0,0.0
5,4,60,2,4,0.0,0.0,0.0,4.0,5.0,0.0,0.0,0.0,0.0,0.0,0.0,0.0
5,3,240,8,3,0.0,0.0,3.0,4.0,5.0,6.0,7.0,8.0,9.0,10.0,0.0,0.0
5,3,240,8,5,0.0,0.0,3.0,4.0,5.0,6.0,7.0,8.0,9.0,10.0,0.0,0.0
5,5,90,6,2,0.0,0.0,3.0,4.0,5.0,0.0,0.0,0.0,0.0,0.0,0.0,0.0
5,9,240,3,1,0.0,0.0,3.0,4.0,5.0,6.0,7.0,8.0,9.0,10.0,0.0,0.0
5,9,240,3,2,0.0,0.0,3.0,4.0,5.0,6.0,7.0,8.0,9.0,10.0,0.0,0.0
5,3,120,4,2,0.0,0.0,3.0,4.0,5.0,6.0,0.0,0.0,0.0,0.0,0.0,0.0
5,3,90,2,2,0.0,0.0,3.0,4.0,5.0,0.0,0.0,0.0,0.0,0.0,0.0,0.0
6,9,120,7,4,0.0,2.0,3.0,4.0,0.0,0.0,0.0,0.0,0.0,0.0,0.0,12.0
6,9,240,3,5,0.0,2.0,3.0,4.0,5.0,6.0,7.0,8.0,9.0,0.0,0.0,0.0
5,9,120,2,6,0.0,0.0,3.0,4.0,5.0,6.0,0.0,0.0,0.0,0.0,0.0,0.0
5,9,365,1,2,1.0,2.0,3.0,4.0,5.0,6.0,7.0,8.0,9.0,10.0,11.0,12.0
6,5,150,2,2,0.0,0.0,0.0,4.0,5.0,0.0,7.0,8.0,0.0,0.0,0.0,12.0
6,3,120,8,1,0.0,0.0,0.0,4.0,5.0,6.0,7.0,0.0,0.0,0.0,0.0,0.0
6,5,120,8,1,0.0,0.0,0.0,4.0,5.0,6.0,7.0,0.0,0.0,0.0,0.0,0.0
2,3,365,8,3,1.0,2.0,3.0,4.0,5.0,6.0,7.0,8.0,9.0,10.0,11.0,12.0
5,3,300,4,5,1.0,2.0,3.0,4.0,5.0,6.0,7.0,8.0,9.0,10.0,11.0,12.0
5,4,150,1,3,0.0,0.0,3.0,4.0,5.0,6.0,0.0,0.0,0.0,10.0,0.0,0.0
2,3,300,3,12,1.0,2.0,3.0,4.0,5.0,6.0,7.0,8.0,9.0,10.0,11.0,12.0
5,3,365,3,2,1.0,2.0,3.0,4.0,5.0,6.0,7.0,8.0,9.0,10.0,11.0,12.0
6,4,30,5,3,1.0,0.0,0.0,0.0,0.0,0.0,0.0,0.0,0.0,0.0,0.0,0.0
2,1,270,3,3,0.0,2.0,3.0,4.0,5.0,6.0,7.0,8.0,9.0,10.0,0.0,0.0
6,3,60,6,2,0.0,0.0,0.0,4.0,5.0,0.0,0.0,0.0,0.0,0.0,0.0,0.0
6,3,60,2,2,0.0,0.0,0.0,4.0,5.0,0.0,0.0,0.0,0.0,0.0,0.0,0.0
6,4,270,3,3,0.0,2.0,3.0,4.0,5.0,6.0,7.0,8.0,9.0,10.0,0.0,0.0
6,4,270,3,3,0.0,2.0,3.0,4.0,5.0,6.0,7.0,8.0,9.0,10.0,0.0,0.0
6,4,270,3,3,0.0,2.0,3.0,4.0,5.0,6.0,7.0,8.0,9.0,10.0,0.0,0.0
6,5,270,3,3,0.0,2.0,3.0,4.0,5.0,6.0,7.0,8.0,9.0,10.0,0.0,0.0
6,5,270,3,3,0.0,2.0,3.0,4.0,5.0,6.0,7.0,8.0,9.0,10.0,0.0,0.0
5,4,300,2,8,0.0,2.0,3.0,4.0,5.0,6.0,7.0,8.0,9.0,10.0,11.0,0.0
2,5,180,7,7,1.0,2.0,3.0,4.0,5.0,6.0,7.0,8.0,9.0,10.0,11.0,12.0
5,9,90,3,10,0.0,0.0,0.0,4.0,5.0,6.0,0.0,0.0,0.0,0.0,0.0,0.0
6,5,150,2,1,0.0,0.0,0.0,4.0,5.0,6.0,7.0,8.0,0.0,0.0,0.0,0.0
2,3,90,4,7,0.0,0.0,3.0,4.0,5.0,0.0,0.0,0.0,0.0,0.0,0.0,0.0
2,3,90,4,4,0.0,0.0,3.0,4.0,5.0,0.0,0.0,0.0,0.0,0.0,0.0,0.0
6,4,300,10,4,1.0,2.0,3.0,4.0,5.0,6.0,7.0,8.0,9.0,10.0,0.0,0.0
5,3,365,5,4,1.0,2.0,3.0,4.0,5.0,6.0,7.0,8.0,9.0,10.0,11.0,12.0
5,3,365,4,2,1.0,2.0,3.0,4.0,5.0,6.0,7.0,8.0,9.0,10.0,11.0,12.0
5,3,365,4,4,1.0,2.0,3.0,4.0,5.0,6.0,7.0,8.0,9.0,10.0,11.0,12.0
2,3,300,12,4,1.0,2.0,3.0,4.0,5.0,6.0,7.0,8.0,9.0,10.0,11.0,0.0
5,3,60,6,4,0.0,0.0,0.0,4.0,5.0,0.0,0.0,0.0,0.0,0.0,0.0,0.0
5,4,60,3,4,0.0,0.0,0.0,4.0,5.0,0.0,0.0,0.0,0.0,0.0,0.0,0.0
6,3,150,2,1,0.0,0.0,0.0,4.0,5.0,6.0,7.0,8.0,0.0,0.0,0.0,0.0
6,3,150,2,1,0.0,0.0,0.0,4.0,5.0,6.0,7.0,8.0,0.0,0.0,0.0,0.0
5,9,60,4,6,0.0,0.0,0.0,4.0,5.0,0.0,0.0,0.0,0.0,0.0,0.0,0.0
5,9,60,4,6,0.0,0.0,0.0,4.0,5.0,0.0,0.0,0.0,0.0,0.0,0.0,0.0
5,9,180,2,2,0.0,0.0,3.0,4.0,5.0,6.0,7.0,8.0,0.0,0.0,0.0,0.0
6,3,180,4,4,0.0,0.0,3.0,4.0,5.0,6.0,7.0,8.0,0.0,0.0,0.0,0.0
5,9,180,5,3,1.0,2.0,3.0,4.0,5.0,6.0,0.0,0.0,0.0,0.0,0.0,0.0
2,9,120,8,1,0.0,0.0,0.0,4.0,5.0,6.0,7.0,0.0,0.0,0.0,0.0,0.0
5,3,120,8,2,0.0,0.0,0.0,0.0,0.0,6.0,7.0,8.0,9.0,0.0,0.0,0.0
5,3,210,8,3,0.0,0.0,3.0,4.0,5.0,6.0,7.0,8.0,9.0,0.0,0.0,0.0
5,4,90,2,4,0.0,0.0,3.0,4.0,5.0,0.0,0.0,0.0,0.0,0.0,0.0,0.0
5,4,120,3,2,0.0,0.0,0.0,4.0,5.0,6.0,7.0,0.0,0.0,0.0,0.0,0.0
5,4,999,2,5,0.0,0.0,0.0,0.0,5.0,6.0,7.0,8.0,0.0,0.0,0.0,0.0
5,3,999,3,3,0.0,0.0,0.0,0.0,5.0,6.0,7.0,8.0,0.0,0.0,0.0,0.0
6,3,365,8,2,1.0,2.0,3.0,4.0,5.0,6.0,7.0,8.0,9.0,10.0,11.0,12.0
6,3,365,4,2,1.0,2.0,3.0,4.0,5.0,6.0,7.0,8.0,9.0,10.0,11.0,12.0
6,3,90,3,1,0.0,0.0,0.0,4.0,5.0,6.0,0.0,0.0,0.0,0.0,0.0,0.0
6,3,90,3,1,0.0,0.0,0.0,4.0,5.0,6.0,0.0,0.0,0.0,0.0,0.0,0.0
6,3,90,3,1,0.0,0.0,0.0,4.0,5.0,6.0,0.0,0.0,0.0,0.0,0.0,0.0
2,4,180,7,17,0.0,0.0,3.0,4.0,5.0,6.0,7.0,8.0,0.0,0.0,0.0,0.0
6,3,180,2,1,0.0,0.0,3.0,4.0,5.0,6.0,7.0,8.0,0.0,0.0,0.0,0.0
9,9,120,6,2,0.0,0.0,3.0,4.0,5.0,6.0,0.0,0.0,0.0,0.0,0.0,0.0
2,9,180,3,5,0.0,2.0,3.0,4.0,5.0,6.0,7.0,0.0,0.0,0.0,0.0,0.0
6,3,240,1,6,0.0,0.0,3.0,4.0,5.0,6.0,7.0,8.0,9.0,10.0,11.0,0.0
5,3,365,5,4,1.0,2.0,3.0,4.0,5.0,6.0,7.0,8.0,9.0,10.0,11.0,12.0
5,9,210,3,3,0.0,0.0,3.0,4.0,5.0,6.0,7.0,8.0,9.0,0.0,0.0,0.0
5,3,365,3,3,1.0,2.0,3.0,4.0,5.0,6.0,7.0,8.0,9.0,10.0,11.0,12.0
5,3,300,2,17,0.0,2.0,3.0,4.0,5.0,6.0,7.0,8.0,9.0,10.0,11.0,0.0
5,2,240,5,3,0.0,0.0,0.0,4.0,5.0,6.0,7.0,8.0,9.0,10.0,11.0,0.0
2,3,60,6,3,0.0,0.0,3.0,4.0,0.0,0.0,0.0,0.0,0.0,0.0,0.0,0.0
5,9,999,1,1,0.0,2.0,3.0,4.0,5.0,0.0,0.0,0.0,0.0,0.0,0.0,0.0
6,9,150,0,1,0.0,0.0,3.0,4.0,5.0,6.0,7.0,0.0,0.0,0.0,0.0,0.0
2,1,150,0,1,0.0,0.0,3.0,4.0,5.0,6.0,7.0,0.0,0.0,0.0,0.0,0.0
2,1,150,0,1,0.0,0.0,3.0,4.0,5.0,6.0,7.0,0.0,0.0,0.0,0.0,0.0
6,9,192,5,3,1.0,2.0,3.0,4.0,5.0,6.0,7.0,8.0,9.0,10.0,11.0,12.0
2,9,365,18,7,1.0,2.0,3.0,4.0,5.0,6.0,7.0,8.0,9.0,10.0,11.0,12.0
5,6,120,4,5,0.0,0.0,0.0,0.0,5.0,6.0,7.0,8.0,0.0,0.0,0.0,0.0
6,9,210,1,6,0.0,0.0,3.0,4.0,5.0,6.0,7.0,8.0,9.0,0.0,0.0,0.0
5,2,360,8,4,1.0,2.0,3.0,4.0,5.0,6.0,7.0,8.0,9.0,10.0,11.0,12.0
5,2,240,9,6,0.0,0.0,3.0,4.0,5.0,6.0,7.0,8.0,9.0,10.0,0.0,0.0
6,9,365,7,4,1.0,2.0,3.0,4.0,5.0,6.0,7.0,8.0,9.0,10.0,11.0,12.0
6,3,240,3,3,0.0,2.0,3.0,4.0,5.0,6.0,7.0,8.0,9.0,10.0,0.0,0.0
6,9,90,2,1,1.0,2.0,3.0,0.0,0.0,0.0,0.0,0.0,0.0,0.0,0.0,0.0
2,9,90,3,4,0.0,0.0,0.0,4.0,5.0,6.0,0.0,0.0,0.0,0.0,0.0,0.0
2,1,60,5,5,0.0,0.0,0.0,4.0,5.0,0.0,0.0,0.0,0.0,0.0,0.0,0.0
6,5,365,12,2,1.0,2.0,3.0,4.0,5.0,6.0,7.0,8.0,9.0,10.0,11.0,12.0
5,3,60,3,5,0.0,0.0,3.0,4.0,0.0,0.0,0.0,0.0,0.0,0.0,0.0,0.0
5,9,90,6,3,0.0,0.0,3.0,4.0,5.0,0.0,0.0,0.0,0.0,0.0,0.0,0.0
5,9,90,5,2,0.0,0.0,3.0,4.0,5.0,0.0,0.0,0.0,0.0,0.0,0.0,0.0
5,9,90,2,2,0.0,0.0,3.0,4.0,5.0,0.0,0.0,0.0,0.0,0.0,0.0,0.0
5,4,365,5,2,1.0,2.0,3.0,4.0,5.0,6.0,7.0,8.0,9.0,10.0,11.0,12.0
2,3,360,2,10,1.0,2.0,3.0,4.0,5.0,6.0,7.0,8.0,9.0,10.0,11.0,12.0
6,9,90,4,1,0.0,0.0,3.0,4.0,5.0,0.0,0.0,0.0,0.0,0.0,0.0,0.0
6,3,150,3,8,0.0,0.0,3.0,4.0,5.0,6.0,7.0,0.0,0.0,0.0,0.0,0.0
6,3,300,6,4,0.0,2.0,3.0,4.0,5.0,6.0,7.0,8.0,9.0,10.0,11.0,0.0
5,3,210,5,2,0.0,2.0,3.0,4.0,5.0,6.0,7.0,8.0,0.0,0.0,0.0,0.0
5,2,365,4,4,1.0,2.0,3.0,4.0,5.0,6.0,7.0,8.0,9.0,10.0,11.0,12.0
5,2,365,20,4,1.0,2.0,3.0,4.0,5.0,6.0,7.0,8.0,9.0,10.0,11.0,12.0
5,9,75,5,1,0.0,0.0,3.0,4.0,5.0,6.0,7.0,0.0,0.0,0.0,0.0,0.0
5,1,365,10,3,1.0,2.0,3.0,4.0,5.0,6.0,7.0,8.0,9.0,10.0,11.0,12.0
1,1,60,5,4,0.0,0.0,3.0,4.0,0.0,0.0,0.0,0.0,0.0,0.0,0.0,0.0
6,3,90,2,1,0.0,0.0,3.0,4.0,5.0,0.0,0.0,0.0,0.0,0.0,0.0,0.0
6,5,300,8,1,1.0,2.0,3.0,4.0,5.0,6.0,7.0,8.0,9.0,10.0,0.0,0.0
5,5,90,2,3,0.0,0.0,0.0,4.0,5.0,6.0,0.0,0.0,0.0,0.0,0.0,0.0
5,5,150,3,1,0.0,0.0,0.0,0.0,5.0,6.0,7.0,8.0,9.0,0.0,0.0,0.0
5,3,30,3,1,0.0,2.0,0.0,0.0,0.0,0.0,0.0,0.0,0.0,0.0,0.0,0.0
2,4,90,2,3,0.0,0.0,3.0,4.0,5.0,0.0,0.0,0.0,0.0,0.0,0.0,0.0
5,1,30,2,1,0.0,2.0,3.0,0.0,0.0,0.0,0.0,0.0,0.0,0.0,0.0,0.0
2,2,60,12,1,0.0,0.0,0.0,0.0,0.0,0.0,7.0,8.0,0.0,0.0,0.0,0.0
2,2,60,12,1,0.0,0.0,0.0,0.0,0.0,0.0,7.0,8.0,0.0,0.0,0.0,0.0
2,1,150,8,3,0.0,0.0,0.0,0.0,5.0,6.0,7.0,8.0,9.0,0.0,0.0,0.0
6,2,150,8,1,0.0,0.0,0.0,0.0,5.0,6.0,7.0,8.0,9.0,0.0,0.0,0.0
6,4,150,8,2,0.0,0.0,0.0,0.0,5.0,6.0,7.0,8.0,9.0,0.0,0.0,0.0
5,3,180,8,3,0.0,0.0,0.0,0.0,5.0,6.0,7.0,8.0,9.0,10.0,0.0,0.0
7,1,150,5,9,0.0,0.0,0.0,0.0,5.0,6.0,7.0,8.0,9.0,0.0,0.0,0.0
6,3,120,12,8,0.0,0.0,0.0,0.0,5.0,6.0,7.0,8.0,0.0,0.0,0.0,0.0
4,9,60,3,2,0.0,0.0,3.0,4.0,0.0,0.0,0.0,0.0,0.0,0.0,0.0,0.0
4,9,60,2,5,0.0,0.0,3.0,4.0,0.0,0.0,0.0,0.0,0.0,0.0,0.0,0.0
4,9,60,8,2,0.0,0.0,0.0,0.0,5.0,6.0,0.0,0.0,0.0,0.0,0.0,0.0
4,9,210,8,4,0.0,0.0,0.0,4.0,5.0,6.0,7.0,8.0,9.0,10.0,0.0,0.0
4,9,210,8,5,0.0,0.0,0.0,4.0,5.0,6.0,7.0,8.0,9.0,10.0,0.0,0.0
4,9,210,12,4,0.0,0.0,0.0,4.0,5.0,6.0,7.0,8.0,9.0,10.0,0.0,0.0
4,9,60,8,2,0.0,0.0,0.0,0.0,5.0,6.0,0.0,0.0,0.0,0.0,0.0,0.0
4,9,240,12,1,0.0,0.0,3.0,4.0,5.0,6.0,7.0,8.0,9.0,10.0,0.0,0.0
4,9,180,10,1,0.0,0.0,0.0,4.0,5.0,6.0,7.0,8.0,9.0,0.0,0.0,0.0
2,2,90,12,1,0.0,0.0,0.0,0.0,5.0,6.0,7.0,0.0,0.0,0.0,0.0,0.0
2,9,180,15,1,0.0,0.0,0.0,4.0,5.0,6.0,7.0,8.0,9.0,0.0,0.0,0.0
2,9,150,10,1,0.0,0.0,0.0,4.0,5.0,6.0,7.0,8.0,0.0,0.0,0.0,0.0
4,9,210,15,1,0.0,0.0,3.0,4.0,5.0,6.0,7.0,8.0,9.0,0.0,0.0,0.0
2,1,210,12,7,0.0,0.0,3.0,4.0,5.0,6.0,7.0,8.0,9.0,0.0,0.0,0.0
5,3,180,12,2,0.0,0.0,0.0,4.0,5.0,6.0,7.0,8.0,9.0,0.0,0.0,0.0
6,3,100,4,4,0.0,0.0,0.0,0.0,5.0,6.0,7.0,8.0,9.0,0.0,0.0,0.0
6,3,120,4,4,0.0,0.0,0.0,0.0,5.0,6.0,7.0,8.0,9.0,0.0,0.0,0.0
6,3,100,4,4,0.0,0.0,0.0,0.0,5.0,6.0,7.0,8.0,9.0,0.0,0.0,0.0
2,9,180,6,6,0.0,0.0,0.0,0.0,5.0,6.0,7.0,8.0,9.0,10.0,0.0,0.0
2,9,150,9,1,0.0,0.0,0.0,0.0,5.0,6.0,7.0,8.0,9.0,0.0,0.0,0.0
2,9,150,9,1,0.0,0.0,0.0,0.0,5.0,6.0,7.0,8.0,9.0,0.0,0.0,0.0
2,9,180,8,4,0.0,0.0,0.0,4.0,5.0,6.0,7.0,8.0,9.0,0.0,0.0,0.0
4,9,180,8,3,0.0,0.0,0.0,4.0,5.0,6.0,7.0,8.0,9.0,0.0,0.0,0.0
2,4,120,10,2,0.0,0.0,0.0,0.0,5.0,6.0,7.0,8.0,0.0,0.0,0.0,0.0
2,1,120,4,4,0.0,0.0,0.0,0.0,5.0,6.0,7.0,8.0,0.0,0.0,0.0,0.0
4,1,180,10,1,0.0,0.0,3.0,4.0,5.0,6.0,7.0,8.0,0.0,0.0,0.0,0.0
4,1,180,8,1,0.0,0.0,0.0,4.0,5.0,6.0,7.0,8.0,9.0,0.0,0.0,0.0
6,3,180,6,2,0.0,0.0,0.0,4.0,5.0,6.0,7.0,8.0,9.0,0.0,0.0,0.0
6,5,180,3,4,0.0,0.0,0.0,4.0,5.0,6.0,7.0,8.0,9.0,0.0,0.0,0.0
5,3,100,12,1,0.0,0.0,0.0,0.0,5.0,6.0,7.0,8.0,0.0,0.0,0.0,0.0
5,3,90,3,1,0.0,0.0,0.0,0.0,0.0,6.0,7.0,8.0,0.0,0.0,0.0,0.0
5,4,60,10,3,0.0,0.0,0.0,0.0,0.0,6.0,7.0,0.0,0.0,0.0,0.0,0.0
4,1,180,8,7,0.0,0.0,0.0,4.0,5.0,6.0,7.0,8.0,9.0,0.0,0.0,0.0
4,9,180,12,4,0.0,0.0,0.0,0.0,5.0,6.0,7.0,8.0,9.0,10.0,0.0,0.0
4,4,30,8,6,0.0,0.0,0.0,0.0,0.0,0.0,0.0,8.0,0.0,0.0,0.0,0.0
4,1,30,8,4,0.0,0.0,0.0,0.0,0.0,0.0,0.0,8.0,0.0,0.0,0.0,0.0
7,9,90,4,3,0.0,0.0,0.0,0.0,5.0,6.0,7.0,0.0,0.0,0.0,0.0,0.0
2,9,120,6,8,0.0,0.0,0.0,0.0,5.0,6.0,7.0,8.0,0.0,0.0,0.0,0.0
2,9,180,3,1,0.0,0.0,0.0,0.0,5.0,6.0,7.0,8.0,9.0,10.0,0.0,0.0
2,9,60,12,1,0.0,0.0,0.0,4.0,5.0,0.0,0.0,0.0,0.0,0.0,0.0,0.0
2,9,180,7,1,0.0,0.0,3.0,4.0,5.0,6.0,7.0,8.0,0.0,0.0,0.0,0.0
4,9,150,5,30,0.0,0.0,0.0,4.0,5.0,6.0,7.0,8.0,0.0,0.0,0.0,0.0
4,1,120,8,2,0.0,0.0,0.0,0.0,5.0,6.0,7.0,8.0,0.0,0.0,0.0,0.0
2,1,200,10,3,0.0,0.0,3.0,4.0,5.0,6.0,7.0,8.0,9.0,0.0,0.0,0.0
5,3,60,10,1,0.0,0.0,0.0,0.0,0.0,0.0,7.0,8.0,0.0,0.0,0.0,0.0
5,4,30,1,3,0.0,0.0,0.0,0.0,0.0,0.0,7.0,8.0,0.0,0.0,0.0,0.0
4,4,60,8,3,0.0,0.0,0.0,0.0,0.0,0.0,7.0,8.0,0.0,0.0,0.0,0.0
5,9,6,4,1,0.0,2.0,0.0,0.0,0.0,0.0,0.0,0.0,0.0,0.0,0.0,0.0
5,3,150,10,3,0.0,0.0,0.0,0.0,5.0,6.0,7.0,8.0,9.0,0.0,0.0,0.0
7,9,180,5,1,0.0,0.0,0.0,4.0,5.0,6.0,7.0,8.0,9.0,0.0,0.0,0.0
5,1,180,12,1,0.0,0.0,0.0,4.0,5.0,6.0,7.0,8.0,9.0,0.0,0.0,0.0
5,9,30,12,1,0.0,0.0,0.0,0.0,0.0,0.0,7.0,0.0,0.0,0.0,0.0,0.0
7,9,180,5,8,0.0,0.0,0.0,4.0,5.0,6.0,7.0,8.0,9.0,0.0,0.0,0.0
4,2,90,12,12,0.0,0.0,0.0,0.0,0.0,6.0,7.0,8.0,0.0,0.0,0.0,0.0
4,1,240,12,12,0.0,0.0,3.0,4.0,5.0,6.0,7.0,8.0,9.0,10.0,0.0,0.0
6,5,120,4,2,0.0,0.0,0.0,0.0,5.0,6.0,7.0,8.0,0.0,0.0,0.0,0.0
6,1,120,1,6,0.0,0.0,0.0,4.0,5.0,6.0,7.0,0.0,0.0,0.0,0.0,0.0
6,1,120,2,4,0.0,0.0,0.0,0.0,5.0,6.0,7.0,8.0,0.0,0.0,0.0,0.0
5,5,90,10,8,0.0,0.0,0.0,0.0,5.0,6.0,7.0,0.0,0.0,0.0,0.0,0.0
4,9,200,15,5,0.0,0.0,3.0,4.0,5.0,6.0,7.0,8.0,9.0,10.0,0.0,0.0
4,9,200,3,10,0.0,0.0,3.0,4.0,5.0,6.0,7.0,8.0,9.0,10.0,0.0,0.0
4,9,150,5,10,0.0,0.0,0.0,4.0,5.0,6.0,7.0,8.0,9.0,0.0,0.0,0.0
6,3,180,10,7,0.0,0.0,0.0,4.0,5.0,6.0,7.0,8.0,9.0,0.0,0.0,0.0
6,3,180,8,7,0.0,0.0,0.0,4.0,5.0,6.0,7.0,8.0,9.0,0.0,0.0,0.0
6,3,180,8,7,0.0,0.0,0.0,4.0,5.0,6.0,7.0,8.0,9.0,0.0,0.0,0.0
4,9,180,2,5,0.0,0.0,0.0,4.0,5.0,6.0,7.0,8.0,9.0,0.0,0.0,0.0
6,2,180,5,7,0.0,0.0,0.0,4.0,5.0,6.0,7.0,8.0,9.0,0.0,0.0,0.0
6,1,180,5,7,0.0,0.0,0.0,4.0,5.0,6.0,7.0,8.0,9.0,0.0,0.0,0.0
5,3,60,4,8,0.0,0.0,0.0,0.0,0.0,6.0,7.0,8.0,0.0,0.0,0.0,0.0
5,3,15,4,7,0.0,0.0,0.0,0.0,0.0,0.0,7.0,8.0,0.0,0.0,0.0,0.0
4,9,16,1,18,0.0,0.0,0.0,0.0,5.0,6.0,7.0,8.0,0.0,0.0,0.0,0.0
4,9,180,20,20,0.0,0.0,0.0,4.0,5.0,6.0,7.0,8.0,9.0,0.0,0.0,0.0
6,3,50,1,7,0.0,0.0,0.0,0.0,0.0,6.0,7.0,8.0,9.0,0.0,0.0,0.0
6,3,30,8,4,0.0,0.0,0.0,0.0,0.0,0.0,7.0,8.0,0.0,0.0,0.0,0.0
6,3,90,2,4,0.0,0.0,0.0,0.0,0.0,6.0,7.0,8.0,0.0,0.0,0.0,0.0
6,9,120,4,2,0.0,0.0,0.0,0.0,5.0,6.0,7.0,8.0,0.0,0.0,0.0,0.0
6,9,120,8,2,0.0,0.0,0.0,0.0,5.0,6.0,7.0,8.0,0.0,0.0,0.0,0.0
6,9,120,8,2,0.0,0.0,0.0,0.0,5.0,6.0,7.0,8.0,0.0,0.0,0.0,0.0
6,9,120,14,2,0.0,0.0,0.0,0.0,5.0,6.0,7.0,8.0,0.0,0.0,0.0,0.0
4,9,240,10,3,0.0,0.0,3.0,4.0,5.0,6.0,7.0,8.0,9.0,10.0,0.0,0.0
4,9,195,5,10,0.0,0.0,3.0,4.0,5.0,6.0,7.0,8.0,9.0,0.0,0.0,0.0
5,3,120,3,5,0.0,0.0,0.0,0.0,0.0,6.0,7.0,8.0,9.0,0.0,0.0,0.0
5,3,120,5,5,0.0,0.0,0.0,0.0,0.0,6.0,7.0,8.0,9.0,0.0,0.0,0.0
5,3,120,3,15,0.0,0.0,0.0,0.0,0.0,6.0,7.0,8.0,9.0,0.0,0.0,0.0
5,3,90,4,1,1.0,0.0,0.0,0.0,0.0,0.0,0.0,0.0,0.0,0.0,11.0,12.0
5,4,60,4,1,1.0,0.0,0.0,0.0,0.0,0.0,0.0,0.0,0.0,0.0,0.0,12.0
5,4,60,4,1,1.0,0.0,0.0,0.0,0.0,0.0,0.0,0.0,0.0,0.0,0.0,12.0
5,3,150,7,1,0.0,0.0,0.0,0.0,0.0,6.0,7.0,8.0,9.0,10.0,0.0,0.0
5,3,30,7,4,0.0,0.0,0.0,0.0,0.0,0.0,0.0,8.0,0.0,0.0,0.0,0.0
5,9,200,9,5,0.0,0.0,3.0,4.0,5.0,6.0,7.0,8.0,9.0,10.0,0.0,0.0
4,9,200,1,8,0.0,0.0,3.0,4.0,5.0,6.0,7.0,8.0,9.0,10.0,0.0,0.0
4,9,120,5,10,0.0,0.0,0.0,0.0,5.0,6.0,7.0,8.0,0.0,0.0,0.0,0.0
5,9,120,4,15,0.0,0.0,0.0,0.0,5.0,6.0,7.0,8.0,0.0,0.0,0.0,0.0
4,4,210,9,5,0.0,0.0,3.0,4.0,5.0,6.0,7.0,8.0,9.0,0.0,0.0,0.0
4,1,100,8,3,0.0,0.0,0.0,0.0,5.0,6.0,7.0,8.0,9.0,0.0,0.0,0.0
5,3,150,5,5,0.0,0.0,0.0,4.0,5.0,6.0,7.0,8.0,0.0,0.0,0.0,0.0
5,3,180,8,5,0.0,0.0,0.0,4.0,5.0,6.0,7.0,8.0,9.0,0.0,0.0,0.0
4,1,180,8,10,0.0,0.0,0.0,0.0,5.0,6.0,7.0,8.0,9.0,10.0,0.0,0.0
4,1,180,8,4,0.0,0.0,0.0,0.0,5.0,6.0,7.0,8.0,9.0,10.0,0.0,0.0
4,2,240,4,5,0.0,2.0,3.0,4.0,5.0,6.0,7.0,8.0,9.0,0.0,0.0,0.0
5,4,240,4,3,0.0,2.0,3.0,4.0,5.0,6.0,7.0,8.0,9.0,0.0,0.0,0.0
5,4,240,4,3,0.0,2.0,3.0,4.0,5.0,6.0,7.0,8.0,9.0,0.0,0.0,0.0
6,3,210,9,3,0.0,0.0,3.0,4.0,5.0,6.0,7.0,8.0,9.0,0.0,0.0,0.0
4,2,210,8,2,0.0,0.0,3.0,4.0,5.0,6.0,7.0,8.0,9.0,0.0,0.0,0.0
4,1,150,4,1,0.0,0.0,0.0,0.0,5.0,6.0,7.0,8.0,9.0,0.0,0.0,0.0
4,9,180,10,3,0.0,0.0,3.0,4.0,5.0,6.0,7.0,8.0,9.0,10.0,0.0,0.0
4,9,210,10,1,0.0,0.0,3.0,4.0,5.0,6.0,7.0,8.0,9.0,0.0,0.0,0.0
4,9,210,10,7,0.0,0.0,3.0,4.0,5.0,6.0,7.0,8.0,9.0,0.0,0.0,0.0
4,1,24,8,2,0.0,0.0,0.0,4.0,5.0,6.0,7.0,8.0,9.0,0.0,0.0,0.0
4,9,240,6,4,0.0,0.0,3.0,4.0,5.0,6.0,7.0,8.0,9.0,10.0,0.0,0.0
4,9,180,10,9,0.0,0.0,0.0,4.0,5.0,6.0,7.0,8.0,9.0,0.0,0.0,0.0
4,9,180,10,9,0.0,0.0,0.0,4.0,5.0,6.0,7.0,8.0,9.0,0.0,0.0,0.0
4,1,180,7,2,0.0,0.0,0.0,4.0,5.0,6.0,7.0,8.0,9.0,0.0,0.0,0.0
4,1,180,12,8,0.0,0.0,0.0,4.0,5.0,6.0,7.0,8.0,9.0,0.0,0.0,0.0
4,9,210,6,5,0.0,0.0,3.0,4.0,5.0,6.0,7.0,8.0,9.0,0.0,0.0,0.0
4,1,120,6,1,0.0,0.0,0.0,0.0,0.0,6.0,7.0,8.0,9.0,0.0,0.0,0.0
4,4,210,9,4,0.0,0.0,0.0,4.0,5.0,6.0,7.0,8.0,9.0,10.0,0.0,0.0
4,9,210,10,1,0.0,0.0,0.0,4.0,5.0,6.0,7.0,8.0,9.0,10.0,0.0,0.0
5,1,150,5,1,0.0,0.0,0.0,4.0,5.0,6.0,7.0,8.0,0.0,0.0,0.0,0.0
5,1,150,5,1,0.0,0.0,0.0,4.0,5.0,6.0,7.0,8.0,0.0,0.0,0.0,0.0
5,4,150,5,2,0.0,0.0,0.0,4.0,5.0,6.0,7.0,8.0,0.0,0.0,0.0,0.0
2,1,120,10,4,0.0,0.0,0.0,0.0,5.0,6.0,7.0,8.0,9.0,0.0,0.0,0.0
5,5,120,10,8,0.0,0.0,0.0,0.0,5.0,6.0,7.0,8.0,0.0,0.0,0.0,0.0
5,5,90,4,6,0.0,0.0,0.0,0.0,0.0,0.0,7.0,8.0,9.0,0.0,0.0,0.0
5,5,90,4,6,0.0,0.0,0.0,0.0,0.0,0.0,7.0,8.0,9.0,0.0,0.0,0.0
3,9,200,6,2,0.0,0.0,3.0,4.0,5.0,6.0,7.0,8.0,9.0,0.0,0.0,0.0
5,4,210,10,1,0.0,0.0,0.0,4.0,5.0,6.0,7.0,8.0,9.0,10.0,0.0,0.0
3,6,120,4,2,0.0,0.0,0.0,0.0,5.0,6.0,7.0,8.0,9.0,0.0,0.0,0.0
3,9,210,3,4,0.0,0.0,3.0,4.0,5.0,6.0,7.0,8.0,9.0,0.0,0.0,0.0
3,9,210,3,4,0.0,0.0,3.0,4.0,5.0,6.0,7.0,8.0,9.0,0.0,0.0,0.0
5,3,120,8,8,0.0,0.0,0.0,0.0,0.0,6.0,7.0,8.0,9.0,0.0,0.0,0.0
5,4,120,12,7,0.0,0.0,0.0,0.0,5.0,6.0,7.0,8.0,0.0,0.0,0.0,0.0
5,5,120,8,7,0.0,0.0,0.0,0.0,5.0,6.0,7.0,8.0,0.0,0.0,0.0,0.0
4,1,90,4,1,0.0,0.0,0.0,0.0,0.0,6.0,7.0,8.0,0.0,0.0,0.0,0.0
4,1,90,6,3,0.0,0.0,0.0,0.0,0.0,6.0,7.0,8.0,0.0,0.0,0.0,0.0
4,1,90,0,2,0.0,0.0,0.0,0.0,0.0,6.0,7.0,8.0,0.0,0.0,0.0,0.0
2,1,120,6,6,0.0,0.0,0.0,0.0,5.0,6.0,7.0,8.0,0.0,0.0,0.0,0.0
2,3,120,6,2,0.0,0.0,3.0,4.0,5.0,6.0,0.0,0.0,0.0,0.0,0.0,0.0
2,4,180,2,2,0.0,0.0,0.0,4.0,5.0,6.0,7.0,8.0,9.0,0.0,0.0,0.0
4,1,120,12,1,0.0,0.0,0.0,0.0,5.0,6.0,7.0,8.0,0.0,0.0,0.0,0.0
4,5,120,4,4,0.0,0.0,0.0,0.0,5.0,6.0,7.0,8.0,0.0,0.0,0.0,0.0
4,5,150,10,5,0.0,0.0,0.0,0.0,5.0,6.0,7.0,8.0,9.0,0.0,0.0,0.0
4,1,180,3,1,0.0,0.0,3.0,4.0,5.0,6.0,7.0,8.0,9.0,10.0,0.0,0.0
4,9,150,8,1,0.0,0.0,0.0,0.0,5.0,6.0,7.0,8.0,9.0,0.0,0.0,0.0
4,9,180,24,2,0.0,0.0,0.0,4.0,5.0,6.0,7.0,8.0,9.0,0.0,0.0,0.0
4,9,90,5,10,0.0,0.0,0.0,0.0,0.0,6.0,7.0,8.0,0.0,0.0,0.0,0.0
4,9,90,4,10,0.0,0.0,0.0,0.0,0.0,6.0,7.0,8.0,0.0,0.0,0.0,0.0
5,3,90,3,3,0.0,0.0,0.0,0.0,0.0,6.0,7.0,8.0,0.0,0.0,0.0,0.0
5,4,120,20,5,0.0,0.0,0.0,0.0,0.0,6.0,7.0,8.0,9.0,0.0,0.0,0.0
6,3,120,0,1,0.0,0.0,0.0,0.0,0.0,6.0,7.0,8.0,9.0,0.0,0.0,0.0
4,1,150,8,8,0.0,0.0,0.0,0.0,5.0,6.0,7.0,8.0,9.0,0.0,0.0,0.0
7,9,240,8,3,0.0,2.0,3.0,4.0,5.0,6.0,7.0,8.0,9.0,0.0,0.0,0.0
7,9,60,9,1,0.0,0.0,0.0,0.0,5.0,6.0,0.0,0.0,0.0,0.0,0.0,0.0
7,9,60,9,6,0.0,0.0,0.0,0.0,5.0,6.0,0.0,0.0,0.0,0.0,0.0,0.0
4,1,210,6,4,0.0,0.0,3.0,4.0,5.0,6.0,7.0,8.0,9.0,0.0,0.0,0.0
5,4,180,12,5,0.0,0.0,0.0,0.0,5.0,6.0,7.0,8.0,9.0,10.0,0.0,0.0
2,1,180,12,10,0.0,0.0,0.0,0.0,5.0,6.0,7.0,8.0,9.0,10.0,0.0,0.0
2,1,90,12,3,0.0,0.0,0.0,0.0,0.0,6.0,7.0,8.0,0.0,0.0,0.0,0.0
2,1,90,12,3,0.0,0.0,0.0,0.0,0.0,6.0,7.0,8.0,0.0,0.0,0.0,0.0
4,1,60,4,1,0.0,0.0,0.0,0.0,0.0,0.0,7.0,8.0,0.0,0.0,0.0,0.0
4,9,210,8,1,0.0,0.0,0.0,4.0,5.0,6.0,7.0,8.0,9.0,10.0,0.0,0.0
4,1,90,24,1,0.0,0.0,0.0,0.0,0.0,6.0,7.0,8.0,0.0,0.0,0.0,0.0
4,1,90,8,4,0.0,0.0,0.0,0.0,0.0,6.0,7.0,8.0,0.0,0.0,0.0,0.0
5,9,210,8,1,0.0,0.0,3.0,4.0,5.0,6.0,7.0,8.0,9.0,0.0,0.0,0.0
4,9,210,2,1,0.0,0.0,3.0,4.0,5.0,6.0,7.0,8.0,9.0,0.0,0.0,0.0
2,9,270,5,3,0.0,2.0,3.0,4.0,5.0,6.0,7.0,8.0,9.0,10.0,0.0,0.0
5,3,150,8,1,0.0,0.0,0.0,0.0,5.0,6.0,7.0,8.0,9.0,0.0,0.0,0.0
5,3,150,8,1,0.0,0.0,0.0,0.0,5.0,6.0,7.0,8.0,9.0,0.0,0.0,0.0
2,2,150,10,1,0.0,0.0,0.0,0.0,5.0,6.0,7.0,8.0,9.0,0.0,0.0,0.0
5,9,60,5,2,0.0,0.0,0.0,4.0,5.0,0.0,0.0,0.0,0.0,0.0,0.0,0.0
4,4,150,1,3,0.0,0.0,0.0,4.0,5.0,6.0,7.0,8.0,0.0,0.0,0.0,0.0
4,3,150,2,3,0.0,0.0,0.0,4.0,5.0,6.0,7.0,8.0,0.0,0.0,0.0,0.0
6,3,30,0,1,0.0,0.0,0.0,0.0,0.0,0.0,0.0,8.0,0.0,0.0,0.0,0.0
6,3,30,0,1,0.0,0.0,0.0,0.0,0.0,0.0,0.0,8.0,0.0,0.0,0.0,0.0
6,9,200,8,6,0.0,0.0,0.0,0.0,5.0,6.0,7.0,8.0,9.0,10.0,11.0,0.0
4,3,90,3,6,0.0,0.0,0.0,0.0,5.0,6.0,7.0,0.0,0.0,0.0,0.0,0.0
5,9,60,5,1,0.0,0.0,0.0,0.0,0.0,6.0,7.0,0.0,0.0,0.0,0.0,0.0
4,9,120,2,8,0.0,0.0,0.0,0.0,5.0,6.0,7.0,8.0,0.0,0.0,0.0,0.0
4,9,120,2,5,0.0,0.0,0.0,0.0,5.0,6.0,7.0,8.0,0.0,0.0,0.0,0.0
5,9,90,5,1,0.0,0.0,0.0,0.0,5.0,6.0,7.0,0.0,0.0,0.0,0.0,0.0
5,9,60,3,1,0.0,0.0,0.0,0.0,5.0,6.0,0.0,0.0,0.0,0.0,0.0,0.0
5,9,60,4,1,0.0,0.0,0.0,0.0,5.0,6.0,0.0,0.0,0.0,0.0,0.0,0.0
5,4,150,1,1,0.0,0.0,0.0,4.0,5.0,6.0,7.0,0.0,0.0,0.0,0.0,12.0
4,1,120,5,1,0.0,0.0,0.0,0.0,5.0,6.0,7.0,8.0,0.0,0.0,0.0,0.0
4,1,120,2,1,0.0,0.0,0.0,4.0,5.0,6.0,7.0,8.0,0.0,0.0,0.0,0.0
4,9,120,8,10,0.0,0.0,0.0,4.0,5.0,6.0,7.0,8.0,9.0,0.0,0.0,0.0
3,9,120,2,10,0.0,0.0,0.0,4.0,5.0,6.0,7.0,0.0,0.0,0.0,0.0,0.0
4,9,180,2,10,0.0,0.0,0.0,0.0,5.0,6.0,7.0,8.0,9.0,10.0,0.0,0.0
4,9,180,9,18,0.0,0.0,0.0,4.0,5.0,6.0,7.0,8.0,9.0,0.0,0.0,0.0
5,3,180,6,6,0.0,0.0,0.0,4.0,5.0,6.0,7.0,8.0,9.0,0.0,0.0,0.0
5,3,180,6,6,0.0,0.0,0.0,4.0,5.0,6.0,7.0,8.0,9.0,0.0,0.0,0.0
5,3,180,6,6,0.0,0.0,0.0,4.0,5.0,6.0,7.0,8.0,9.0,0.0,0.0,0.0
5,3,180,6,6,0.0,0.0,0.0,4.0,5.0,6.0,7.0,8.0,9.0,0.0,0.0,0.0
4,9,150,3,6,0.0,0.0,0.0,0.0,5.0,6.0,7.0,8.0,9.0,0.0,0.0,0.0
4,9,150,10,6,0.0,0.0,0.0,0.0,5.0,6.0,7.0,8.0,9.0,0.0,0.0,0.0
4,2,120,2,8,0.0,0.0,0.0,0.0,5.0,6.0,7.0,8.0,0.0,0.0,0.0,0.0
4,1,120,6,1,0.0,0.0,0.0,0.0,5.0,6.0,7.0,8.0,0.0,0.0,0.0,0.0
4,1,120,6,1,0.0,0.0,0.0,0.0,5.0,6.0,7.0,8.0,0.0,0.0,0.0,0.0
4,1,120,3,3,0.0,0.0,0.0,0.0,5.0,6.0,7.0,8.0,0.0,0.0,0.0,0.0
4,9,120,8,1,0.0,0.0,0.0,0.0,5.0,6.0,7.0,8.0,0.0,0.0,0.0,0.0
4,9,120,8,9,0.0,0.0,0.0,0.0,5.0,6.0,7.0,8.0,0.0,0.0,0.0,0.0
4,9,150,8,99,0.0,0.0,0.0,0.0,5.0,6.0,7.0,8.0,9.0,0.0,0.0,0.0
4,9,180,3,3,0.0,0.0,3.0,4.0,5.0,6.0,7.0,8.0,0.0,0.0,0.0,0.0
3,2,150,4,5,0.0,0.0,0.0,0.0,5.0,6.0,7.0,8.0,9.0,0.0,0.0,0.0
4,9,60,2,10,0.0,0.0,0.0,4.0,5.0,6.0,7.0,8.0,0.0,0.0,0.0,0.0
4,9,120,8,10,0.0,0.0,0.0,4.0,5.0,6.0,7.0,8.0,0.0,0.0,0.0,0.0
4,9,120,6,1,0.0,0.0,0.0,0.0,5.0,6.0,7.0,8.0,0.0,0.0,0.0,0.0
9,9,150,8,8,0.0,0.0,0.0,0.0,5.0,6.0,7.0,8.0,9.0,0.0,0.0,0.0
4,9,150,12,8,0.0,0.0,0.0,0.0,5.0,6.0,7.0,8.0,9.0,0.0,0.0,0.0
4,9,150,5,8,0.0,0.0,0.0,4.0,5.0,6.0,7.0,8.0,0.0,0.0,0.0,0.0
4,9,150,5,8,0.0,0.0,0.0,4.0,5.0,6.0,7.0,8.0,0.0,0.0,0.0,0.0
4,9,120,3,10,0.0,0.0,0.0,0.0,5.0,6.0,7.0,8.0,0.0,0.0,0.0,0.0
7,9,35,3,7,0.0,2.0,3.0,4.0,5.0,6.0,7.0,8.0,0.0,0.0,0.0,0.0
7,9,150,6,12,0.0,0.0,0.0,4.0,5.0,6.0,7.0,8.0,9.0,0.0,0.0,0.0
4,9,60,3,20,0.0,0.0,0.0,0.0,5.0,6.0,0.0,0.0,0.0,0.0,0.0,0.0
4,9,180,3,3,0.0,0.0,0.0,4.0,5.0,6.0,7.0,8.0,9.0,0.0,0.0,0.0
4,2,210,9,14,0.0,0.0,3.0,4.0,5.0,6.0,7.0,8.0,9.0,0.0,0.0,0.0
7,9,195,11,1,0.0,0.0,3.0,4.0,5.0,6.0,7.0,8.0,9.0,0.0,0.0,0.0
4,9,210,10,2,0.0,0.0,0.0,4.0,5.0,6.0,7.0,8.0,9.0,10.0,0.0,0.0
4,9,150,3,20,0.0,0.0,0.0,4.0,5.0,6.0,7.0,8.0,0.0,0.0,0.0,0.0
4,9,210,10,1,0.0,0.0,3.0,4.0,5.0,6.0,7.0,8.0,9.0,0.0,0.0,0.0
4,9,210,8,6,0.0,0.0,3.0,4.0,5.0,6.0,7.0,8.0,9.0,0.0,0.0,0.0
4,1,120,7,3,0.0,0.0,0.0,0.0,5.0,6.0,7.0,8.0,0.0,0.0,0.0,0.0
4,1,120,4,8,0.0,0.0,0.0,0.0,5.0,6.0,7.0,8.0,0.0,0.0,0.0,0.0
4,9,150,8,1,0.0,0.0,0.0,0.0,5.0,6.0,7.0,8.0,9.0,0.0,0.0,0.0
4,1,120,14,1,0.0,0.0,0.0,0.0,5.0,6.0,7.0,8.0,0.0,0.0,0.0,0.0
4,9,210,18,20,0.0,0.0,0.0,4.0,5.0,6.0,7.0,8.0,9.0,10.0,0.0,0.0
5,9,150,1,2,0.0,0.0,0.0,0.0,5.0,6.0,7.0,8.0,9.0,0.0,0.0,0.0
4,9,180,6,1,0.0,0.0,0.0,4.0,5.0,6.0,7.0,8.0,9.0,0.0,0.0,0.0
5,3,180,9,2,0.0,0.0,0.0,4.0,5.0,6.0,7.0,8.0,9.0,0.0,0.0,0.0
4,9,60,3,3,0.0,0.0,0.0,0.0,5.0,6.0,0.0,0.0,0.0,0.0,0.0,0.0
4,9,60,8,25,0.0,0.0,0.0,4.0,5.0,0.0,0.0,0.0,0.0,0.0,0.0,0.0
7,9,180,8,13,0.0,0.0,0.0,4.0,5.0,6.0,7.0,8.0,9.0,0.0,0.0,0.0
4,1,180,6,10,0.0,0.0,0.0,4.0,5.0,6.0,7.0,8.0,9.0,0.0,0.0,0.0
2,9,120,5,1,0.0,0.0,0.0,0.0,5.0,6.0,7.0,8.0,0.0,0.0,0.0,0.0
4,3,150,12,9,0.0,0.0,0.0,4.0,5.0,6.0,7.0,8.0,0.0,0.0,0.0,0.0
4,1,210,6,20,0.0,0.0,3.0,4.0,5.0,6.0,7.0,8.0,9.0,0.0,0.0,0.0
4,4,90,8,15,0.0,0.0,0.0,4.0,5.0,6.0,7.0,8.0,9.0,0.0,0.0,0.0
2,9,100,6,8,0.0,0.0,0.0,0.0,0.0,0.0,7.0,8.0,9.0,10.0,0.0,0.0
7,9,150,5,22,0.0,0.0,3.0,4.0,5.0,6.0,7.0,0.0,0.0,0.0,0.0,0.0
5,9,120,3,7,0.0,0.0,0.0,0.0,0.0,6.0,7.0,8.0,9.0,0.0,0.0,0.0
7,9,18,8,17,0.0,0.0,0.0,4.0,5.0,6.0,7.0,8.0,9.0,0.0,0.0,0.0
4,9,180,7,5,0.0,0.0,0.0,4.0,5.0,6.0,7.0,8.0,9.0,0.0,0.0,0.0
7,9,24,2,5,0.0,0.0,3.0,4.0,5.0,6.0,7.0,8.0,0.0,0.0,0.0,0.0
4,6,180,12,9,0.0,0.0,0.0,4.0,5.0,6.0,7.0,8.0,9.0,0.0,0.0,0.0
4,9,120,3,20,0.0,0.0,0.0,0.0,5.0,6.0,7.0,8.0,0.0,0.0,0.0,0.0
4,9,120,3,20,0.0,0.0,0.0,0.0,5.0,6.0,7.0,8.0,0.0,0.0,0.0,0.0
4,9,70,5,10,0.0,0.0,3.0,4.0,5.0,6.0,7.0,8.0,9.0,0.0,0.0,0.0
4,9,999,16,10,0.0,0.0,3.0,4.0,5.0,6.0,7.0,8.0,0.0,0.0,0.0,0.0
4,3,60,8,1,0.0,0.0,0.0,0.0,0.0,0.0,7.0,8.0,0.0,0.0,0.0,0.0
4,9,150,10,5,0.0,0.0,0.0,0.0,5.0,6.0,7.0,8.0,9.0,0.0,0.0,0.0
7,2,30,2,5,0.0,0.0,0.0,4.0,5.0,6.0,7.0,8.0,9.0,0.0,0.0,0.0
7,9,210,8,3,0.0,0.0,3.0,4.0,5.0,6.0,7.0,8.0,9.0,0.0,0.0,0.0
2,1,150,4,15,0.0,0.0,0.0,4.0,5.0,6.0,7.0,8.0,0.0,0.0,0.0,0.0
4,9,150,3,8,0.0,0.0,0.0,4.0,5.0,6.0,7.0,8.0,0.0,0.0,0.0,0.0
4,9,150,3,15,0.0,0.0,0.0,4.0,5.0,6.0,7.0,8.0,0.0,0.0,0.0,0.0
4,9,210,10,4,0.0,0.0,0.0,4.0,5.0,6.0,7.0,8.0,9.0,10.0,0.0,0.0
4,9,180,5,10,0.0,0.0,0.0,0.0,5.0,6.0,7.0,8.0,9.0,10.0,0.0,0.0
4,9,180,7,3,0.0,0.0,0.0,4.0,5.0,6.0,7.0,8.0,9.0,0.0,0.0,0.0
4,9,180,10,6,0.0,0.0,0.0,4.0,5.0,6.0,7.0,8.0,9.0,0.0,0.0,0.0
4,9,240,12,5,0.0,0.0,3.0,4.0,5.0,6.0,7.0,8.0,9.0,10.0,11.0,0.0
4,9,240,16,1,0.0,0.0,0.0,4.0,5.0,6.0,7.0,8.0,9.0,10.0,11.0,0.0
4,9,180,10,8,0.0,0.0,0.0,4.0,5.0,6.0,7.0,8.0,9.0,0.0,0.0,0.0
5,9,120,4,6,0.0,0.0,0.0,0.0,5.0,6.0,7.0,8.0,0.0,0.0,0.0,0.0
5,9,120,4,6,0.0,0.0,0.0,0.0,5.0,6.0,7.0,8.0,0.0,0.0,0.0,0.0
5,9,120,4,6,0.0,0.0,0.0,0.0,5.0,6.0,7.0,8.0,0.0,0.0,0.0,0.0
5,3,100,2,8,0.0,0.0,0.0,4.0,5.0,6.0,7.0,8.0,0.0,0.0,0.0,0.0
5,3,100,5,8,0.0,0.0,0.0,4.0,5.0,6.0,7.0,8.0,0.0,0.0,0.0,0.0
5,3,180,5,8,0.0,0.0,3.0,4.0,5.0,6.0,7.0,8.0,9.0,0.0,0.0,0.0
5,4,180,8,8,0.0,0.0,3.0,4.0,5.0,6.0,7.0,8.0,9.0,0.0,0.0,0.0
5,5,200,7,8,0.0,2.0,3.0,4.0,5.0,6.0,7.0,8.0,9.0,10.0,0.0,0.0
2,9,100,5,9,0.0,0.0,0.0,4.0,5.0,6.0,7.0,8.0,0.0,0.0,0.0,0.0
2,9,150,3,9,0.0,0.0,0.0,4.0,5.0,6.0,7.0,8.0,0.0,0.0,0.0,0.0
3,9,300,24,7,0.0,2.0,3.0,4.0,5.0,6.0,7.0,8.0,9.0,10.0,11.0,0.0
3,9,300,24,7,0.0,2.0,3.0,4.0,5.0,6.0,7.0,8.0,9.0,10.0,11.0,0.0
3,9,300,24,7,0.0,2.0,3.0,4.0,5.0,6.0,7.0,8.0,9.0,10.0,11.0,0.0
3,9,300,24,7,0.0,2.0,3.0,4.0,5.0,6.0,7.0,8.0,9.0,10.0,11.0,0.0
5,9,100,4,2,0.0,0.0,0.0,0.0,5.0,6.0,7.0,8.0,0.0,0.0,0.0,0.0
5,9,100,4,4,0.0,0.0,0.0,0.0,5.0,6.0,7.0,8.0,0.0,0.0,0.0,0.0
4,1,280,7,10,0.0,0.0,3.0,4.0,5.0,6.0,7.0,8.0,9.0,10.0,11.0,12.0
4,1,280,7,10,0.0,0.0,3.0,4.0,5.0,6.0,7.0,8.0,9.0,10.0,11.0,12.0
4,9,200,11,8,0.0,0.0,0.0,0.0,5.0,6.0,7.0,8.0,9.0,10.0,11.0,0.0
4,9,200,2,8,0.0,0.0,0.0,0.0,5.0,6.0,7.0,8.0,9.0,10.0,11.0,0.0
4,9,120,2,2,0.0,0.0,0.0,0.0,5.0,6.0,7.0,8.0,0.0,0.0,0.0,0.0
4,1,80,4,1,0.0,0.0,0.0,0.0,5.0,6.0,7.0,8.0,0.0,0.0,0.0,0.0
3,4,80,3,5,0.0,0.0,0.0,0.0,5.0,6.0,7.0,8.0,0.0,0.0,0.0,0.0
4,9,100,3,9,0.0,0.0,0.0,4.0,5.0,6.0,7.0,8.0,0.0,0.0,0.0,0.0
4,9,70,3,9,0.0,0.0,0.0,4.0,5.0,6.0,7.0,8.0,0.0,0.0,0.0,0.0
4,9,150,6,99,0.0,0.0,0.0,4.0,5.0,6.0,7.0,8.0,0.0,0.0,0.0,0.0
4,9,240,10,6,0.0,2.0,3.0,4.0,5.0,6.0,7.0,8.0,9.0,0.0,0.0,0.0
4,9,210,20,6,0.0,0.0,0.0,0.0,5.0,6.0,7.0,8.0,9.0,10.0,11.0,0.0
4,9,90,5,10,0.0,0.0,3.0,4.0,5.0,0.0,0.0,0.0,0.0,0.0,0.0,0.0
4,9,210,24,2,0.0,0.0,3.0,4.0,5.0,6.0,7.0,8.0,9.0,0.0,0.0,0.0
4,1,210,8,3,0.0,0.0,3.0,4.0,5.0,6.0,7.0,8.0,9.0,0.0,0.0,0.0
4,3,150,4,99,0.0,0.0,0.0,4.0,5.0,6.0,7.0,8.0,0.0,0.0,0.0,0.0
4,9,180,5,5,0.0,0.0,0.0,0.0,5.0,6.0,7.0,8.0,9.0,10.0,0.0,0.0
4,9,210,9,1,0.0,0.0,0.0,4.0,5.0,6.0,7.0,8.0,9.0,10.0,0.0,0.0
5,3,16,2,1,0.0,0.0,0.0,0.0,5.0,6.0,7.0,8.0,0.0,0.0,0.0,0.0
5,3,80,6,1,0.0,0.0,0.0,0.0,5.0,6.0,7.0,8.0,0.0,0.0,0.0,0.0
3,9,180,2,3,0.0,0.0,0.0,4.0,5.0,6.0,7.0,8.0,9.0,0.0,0.0,0.0
4,1,210,5,8,0.0,0.0,3.0,4.0,5.0,6.0,7.0,8.0,9.0,0.0,0.0,0.0
5,9,210,3,2,0.0,0.0,3.0,4.0,5.0,6.0,7.0,8.0,9.0,10.0,0.0,0.0
4,9,180,8,6,0.0,0.0,0.0,0.0,5.0,6.0,7.0,8.0,9.0,10.0,0.0,0.0
4,2,150,10,6,0.0,0.0,0.0,0.0,5.0,6.0,7.0,8.0,9.0,0.0,0.0,0.0
4,9,120,8,17,0.0,0.0,0.0,0.0,0.0,6.0,7.0,8.0,9.0,0.0,0.0,0.0
4,9,120,6,4,0.0,0.0,0.0,0.0,5.0,6.0,7.0,8.0,0.0,0.0,0.0,0.0
4,4,180,6,4,0.0,0.0,3.0,4.0,5.0,6.0,7.0,8.0,9.0,0.0,0.0,0.0
4,3,150,8,8,0.0,0.0,0.0,4.0,5.0,6.0,7.0,8.0,0.0,0.0,0.0,0.0
4,5,90,6,1,0.0,0.0,0.0,0.0,0.0,0.0,7.0,8.0,9.0,0.0,0.0,0.0
5,3,60,3,3,0.0,0.0,0.0,0.0,0.0,6.0,7.0,0.0,0.0,0.0,0.0,0.0
4,9,60,3,3,0.0,0.0,0.0,0.0,0.0,6.0,7.0,0.0,0.0,0.0,0.0,0.0
4,9,150,9,1,0.0,0.0,3.0,4.0,5.0,6.0,7.0,0.0,0.0,0.0,0.0,0.0
4,9,150,8,12,0.0,0.0,0.0,0.0,5.0,6.0,7.0,8.0,9.0,0.0,0.0,0.0
4,9,90,2,11,0.0,0.0,0.0,0.0,0.0,6.0,7.0,8.0,0.0,0.0,0.0,0.0
4,9,180,14,9,0.0,0.0,0.0,4.0,5.0,6.0,7.0,8.0,9.0,0.0,0.0,0.0
4,9,120,7,1,0.0,0.0,0.0,0.0,5.0,6.0,7.0,8.0,0.0,0.0,0.0,0.0
5,3,100,11,3,0.0,0.0,0.0,0.0,5.0,6.0,7.0,8.0,9.0,0.0,0.0,0.0
4,9,180,3,4,0.0,0.0,3.0,4.0,5.0,6.0,7.0,8.0,0.0,0.0,0.0,0.0
4,9,150,5,10,0.0,0.0,0.0,0.0,5.0,6.0,7.0,8.0,9.0,0.0,0.0,0.0
4,9,270,8,1,0.0,2.0,3.0,4.0,5.0,6.0,7.0,8.0,9.0,10.0,0.0,0.0
4,9,150,5,5,0.0,0.0,0.0,0.0,5.0,6.0,7.0,8.0,9.0,0.0,0.0,0.0
4,9,180,8,3,0.0,0.0,3.0,4.0,5.0,6.0,7.0,8.0,0.0,0.0,0.0,0.0
4,9,120,4,3,0.0,0.0,0.0,4.0,5.0,6.0,7.0,0.0,0.0,0.0,0.0,0.0
4,9,150,2,10,0.0,0.0,3.0,4.0,5.0,6.0,7.0,0.0,0.0,0.0,0.0,0.0
1,9,210,8,2,0.0,0.0,3.0,4.0,5.0,6.0,7.0,8.0,9.0,0.0,0.0,0.0
4,9,150,8,10,0.0,0.0,0.0,4.0,5.0,6.0,7.0,8.0,0.0,0.0,0.0,0.0
4,9,150,8,15,0.0,0.0,0.0,0.0,5.0,6.0,7.0,8.0,9.0,0.0,0.0,0.0
4,9,150,8,12,0.0,0.0,0.0,0.0,5.0,6.0,7.0,8.0,9.0,0.0,0.0,0.0
5,1,90,6,10,0.0,0.0,0.0,0.0,5.0,6.0,7.0,0.0,0.0,0.0,0.0,0.0
5,1,150,8,10,0.0,0.0,0.0,0.0,5.0,6.0,7.0,8.0,9.0,0.0,0.0,0.0
5,4,120,4,2,1.0,2.0,3.0,4.0,0.0,0.0,0.0,0.0,0.0,0.0,0.0,0.0
5,2,120,7,10,0.0,0.0,0.0,0.0,5.0,6.0,7.0,8.0,0.0,0.0,0.0,0.0
7,9,180,7,20,0.0,0.0,3.0,4.0,5.0,6.0,7.0,8.0,0.0,0.0,0.0,0.0
7,9,180,10,6,0.0,0.0,0.0,4.0,5.0,6.0,7.0,8.0,9.0,0.0,0.0,0.0
7,9,150,7,3,0.0,0.0,3.0,4.0,5.0,6.0,7.0,0.0,0.0,0.0,0.0,0.0
4,9,120,6,10,0.0,0.0,0.0,0.0,5.0,6.0,7.0,8.0,0.0,0.0,0.0,0.0
4,9,90,5,11,0.0,0.0,0.0,0.0,0.0,6.0,7.0,8.0,0.0,0.0,0.0,0.0
4,9,90,6,11,0.0,0.0,0.0,0.0,0.0,6.0,7.0,8.0,0.0,0.0,0.0,0.0
4,1,135,8,22,0.0,0.0,0.0,0.0,5.0,6.0,7.0,8.0,9.0,0.0,0.0,0.0
4,1,135,8,15,0.0,0.0,0.0,0.0,5.0,6.0,7.0,8.0,9.0,0.0,0.0,0.0
6,1,255,8,1,0.0,0.0,3.0,4.0,5.0,6.0,7.0,8.0,9.0,10.0,11.0,0.0
4,9,255,2,2,0.0,0.0,3.0,4.0,5.0,6.0,7.0,8.0,9.0,10.0,11.0,0.0
4,9,180,10,2,0.0,0.0,0.0,4.0,5.0,6.0,7.0,8.0,9.0,0.0,0.0,0.0
4,9,180,6,8,0.0,0.0,0.0,4.0,5.0,6.0,7.0,8.0,9.0,0.0,0.0,0.0
4,9,180,10,19,0.0,0.0,0.0,4.0,5.0,6.0,7.0,8.0,9.0,0.0,0.0,0.0
4,9,150,10,2,0.0,0.0,0.0,0.0,5.0,6.0,7.0,8.0,9.0,0.0,0.0,0.0
4,1,210,12,7,0.0,0.0,0.0,4.0,5.0,6.0,7.0,8.0,9.0,10.0,0.0,0.0
4,1,210,12,7,0.0,0.0,0.0,4.0,5.0,6.0,7.0,8.0,9.0,10.0,0.0,0.0
5,5,180,6,7,0.0,0.0,0.0,4.0,5.0,6.0,7.0,8.0,9.0,10.0,0.0,0.0
4,1,80,6,4,0.0,0.0,0.0,0.0,0.0,6.0,7.0,8.0,9.0,0.0,0.0,0.0
4,9,90,2,10,0.0,0.0,0.0,0.0,0.0,6.0,7.0,8.0,0.0,0.0,0.0,0.0
4,9,90,2,10,0.0,0.0,0.0,0.0,0.0,6.0,7.0,8.0,0.0,0.0,0.0,0.0
4,9,240,6,2,0.0,0.0,3.0,4.0,5.0,6.0,7.0,8.0,9.0,10.0,0.0,0.0
5,9,210,5,6,0.0,0.0,3.0,4.0,5.0,6.0,7.0,8.0,9.0,0.0,0.0,0.0
5,9,210,5,6,0.0,0.0,3.0,4.0,5.0,6.0,7.0,8.0,9.0,0.0,0.0,0.0
4,9,180,5,16,0.0,0.0,0.0,4.0,5.0,6.0,7.0,8.0,9.0,0.0,0.0,0.0
4,9,120,4,8,0.0,0.0,0.0,0.0,5.0,6.0,7.0,8.0,0.0,0.0,0.0,0.0
4,9,150,12,2,0.0,0.0,0.0,0.0,5.0,6.0,7.0,8.0,9.0,0.0,0.0,0.0
2,9,120,8,10,0.0,0.0,0.0,0.0,0.0,6.0,7.0,8.0,9.0,0.0,0.0,0.0
2,9,150,8,2,0.0,0.0,0.0,0.0,5.0,6.0,7.0,8.0,9.0,0.0,0.0,0.0
5,9,150,8,2,0.0,0.0,0.0,0.0,5.0,6.0,7.0,8.0,9.0,0.0,0.0,0.0
5,9,210,6,5,0.0,0.0,0.0,4.0,5.0,6.0,7.0,8.0,9.0,10.0,0.0,0.0
4,9,180,6,3,0.0,0.0,0.0,0.0,5.0,6.0,7.0,8.0,9.0,10.0,0.0,0.0
4,9,150,4,5,0.0,0.0,0.0,0.0,5.0,6.0,7.0,8.0,9.0,0.0,0.0,0.0
4,1,60,2,3,0.0,0.0,0.0,0.0,5.0,6.0,7.0,0.0,0.0,0.0,0.0,0.0
4,9,48,1,3,0.0,0.0,3.0,4.0,5.0,6.0,7.0,0.0,0.0,0.0,0.0,0.0
4,9,32,5,1,0.0,0.0,0.0,4.0,5.0,0.0,0.0,0.0,0.0,0.0,0.0,0.0
4,9,240,4,5,0.0,2.0,3.0,4.0,5.0,6.0,7.0,8.0,9.0,0.0,0.0,0.0
4,9,150,2,12,0.0,0.0,0.0,0.0,5.0,6.0,7.0,8.0,9.0,0.0,0.0,0.0
4,9,150,2,4,0.0,0.0,0.0,0.0,5.0,6.0,7.0,8.0,9.0,0.0,0.0,0.0
4,9,150,2,1,0.0,0.0,0.0,0.0,5.0,6.0,7.0,8.0,9.0,0.0,0.0,0.0
4,9,150,7,5,0.0,0.0,0.0,0.0,5.0,6.0,7.0,8.0,9.0,0.0,0.0,0.0
4,9,150,6,5,0.0,0.0,0.0,0.0,5.0,6.0,7.0,8.0,9.0,0.0,0.0,0.0
4,9,150,3,6,0.0,0.0,0.0,4.0,5.0,6.0,7.0,8.0,0.0,0.0,0.0,0.0
4,9,150,6,6,0.0,0.0,0.0,4.0,5.0,6.0,7.0,8.0,0.0,0.0,0.0,0.0
5,9,210,6,3,0.0,0.0,0.0,4.0,5.0,6.0,7.0,8.0,9.0,10.0,0.0,0.0
4,9,60,1,3,0.0,0.0,3.0,4.0,0.0,0.0,0.0,0.0,0.0,0.0,0.0,0.0
4,2,180,12,2,0.0,0.0,3.0,4.0,5.0,6.0,7.0,8.0,0.0,0.0,0.0,0.0
4,1,150,1,10,0.0,0.0,0.0,4.0,5.0,6.0,7.0,8.0,0.0,0.0,0.0,0.0
4,2,210,8,10,0.0,0.0,3.0,4.0,5.0,6.0,7.0,8.0,9.0,0.0,0.0,0.0
5,1,150,6,4,0.0,0.0,0.0,0.0,5.0,6.0,7.0,8.0,9.0,0.0,0.0,0.0
4,9,150,12,5,0.0,0.0,0.0,0.0,5.0,6.0,7.0,8.0,9.0,0.0,0.0,0.0
4,1,30,1,1,0.0,0.0,0.0,4.0,0.0,0.0,0.0,0.0,0.0,0.0,0.0,0.0
4,1,120,6,99,0.0,0.0,0.0,4.0,5.0,6.0,7.0,0.0,0.0,0.0,0.0,0.0
4,1,120,1,99,0.0,0.0,0.0,4.0,5.0,6.0,7.0,0.0,0.0,0.0,0.0,0.0
4,1,165,12,8,0.0,0.0,0.0,4.0,5.0,6.0,7.0,8.0,9.0,0.0,0.0,0.0
4,9,150,10,8,0.0,0.0,0.0,0.0,5.0,6.0,7.0,8.0,9.0,0.0,0.0,0.0
4,9,150,8,10,0.0,0.0,0.0,0.0,5.0,6.0,7.0,8.0,9.0,0.0,0.0,0.0
4,9,180,9,3,0.0,0.0,0.0,4.0,5.0,6.0,7.0,8.0,9.0,0.0,0.0,0.0
7,9,180,2,2,0.0,0.0,0.0,0.0,5.0,6.0,7.0,8.0,9.0,10.0,0.0,0.0
5,4,60,3,6,0.0,0.0,0.0,0.0,0.0,0.0,7.0,8.0,0.0,0.0,0.0,0.0
5,3,24,3,2,0.0,0.0,0.0,0.0,0.0,0.0,7.0,8.0,0.0,0.0,0.0,0.0
5,4,40,4,1,0.0,0.0,0.0,0.0,5.0,6.0,7.0,0.0,0.0,0.0,0.0,12.0
5,3,40,2,1,0.0,0.0,0.0,0.0,5.0,6.0,7.0,0.0,0.0,0.0,0.0,12.0
7,9,90,1,8,0.0,0.0,0.0,0.0,0.0,6.0,7.0,8.0,0.0,0.0,0.0,0.0
6,5,120,3,5,0.0,0.0,0.0,0.0,5.0,6.0,7.0,8.0,0.0,0.0,0.0,0.0
7,3,180,5,16,0.0,0.0,0.0,4.0,5.0,6.0,7.0,8.0,9.0,0.0,0.0,0.0
7,2,150,8,3,0.0,0.0,0.0,4.0,5.0,6.0,7.0,8.0,0.0,0.0,0.0,0.0
7,9,180,8,3,0.0,0.0,0.0,4.0,5.0,6.0,7.0,8.0,9.0,0.0,0.0,0.0
7,9,210,8,6,0.0,0.0,0.0,4.0,5.0,6.0,7.0,8.0,9.0,10.0,0.0,0.0
7,9,210,8,3,0.0,0.0,0.0,4.0,5.0,6.0,7.0,8.0,9.0,10.0,0.0,0.0
6,3,180,5,6,0.0,0.0,0.0,4.0,5.0,6.0,7.0,8.0,9.0,0.0,0.0,0.0
6,5,240,24,1,0.0,0.0,3.0,4.0,5.0,6.0,7.0,8.0,9.0,10.0,0.0,0.0
6,3,180,4,5,0.0,0.0,0.0,4.0,5.0,6.0,7.0,8.0,9.0,0.0,0.0,0.0
6,4,240,24,6,0.0,0.0,3.0,4.0,5.0,6.0,7.0,8.0,9.0,10.0,0.0,0.0
4,9,120,8,5,0.0,0.0,0.0,0.0,0.0,6.0,7.0,8.0,9.0,0.0,0.0,0.0
4,9,120,8,10,0.0,0.0,0.0,0.0,0.0,6.0,7.0,8.0,9.0,0.0,0.0,0.0
6,4,120,12,2,0.0,0.0,0.0,0.0,5.0,6.0,7.0,8.0,0.0,0.0,0.0,0.0
6,5,120,3,2,0.0,0.0,0.0,0.0,5.0,6.0,7.0,8.0,0.0,0.0,0.0,0.0
7,9,180,12,8,0.0,0.0,0.0,4.0,5.0,6.0,7.0,8.0,9.0,0.0,0.0,0.0
5,3,180,1,5,0.0,0.0,0.0,4.0,5.0,6.0,7.0,8.0,9.0,0.0,0.0,0.0
7,9,180,2,99,0.0,0.0,0.0,4.0,5.0,6.0,7.0,8.0,9.0,0.0,0.0,0.0
7,9,150,6,99,0.0,0.0,0.0,0.0,5.0,6.0,7.0,8.0,9.0,0.0,0.0,0.0
6,3,150,6,1,0.0,0.0,0.0,4.0,5.0,6.0,7.0,8.0,0.0,0.0,0.0,0.0
6,3,150,6,1,0.0,0.0,0.0,4.0,5.0,6.0,7.0,8.0,0.0,0.0,0.0,0.0
7,9,150,2,99,0.0,0.0,0.0,0.0,5.0,6.0,7.0,8.0,9.0,0.0,0.0,0.0
5,5,120,9,5,0.0,0.0,0.0,0.0,5.0,6.0,7.0,8.0,0.0,0.0,0.0,0.0
4,1,120,4,99,0.0,0.0,0.0,0.0,5.0,6.0,7.0,8.0,0.0,0.0,0.0,0.0
4,9,150,4,4,0.0,0.0,3.0,4.0,5.0,6.0,7.0,8.0,0.0,0.0,0.0,0.0
4,9,150,3,3,0.0,0.0,0.0,4.0,5.0,6.0,7.0,8.0,0.0,0.0,0.0,0.0
4,3,180,8,14,0.0,0.0,3.0,4.0,5.0,6.0,7.0,8.0,0.0,0.0,0.0,0.0
4,3,180,8,7,0.0,0.0,3.0,4.0,5.0,6.0,7.0,8.0,0.0,0.0,0.0,0.0
4,5,150,6,15,0.0,0.0,0.0,0.0,5.0,6.0,7.0,8.0,9.0,0.0,0.0,0.0
4,5,150,6,25,0.0,0.0,0.0,0.0,5.0,6.0,7.0,8.0,9.0,0.0,0.0,0.0
4,4,150,8,10,0.0,0.0,0.0,0.0,5.0,6.0,7.0,8.0,9.0,0.0,0.0,0.0
2,3,120,3,2,0.0,0.0,0.0,0.0,5.0,6.0,7.0,8.0,0.0,0.0,0.0,0.0
4,9,120,6,5,0.0,0.0,0.0,0.0,5.0,6.0,7.0,8.0,0.0,0.0,0.0,0.0
4,9,120,4,8,0.0,0.0,0.0,0.0,5.0,6.0,7.0,8.0,0.0,0.0,0.0,0.0
4,3,210,8,5,0.0,0.0,0.0,0.0,5.0,6.0,7.0,8.0,9.0,10.0,11.0,0.0
4,9,210,5,99,0.0,0.0,3.0,4.0,5.0,6.0,7.0,8.0,9.0,0.0,0.0,0.0
4,9,210,12,24,0.0,0.0,3.0,4.0,5.0,6.0,7.0,8.0,9.0,0.0,0.0,0.0
4,2,150,7,5,0.0,0.0,0.0,0.0,5.0,6.0,7.0,8.0,9.0,0.0,0.0,0.0
4,2,150,10,10,0.0,0.0,0.0,0.0,5.0,6.0,7.0,8.0,9.0,0.0,0.0,0.0
4,9,150,3,6,0.0,0.0,0.0,0.0,5.0,6.0,7.0,8.0,9.0,0.0,0.0,0.0
4,9,210,4,10,0.0,0.0,0.0,4.0,5.0,6.0,7.0,8.0,9.0,10.0,0.0,0.0
4,9,210,8,10,0.0,0.0,0.0,4.0,5.0,6.0,7.0,8.0,9.0,10.0,0.0,0.0
4,9,210,4,4,0.0,0.0,3.0,4.0,5.0,6.0,7.0,8.0,9.0,0.0,0.0,0.0
2,2,120,6,2,0.0,0.0,0.0,0.0,5.0,6.0,7.0,8.0,0.0,0.0,0.0,0.0
2,2,120,7,2,0.0,0.0,0.0,0.0,5.0,6.0,7.0,8.0,0.0,0.0,0.0,0.0
2,2,120,7,7,0.0,0.0,0.0,0.0,5.0,6.0,7.0,8.0,0.0,0.0,0.0,0.0
4,9,180,10,6,0.0,0.0,0.0,0.0,5.0,6.0,7.0,8.0,9.0,10.0,0.0,0.0
2,9,100,4,3,0.0,0.0,0.0,4.0,5.0,6.0,7.0,8.0,9.0,10.0,0.0,0.0
2,9,100,3,4,0.0,0.0,0.0,0.0,5.0,6.0,7.0,8.0,0.0,0.0,0.0,0.0
5,9,90,5,7,0.0,0.0,0.0,0.0,0.0,6.0,7.0,8.0,0.0,0.0,0.0,0.0
4,9,150,8,10,0.0,0.0,3.0,4.0,5.0,6.0,7.0,8.0,9.0,0.0,0.0,0.0
6,3,150,1,3,0.0,0.0,0.0,4.0,5.0,6.0,7.0,8.0,0.0,0.0,0.0,0.0
4,9,120,15,4,0.0,0.0,0.0,0.0,5.0,6.0,7.0,8.0,0.0,0.0,0.0,0.0
4,9,80,2,5,0.0,0.0,0.0,0.0,5.0,6.0,7.0,8.0,0.0,0.0,0.0,0.0
4,9,90,1,1,0.0,0.0,0.0,0.0,0.0,6.0,7.0,8.0,0.0,0.0,0.0,0.0
7,9,120,12,20,0.0,0.0,0.0,0.0,5.0,6.0,7.0,8.0,0.0,0.0,0.0,0.0
7,9,180,2,4,0.0,0.0,3.0,4.0,5.0,6.0,7.0,8.0,0.0,0.0,0.0,0.0
4,9,5,1,10,0.0,0.0,0.0,0.0,0.0,0.0,0.0,8.0,9.0,0.0,0.0,0.0
5,3,120,0,1,0.0,0.0,0.0,0.0,5.0,6.0,7.0,8.0,0.0,0.0,0.0,0.0
5,9,120,5,1,0.0,0.0,0.0,0.0,5.0,6.0,7.0,8.0,0.0,0.0,0.0,0.0
4,1,120,9,1,0.0,0.0,0.0,0.0,5.0,6.0,7.0,8.0,0.0,0.0,0.0,0.0
4,9,180,10,7,0.0,0.0,0.0,4.0,5.0,6.0,7.0,8.0,9.0,0.0,0.0,0.0
4,1,150,6,9,0.0,0.0,0.0,0.0,5.0,6.0,7.0,8.0,9.0,0.0,0.0,0.0
5,1,30,1,12,0.0,0.0,0.0,0.0,5.0,6.0,7.0,8.0,9.0,0.0,0.0,0.0
4,1,150,6,9,0.0,0.0,0.0,0.0,5.0,6.0,7.0,8.0,9.0,0.0,0.0,0.0
4,9,150,10,2,0.0,0.0,0.0,0.0,5.0,6.0,7.0,8.0,9.0,0.0,0.0,0.0
4,1,100,6,27,0.0,0.0,0.0,0.0,5.0,6.0,7.0,8.0,0.0,0.0,0.0,0.0
4,9,30,5,11,0.0,0.0,0.0,0.0,0.0,0.0,0.0,8.0,0.0,0.0,0.0,0.0
4,9,60,6,13,0.0,0.0,0.0,0.0,0.0,0.0,7.0,8.0,0.0,0.0,0.0,0.0
4,9,180,6,4,0.0,0.0,3.0,4.0,5.0,6.0,7.0,8.0,0.0,0.0,0.0,0.0
4,9,8,1,1,0.0,0.0,0.0,0.0,5.0,0.0,0.0,0.0,0.0,0.0,0.0,0.0
4,9,200,3,1,0.0,0.0,3.0,4.0,5.0,6.0,7.0,8.0,9.0,0.0,0.0,0.0
2,6,150,1,1,0.0,0.0,0.0,4.0,5.0,6.0,7.0,8.0,0.0,0.0,0.0,0.0
5,3,36,4,5,0.0,0.0,0.0,0.0,0.0,0.0,0.0,8.0,9.0,10.0,0.0,0.0
5,1,120,6,2,0.0,0.0,0.0,0.0,5.0,6.0,7.0,8.0,0.0,0.0,0.0,0.0
6,4,300,5,2,0.0,2.0,3.0,4.0,5.0,6.0,7.0,8.0,9.0,10.0,11.0,0.0
6,5,20,5,4,0.0,0.0,0.0,0.0,5.0,0.0,0.0,0.0,0.0,0.0,0.0,0.0
2,1,90,8,10,0.0,0.0,0.0,0.0,0.0,6.0,7.0,8.0,0.0,0.0,0.0,0.0
6,4,80,8,1,0.0,0.0,0.0,0.0,0.0,6.0,7.0,8.0,0.0,0.0,0.0,0.0
6,4,90,8,1,0.0,0.0,0.0,0.0,5.0,6.0,7.0,8.0,0.0,0.0,0.0,0.0
6,4,90,8,1,0.0,0.0,0.0,0.0,5.0,6.0,7.0,0.0,0.0,0.0,0.0,0.0
2,3,365,15,2,1.0,2.0,3.0,4.0,5.0,6.0,7.0,8.0,9.0,10.0,11.0,12.0
5,9,60,6,5,0.0,0.0,0.0,0.0,5.0,6.0,0.0,0.0,0.0,0.0,0.0,0.0
5,9,90,2,4,0.0,0.0,0.0,0.0,0.0,6.0,7.0,8.0,0.0,0.0,0.0,0.0
1,9,90,2,4,0.0,0.0,3.0,4.0,5.0,0.0,0.0,0.0,0.0,0.0,0.0,0.0
1,2,120,3,4,0.0,0.0,0.0,4.0,5.0,6.0,7.0,0.0,0.0,0.0,0.0,0.0
5,9,90,2,2,0.0,0.0,3.0,4.0,5.0,0.0,0.0,0.0,0.0,0.0,0.0,0.0
5,9,365,2,2,1.0,2.0,3.0,4.0,5.0,6.0,7.0,8.0,9.0,10.0,11.0,12.0
6,9,90,4,1,0.0,0.0,3.0,4.0,5.0,0.0,0.0,0.0,0.0,0.0,0.0,0.0
5,9,330,3,1,1.0,2.0,3.0,4.0,5.0,6.0,7.0,8.0,9.0,10.0,11.0,0.0
6,4,180,8,3,0.0,0.0,3.0,4.0,5.0,6.0,7.0,8.0,9.0,10.0,0.0,0.0
5,2,365,4,2,1.0,2.0,3.0,4.0,5.0,6.0,7.0,8.0,9.0,10.0,11.0,12.0
5,2,365,4,2,1.0,2.0,3.0,4.0,5.0,6.0,7.0,8.0,9.0,10.0,11.0,12.0
6,9,90,4,1,0.0,0.0,0.0,4.0,5.0,6.0,0.0,0.0,0.0,0.0,0.0,0.0
6,9,90,4,1,0.0,0.0,0.0,4.0,5.0,6.0,0.0,0.0,0.0,0.0,0.0,0.0
6,3,365,6,3,1.0,2.0,3.0,4.0,5.0,6.0,7.0,8.0,9.0,10.0,11.0,12.0
5,3,365,8,2,1.0,2.0,3.0,4.0,5.0,6.0,7.0,8.0,9.0,10.0,11.0,12.0
6,3,60,2,1,0.0,0.0,0.0,0.0,5.0,6.0,0.0,0.0,0.0,0.0,0.0,0.0
5,3,60,2,10,0.0,0.0,0.0,0.0,5.0,6.0,0.0,0.0,0.0,0.0,0.0,0.0
5,3,365,3,3,1.0,2.0,3.0,4.0,5.0,6.0,7.0,8.0,9.0,10.0,11.0,12.0
1,9,60,2,2,0.0,0.0,0.0,4.0,5.0,0.0,0.0,0.0,0.0,0.0,0.0,0.0
5,3,300,8,4,0.0,2.0,3.0,4.0,5.0,6.0,7.0,8.0,9.0,10.0,11.0,0.0
5,3,120,3,1,0.0,0.0,0.0,0.0,5.0,6.0,7.0,8.0,0.0,0.0,0.0,0.0
5,3,150,3,3,0.0,0.0,3.0,4.0,5.0,6.0,7.0,0.0,0.0,0.0,0.0,0.0
5,3,84,2,1,0.0,0.0,0.0,0.0,5.0,6.0,7.0,8.0,9.0,10.0,0.0,0.0
9,9,30,1,99,0.0,2.0,3.0,0.0,0.0,0.0,0.0,0.0,0.0,0.0,0.0,0.0
5,3,90,2,4,0.0,0.0,3.0,4.0,5.0,0.0,0.0,0.0,0.0,0.0,0.0,0.0
5,3,90,4,3,0.0,0.0,3.0,4.0,5.0,0.0,0.0,0.0,0.0,0.0,0.0,0.0
5,3,90,6,5,0.0,0.0,3.0,4.0,5.0,0.0,0.0,0.0,0.0,0.0,0.0,0.0
1,1,60,3,3,0.0,2.0,3.0,0.0,0.0,0.0,0.0,0.0,0.0,0.0,0.0,0.0
5,5,180,12,2,0.0,0.0,3.0,4.0,5.0,6.0,7.0,8.0,0.0,0.0,0.0,0.0
6,2,120,4,3,0.0,0.0,3.0,4.0,5.0,6.0,0.0,0.0,0.0,0.0,0.0,0.0
6,2,90,4,3,0.0,0.0,3.0,4.0,5.0,0.0,0.0,0.0,0.0,0.0,0.0,0.0
1,3,150,2,1,0.0,0.0,0.0,0.0,5.0,6.0,7.0,8.0,9.0,10.0,11.0,12.0
5,2,180,2,3,0.0,0.0,0.0,4.0,5.0,6.0,7.0,8.0,9.0,0.0,0.0,0.0
5,9,90,3,2,0.0,0.0,3.0,4.0,5.0,0.0,0.0,0.0,0.0,0.0,0.0,0.0
5,9,120,2,3,0.0,2.0,3.0,4.0,5.0,0.0,0.0,0.0,0.0,0.0,0.0,0.0
6,2,270,6,2,0.0,2.0,3.0,4.0,5.0,6.0,7.0,8.0,9.0,10.0,0.0,0.0
6,1,270,5,2,1.0,2.0,3.0,4.0,5.0,6.0,7.0,8.0,9.0,0.0,0.0,0.0
5,3,365,2,1,1.0,2.0,3.0,4.0,5.0,6.0,7.0,8.0,9.0,10.0,11.0,12.0
6,9,210,6,3,0.0,0.0,3.0,4.0,5.0,6.0,7.0,8.0,9.0,0.0,0.0,0.0
1,1,90,7,3,0.0,0.0,3.0,4.0,5.0,0.0,0.0,0.0,0.0,0.0,0.0,0.0
6,3,150,5,2,0.0,0.0,0.0,0.0,5.0,6.0,7.0,8.0,9.0,0.0,0.0,0.0
6,1,150,4,2,0.0,0.0,0.0,0.0,5.0,6.0,7.0,8.0,9.0,0.0,0.0,0.0
5,2,365,1,3,1.0,2.0,3.0,4.0,5.0,6.0,7.0,8.0,9.0,10.0,11.0,12.0
5,2,90,3,2,0.0,0.0,0.0,0.0,5.0,6.0,7.0,0.0,0.0,0.0,0.0,0.0
5,2,150,3,4,0.0,0.0,3.0,4.0,5.0,6.0,7.0,0.0,0.0,0.0,0.0,0.0
5,2,365,3,1,1.0,2.0,3.0,4.0,5.0,6.0,7.0,8.0,9.0,10.0,11.0,12.0
1,2,120,4,2,0.0,0.0,0.0,0.0,5.0,6.0,7.0,8.0,0.0,0.0,0.0,0.0
5,1,270,3,4,0.0,0.0,3.0,4.0,5.0,6.0,7.0,8.0,9.0,10.0,11.0,0.0
5,1,270,3,4,0.0,0.0,3.0,4.0,5.0,6.0,7.0,8.0,9.0,10.0,11.0,0.0
5,1,270,3,4,0.0,0.0,3.0,4.0,5.0,6.0,7.0,8.0,9.0,10.0,11.0,0.0
6,4,240,7,2,0.0,0.0,0.0,4.0,5.0,6.0,7.0,8.0,9.0,10.0,11.0,0.0
5,3,240,7,5,0.0,0.0,0.0,4.0,5.0,6.0,7.0,8.0,9.0,10.0,11.0,0.0
6,5,360,1,5,1.0,2.0,3.0,4.0,5.0,6.0,7.0,8.0,9.0,10.0,11.0,12.0
6,3,360,3,1,1.0,2.0,3.0,4.0,5.0,6.0,7.0,8.0,9.0,10.0,11.0,12.0
5,3,150,8,3,0.0,0.0,0.0,0.0,0.0,6.0,7.0,8.0,9.0,10.0,0.0,0.0
5,9,270,6,2,0.0,0.0,3.0,4.0,5.0,6.0,7.0,8.0,9.0,10.0,11.0,0.0
5,3,180,6,3,0.0,0.0,0.0,0.0,5.0,6.0,7.0,8.0,9.0,10.0,0.0,0.0
5,3,365,3,2,1.0,2.0,3.0,4.0,5.0,6.0,7.0,8.0,9.0,10.0,11.0,12.0
5,1,120,4,2,0.0,0.0,3.0,4.0,5.0,6.0,7.0,8.0,0.0,0.0,0.0,0.0
2,1,210,5,99,0.0,0.0,3.0,4.0,5.0,6.0,7.0,8.0,9.0,0.0,0.0,0.0
2,3,40,1,1,0.0,0.0,0.0,0.0,5.0,6.0,7.0,8.0,9.0,0.0,0.0,0.0
5,9,144,2,5,1.0,2.0,3.0,4.0,5.0,6.0,7.0,8.0,9.0,10.0,0.0,0.0
5,1,365,1,3,1.0,2.0,3.0,4.0,5.0,6.0,7.0,8.0,9.0,10.0,11.0,12.0
5,3,150,2,6,0.0,0.0,0.0,0.0,5.0,6.0,7.0,8.0,9.0,0.0,0.0,0.0
6,6,180,6,5,0.0,0.0,0.0,4.0,5.0,6.0,7.0,8.0,9.0,0.0,0.0,0.0
6,9,180,6,5,0.0,0.0,0.0,4.0,5.0,6.0,7.0,8.0,9.0,0.0,0.0,0.0
5,3,60,3,1,0.0,0.0,0.0,4.0,5.0,0.0,0.0,0.0,0.0,0.0,0.0,0.0
5,3,180,2,6,0.0,0.0,3.0,4.0,5.0,6.0,7.0,8.0,9.0,0.0,0.0,0.0
5,2,365,4,9,1.0,2.0,3.0,4.0,5.0,6.0,7.0,8.0,9.0,10.0,11.0,12.0
5,2,365,5,9,1.0,2.0,3.0,4.0,5.0,6.0,7.0,8.0,9.0,10.0,11.0,12.0
5,2,365,4,9,1.0,2.0,3.0,4.0,5.0,6.0,7.0,8.0,9.0,10.0,11.0,12.0
5,3,270,5,99,0.0,2.0,3.0,4.0,5.0,6.0,7.0,8.0,9.0,10.0,0.0,0.0
5,3,270,5,99,0.0,2.0,3.0,4.0,5.0,6.0,7.0,8.0,9.0,10.0,0.0,0.0
5,9,5,1,3,0.0,0.0,0.0,0.0,5.0,0.0,0.0,0.0,0.0,0.0,0.0,0.0
6,1,100,5,10,0.0,0.0,0.0,0.0,5.0,6.0,7.0,8.0,9.0,10.0,0.0,0.0
5,4,330,6,3,1.0,2.0,3.0,4.0,5.0,6.0,7.0,8.0,9.0,10.0,11.0,0.0
2,1,180,4,3,0.0,0.0,0.0,0.0,5.0,6.0,7.0,8.0,9.0,10.0,0.0,0.0
5,3,90,4,4,0.0,0.0,3.0,4.0,5.0,6.0,0.0,0.0,0.0,0.0,0.0,0.0
1,2,90,2,4,0.0,2.0,3.0,4.0,0.0,0.0,0.0,0.0,0.0,0.0,0.0,0.0
5,3,300,3,1,1.0,2.0,3.0,4.0,5.0,6.0,7.0,8.0,9.0,10.0,11.0,12.0
6,5,360,2,2,1.0,2.0,3.0,4.0,5.0,6.0,7.0,8.0,9.0,10.0,11.0,12.0
5,3,180,4,2,0.0,0.0,0.0,4.0,5.0,6.0,7.0,8.0,9.0,0.0,0.0,0.0
6,3,150,6,15,0.0,0.0,0.0,0.0,5.0,6.0,7.0,8.0,9.0,0.0,0.0,0.0
2,1,120,1,8,0.0,0.0,0.0,0.0,5.0,6.0,7.0,8.0,0.0,0.0,0.0,0.0
5,3,365,4,1,1.0,2.0,3.0,4.0,5.0,6.0,7.0,8.0,9.0,10.0,11.0,12.0
6,4,60,4,1,0.0,0.0,0.0,0.0,0.0,0.0,7.0,8.0,0.0,0.0,0.0,0.0
5,1,60,1,3,0.0,0.0,0.0,0.0,5.0,6.0,7.0,8.0,9.0,0.0,0.0,0.0
5,1,60,1,3,0.0,0.0,0.0,0.0,5.0,6.0,7.0,8.0,9.0,0.0,0.0,0.0
2,2,30,3,3,0.0,0.0,3.0,4.0,5.0,6.0,0.0,0.0,0.0,0.0,0.0,0.0
1,2,60,1,2,0.0,0.0,3.0,4.0,5.0,0.0,0.0,0.0,0.0,0.0,0.0,0.0
5,3,120,2,1,1.0,2.0,3.0,4.0,5.0,6.0,7.0,8.0,9.0,10.0,11.0,12.0
5,4,120,1,2,0.0,0.0,0.0,0.0,5.0,6.0,7.0,8.0,0.0,0.0,0.0,0.0
5,3,180,2,7,0.0,0.0,3.0,4.0,5.0,6.0,7.0,8.0,0.0,0.0,0.0,0.0
5,3,180,2,7,0.0,0.0,3.0,4.0,5.0,6.0,7.0,8.0,0.0,0.0,0.0,0.0
5,4,180,2,7,0.0,0.0,3.0,4.0,5.0,6.0,7.0,8.0,0.0,0.0,0.0,0.0
5,1,240,1,1,0.0,0.0,3.0,4.0,5.0,6.0,7.0,8.0,9.0,10.0,0.0,0.0
1,1,60,2,1,0.0,0.0,0.0,4.0,5.0,0.0,0.0,0.0,0.0,0.0,0.0,0.0
5,9,12,12,4,1.0,2.0,3.0,4.0,5.0,6.0,7.0,8.0,9.0,10.0,11.0,12.0
2,9,30,12,99,1.0,2.0,3.0,4.0,5.0,6.0,7.0,8.0,9.0,10.0,11.0,12.0
5,9,240,4,5,0.0,2.0,3.0,4.0,5.0,6.0,7.0,8.0,9.0,10.0,11.0,0.0
5,9,365,8,6,1.0,2.0,3.0,4.0,5.0,6.0,7.0,8.0,9.0,10.0,11.0,12.0
4,9,60,8,10,0.0,0.0,0.0,4.0,5.0,6.0,0.0,0.0,0.0,0.0,0.0,0.0
4,9,60,8,2,0.0,0.0,3.0,4.0,5.0,0.0,0.0,0.0,0.0,0.0,0.0,0.0
5,9,120,1,8,0.0,0.0,3.0,4.0,5.0,6.0,0.0,0.0,0.0,0.0,0.0,0.0
5,9,120,1,8,0.0,0.0,3.0,4.0,5.0,6.0,0.0,0.0,0.0,0.0,0.0,0.0
5,9,120,1,8,0.0,0.0,3.0,4.0,5.0,6.0,0.0,0.0,0.0,0.0,0.0,0.0
6,1,100,5,2,1.0,2.0,3.0,4.0,5.0,6.0,7.0,8.0,9.0,10.0,11.0,12.0
5,9,360,8,2,1.0,2.0,3.0,4.0,5.0,6.0,7.0,8.0,9.0,10.0,11.0,12.0
2,9,365,3,10,1.0,2.0,3.0,4.0,5.0,6.0,7.0,8.0,9.0,10.0,11.0,12.0
6,9,150,4,2,0.0,0.0,0.0,4.0,5.0,6.0,7.0,8.0,0.0,0.0,0.0,0.0
5,3,120,0,1,0.0,2.0,3.0,4.0,5.0,0.0,0.0,0.0,0.0,0.0,0.0,0.0
5,9,180,3,8,0.0,0.0,0.0,4.0,5.0,6.0,7.0,8.0,9.0,0.0,0.0,0.0
5,9,180,8,1,0.0,0.0,3.0,4.0,5.0,6.0,7.0,8.0,0.0,0.0,0.0,0.0
5,9,180,8,1,0.0,0.0,3.0,4.0,5.0,6.0,7.0,8.0,0.0,0.0,0.0,0.0
5,9,180,8,1,0.0,0.0,3.0,4.0,5.0,6.0,7.0,8.0,0.0,0.0,0.0,0.0
5,9,365,8,2,1.0,2.0,3.0,4.0,5.0,6.0,7.0,8.0,9.0,10.0,11.0,12.0
1,9,60,6,6,0.0,0.0,3.0,4.0,0.0,0.0,0.0,0.0,0.0,0.0,0.0,0.0
2,9,30,6,3,0.0,0.0,3.0,4.0,0.0,0.0,0.0,0.0,0.0,0.0,0.0,0.0
1,3,30,2,3,0.0,0.0,0.0,4.0,5.0,0.0,0.0,0.0,0.0,0.0,0.0,0.0
2,9,210,12,4,1.0,2.0,3.0,4.0,5.0,6.0,7.0,0.0,0.0,0.0,0.0,0.0
2,2,30,3,12,0.0,0.0,0.0,0.0,5.0,0.0,0.0,0.0,0.0,0.0,0.0,0.0
2,3,90,3,5,0.0,0.0,0.0,0.0,5.0,6.0,7.0,0.0,0.0,0.0,0.0,0.0
2,9,120,1,4,0.0,0.0,0.0,4.0,5.0,6.0,7.0,0.0,0.0,0.0,0.0,0.0
6,3,180,2,10,0.0,0.0,0.0,4.0,5.0,6.0,7.0,8.0,9.0,0.0,0.0,0.0
6,3,360,3,1,1.0,2.0,3.0,4.0,5.0,6.0,7.0,8.0,9.0,10.0,11.0,12.0
6,1,360,2,1,1.0,2.0,3.0,4.0,5.0,6.0,7.0,8.0,9.0,10.0,11.0,12.0
6,9,210,1,2,0.0,0.0,3.0,4.0,5.0,6.0,7.0,8.0,9.0,0.0,0.0,0.0
2,1,300,8,3,1.0,2.0,3.0,4.0,5.0,6.0,7.0,8.0,9.0,10.0,0.0,0.0
2,9,300,6,1,1.0,2.0,3.0,4.0,5.0,6.0,7.0,8.0,9.0,10.0,0.0,0.0
2,1,150,3,3,0.0,2.0,3.0,4.0,5.0,6.0,0.0,0.0,0.0,0.0,0.0,0.0
5,1,365,5,2,1.0,2.0,3.0,4.0,5.0,6.0,7.0,8.0,9.0,10.0,11.0,12.0
4,9,100,3,5,0.0,0.0,3.0,4.0,5.0,6.0,0.0,0.0,0.0,0.0,0.0,0.0
6,3,120,4,2,0.0,0.0,3.0,4.0,5.0,6.0,7.0,8.0,0.0,0.0,0.0,0.0
2,9,365,15,8,1.0,2.0,3.0,4.0,5.0,6.0,7.0,8.0,9.0,10.0,11.0,12.0
2,9,180,6,6,0.0,0.0,3.0,4.0,5.0,6.0,7.0,8.0,0.0,0.0,0.0,0.0
2,9,336,5,1,1.0,2.0,3.0,4.0,5.0,6.0,7.0,8.0,9.0,10.0,11.0,12.0
2,1,90,5,6,0.0,0.0,0.0,0.0,5.0,6.0,7.0,0.0,0.0,0.0,0.0,0.0
2,9,360,8,1,1.0,2.0,3.0,4.0,5.0,6.0,7.0,8.0,9.0,10.0,11.0,12.0
5,1,365,9,2,1.0,2.0,3.0,4.0,5.0,6.0,7.0,8.0,9.0,10.0,11.0,12.0
6,1,30,2,1,0.0,0.0,3.0,4.0,5.0,0.0,0.0,0.0,0.0,0.0,0.0,0.0
6,1,120,3,2,0.0,2.0,3.0,4.0,5.0,0.0,0.0,0.0,0.0,0.0,0.0,0.0
2,9,100,2,4,0.0,0.0,3.0,4.0,5.0,6.0,0.0,0.0,0.0,0.0,0.0,0.0
5,9,204,6,3,0.0,0.0,3.0,4.0,5.0,6.0,7.0,8.0,9.0,10.0,0.0,0.0
5,3,365,8,1,1.0,2.0,3.0,4.0,5.0,6.0,7.0,8.0,9.0,10.0,11.0,12.0
2,9,365,5,1,1.0,2.0,3.0,4.0,5.0,6.0,7.0,8.0,9.0,10.0,11.0,12.0
5,1,365,8,3,1.0,2.0,3.0,4.0,5.0,6.0,7.0,8.0,9.0,10.0,11.0,12.0
5,1,365,8,1,1.0,2.0,3.0,4.0,5.0,6.0,7.0,8.0,9.0,10.0,11.0,12.0
6,3,365,6,1,1.0,2.0,3.0,4.0,5.0,6.0,7.0,8.0,9.0,10.0,11.0,12.0
5,9,150,2,4,0.0,0.0,0.0,0.0,5.0,6.0,7.0,8.0,9.0,0.0,0.0,0.0
2,1,75,2,2,0.0,0.0,0.0,0.0,5.0,6.0,7.0,8.0,9.0,0.0,0.0,0.0
2,1,75,2,2,0.0,0.0,0.0,0.0,5.0,6.0,7.0,8.0,9.0,0.0,0.0,0.0
4,9,120,15,10,0.0,0.0,0.0,0.0,0.0,6.0,7.0,8.0,9.0,0.0,0.0,0.0
4,9,120,15,15,0.0,0.0,0.0,0.0,0.0,6.0,7.0,8.0,9.0,0.0,0.0,0.0
4,9,120,8,1,0.0,0.0,0.0,0.0,0.0,6.0,7.0,8.0,9.0,0.0,0.0,0.0
4,9,120,2,15,0.0,0.0,0.0,0.0,5.0,6.0,7.0,8.0,0.0,0.0,0.0,0.0
4,9,120,4,4,0.0,0.0,0.0,0.0,5.0,6.0,7.0,8.0,0.0,0.0,0.0,0.0
4,9,120,3,3,0.0,0.0,0.0,0.0,5.0,6.0,7.0,8.0,0.0,0.0,0.0,0.0
4,9,120,6,2,0.0,0.0,0.0,0.0,5.0,6.0,7.0,8.0,0.0,0.0,0.0,0.0
3,9,150,6,5,0.0,0.0,0.0,4.0,5.0,6.0,7.0,8.0,0.0,0.0,0.0,0.0
3,9,120,8,6,0.0,0.0,0.0,0.0,5.0,6.0,7.0,8.0,0.0,0.0,0.0,0.0
5,3,180,2,3,1.0,0.0,0.0,0.0,5.0,6.0,0.0,0.0,0.0,10.0,11.0,12.0
3,9,150,7,5,0.0,0.0,0.0,4.0,5.0,6.0,7.0,8.0,0.0,0.0,0.0,0.0
3,9,150,2,3,0.0,0.0,0.0,4.0,5.0,6.0,7.0,8.0,0.0,0.0,0.0,0.0
3,9,60,7,2,0.0,0.0,0.0,0.0,0.0,6.0,7.0,8.0,0.0,0.0,0.0,0.0
4,9,90,6,1,0.0,0.0,0.0,0.0,5.0,6.0,7.0,0.0,0.0,0.0,0.0,0.0
4,9,30,4,6,0.0,0.0,0.0,0.0,0.0,6.0,7.0,0.0,0.0,0.0,0.0,0.0
4,9,30,3,3,0.0,0.0,0.0,0.0,5.0,6.0,7.0,0.0,0.0,0.0,0.0,0.0
3,9,150,7,3,0.0,0.0,0.0,0.0,5.0,6.0,7.0,8.0,9.0,0.0,0.0,0.0
4,9,80,2,20,0.0,0.0,0.0,4.0,5.0,6.0,7.0,8.0,0.0,0.0,0.0,0.0
4,9,80,2,20,0.0,0.0,0.0,4.0,5.0,6.0,7.0,8.0,0.0,0.0,0.0,0.0
3,9,180,12,1,0.0,0.0,0.0,4.0,5.0,6.0,7.0,8.0,9.0,0.0,0.0,0.0
3,9,180,12,3,0.0,0.0,0.0,4.0,5.0,6.0,7.0,8.0,9.0,0.0,0.0,0.0
4,9,120,24,8,0.0,0.0,0.0,0.0,5.0,6.0,7.0,8.0,0.0,0.0,0.0,0.0
4,9,120,8,5,0.0,0.0,0.0,0.0,5.0,6.0,7.0,8.0,0.0,0.0,0.0,0.0
4,9,180,24,20,0.0,0.0,0.0,4.0,5.0,6.0,7.0,8.0,9.0,0.0,0.0,0.0
4,9,210,6,20,0.0,0.0,0.0,4.0,5.0,6.0,7.0,8.0,9.0,10.0,0.0,0.0
4,9,90,3,4,0.0,0.0,0.0,0.0,0.0,6.0,7.0,8.0,0.0,0.0,0.0,0.0
2,9,60,3,12,0.0,0.0,0.0,0.0,5.0,6.0,7.0,0.0,0.0,0.0,0.0,0.0
2,9,90,2,7,0.0,0.0,0.0,0.0,0.0,6.0,7.0,8.0,0.0,0.0,0.0,0.0
3,9,180,6,1,0.0,0.0,0.0,0.0,5.0,6.0,7.0,8.0,9.0,10.0,0.0,0.0
4,1,90,4,10,0.0,0.0,0.0,0.0,0.0,6.0,7.0,8.0,0.0,0.0,0.0,0.0
4,2,90,4,10,0.0,0.0,0.0,0.0,0.0,6.0,7.0,8.0,0.0,0.0,0.0,0.0
4,9,120,24,15,0.0,0.0,0.0,0.0,0.0,6.0,7.0,8.0,9.0,0.0,0.0,0.0
1,9,150,7,1,0.0,0.0,0.0,0.0,5.0,6.0,7.0,8.0,9.0,0.0,0.0,0.0
2,3,90,1,99,0.0,0.0,0.0,0.0,0.0,6.0,7.0,8.0,0.0,0.0,0.0,0.0
3,9,60,2,4,0.0,0.0,0.0,0.0,5.0,6.0,0.0,0.0,0.0,0.0,0.0,0.0
4,1,90,5,10,0.0,0.0,0.0,0.0,0.0,6.0,7.0,8.0,0.0,0.0,0.0,0.0
6,9,120,16,5,0.0,0.0,0.0,0.0,5.0,6.0,7.0,8.0,0.0,0.0,0.0,0.0
6,9,120,5,1,0.0,0.0,0.0,0.0,5.0,6.0,7.0,8.0,0.0,0.0,0.0,0.0
3,2,45,4,4,0.0,0.0,0.0,0.0,5.0,6.0,7.0,0.0,0.0,0.0,0.0,0.0
3,9,90,15,5,0.0,0.0,0.0,0.0,5.0,6.0,7.0,0.0,0.0,0.0,0.0,0.0
3,9,150,10,10,0.0,0.0,0.0,4.0,5.0,6.0,7.0,8.0,0.0,0.0,0.0,0.0
3,2,60,2,15,0.0,0.0,0.0,0.0,5.0,6.0,0.0,0.0,0.0,0.0,0.0,0.0
4,9,120,5,2,0.0,0.0,0.0,0.0,5.0,6.0,7.0,8.0,0.0,0.0,0.0,0.0
4,9,120,5,5,0.0,0.0,0.0,0.0,5.0,6.0,7.0,8.0,0.0,0.0,0.0,0.0
3,9,120,4,99,0.0,0.0,0.0,0.0,5.0,6.0,7.0,8.0,0.0,0.0,0.0,0.0
2,9,120,4,20,0.0,0.0,0.0,0.0,5.0,6.0,7.0,8.0,0.0,0.0,0.0,0.0
2,9,120,5,5,0.0,0.0,0.0,0.0,5.0,6.0,7.0,8.0,0.0,0.0,0.0,0.0
2,9,60,8,25,0.0,0.0,0.0,0.0,5.0,6.0,0.0,0.0,0.0,0.0,0.0,0.0
4,9,150,5,8,0.0,0.0,0.0,4.0,5.0,6.0,7.0,8.0,0.0,0.0,0.0,0.0
4,9,90,3,10,0.0,0.0,0.0,0.0,0.0,6.0,7.0,8.0,0.0,0.0,0.0,0.0
4,9,90,3,20,0.0,0.0,0.0,0.0,0.0,6.0,7.0,8.0,0.0,0.0,0.0,0.0
4,9,150,10,3,0.0,0.0,0.0,0.0,0.0,6.0,7.0,8.0,9.0,10.0,0.0,0.0
4,9,90,7,7,0.0,0.0,0.0,0.0,5.0,6.0,7.0,0.0,0.0,0.0,0.0,0.0
4,9,60,4,3,0.0,0.0,0.0,0.0,0.0,6.0,7.0,0.0,0.0,0.0,0.0,0.0
4,9,90,10,3,0.0,0.0,0.0,0.0,0.0,6.0,7.0,8.0,0.0,0.0,0.0,0.0
4,9,150,9,3,0.0,0.0,0.0,0.0,5.0,6.0,7.0,8.0,9.0,0.0,0.0,0.0
4,1,90,5,10,0.0,0.0,0.0,0.0,5.0,6.0,7.0,0.0,0.0,0.0,0.0,0.0
4,3,90,8,7,0.0,0.0,0.0,0.0,0.0,6.0,7.0,8.0,0.0,0.0,0.0,0.0
4,9,90,3,4,0.0,0.0,0.0,0.0,0.0,6.0,7.0,8.0,0.0,0.0,0.0,0.0
1,9,90,12,2,0.0,0.0,0.0,0.0,5.0,6.0,7.0,0.0,0.0,0.0,0.0,0.0
4,9,90,3,12,0.0,0.0,0.0,0.0,5.0,6.0,7.0,8.0,0.0,0.0,0.0,0.0
4,9,60,2,3,0.0,0.0,0.0,0.0,0.0,0.0,7.0,8.0,0.0,0.0,0.0,0.0
4,9,180,8,15,0.0,0.0,0.0,4.0,5.0,6.0,7.0,8.0,9.0,0.0,0.0,0.0
6,9,120,5,1,0.0,0.0,0.0,0.0,5.0,6.0,7.0,8.0,0.0,0.0,0.0,0.0
4,9,150,7,20,0.0,0.0,0.0,0.0,5.0,6.0,7.0,8.0,9.0,0.0,0.0,0.0
4,9,120,10,20,0.0,0.0,0.0,0.0,0.0,6.0,7.0,8.0,9.0,0.0,0.0,0.0
4,9,120,8,5,0.0,0.0,0.0,0.0,5.0,6.0,7.0,8.0,0.0,0.0,0.0,0.0
3,9,150,3,1,0.0,0.0,0.0,0.0,5.0,6.0,7.0,8.0,9.0,0.0,0.0,0.0
4,3,90,2,8,0.0,0.0,0.0,0.0,5.0,6.0,7.0,0.0,0.0,0.0,0.0,0.0
3,9,60,1,4,0.0,0.0,0.0,0.0,0.0,6.0,7.0,0.0,0.0,0.0,0.0,0.0
4,9,90,1,10,0.0,0.0,0.0,0.0,5.0,6.0,7.0,0.0,0.0,0.0,0.0,0.0
4,3,20,1,8,0.0,0.0,0.0,0.0,0.0,0.0,7.0,0.0,0.0,0.0,0.0,0.0
4,2,30,5,20,0.0,0.0,0.0,0.0,0.0,0.0,7.0,0.0,0.0,0.0,0.0,0.0
4,9,120,5,15,0.0,0.0,0.0,0.0,5.0,6.0,7.0,8.0,0.0,0.0,0.0,0.0
3,4,90,5,98,0.0,0.0,0.0,0.0,0.0,6.0,7.0,8.0,0.0,0.0,0.0,0.0
4,9,90,2,3,0.0,0.0,0.0,0.0,5.0,6.0,7.0,0.0,0.0,0.0,0.0,0.0
4,2,120,2,5,0.0,0.0,0.0,0.0,5.0,6.0,7.0,8.0,0.0,0.0,0.0,0.0
4,9,150,4,3,0.0,0.0,0.0,4.0,5.0,6.0,7.0,8.0,0.0,0.0,0.0,0.0
4,9,60,5,99,0.0,0.0,0.0,0.0,0.0,0.0,7.0,8.0,0.0,0.0,0.0,0.0
4,9,100,6,15,0.0,0.0,0.0,0.0,5.0,6.0,7.0,8.0,0.0,0.0,0.0,0.0
3,9,120,8,8,0.0,0.0,0.0,0.0,5.0,6.0,7.0,8.0,0.0,0.0,0.0,0.0
1,9,90,4,2,0.0,0.0,0.0,4.0,5.0,6.0,0.0,0.0,0.0,0.0,0.0,0.0
4,9,120,12,11,0.0,0.0,0.0,4.0,5.0,6.0,7.0,0.0,0.0,0.0,0.0,0.0
4,9,120,4,1,0.0,0.0,0.0,0.0,5.0,6.0,7.0,8.0,0.0,0.0,0.0,0.0
4,9,90,5,20,0.0,0.0,0.0,0.0,0.0,6.0,7.0,8.0,0.0,0.0,0.0,0.0
4,9,150,8,15,0.0,0.0,0.0,4.0,5.0,6.0,7.0,8.0,0.0,0.0,0.0,0.0
4,9,90,5,3,0.0,0.0,0.0,0.0,0.0,6.0,7.0,8.0,0.0,0.0,0.0,0.0
9,9,120,6,10,0.0,0.0,0.0,4.0,5.0,6.0,7.0,0.0,0.0,0.0,0.0,0.0
4,1,150,8,3,0.0,0.0,0.0,0.0,5.0,6.0,7.0,8.0,9.0,0.0,0.0,0.0
4,9,150,8,5,0.0,0.0,0.0,0.0,5.0,6.0,7.0,8.0,9.0,0.0,0.0,0.0
4,2,90,3,6,0.0,0.0,0.0,0.0,5.0,6.0,7.0,0.0,0.0,0.0,0.0,0.0
5,1,150,10,1,0.0,0.0,0.0,4.0,5.0,6.0,7.0,8.0,0.0,0.0,0.0,0.0
4,9,180,4,99,0.0,0.0,0.0,4.0,5.0,6.0,7.0,8.0,9.0,0.0,0.0,0.0
4,9,120,7,10,0.0,0.0,0.0,0.0,5.0,6.0,7.0,8.0,0.0,0.0,0.0,0.0
4,9,120,5,5,0.0,0.0,0.0,0.0,5.0,6.0,7.0,8.0,0.0,0.0,0.0,0.0
4,9,90,8,7,0.0,0.0,0.0,0.0,5.0,6.0,7.0,0.0,0.0,0.0,0.0,0.0
4,9,150,8,6,0.0,0.0,0.0,0.0,5.0,6.0,7.0,8.0,9.0,0.0,0.0,0.0
5,5,180,6,6,0.0,0.0,0.0,4.0,5.0,6.0,7.0,8.0,9.0,0.0,0.0,0.0
4,1,120,4,5,0.0,0.0,0.0,0.0,5.0,6.0,7.0,8.0,0.0,0.0,0.0,0.0
4,1,120,5,5,0.0,0.0,0.0,0.0,5.0,6.0,7.0,8.0,0.0,0.0,0.0,0.0
4,2,90,12,99,0.0,0.0,0.0,0.0,5.0,6.0,7.0,0.0,0.0,0.0,0.0,0.0
1,9,90,1,1,0.0,0.0,0.0,0.0,5.0,6.0,7.0,8.0,0.0,0.0,0.0,0.0
2,9,120,8,4,0.0,0.0,0.0,0.0,5.0,6.0,7.0,8.0,0.0,0.0,0.0,0.0
2,9,90,12,10,0.0,0.0,0.0,0.0,5.0,6.0,7.0,0.0,0.0,0.0,0.0,0.0
4,2,120,1,10,0.0,0.0,0.0,0.0,5.0,6.0,7.0,8.0,0.0,0.0,0.0,0.0
2,9,90,3,10,0.0,0.0,0.0,0.0,0.0,6.0,7.0,8.0,0.0,0.0,0.0,0.0
4,1,150,7,17,0.0,0.0,0.0,4.0,5.0,6.0,7.0,8.0,0.0,0.0,0.0,0.0
4,9,60,3,10,0.0,0.0,0.0,0.0,5.0,6.0,7.0,0.0,0.0,0.0,0.0,0.0
4,9,20,2,10,0.0,0.0,0.0,0.0,0.0,0.0,7.0,0.0,0.0,0.0,0.0,0.0
4,9,180,10,8,0.0,0.0,0.0,4.0,5.0,6.0,7.0,8.0,9.0,0.0,0.0,0.0
4,9,180,10,8,0.0,0.0,0.0,4.0,5.0,6.0,7.0,8.0,9.0,0.0,0.0,0.0
4,9,60,2,15,0.0,0.0,0.0,0.0,0.0,6.0,7.0,8.0,9.0,0.0,0.0,0.0
3,9,150,0,10,0.0,0.0,0.0,0.0,5.0,6.0,7.0,8.0,9.0,0.0,0.0,0.0
4,1,150,5,1,0.0,0.0,0.0,0.0,5.0,6.0,7.0,8.0,9.0,0.0,0.0,0.0
4,3,90,2,3,0.0,0.0,0.0,0.0,0.0,6.0,7.0,8.0,0.0,0.0,0.0,0.0
3,9,120,4,8,0.0,0.0,0.0,0.0,5.0,6.0,7.0,8.0,0.0,0.0,0.0,0.0
4,9,120,8,12,0.0,0.0,0.0,0.0,5.0,6.0,7.0,8.0,0.0,0.0,0.0,0.0
4,9,120,2,15,0.0,0.0,0.0,0.0,5.0,6.0,7.0,8.0,0.0,0.0,0.0,0.0
4,9,120,4,10,0.0,0.0,0.0,0.0,5.0,6.0,7.0,8.0,0.0,0.0,0.0,0.0
4,9,210,8,99,0.0,0.0,3.0,4.0,5.0,6.0,7.0,8.0,9.0,0.0,0.0,0.0
3,9,30,2,3,0.0,0.0,0.0,0.0,0.0,0.0,7.0,0.0,0.0,0.0,0.0,0.0
4,9,90,12,30,0.0,0.0,0.0,0.0,5.0,6.0,7.0,0.0,0.0,0.0,0.0,0.0
4,9,180,4,5,0.0,0.0,0.0,0.0,5.0,6.0,7.0,8.0,9.0,10.0,0.0,0.0
4,9,120,2,1,0.0,0.0,0.0,0.0,5.0,6.0,7.0,8.0,0.0,0.0,0.0,0.0
4,1,120,5,1,0.0,0.0,0.0,0.0,5.0,6.0,7.0,8.0,0.0,0.0,0.0,0.0
6,9,180,2,3,0.0,0.0,0.0,4.0,5.0,6.0,7.0,8.0,9.0,0.0,0.0,0.0
4,9,150,8,3,0.0,0.0,0.0,4.0,5.0,6.0,7.0,8.0,0.0,0.0,0.0,0.0
4,9,120,3,4,0.0,0.0,0.0,0.0,5.0,6.0,7.0,8.0,0.0,0.0,0.0,0.0
4,9,120,2,4,0.0,0.0,0.0,4.0,5.0,6.0,7.0,0.0,0.0,0.0,0.0,0.0
4,9,140,4,99,0.0,0.0,0.0,4.0,5.0,6.0,7.0,8.0,9.0,10.0,0.0,0.0
3,9,150,8,4,0.0,0.0,0.0,0.0,5.0,6.0,7.0,8.0,9.0,0.0,0.0,0.0
4,9,150,4,12,0.0,0.0,0.0,0.0,5.0,6.0,7.0,8.0,9.0,0.0,0.0,0.0
4,9,90,12,12,0.0,0.0,0.0,0.0,5.0,6.0,7.0,0.0,0.0,0.0,0.0,0.0
4,9,120,3,2,0.0,0.0,0.0,0.0,5.0,6.0,7.0,8.0,0.0,0.0,0.0,0.0
4,9,90,15,8,0.0,0.0,0.0,0.0,0.0,6.0,7.0,8.0,0.0,0.0,0.0,0.0
4,9,120,5,5,0.0,0.0,0.0,0.0,5.0,6.0,7.0,8.0,0.0,0.0,0.0,0.0
4,9,120,8,99,0.0,0.0,0.0,4.0,5.0,6.0,7.0,0.0,0.0,0.0,0.0,0.0
4,9,15,1,8,0.0,0.0,0.0,4.0,5.0,6.0,7.0,8.0,0.0,0.0,0.0,0.0
4,9,120,1,7,0.0,0.0,0.0,0.0,0.0,6.0,7.0,8.0,9.0,10.0,0.0,0.0
4,3,3,2,6,0.0,0.0,0.0,0.0,5.0,6.0,7.0,0.0,0.0,0.0,0.0,0.0
2,9,30,2,1,0.0,0.0,0.0,0.0,5.0,6.0,7.0,8.0,0.0,0.0,0.0,0.0
9,9,120,2,4,0.0,0.0,0.0,0.0,5.0,6.0,7.0,8.0,0.0,0.0,0.0,0.0
2,9,180,8,1,0.0,0.0,0.0,4.0,5.0,6.0,7.0,8.0,9.0,0.0,0.0,0.0
5,9,210,12,4,0.0,0.0,3.0,4.0,5.0,6.0,7.0,8.0,9.0,0.0,0.0,0.0
2,9,150,2,1,0.0,0.0,0.0,4.0,5.0,6.0,7.0,8.0,0.0,0.0,0.0,0.0
4,9,150,4,2,0.0,0.0,0.0,0.0,5.0,6.0,7.0,8.0,9.0,0.0,0.0,0.0
4,9,60,4,4,0.0,0.0,0.0,0.0,0.0,6.0,7.0,0.0,0.0,0.0,0.0,0.0
4,1,30,24,1,0.0,0.0,0.0,0.0,0.0,6.0,7.0,8.0,0.0,0.0,0.0,0.0
4,9,120,4,2,0.0,0.0,0.0,0.0,5.0,6.0,7.0,8.0,0.0,0.0,0.0,0.0
4,9,90,3,5,0.0,0.0,0.0,0.0,5.0,6.0,7.0,0.0,0.0,0.0,0.0,0.0
4,9,120,15,1,0.0,0.0,0.0,0.0,5.0,6.0,7.0,8.0,0.0,0.0,0.0,0.0
4,9,150,16,4,0.0,0.0,0.0,0.0,5.0,6.0,7.0,8.0,9.0,0.0,0.0,0.0
4,9,180,5,10,0.0,0.0,0.0,0.0,5.0,6.0,7.0,8.0,9.0,10.0,0.0,0.0
4,9,150,13,1,0.0,0.0,0.0,0.0,5.0,6.0,7.0,8.0,9.0,0.0,0.0,0.0
4,9,150,5,1,0.0,0.0,0.0,4.0,5.0,6.0,7.0,8.0,9.0,0.0,0.0,0.0
2,9,150,8,6,0.0,0.0,0.0,0.0,5.0,6.0,7.0,8.0,9.0,0.0,0.0,0.0
3,9,90,18,4,0.0,0.0,0.0,0.0,0.0,6.0,7.0,8.0,0.0,0.0,0.0,0.0
4,9,100,12,5,0.0,0.0,0.0,0.0,5.0,6.0,7.0,8.0,0.0,0.0,0.0,0.0
3,9,150,3,4,0.0,0.0,0.0,4.0,5.0,6.0,7.0,8.0,9.0,0.0,0.0,0.0
4,9,120,2,5,0.0,0.0,0.0,0.0,5.0,6.0,7.0,8.0,9.0,0.0,0.0,0.0
4,9,120,15,1,0.0,0.0,0.0,0.0,0.0,6.0,7.0,8.0,9.0,0.0,0.0,0.0
3,9,120,4,3,0.0,0.0,0.0,0.0,5.0,6.0,7.0,8.0,0.0,0.0,0.0,0.0
4,3,240,24,8,0.0,0.0,0.0,4.0,5.0,6.0,7.0,8.0,9.0,10.0,11.0,0.0
4,9,180,12,13,0.0,0.0,3.0,4.0,5.0,6.0,7.0,8.0,0.0,0.0,0.0,0.0
3,6,180,1,4,0.0,0.0,0.0,4.0,5.0,6.0,7.0,8.0,9.0,0.0,0.0,0.0
4,9,90,1,2,0.0,0.0,0.0,0.0,0.0,6.0,7.0,8.0,0.0,0.0,0.0,0.0
4,9,150,8,5,0.0,0.0,0.0,0.0,5.0,6.0,7.0,8.0,9.0,0.0,0.0,0.0
1,9,90,5,2,0.0,0.0,0.0,0.0,0.0,6.0,7.0,8.0,0.0,0.0,0.0,0.0
4,9,120,12,8,0.0,0.0,0.0,0.0,0.0,6.0,7.0,8.0,9.0,0.0,0.0,0.0
4,9,120,8,4,0.0,0.0,0.0,0.0,5.0,6.0,7.0,8.0,0.0,0.0,0.0,0.0
3,9,90,4,2,0.0,0.0,0.0,0.0,0.0,6.0,7.0,8.0,0.0,0.0,0.0,0.0
4,9,120,24,3,0.0,0.0,0.0,0.0,5.0,6.0,7.0,8.0,0.0,0.0,0.0,0.0
4,9,180,18,7,0.0,0.0,0.0,4.0,5.0,6.0,7.0,8.0,9.0,0.0,0.0,0.0
4,9,30,2,5,0.0,0.0,0.0,0.0,0.0,0.0,7.0,0.0,0.0,0.0,0.0,0.0
4,9,150,6,1,0.0,0.0,0.0,0.0,5.0,6.0,7.0,8.0,9.0,0.0,0.0,0.0
2,9,120,24,4,0.0,0.0,0.0,0.0,5.0,6.0,7.0,8.0,0.0,0.0,0.0,0.0
4,6,20,2,6,0.0,0.0,0.0,0.0,0.0,6.0,7.0,8.0,9.0,0.0,0.0,0.0
4,9,50,3,3,0.0,0.0,0.0,0.0,5.0,6.0,7.0,8.0,0.0,0.0,0.0,0.0
4,2,120,4,14,0.0,0.0,0.0,0.0,0.0,6.0,7.0,8.0,9.0,0.0,0.0,0.0
4,9,90,4,4,0.0,0.0,0.0,0.0,5.0,6.0,7.0,0.0,0.0,0.0,0.0,0.0
4,9,150,5,5,0.0,0.0,0.0,4.0,5.0,6.0,7.0,8.0,0.0,0.0,0.0,0.0
4,9,120,8,3,0.0,0.0,0.0,0.0,5.0,6.0,7.0,8.0,0.0,0.0,0.0,0.0
4,9,150,8,6,0.0,0.0,0.0,0.0,5.0,6.0,7.0,8.0,9.0,0.0,0.0,0.0
4,9,100,3,10,0.0,0.0,0.0,0.0,0.0,6.0,7.0,8.0,9.0,0.0,0.0,0.0
4,9,90,8,4,0.0,0.0,0.0,0.0,0.0,6.0,7.0,8.0,0.0,0.0,0.0,0.0
4,9,150,24,99,0.0,0.0,0.0,0.0,5.0,6.0,7.0,8.0,9.0,0.0,0.0,0.0
4,9,180,12,24,0.0,0.0,0.0,0.0,5.0,6.0,7.0,8.0,9.0,10.0,0.0,0.0
2,9,90,7,4,0.0,0.0,0.0,0.0,0.0,6.0,7.0,8.0,0.0,0.0,0.0,0.0
4,9,165,15,99,0.0,0.0,0.0,4.0,5.0,6.0,7.0,8.0,9.0,0.0,0.0,0.0
4,9,135,24,5,0.0,0.0,0.0,0.0,5.0,6.0,7.0,8.0,9.0,0.0,0.0,0.0
4,9,150,12,1,0.0,0.0,0.0,0.0,5.0,6.0,7.0,8.0,9.0,0.0,0.0,0.0
4,9,120,12,2,0.0,0.0,0.0,0.0,5.0,6.0,7.0,8.0,0.0,0.0,0.0,0.0
4,9,120,3,2,0.0,0.0,0.0,0.0,5.0,6.0,7.0,8.0,0.0,0.0,0.0,0.0
4,9,100,7,5,0.0,0.0,0.0,4.0,5.0,6.0,7.0,8.0,9.0,0.0,0.0,0.0
4,9,150,1,5,0.0,0.0,0.0,0.0,5.0,6.0,7.0,8.0,9.0,10.0,0.0,0.0
4,1,120,12,3,0.0,0.0,0.0,0.0,5.0,6.0,7.0,8.0,0.0,0.0,0.0,0.0
4,9,60,6,8,0.0,0.0,0.0,0.0,5.0,6.0,7.0,8.0,0.0,0.0,0.0,0.0
4,1,150,18,5,0.0,0.0,0.0,0.0,5.0,6.0,7.0,8.0,9.0,0.0,0.0,0.0
3,9,90,3,6,0.0,0.0,0.0,0.0,0.0,6.0,7.0,8.0,0.0,0.0,0.0,0.0
4,9,30,3,99,0.0,0.0,0.0,0.0,0.0,0.0,7.0,0.0,0.0,0.0,0.0,0.0
4,9,120,12,2,0.0,0.0,0.0,0.0,5.0,6.0,7.0,8.0,0.0,0.0,0.0,0.0
4,9,120,12,5,0.0,0.0,0.0,0.0,5.0,6.0,7.0,8.0,0.0,0.0,0.0,0.0
3,9,90,8,9,0.0,0.0,0.0,0.0,0.0,6.0,7.0,8.0,0.0,0.0,0.0,0.0
3,9,120,6,2,0.0,0.0,0.0,0.0,5.0,6.0,7.0,8.0,0.0,0.0,0.0,0.0
3,6,200,4,10,0.0,0.0,3.0,4.0,5.0,6.0,7.0,8.0,9.0,10.0,0.0,0.0
3,1,150,10,2,0.0,0.0,0.0,4.0,5.0,6.0,7.0,8.0,9.0,10.0,0.0,0.0
3,9,120,6,10,0.0,0.0,0.0,0.0,5.0,6.0,7.0,8.0,0.0,0.0,0.0,0.0
3,9,120,3,10,0.0,0.0,0.0,0.0,5.0,6.0,7.0,8.0,0.0,0.0,0.0,0.0
2,9,90,4,10,0.0,0.0,0.0,0.0,0.0,6.0,7.0,8.0,0.0,0.0,0.0,0.0
4,9,60,3,4,0.0,0.0,0.0,0.0,0.0,6.0,7.0,0.0,0.0,0.0,0.0,0.0
4,9,30,3,1,0.0,0.0,0.0,0.0,0.0,6.0,7.0,0.0,0.0,0.0,0.0,0.0
4,9,90,12,5,0.0,0.0,0.0,0.0,0.0,6.0,7.0,8.0,0.0,0.0,0.0,0.0
4,9,120,8,3,0.0,0.0,0.0,0.0,0.0,6.0,7.0,8.0,9.0,0.0,0.0,0.0
4,9,150,7,6,0.0,0.0,0.0,0.0,5.0,6.0,7.0,8.0,9.0,0.0,0.0,0.0
4,9,150,8,2,0.0,0.0,0.0,4.0,5.0,6.0,7.0,8.0,0.0,0.0,0.0,0.0
4,9,180,24,1,0.0,0.0,0.0,4.0,5.0,6.0,7.0,8.0,9.0,0.0,0.0,0.0
4,9,180,8,2,0.0,0.0,3.0,4.0,5.0,6.0,7.0,8.0,9.0,0.0,0.0,0.0
4,9,150,24,5,0.0,0.0,0.0,0.0,5.0,6.0,7.0,8.0,9.0,0.0,0.0,0.0
4,9,60,3,1,0.0,0.0,0.0,0.0,0.0,0.0,7.0,8.0,0.0,0.0,0.0,0.0
4,9,110,4,1,0.0,0.0,0.0,0.0,0.0,6.0,7.0,8.0,9.0,0.0,0.0,0.0
4,9,105,2,1,0.0,0.0,0.0,0.0,0.0,6.0,7.0,8.0,9.0,0.0,0.0,0.0
4,9,105,3,2,0.0,0.0,0.0,0.0,0.0,6.0,7.0,8.0,9.0,0.0,0.0,0.0
4,9,135,12,3,0.0,0.0,0.0,0.0,5.0,6.0,7.0,8.0,9.0,0.0,0.0,0.0
4,9,150,1,3,0.0,0.0,0.0,4.0,5.0,6.0,7.0,8.0,9.0,10.0,0.0,0.0
4,9,210,24,10,0.0,0.0,3.0,4.0,5.0,6.0,7.0,8.0,9.0,0.0,0.0,0.0
2,9,90,8,2,0.0,0.0,0.0,0.0,0.0,6.0,7.0,8.0,0.0,0.0,0.0,0.0
4,9,180,5,3,0.0,0.0,0.0,4.0,5.0,6.0,7.0,8.0,9.0,0.0,0.0,0.0
4,9,170,17,3,0.0,0.0,0.0,4.0,5.0,6.0,7.0,8.0,9.0,0.0,0.0,0.0
4,9,150,12,3,0.0,0.0,0.0,0.0,5.0,6.0,7.0,8.0,9.0,0.0,0.0,0.0
3,9,180,8,5,0.0,0.0,0.0,4.0,5.0,6.0,7.0,8.0,9.0,0.0,0.0,0.0
6,1,60,4,5,0.0,0.0,0.0,0.0,0.0,6.0,7.0,0.0,0.0,0.0,0.0,0.0
4,4,180,5,5,0.0,0.0,3.0,4.0,5.0,6.0,7.0,8.0,0.0,0.0,0.0,0.0
4,2,90,4,6,0.0,0.0,0.0,0.0,5.0,6.0,7.0,0.0,0.0,0.0,0.0,0.0
4,9,120,5,12,0.0,0.0,0.0,0.0,5.0,6.0,7.0,8.0,0.0,0.0,0.0,0.0
4,9,120,4,4,0.0,0.0,0.0,0.0,5.0,6.0,7.0,8.0,0.0,0.0,0.0,0.0
4,9,150,6,5,0.0,0.0,0.0,0.0,5.0,6.0,7.0,8.0,9.0,0.0,0.0,0.0
4,9,120,3,99,0.0,0.0,0.0,0.0,5.0,6.0,7.0,8.0,0.0,0.0,0.0,0.0
4,9,180,12,4,0.0,0.0,0.0,0.0,5.0,6.0,7.0,8.0,9.0,10.0,0.0,0.0
4,9,120,0,6,0.0,0.0,0.0,0.0,5.0,6.0,7.0,8.0,0.0,0.0,0.0,0.0
4,9,150,7,7,0.0,0.0,0.0,4.0,5.0,6.0,7.0,8.0,0.0,0.0,0.0,0.0
4,9,210,8,15,0.0,0.0,0.0,4.0,5.0,6.0,7.0,8.0,9.0,10.0,0.0,0.0
4,9,120,6,10,0.0,0.0,0.0,0.0,5.0,6.0,7.0,8.0,0.0,0.0,0.0,0.0
4,9,170,4,1,0.0,0.0,0.0,4.0,5.0,6.0,7.0,8.0,9.0,0.0,0.0,0.0
2,9,120,3,4,0.0,0.0,0.0,0.0,5.0,6.0,7.0,8.0,0.0,0.0,0.0,0.0
4,9,120,5,8,0.0,0.0,0.0,0.0,5.0,6.0,7.0,8.0,0.0,0.0,0.0,0.0
4,9,120,5,2,0.0,0.0,0.0,0.0,5.0,6.0,7.0,8.0,0.0,0.0,0.0,0.0
3,1,90,15,12,0.0,0.0,0.0,0.0,0.0,6.0,7.0,8.0,0.0,0.0,0.0,0.0
4,9,90,12,2,0.0,0.0,0.0,0.0,0.0,6.0,7.0,8.0,0.0,0.0,0.0,0.0
4,9,60,8,7,0.0,0.0,0.0,0.0,0.0,6.0,7.0,0.0,0.0,0.0,0.0,0.0
4,9,150,8,4,0.0,0.0,0.0,0.0,5.0,6.0,7.0,8.0,9.0,0.0,0.0,0.0
4,9,120,4,13,0.0,0.0,0.0,0.0,5.0,6.0,7.0,8.0,0.0,0.0,0.0,0.0
4,9,120,8,4,0.0,0.0,0.0,0.0,5.0,6.0,7.0,8.0,0.0,0.0,0.0,0.0
4,9,120,8,4,0.0,0.0,0.0,0.0,5.0,6.0,7.0,8.0,0.0,0.0,0.0,0.0
4,9,120,2,1,0.0,0.0,0.0,0.0,5.0,6.0,7.0,8.0,0.0,0.0,0.0,0.0
4,9,120,2,4,0.0,0.0,0.0,0.0,5.0,6.0,7.0,8.0,0.0,0.0,0.0,0.0
4,9,90,1,3,0.0,0.0,0.0,0.0,0.0,6.0,7.0,8.0,0.0,0.0,0.0,0.0
4,9,60,8,10,0.0,0.0,0.0,0.0,0.0,0.0,7.0,8.0,0.0,0.0,0.0,0.0
4,9,150,9,8,0.0,0.0,0.0,0.0,5.0,6.0,7.0,8.0,9.0,0.0,0.0,0.0
4,9,120,15,4,0.0,0.0,0.0,0.0,5.0,6.0,7.0,8.0,0.0,0.0,0.0,0.0
4,9,90,12,4,0.0,0.0,0.0,0.0,0.0,6.0,7.0,8.0,0.0,0.0,0.0,0.0
4,9,90,8,10,0.0,0.0,0.0,0.0,0.0,6.0,7.0,8.0,0.0,0.0,0.0,0.0
3,9,90,4,3,0.0,0.0,0.0,0.0,5.0,6.0,7.0,0.0,0.0,0.0,0.0,0.0
3,9,90,3,4,0.0,0.0,0.0,0.0,0.0,6.0,7.0,8.0,0.0,0.0,0.0,0.0
4,9,60,3,5,0.0,0.0,0.0,0.0,0.0,6.0,7.0,0.0,0.0,0.0,0.0,0.0
3,9,30,5,2,0.0,0.0,0.0,0.0,0.0,0.0,7.0,0.0,0.0,0.0,0.0,0.0
4,9,150,10,6,0.0,0.0,0.0,0.0,5.0,6.0,7.0,8.0,9.0,0.0,0.0,0.0
4,9,120,12,1,0.0,0.0,0.0,0.0,5.0,6.0,7.0,8.0,9.0,0.0,0.0,0.0
4,9,180,5,2,0.0,0.0,0.0,0.0,5.0,6.0,7.0,8.0,9.0,10.0,0.0,0.0
4,9,120,5,3,0.0,0.0,0.0,0.0,5.0,6.0,7.0,8.0,0.0,0.0,0.0,0.0
4,9,100,3,5,0.0,0.0,0.0,0.0,5.0,6.0,7.0,8.0,0.0,0.0,0.0,0.0
4,9,90,3,2,0.0,0.0,0.0,0.0,5.0,6.0,7.0,0.0,0.0,0.0,0.0,0.0
2,9,120,12,6,0.0,0.0,0.0,0.0,5.0,6.0,7.0,8.0,0.0,0.0,0.0,0.0
4,9,210,8,10,0.0,0.0,3.0,4.0,5.0,6.0,7.0,8.0,9.0,0.0,0.0,0.0
4,9,90,10,2,0.0,0.0,0.0,0.0,5.0,6.0,7.0,0.0,0.0,0.0,0.0,0.0
4,9,90,12,1,0.0,0.0,0.0,0.0,0.0,6.0,7.0,8.0,0.0,0.0,0.0,0.0
4,9,90,6,10,0.0,0.0,0.0,0.0,0.0,6.0,7.0,8.0,0.0,0.0,0.0,0.0
5,9,150,3,1,0.0,0.0,0.0,0.0,5.0,6.0,7.0,8.0,9.0,0.0,0.0,0.0
3,6,90,4,12,0.0,0.0,0.0,0.0,0.0,6.0,7.0,8.0,0.0,0.0,0.0,0.0
3,6,90,3,12,0.0,0.0,0.0,0.0,0.0,6.0,7.0,8.0,0.0,0.0,0.0,0.0
6,9,10,2,2,0.0,0.0,0.0,0.0,0.0,0.0,0.0,8.0,0.0,0.0,0.0,0.0
4,9,170,14,7,0.0,0.0,0.0,4.0,5.0,6.0,7.0,8.0,9.0,0.0,0.0,0.0
4,9,105,3,25,0.0,0.0,0.0,0.0,5.0,6.0,7.0,8.0,0.0,0.0,0.0,0.0
4,9,90,5,18,0.0,0.0,0.0,0.0,0.0,6.0,7.0,8.0,0.0,0.0,0.0,0.0
4,9,120,7,2,0.0,0.0,0.0,0.0,0.0,6.0,7.0,8.0,9.0,0.0,0.0,0.0
4,9,150,5,4,0.0,0.0,0.0,4.0,5.0,6.0,7.0,8.0,0.0,0.0,0.0,0.0
4,9,150,4,2,0.0,0.0,0.0,4.0,5.0,6.0,7.0,8.0,0.0,0.0,0.0,0.0
4,9,60,10,2,0.0,0.0,0.0,0.0,0.0,6.0,7.0,0.0,0.0,0.0,0.0,0.0
4,9,180,12,2,0.0,0.0,0.0,4.0,5.0,6.0,7.0,8.0,9.0,0.0,0.0,0.0
4,9,150,15,3,0.0,0.0,0.0,0.0,5.0,6.0,7.0,8.0,9.0,0.0,0.0,0.0
4,9,150,9,8,0.0,0.0,0.0,0.0,5.0,6.0,7.0,8.0,9.0,0.0,0.0,0.0
4,9,90,5,6,0.0,0.0,0.0,0.0,0.0,6.0,7.0,8.0,0.0,0.0,0.0,0.0
5,3,90,8,2,0.0,0.0,0.0,0.0,0.0,6.0,7.0,8.0,0.0,0.0,0.0,0.0
4,9,150,4,3,0.0,0.0,0.0,0.0,5.0,6.0,7.0,8.0,9.0,0.0,0.0,0.0
2,9,120,9,1,0.0,0.0,0.0,0.0,5.0,6.0,7.0,8.0,0.0,0.0,0.0,0.0
4,9,165,24,3,0.0,0.0,0.0,0.0,5.0,6.0,7.0,8.0,9.0,10.0,0.0,0.0
4,9,120,3,20,0.0,0.0,0.0,0.0,5.0,6.0,7.0,8.0,0.0,0.0,0.0,0.0
4,9,120,15,99,0.0,0.0,0.0,0.0,5.0,6.0,7.0,8.0,0.0,0.0,0.0,0.0
3,9,120,7,3,0.0,0.0,0.0,0.0,5.0,6.0,7.0,8.0,0.0,0.0,0.0,0.0
4,9,150,6,2,0.0,0.0,0.0,0.0,5.0,6.0,7.0,8.0,9.0,0.0,0.0,0.0
4,9,150,8,1,0.0,0.0,0.0,0.0,5.0,6.0,7.0,8.0,9.0,0.0,0.0,0.0
1,9,195,16,4,0.0,0.0,0.0,4.0,5.0,6.0,7.0,8.0,9.0,10.0,0.0,0.0
4,9,150,12,7,0.0,0.0,0.0,0.0,5.0,6.0,7.0,8.0,9.0,0.0,0.0,0.0
4,9,150,3,15,0.0,0.0,0.0,4.0,5.0,6.0,7.0,8.0,0.0,0.0,0.0,0.0
2,1,90,6,10,0.0,0.0,0.0,0.0,0.0,6.0,7.0,8.0,0.0,0.0,0.0,0.0
4,5,120,12,4,0.0,0.0,0.0,0.0,0.0,6.0,7.0,8.0,9.0,0.0,0.0,0.0
4,9,120,18,2,0.0,0.0,0.0,0.0,0.0,6.0,7.0,8.0,9.0,0.0,0.0,0.0
3,9,120,5,5,0.0,0.0,0.0,0.0,5.0,6.0,7.0,8.0,0.0,0.0,0.0,0.0
4,9,130,3,1,0.0,0.0,0.0,0.0,5.0,6.0,7.0,8.0,9.0,0.0,0.0,0.0
4,9,150,10,17,0.0,0.0,0.0,0.0,5.0,6.0,7.0,8.0,9.0,0.0,0.0,0.0
4,9,180,5,1,0.0,0.0,0.0,4.0,5.0,6.0,7.0,8.0,9.0,0.0,0.0,0.0
4,9,120,9,5,0.0,0.0,0.0,0.0,5.0,6.0,7.0,8.0,0.0,0.0,0.0,0.0
6,9,150,4,3,0.0,0.0,0.0,4.0,5.0,6.0,7.0,8.0,0.0,0.0,0.0,0.0
4,9,150,1,3,0.0,0.0,0.0,0.0,5.0,6.0,7.0,8.0,9.0,0.0,0.0,0.0
4,9,180,2,7,0.0,0.0,3.0,4.0,5.0,6.0,7.0,8.0,0.0,0.0,0.0,0.0
4,9,120,6,7,0.0,0.0,0.0,0.0,5.0,6.0,7.0,8.0,0.0,0.0,0.0,0.0
4,9,240,15,2,0.0,0.0,3.0,4.0,5.0,6.0,7.0,8.0,9.0,10.0,0.0,0.0
4,9,105,6,6,0.0,0.0,0.0,0.0,5.0,6.0,7.0,8.0,0.0,0.0,0.0,0.0
4,3,105,24,3,0.0,0.0,0.0,0.0,0.0,6.0,7.0,8.0,9.0,0.0,0.0,0.0
3,9,60,4,2,0.0,0.0,0.0,0.0,0.0,6.0,7.0,0.0,0.0,0.0,0.0,0.0
4,9,120,3,6,0.0,0.0,0.0,0.0,5.0,6.0,7.0,8.0,0.0,0.0,0.0,0.0
4,9,120,7,7,0.0,0.0,0.0,0.0,5.0,6.0,7.0,8.0,0.0,0.0,0.0,0.0
4,9,90,2,2,0.0,0.0,0.0,0.0,0.0,6.0,7.0,8.0,0.0,0.0,0.0,0.0
3,9,120,3,5,0.0,0.0,0.0,0.0,5.0,6.0,7.0,8.0,0.0,0.0,0.0,0.0
3,1,90,2,7,0.0,0.0,0.0,0.0,5.0,6.0,7.0,0.0,0.0,0.0,0.0,0.0
3,9,120,2,2,0.0,0.0,0.0,0.0,5.0,6.0,7.0,8.0,0.0,0.0,0.0,0.0
4,1,120,12,2,0.0,0.0,0.0,0.0,5.0,6.0,7.0,8.0,0.0,0.0,0.0,0.0
4,9,120,10,5,0.0,0.0,0.0,0.0,0.0,6.0,7.0,8.0,9.0,0.0,0.0,0.0
4,9,150,7,4,0.0,0.0,0.0,4.0,5.0,6.0,7.0,8.0,0.0,0.0,0.0,0.0
4,9,150,12,3,0.0,0.0,0.0,0.0,5.0,6.0,7.0,8.0,9.0,0.0,0.0,0.0
4,9,210,24,2,0.0,0.0,0.0,4.0,5.0,6.0,7.0,8.0,9.0,10.0,0.0,0.0
4,9,120,8,3,0.0,0.0,0.0,0.0,5.0,6.0,7.0,8.0,0.0,0.0,0.0,0.0
2,9,90,6,1,0.0,0.0,0.0,0.0,0.0,6.0,7.0,8.0,0.0,0.0,0.0,0.0
4,9,120,15,7,0.0,0.0,0.0,0.0,5.0,6.0,7.0,8.0,0.0,0.0,0.0,0.0
4,9,150,2,3,0.0,0.0,0.0,4.0,5.0,6.0,7.0,8.0,0.0,0.0,0.0,0.0
4,9,210,24,4,0.0,0.0,3.0,4.0,5.0,6.0,7.0,8.0,9.0,0.0,0.0,0.0
6,9,150,8,1,0.0,0.0,0.0,0.0,5.0,6.0,7.0,8.0,9.0,0.0,0.0,0.0
4,9,120,3,3,0.0,0.0,0.0,0.0,5.0,6.0,7.0,8.0,0.0,0.0,0.0,0.0
4,3,120,12,14,0.0,0.0,0.0,0.0,5.0,6.0,7.0,8.0,0.0,0.0,0.0,0.0
4,9,140,0,7,0.0,0.0,0.0,0.0,5.0,6.0,7.0,8.0,9.0,10.0,0.0,0.0
6,9,240,12,4,0.0,2.0,3.0,4.0,5.0,6.0,7.0,8.0,9.0,0.0,0.0,0.0
4,9,120,6,10,0.0,0.0,0.0,0.0,5.0,6.0,7.0,8.0,0.0,0.0,0.0,0.0
4,9,120,5,4,0.0,0.0,0.0,0.0,5.0,6.0,7.0,8.0,0.0,0.0,0.0,0.0
4,9,120,10,12,0.0,0.0,0.0,0.0,5.0,6.0,7.0,8.0,0.0,0.0,0.0,0.0
4,9,180,12,3,0.0,0.0,0.0,4.0,5.0,6.0,7.0,8.0,9.0,0.0,0.0,0.0
2,9,150,8,1,0.0,0.0,0.0,4.0,5.0,6.0,7.0,8.0,0.0,0.0,0.0,0.0
4,9,180,5,15,0.0,0.0,0.0,4.0,5.0,6.0,7.0,8.0,9.0,0.0,0.0,0.0
4,9,120,2,1,0.0,0.0,0.0,0.0,5.0,6.0,7.0,8.0,0.0,0.0,0.0,0.0
4,9,180,12,4,0.0,0.0,0.0,0.0,5.0,6.0,7.0,8.0,9.0,10.0,0.0,0.0
4,9,120,6,1,0.0,0.0,0.0,0.0,5.0,6.0,7.0,8.0,0.0,0.0,0.0,0.0
2,9,150,10,1,0.0,0.0,0.0,4.0,5.0,6.0,7.0,8.0,9.0,0.0,0.0,0.0
4,9,120,5,1,0.0,0.0,0.0,0.0,5.0,6.0,7.0,8.0,0.0,0.0,0.0,0.0
4,9,60,5,12,0.0,0.0,0.0,0.0,0.0,6.0,7.0,0.0,0.0,0.0,0.0,0.0
4,9,135,12,1,0.0,0.0,0.0,0.0,5.0,6.0,7.0,8.0,9.0,0.0,0.0,0.0
4,3,165,8,5,0.0,0.0,0.0,0.0,5.0,6.0,7.0,8.0,9.0,10.0,0.0,0.0
4,9,66,2,2,0.0,0.0,0.0,4.0,5.0,6.0,0.0,0.0,0.0,0.0,0.0,0.0
4,9,220,5,5,0.0,0.0,3.0,4.0,5.0,6.0,7.0,8.0,9.0,10.0,0.0,0.0
4,9,150,4,4,0.0,0.0,0.0,0.0,5.0,6.0,7.0,8.0,9.0,0.0,0.0,0.0
4,9,120,4,6,0.0,0.0,0.0,0.0,5.0,6.0,7.0,8.0,0.0,0.0,0.0,0.0
4,9,120,4,12,0.0,0.0,0.0,0.0,5.0,6.0,7.0,8.0,0.0,0.0,0.0,0.0
2,9,120,5,4,0.0,0.0,0.0,0.0,5.0,6.0,7.0,8.0,0.0,0.0,0.0,0.0
4,9,30,2,5,0.0,0.0,0.0,0.0,0.0,0.0,7.0,8.0,0.0,0.0,0.0,0.0
4,9,195,3,5,0.0,0.0,0.0,4.0,5.0,6.0,7.0,8.0,9.0,10.0,0.0,0.0
3,9,90,3,2,0.0,0.0,0.0,0.0,5.0,6.0,7.0,0.0,0.0,0.0,0.0,0.0
2,9,180,8,3,0.0,0.0,0.0,4.0,5.0,6.0,7.0,8.0,9.0,0.0,0.0,0.0
3,1,150,4,6,0.0,0.0,0.0,0.0,5.0,6.0,7.0,8.0,9.0,0.0,0.0,0.0
4,9,120,3,10,0.0,0.0,0.0,0.0,0.0,6.0,7.0,8.0,9.0,0.0,0.0,0.0
4,9,180,8,5,0.0,0.0,0.0,4.0,5.0,6.0,7.0,8.0,9.0,0.0,0.0,0.0
4,9,150,7,3,0.0,0.0,0.0,4.0,5.0,6.0,7.0,8.0,0.0,0.0,0.0,0.0
4,9,140,1,1,0.0,0.0,0.0,0.0,5.0,6.0,7.0,8.0,9.0,0.0,0.0,0.0
4,3,90,4,5,0.0,0.0,0.0,0.0,0.0,6.0,7.0,8.0,0.0,0.0,0.0,0.0
4,9,150,8,6,0.0,0.0,0.0,0.0,5.0,6.0,7.0,8.0,9.0,0.0,0.0,0.0
3,9,240,4,2,0.0,2.0,3.0,4.0,5.0,6.0,7.0,8.0,9.0,0.0,0.0,0.0
4,9,120,7,1,0.0,0.0,0.0,0.0,5.0,6.0,7.0,8.0,0.0,0.0,0.0,0.0
4,9,150,7,3,0.0,0.0,0.0,0.0,5.0,6.0,7.0,8.0,9.0,0.0,0.0,0.0
4,9,150,15,1,0.0,0.0,0.0,0.0,5.0,6.0,7.0,8.0,9.0,0.0,0.0,0.0
4,9,180,2,8,0.0,0.0,0.0,0.0,5.0,6.0,7.0,8.0,9.0,10.0,0.0,0.0
3,9,180,12,2,0.0,0.0,0.0,0.0,5.0,6.0,7.0,8.0,9.0,10.0,0.0,0.0
4,9,210,5,1,0.0,0.0,0.0,4.0,5.0,6.0,7.0,8.0,9.0,10.0,0.0,0.0
4,3,180,12,1,0.0,0.0,3.0,4.0,5.0,6.0,7.0,8.0,0.0,0.0,0.0,0.0
4,9,90,8,2,0.0,0.0,0.0,0.0,0.0,6.0,7.0,8.0,0.0,0.0,0.0,0.0
3,9,150,8,3,0.0,0.0,0.0,4.0,5.0,6.0,7.0,8.0,0.0,0.0,0.0,0.0
4,9,120,5,2,0.0,0.0,0.0,0.0,5.0,6.0,7.0,8.0,0.0,0.0,0.0,0.0
4,9,180,10,8,0.0,0.0,0.0,0.0,5.0,6.0,7.0,8.0,9.0,10.0,0.0,0.0
4,9,150,8,1,0.0,0.0,0.0,0.0,0.0,6.0,7.0,8.0,9.0,10.0,0.0,0.0
4,9,150,8,2,0.0,0.0,0.0,0.0,5.0,6.0,7.0,8.0,9.0,0.0,0.0,0.0
4,9,120,1,8,0.0,0.0,0.0,0.0,0.0,6.0,7.0,8.0,9.0,0.0,0.0,0.0
6,4,90,2,2,0.0,0.0,0.0,0.0,5.0,6.0,7.0,0.0,0.0,0.0,0.0,0.0
6,3,90,4,1,0.0,0.0,0.0,0.0,5.0,6.0,7.0,0.0,0.0,0.0,0.0,0.0
3,9,240,4,5,0.0,0.0,3.0,4.0,5.0,6.0,7.0,8.0,9.0,10.0,0.0,0.0
4,9,120,11,10,0.0,0.0,0.0,0.0,5.0,6.0,7.0,8.0,0.0,0.0,0.0,0.0
4,9,150,17,8,0.0,0.0,0.0,0.0,5.0,6.0,7.0,8.0,9.0,0.0,0.0,0.0
6,5,160,2,1,0.0,0.0,0.0,4.0,5.0,6.0,7.0,8.0,9.0,0.0,0.0,0.0
4,9,135,15,3,0.0,0.0,0.0,0.0,5.0,6.0,7.0,8.0,9.0,0.0,0.0,0.0
4,9,180,7,1,0.0,0.0,0.0,4.0,5.0,6.0,7.0,8.0,9.0,10.0,0.0,0.0
4,9,60,6,28,0.0,0.0,0.0,0.0,5.0,6.0,7.0,0.0,0.0,0.0,0.0,0.0
4,9,90,10,15,0.0,0.0,0.0,0.0,0.0,6.0,7.0,8.0,0.0,0.0,0.0,0.0
3,9,130,9,1,0.0,0.0,0.0,0.0,5.0,6.0,7.0,8.0,9.0,0.0,0.0,0.0
6,9,60,0,1,0.0,0.0,0.0,0.0,0.0,6.0,7.0,0.0,0.0,0.0,0.0,0.0
4,9,150,10,10,0.0,0.0,0.0,0.0,5.0,6.0,7.0,8.0,9.0,0.0,0.0,0.0
6,9,12,5,1,0.0,0.0,0.0,0.0,0.0,6.0,7.0,8.0,0.0,0.0,0.0,0.0
6,4,210,3,1,0.0,0.0,3.0,4.0,5.0,6.0,7.0,8.0,9.0,0.0,0.0,0.0
6,3,210,3,2,0.0,0.0,3.0,4.0,5.0,6.0,7.0,8.0,9.0,0.0,0.0,0.0
2,1,120,7,2,0.0,0.0,0.0,0.0,5.0,6.0,7.0,8.0,0.0,0.0,0.0,0.0
2,9,120,8,12,0.0,0.0,0.0,0.0,5.0,6.0,7.0,8.0,0.0,0.0,0.0,0.0
2,9,90,6,4,0.0,0.0,0.0,0.0,5.0,6.0,7.0,0.0,0.0,0.0,0.0,0.0
2,9,90,24,1,0.0,0.0,0.0,0.0,5.0,6.0,7.0,0.0,0.0,0.0,0.0,0.0
4,9,210,24,6,0.0,0.0,0.0,4.0,5.0,6.0,7.0,8.0,9.0,10.0,0.0,0.0
4,9,13,18,99,0.0,0.0,0.0,4.0,5.0,6.0,7.0,8.0,0.0,0.0,0.0,0.0
2,9,120,2,3,0.0,0.0,0.0,0.0,5.0,6.0,7.0,8.0,0.0,0.0,0.0,0.0
4,2,180,13,6,0.0,0.0,0.0,4.0,5.0,6.0,7.0,8.0,9.0,0.0,0.0,0.0
4,9,135,8,3,0.0,0.0,0.0,0.0,5.0,6.0,7.0,8.0,9.0,0.0,0.0,0.0
4,9,135,10,5,0.0,0.0,0.0,0.0,5.0,6.0,7.0,8.0,9.0,0.0,0.0,0.0
4,9,180,24,8,0.0,0.0,0.0,4.0,5.0,6.0,7.0,8.0,9.0,0.0,0.0,0.0
5,9,90,12,6,0.0,0.0,0.0,0.0,5.0,6.0,7.0,0.0,0.0,0.0,0.0,0.0
4,9,60,2,5,0.0,0.0,0.0,0.0,5.0,6.0,0.0,0.0,0.0,0.0,0.0,0.0
4,9,120,3,4,0.0,0.0,0.0,4.0,5.0,6.0,7.0,0.0,0.0,0.0,0.0,0.0
4,9,150,3,7,0.0,0.0,0.0,0.0,5.0,6.0,7.0,8.0,9.0,0.0,0.0,0.0
4,9,150,8,1,0.0,0.0,0.0,0.0,5.0,6.0,7.0,8.0,9.0,0.0,0.0,0.0
4,9,60,2,1,0.0,0.0,0.0,0.0,0.0,6.0,7.0,0.0,0.0,0.0,0.0,0.0
4,9,60,0,12,0.0,0.0,0.0,0.0,0.0,0.0,7.0,8.0,0.0,0.0,0.0,0.0
4,9,30,2,2,0.0,0.0,0.0,0.0,0.0,6.0,0.0,0.0,0.0,0.0,0.0,0.0
5,2,150,2,5,0.0,0.0,0.0,0.0,5.0,6.0,7.0,8.0,9.0,0.0,0.0,0.0
2,1,150,2,5,0.0,0.0,0.0,0.0,5.0,6.0,7.0,8.0,9.0,0.0,0.0,0.0
4,9,150,5,6,0.0,0.0,0.0,0.0,5.0,6.0,7.0,8.0,9.0,0.0,0.0,0.0
4,9,90,3,7,0.0,0.0,0.0,0.0,0.0,6.0,7.0,8.0,0.0,0.0,0.0,0.0
4,9,120,8,10,0.0,0.0,0.0,0.0,5.0,6.0,7.0,8.0,0.0,0.0,0.0,0.0
2,9,120,3,3,0.0,0.0,0.0,0.0,5.0,6.0,7.0,8.0,0.0,0.0,0.0,0.0
4,9,90,7,7,0.0,0.0,0.0,0.0,0.0,6.0,7.0,8.0,0.0,0.0,0.0,0.0
4,9,15,5,1,0.0,0.0,0.0,0.0,0.0,0.0,7.0,0.0,0.0,0.0,0.0,0.0
4,9,100,5,10,0.0,0.0,0.0,0.0,5.0,6.0,7.0,8.0,9.0,0.0,0.0,0.0
2,9,120,8,2,0.0,0.0,0.0,0.0,5.0,6.0,7.0,8.0,0.0,0.0,0.0,0.0
6,3,150,15,3,0.0,0.0,0.0,0.0,5.0,6.0,7.0,8.0,9.0,0.0,0.0,0.0
2,9,190,10,1,0.0,0.0,0.0,4.0,5.0,6.0,7.0,8.0,9.0,10.0,0.0,0.0
4,9,150,8,1,0.0,0.0,0.0,0.0,0.0,6.0,7.0,8.0,9.0,10.0,0.0,0.0
4,9,150,8,1,0.0,0.0,0.0,0.0,0.0,6.0,7.0,8.0,9.0,10.0,0.0,0.0
2,9,210,10,15,0.0,0.0,0.0,4.0,5.0,6.0,7.0,8.0,9.0,10.0,0.0,0.0
5,3,180,12,1,0.0,0.0,0.0,0.0,5.0,6.0,7.0,8.0,9.0,10.0,0.0,0.0
4,9,90,4,1,0.0,0.0,0.0,0.0,5.0,6.0,7.0,0.0,0.0,0.0,0.0,0.0
2,9,120,9,1,0.0,0.0,0.0,0.0,5.0,6.0,7.0,8.0,0.0,0.0,0.0,0.0
4,9,120,2,2,0.0,0.0,0.0,0.0,5.0,6.0,7.0,8.0,0.0,0.0,0.0,0.0
4,9,150,8,6,0.0,0.0,0.0,0.0,5.0,6.0,7.0,8.0,9.0,0.0,0.0,0.0
4,9,210,12,6,0.0,0.0,0.0,4.0,5.0,6.0,7.0,8.0,9.0,10.0,0.0,0.0
1,1,7,0,1,0.0,0.0,0.0,0.0,0.0,0.0,0.0,0.0,0.0,0.0,0.0,12.0
5,3,60,3,1,0.0,0.0,0.0,0.0,5.0,6.0,7.0,8.0,0.0,0.0,0.0,0.0
5,9,30,1,1,1.0,0.0,0.0,0.0,0.0,0.0,0.0,0.0,0.0,0.0,0.0,12.0
5,9,120,2,2,0.0,0.0,0.0,4.0,5.0,6.0,7.0,0.0,0.0,0.0,0.0,0.0
6,9,60,2,8,0.0,0.0,0.0,0.0,0.0,6.0,7.0,0.0,0.0,0.0,0.0,0.0
5,3,30,1,8,0.0,0.0,0.0,0.0,0.0,6.0,0.0,0.0,0.0,0.0,0.0,0.0
6,9,60,5,5,0.0,0.0,0.0,0.0,5.0,6.0,0.0,0.0,0.0,0.0,0.0,0.0
4,6,180,6,20,0.0,0.0,0.0,4.0,5.0,6.0,7.0,8.0,9.0,0.0,0.0,0.0
4,1,150,3,99,0.0,0.0,0.0,4.0,5.0,6.0,7.0,8.0,0.0,0.0,0.0,0.0
4,9,210,8,20,0.0,0.0,0.0,4.0,5.0,6.0,7.0,8.0,9.0,10.0,0.0,0.0
4,9,120,10,12,0.0,0.0,0.0,4.0,5.0,6.0,7.0,0.0,0.0,0.0,0.0,0.0
4,9,120,15,9,0.0,0.0,0.0,0.0,0.0,6.0,7.0,8.0,9.0,0.0,0.0,0.0
3,9,240,24,5,0.0,0.0,3.0,4.0,5.0,6.0,7.0,8.0,9.0,10.0,0.0,0.0
3,9,150,5,15,0.0,0.0,0.0,0.0,5.0,6.0,7.0,8.0,9.0,0.0,0.0,0.0
4,9,60,2,25,0.0,0.0,0.0,0.0,0.0,0.0,7.0,8.0,0.0,0.0,0.0,0.0
4,9,240,3,4,0.0,0.0,3.0,4.0,5.0,6.0,7.0,8.0,9.0,10.0,0.0,0.0
4,1,150,3,3,0.0,0.0,0.0,4.0,5.0,6.0,7.0,8.0,0.0,0.0,0.0,0.0
4,5,210,24,3,0.0,0.0,0.0,4.0,5.0,6.0,7.0,8.0,9.0,10.0,0.0,0.0
2,9,150,10,17,0.0,0.0,0.0,0.0,0.0,6.0,7.0,8.0,9.0,10.0,0.0,0.0
5,5,240,12,1,0.0,0.0,3.0,4.0,5.0,6.0,7.0,8.0,9.0,10.0,0.0,0.0
4,9,180,15,8,0.0,0.0,3.0,4.0,5.0,6.0,7.0,8.0,9.0,0.0,0.0,0.0
4,9,150,4,11,0.0,0.0,0.0,0.0,5.0,6.0,7.0,8.0,9.0,0.0,0.0,0.0
2,1,120,8,1,0.0,0.0,0.0,0.0,5.0,6.0,7.0,8.0,0.0,0.0,0.0,0.0
5,9,120,5,4,0.0,0.0,0.0,4.0,5.0,6.0,7.0,0.0,0.0,0.0,0.0,0.0
4,9,180,6,99,0.0,0.0,3.0,4.0,5.0,6.0,7.0,8.0,0.0,0.0,0.0,0.0
4,9,180,3,5,0.0,0.0,0.0,4.0,5.0,6.0,7.0,8.0,9.0,10.0,0.0,0.0
4,9,120,2,25,0.0,0.0,0.0,0.0,5.0,6.0,7.0,8.0,0.0,0.0,0.0,0.0
4,4,80,3,15,0.0,0.0,3.0,4.0,5.0,6.0,7.0,8.0,0.0,0.0,0.0,0.0
3,5,180,1,1,0.0,0.0,0.0,4.0,5.0,6.0,7.0,8.0,9.0,0.0,0.0,0.0
4,9,180,10,5,0.0,0.0,0.0,4.0,5.0,6.0,7.0,8.0,9.0,0.0,0.0,0.0
4,9,120,8,4,0.0,0.0,0.0,0.0,5.0,6.0,7.0,8.0,0.0,0.0,0.0,0.0
2,9,99,99,7,1.0,2.0,3.0,4.0,5.0,6.0,7.0,8.0,9.0,10.0,11.0,12.0
6,1,150,5,10,0.0,0.0,0.0,0.0,5.0,6.0,7.0,8.0,9.0,0.0,0.0,0.0
6,9,45,2,6,0.0,0.0,0.0,0.0,5.0,6.0,7.0,0.0,0.0,0.0,0.0,0.0
5,3,180,8,1,0.0,0.0,0.0,4.0,5.0,6.0,7.0,8.0,9.0,0.0,0.0,0.0
5,6,180,10,4,0.0,0.0,0.0,4.0,5.0,6.0,7.0,8.0,9.0,0.0,0.0,0.0
5,3,180,8,1,0.0,0.0,0.0,4.0,5.0,6.0,7.0,8.0,9.0,0.0,0.0,0.0
4,9,180,8,6,0.0,0.0,0.0,0.0,5.0,6.0,7.0,8.0,9.0,10.0,0.0,0.0
5,9,60,5,99,0.0,0.0,0.0,0.0,0.0,6.0,7.0,0.0,0.0,0.0,0.0,0.0
4,2,150,5,10,0.0,0.0,0.0,0.0,5.0,6.0,7.0,8.0,9.0,0.0,0.0,0.0
6,4,120,13,12,0.0,0.0,0.0,0.0,5.0,6.0,7.0,8.0,0.0,0.0,0.0,0.0
4,9,120,5,5,0.0,0.0,0.0,0.0,5.0,6.0,7.0,8.0,0.0,0.0,0.0,0.0
4,2,35,15,10,0.0,0.0,3.0,4.0,5.0,6.0,7.0,8.0,9.0,0.0,0.0,0.0
4,1,210,15,10,0.0,0.0,3.0,4.0,5.0,6.0,7.0,8.0,9.0,0.0,0.0,0.0
6,9,195,9,3,0.0,0.0,0.0,4.0,5.0,6.0,7.0,8.0,9.0,10.0,0.0,0.0
6,9,60,2,1,0.0,0.0,0.0,0.0,0.0,0.0,7.0,8.0,0.0,0.0,0.0,0.0
4,9,2,11,1,0.0,0.0,0.0,0.0,0.0,6.0,0.0,0.0,0.0,0.0,0.0,0.0
4,9,130,9,99,0.0,0.0,0.0,0.0,5.0,6.0,7.0,8.0,9.0,0.0,0.0,0.0
4,9,150,8,16,0.0,0.0,0.0,4.0,5.0,6.0,7.0,8.0,0.0,0.0,0.0,0.0
4,9,150,6,10,0.0,0.0,0.0,0.0,5.0,6.0,7.0,8.0,9.0,0.0,0.0,0.0
4,1,120,9,20,0.0,0.0,0.0,4.0,5.0,6.0,7.0,0.0,0.0,0.0,0.0,0.0
4,9,180,12,1,0.0,0.0,0.0,4.0,5.0,6.0,7.0,8.0,9.0,0.0,0.0,0.0
4,9,180,20,99,0.0,0.0,0.0,4.0,5.0,6.0,7.0,8.0,9.0,10.0,0.0,0.0
6,9,30,9,2,0.0,0.0,0.0,4.0,5.0,0.0,0.0,0.0,0.0,0.0,0.0,0.0
4,9,30,8,20,0.0,0.0,0.0,0.0,0.0,6.0,0.0,0.0,0.0,0.0,0.0,0.0
4,9,150,14,23,0.0,0.0,0.0,4.0,5.0,6.0,7.0,8.0,0.0,0.0,0.0,0.0
4,2,210,8,12,0.0,0.0,3.0,4.0,5.0,6.0,7.0,8.0,9.0,0.0,0.0,0.0
4,4,150,6,1,0.0,0.0,0.0,4.0,5.0,6.0,7.0,8.0,0.0,0.0,0.0,0.0
4,2,120,3,3,0.0,0.0,0.0,4.0,5.0,6.0,7.0,0.0,0.0,0.0,0.0,0.0
4,2,120,5,8,0.0,0.0,0.0,0.0,5.0,6.0,7.0,8.0,0.0,0.0,0.0,0.0
4,1,150,4,8,0.0,0.0,0.0,0.0,5.0,6.0,7.0,8.0,9.0,0.0,0.0,0.0
4,2,150,2,7,0.0,0.0,0.0,0.0,5.0,6.0,7.0,8.0,9.0,0.0,0.0,0.0
4,9,150,5,2,0.0,0.0,0.0,0.0,5.0,6.0,7.0,8.0,9.0,0.0,0.0,0.0
4,9,90,7,12,0.0,0.0,0.0,0.0,0.0,6.0,7.0,8.0,0.0,0.0,0.0,0.0
4,9,15,1,5,0.0,0.0,0.0,0.0,5.0,6.0,7.0,0.0,0.0,0.0,0.0,0.0
4,9,90,5,10,0.0,0.0,0.0,0.0,0.0,6.0,7.0,8.0,0.0,0.0,0.0,0.0
3,9,150,10,7,0.0,0.0,0.0,4.0,5.0,6.0,7.0,8.0,0.0,0.0,0.0,0.0
4,2,120,10,13,0.0,0.0,0.0,0.0,5.0,6.0,7.0,8.0,0.0,0.0,0.0,0.0
4,1,150,6,9,0.0,0.0,0.0,4.0,5.0,6.0,7.0,8.0,0.0,0.0,0.0,0.0
4,1,150,12,15,0.0,0.0,0.0,0.0,5.0,6.0,7.0,8.0,9.0,0.0,0.0,0.0
4,5,210,8,2,0.0,0.0,0.0,4.0,5.0,6.0,7.0,8.0,9.0,10.0,0.0,0.0
6,9,7,3,5,0.0,0.0,0.0,0.0,0.0,0.0,0.0,8.0,0.0,0.0,0.0,0.0
6,9,999,5,99,0.0,0.0,0.0,0.0,5.0,0.0,0.0,0.0,0.0,0.0,0.0,0.0
4,9,60,5,5,0.0,0.0,0.0,0.0,5.0,6.0,0.0,0.0,0.0,0.0,0.0,0.0
5,9,90,4,3,0.0,0.0,0.0,0.0,5.0,6.0,7.0,0.0,0.0,0.0,0.0,0.0
6,9,90,12,1,0.0,0.0,0.0,0.0,5.0,6.0,7.0,0.0,0.0,0.0,0.0,0.0
4,9,60,10,99,0.0,0.0,0.0,0.0,0.0,0.0,7.0,8.0,0.0,0.0,0.0,0.0
4,9,240,2,99,0.0,0.0,3.0,4.0,5.0,6.0,7.0,8.0,9.0,10.0,0.0,0.0
4,9,150,99,15,0.0,0.0,0.0,0.0,5.0,6.0,7.0,8.0,9.0,0.0,0.0,0.0
6,2,90,10,6,0.0,0.0,0.0,0.0,5.0,6.0,7.0,0.0,0.0,0.0,0.0,0.0
4,9,90,10,10,0.0,0.0,0.0,0.0,5.0,6.0,7.0,0.0,0.0,0.0,0.0,0.0
4,9,120,6,5,0.0,0.0,0.0,0.0,5.0,6.0,7.0,8.0,0.0,0.0,0.0,0.0
4,9,120,6,5,0.0,0.0,0.0,0.0,5.0,6.0,7.0,8.0,0.0,0.0,0.0,0.0
3,1,150,5,99,0.0,0.0,0.0,4.0,5.0,6.0,7.0,8.0,0.0,0.0,0.0,0.0
1,9,150,4,99,0.0,0.0,0.0,0.0,5.0,6.0,7.0,8.0,9.0,0.0,0.0,0.0
4,9,180,10,99,0.0,0.0,0.0,0.0,5.0,6.0,7.0,8.0,9.0,10.0,0.0,0.0
4,1,30,2,1,0.0,0.0,0.0,0.0,5.0,0.0,0.0,0.0,0.0,0.0,0.0,0.0
4,9,240,6,3,0.0,0.0,0.0,0.0,5.0,6.0,7.0,8.0,9.0,10.0,11.0,12.0
2,9,90,2,2,0.0,0.0,0.0,0.0,0.0,6.0,7.0,8.0,0.0,0.0,0.0,0.0
4,9,90,8,6,0.0,0.0,0.0,0.0,5.0,6.0,7.0,0.0,0.0,0.0,0.0,0.0
4,9,15,4,6,0.0,0.0,0.0,4.0,0.0,0.0,0.0,0.0,0.0,0.0,0.0,0.0
4,9,75,6,1,0.0,0.0,0.0,0.0,5.0,6.0,7.0,0.0,0.0,0.0,0.0,0.0
4,9,120,5,2,0.0,0.0,0.0,4.0,5.0,6.0,7.0,0.0,0.0,0.0,0.0,0.0
2,5,80,6,3,0.0,0.0,0.0,0.0,5.0,6.0,7.0,0.0,0.0,0.0,0.0,0.0
5,9,60,1,2,0.0,0.0,0.0,0.0,5.0,6.0,0.0,0.0,0.0,0.0,0.0,0.0
4,9,30,10,12,0.0,0.0,0.0,0.0,5.0,0.0,0.0,0.0,0.0,0.0,0.0,0.0
4,9,90,4,16,0.0,0.0,0.0,0.0,5.0,6.0,7.0,0.0,0.0,0.0,0.0,0.0
4,9,120,10,10,0.0,0.0,0.0,0.0,5.0,6.0,7.0,8.0,0.0,0.0,0.0,0.0
4,9,90,1,8,0.0,0.0,0.0,0.0,5.0,6.0,7.0,0.0,0.0,0.0,0.0,0.0
4,9,150,2,15,0.0,0.0,0.0,4.0,5.0,6.0,7.0,8.0,0.0,0.0,0.0,0.0
4,9,120,5,99,0.0,0.0,0.0,4.0,5.0,6.0,7.0,0.0,0.0,0.0,0.0,0.0
5,3,90,6,1,0.0,0.0,3.0,4.0,5.0,0.0,0.0,0.0,0.0,0.0,0.0,0.0
5,3,90,2,10,0.0,0.0,3.0,4.0,5.0,0.0,0.0,0.0,0.0,0.0,0.0,0.0
5,3,90,6,10,0.0,0.0,3.0,4.0,5.0,0.0,0.0,0.0,0.0,0.0,0.0,0.0
5,3,90,6,7,0.0,0.0,3.0,4.0,5.0,0.0,0.0,0.0,0.0,0.0,0.0,0.0
4,9,60,4,10,0.0,0.0,0.0,0.0,0.0,0.0,7.0,8.0,0.0,0.0,0.0,0.0
4,9,210,12,1,0.0,0.0,0.0,0.0,5.0,6.0,7.0,8.0,9.0,10.0,11.0,0.0
4,9,165,1,8,0.0,0.0,0.0,4.0,5.0,6.0,7.0,8.0,9.0,0.0,0.0,0.0
2,9,30,10,1,0.0,0.0,0.0,0.0,5.0,0.0,0.0,0.0,0.0,0.0,0.0,0.0
4,9,120,8,1,0.0,0.0,0.0,4.0,5.0,6.0,7.0,0.0,0.0,0.0,0.0,0.0
3,9,60,2,2,0.0,0.0,0.0,4.0,5.0,0.0,0.0,0.0,0.0,0.0,0.0,0.0
5,9,30,1,1,0.0,0.0,0.0,0.0,5.0,0.0,0.0,0.0,0.0,0.0,0.0,0.0
2,3,30,1,9,0.0,0.0,0.0,0.0,0.0,0.0,0.0,8.0,0.0,0.0,0.0,0.0
5,9,90,2,1,0.0,0.0,0.0,0.0,5.0,6.0,7.0,0.0,0.0,0.0,0.0,0.0
6,5,210,5,2,0.0,0.0,3.0,4.0,5.0,6.0,7.0,8.0,9.0,0.0,0.0,0.0
1,9,90,1,1,0.0,0.0,0.0,4.0,5.0,6.0,0.0,0.0,0.0,0.0,0.0,0.0
4,9,270,3,1,0.0,2.0,3.0,4.0,5.0,6.0,7.0,8.0,9.0,10.0,0.0,0.0
6,3,32,2,1,0.0,0.0,0.0,0.0,0.0,0.0,7.0,8.0,9.0,0.0,0.0,0.0
2,9,90,12,3,0.0,0.0,0.0,4.0,5.0,6.0,0.0,0.0,0.0,0.0,0.0,0.0
5,1,30,1,2,0.0,0.0,0.0,0.0,5.0,0.0,0.0,0.0,0.0,0.0,0.0,0.0
5,9,30,0,2,0.0,0.0,0.0,0.0,5.0,0.0,0.0,0.0,0.0,0.0,0.0,0.0
2,3,60,4,15,0.0,0.0,0.0,0.0,5.0,6.0,0.0,0.0,0.0,0.0,0.0,0.0
2,9,90,2,15,0.0,0.0,0.0,0.0,5.0,6.0,7.0,0.0,0.0,0.0,0.0,0.0
2,1,75,2,1,0.0,0.0,3.0,4.0,5.0,6.0,7.0,0.0,0.0,0.0,0.0,0.0
2,9,90,8,3,0.0,0.0,0.0,0.0,5.0,6.0,7.0,0.0,0.0,0.0,0.0,0.0
2,9,15,8,1,0.0,0.0,0.0,0.0,0.0,6.0,0.0,0.0,0.0,0.0,0.0,0.0
2,9,60,5,1,0.0,0.0,0.0,0.0,5.0,6.0,0.0,0.0,0.0,0.0,0.0,0.0
2,1,16,1,3,0.0,0.0,0.0,0.0,5.0,6.0,0.0,0.0,0.0,0.0,0.0,0.0
2,3,30,3,7,0.0,0.0,0.0,0.0,0.0,6.0,0.0,0.0,0.0,0.0,0.0,0.0
2,3,30,3,7,0.0,0.0,0.0,0.0,0.0,6.0,7.0,0.0,0.0,0.0,0.0,0.0
5,4,365,6,4,1.0,2.0,3.0,4.0,5.0,6.0,7.0,8.0,9.0,10.0,11.0,12.0
6,3,365,2,5,1.0,2.0,3.0,4.0,5.0,6.0,7.0,8.0,9.0,10.0,11.0,12.0
6,3,365,6,3,1.0,2.0,3.0,4.0,5.0,6.0,7.0,8.0,9.0,10.0,11.0,12.0
5,3,30,6,5,1.0,2.0,3.0,4.0,5.0,6.0,7.0,8.0,9.0,10.0,11.0,12.0
5,1,360,5,3,1.0,2.0,3.0,4.0,5.0,6.0,7.0,8.0,9.0,10.0,11.0,12.0
5,3,250,2,4,0.0,0.0,3.0,4.0,5.0,6.0,7.0,8.0,9.0,10.0,11.0,12.0
2,1,330,4,1,1.0,2.0,3.0,4.0,5.0,6.0,7.0,8.0,9.0,10.0,11.0,0.0
1,9,365,8,3,1.0,2.0,3.0,4.0,5.0,6.0,7.0,8.0,9.0,10.0,11.0,12.0
1,9,365,8,3,1.0,2.0,3.0,4.0,5.0,6.0,7.0,8.0,9.0,10.0,11.0,12.0
1,9,240,5,4,1.0,2.0,0.0,0.0,0.0,0.0,7.0,8.0,9.0,10.0,11.0,12.0
2,4,90,5,1,0.0,0.0,3.0,4.0,5.0,0.0,0.0,0.0,0.0,0.0,0.0,0.0
5,3,360,2,1,1.0,2.0,3.0,4.0,5.0,6.0,7.0,8.0,9.0,10.0,11.0,12.0
5,9,365,6,8,1.0,2.0,3.0,4.0,5.0,6.0,7.0,8.0,9.0,10.0,11.0,12.0
2,1,365,12,3,1.0,2.0,3.0,4.0,5.0,6.0,7.0,8.0,9.0,10.0,11.0,12.0
2,1,365,5,2,1.0,2.0,3.0,4.0,5.0,6.0,7.0,8.0,9.0,10.0,11.0,12.0
5,3,365,24,1,1.0,2.0,3.0,4.0,5.0,6.0,7.0,8.0,9.0,10.0,11.0,12.0
2,9,360,2,3,1.0,2.0,3.0,4.0,5.0,6.0,7.0,8.0,9.0,10.0,11.0,12.0
6,2,105,3,10,0.0,0.0,0.0,4.0,5.0,6.0,7.0,8.0,9.0,10.0,0.0,0.0
6,3,20,5,7,0.0,0.0,0.0,4.0,0.0,0.0,0.0,0.0,0.0,0.0,0.0,0.0
2,9,150,8,1,0.0,0.0,0.0,0.0,5.0,6.0,7.0,8.0,9.0,0.0,0.0,0.0
6,4,90,5,6,0.0,0.0,3.0,4.0,5.0,0.0,0.0,0.0,0.0,0.0,0.0,0.0
1,9,354,3,7,1.0,2.0,3.0,4.0,5.0,6.0,7.0,8.0,9.0,10.0,11.0,12.0
6,1,120,8,7,0.0,0.0,0.0,4.0,5.0,6.0,7.0,0.0,0.0,0.0,0.0,0.0
5,2,90,5,2,0.0,0.0,0.0,4.0,5.0,6.0,0.0,0.0,0.0,0.0,0.0,0.0
5,1,120,2,7,0.0,2.0,3.0,4.0,5.0,6.0,0.0,0.0,0.0,0.0,0.0,0.0
5,1,120,2,7,0.0,0.0,3.0,4.0,5.0,6.0,0.0,0.0,0.0,0.0,0.0,0.0
5,9,70,6,2,0.0,0.0,3.0,4.0,5.0,6.0,0.0,0.0,0.0,0.0,0.0,0.0
5,9,120,2,1,0.0,0.0,3.0,4.0,5.0,6.0,0.0,0.0,0.0,0.0,0.0,0.0
2,4,330,4,10,1.0,2.0,3.0,4.0,5.0,6.0,7.0,8.0,9.0,10.0,11.0,0.0
2,1,365,6,4,1.0,2.0,3.0,4.0,5.0,6.0,7.0,8.0,9.0,10.0,11.0,12.0
6,2,120,5,1,0.0,0.0,0.0,0.0,5.0,6.0,7.0,8.0,0.0,0.0,0.0,0.0
2,1,270,5,8,0.0,0.0,0.0,4.0,5.0,6.0,7.0,8.0,9.0,10.0,11.0,12.0
2,9,10,99,1,0.0,0.0,0.0,0.0,0.0,6.0,0.0,0.0,0.0,0.0,0.0,0.0
5,3,365,8,1,1.0,2.0,3.0,4.0,5.0,6.0,7.0,8.0,9.0,10.0,11.0,12.0
6,3,120,10,1,0.0,0.0,0.0,4.0,5.0,6.0,7.0,0.0,0.0,0.0,0.0,0.0
5,4,100,8,2,0.0,0.0,0.0,0.0,5.0,6.0,7.0,8.0,0.0,0.0,0.0,0.0
2,3,45,4,1,1.0,2.0,3.0,0.0,0.0,0.0,0.0,0.0,0.0,0.0,0.0,0.0
2,9,300,5,5,0.0,2.0,3.0,4.0,5.0,6.0,7.0,8.0,9.0,10.0,11.0,0.0
5,3,330,8,3,1.0,2.0,3.0,4.0,5.0,6.0,7.0,8.0,9.0,10.0,11.0,12.0
5,3,330,8,3,1.0,2.0,3.0,4.0,5.0,6.0,7.0,8.0,9.0,10.0,11.0,12.0
2,9,365,1,1,1.0,2.0,3.0,4.0,5.0,6.0,7.0,8.0,9.0,10.0,11.0,12.0
5,9,300,8,1,0.0,2.0,3.0,4.0,5.0,6.0,7.0,8.0,9.0,10.0,11.0,0.0
5,9,300,6,1,0.0,2.0,3.0,4.0,5.0,6.0,7.0,8.0,9.0,10.0,11.0,0.0
2,3,365,2,6,1.0,2.0,3.0,4.0,5.0,6.0,7.0,8.0,9.0,10.0,11.0,12.0
2,3,365,2,3,1.0,2.0,3.0,4.0,5.0,6.0,7.0,8.0,9.0,10.0,11.0,12.0
2,3,300,8,1,0.0,2.0,3.0,4.0,5.0,6.0,7.0,8.0,9.0,10.0,11.0,0.0
2,2,300,8,2,0.0,2.0,3.0,4.0,5.0,6.0,7.0,8.0,9.0,10.0,11.0,0.0
2,9,2,1,1,0.0,0.0,3.0,0.0,0.0,0.0,0.0,0.0,0.0,0.0,0.0,12.0
5,9,300,6,1,0.0,2.0,3.0,4.0,5.0,6.0,7.0,8.0,9.0,10.0,11.0,0.0
5,9,200,7,1,0.0,0.0,3.0,4.0,5.0,6.0,7.0,8.0,9.0,10.0,11.0,0.0
2,3,365,10,7,1.0,2.0,3.0,4.0,5.0,6.0,7.0,8.0,9.0,10.0,11.0,12.0
5,3,365,10,7,1.0,2.0,3.0,4.0,5.0,6.0,7.0,8.0,9.0,10.0,11.0,12.0
5,1,300,4,3,0.0,2.0,3.0,4.0,5.0,6.0,7.0,8.0,9.0,10.0,11.0,0.0
2,9,365,12,2,1.0,2.0,3.0,4.0,5.0,6.0,7.0,8.0,9.0,10.0,11.0,12.0
2,9,105,8,25,0.0,0.0,0.0,4.0,5.0,6.0,7.0,8.0,9.0,10.0,0.0,0.0
6,9,30,2,1,0.0,0.0,3.0,0.0,0.0,0.0,0.0,0.0,0.0,0.0,0.0,0.0
2,2,90,5,5,0.0,0.0,0.0,4.0,5.0,6.0,0.0,0.0,0.0,0.0,0.0,0.0
2,2,90,5,5,0.0,0.0,0.0,4.0,5.0,6.0,0.0,0.0,0.0,0.0,0.0,0.0
5,3,49,12,3,0.0,0.0,0.0,4.0,5.0,6.0,0.0,0.0,0.0,0.0,0.0,0.0
5,3,120,4,99,0.0,0.0,0.0,4.0,5.0,6.0,7.0,0.0,0.0,0.0,0.0,0.0
5,3,210,5,3,0.0,0.0,0.0,0.0,5.0,6.0,7.0,8.0,9.0,10.0,11.0,0.0
5,9,7,0,99,0.0,0.0,0.0,0.0,0.0,0.0,0.0,8.0,0.0,0.0,0.0,0.0
5,9,7,1,99,0.0,0.0,0.0,0.0,0.0,0.0,0.0,8.0,0.0,0.0,0.0,0.0
2,9,180,5,1,0.0,0.0,3.0,4.0,5.0,6.0,7.0,8.0,0.0,0.0,0.0,0.0
2,9,180,6,1,0.0,0.0,3.0,4.0,5.0,6.0,7.0,8.0,0.0,0.0,0.0,0.0
2,9,180,5,2,0.0,0.0,3.0,4.0,5.0,6.0,7.0,8.0,0.0,0.0,0.0,0.0
5,5,120,6,2,0.0,0.0,0.0,0.0,5.0,6.0,7.0,8.0,0.0,0.0,0.0,0.0
5,5,120,6,2,0.0,0.0,0.0,0.0,5.0,6.0,7.0,8.0,0.0,0.0,0.0,0.0
2,9,16,6,99,0.0,0.0,0.0,0.0,5.0,6.0,7.0,8.0,0.0,0.0,0.0,0.0
4,1,180,1,3,1.0,2.0,3.0,4.0,5.0,6.0,0.0,0.0,0.0,0.0,0.0,0.0
5,9,90,0,4,0.0,0.0,0.0,4.0,5.0,6.0,0.0,0.0,0.0,0.0,0.0,0.0
5,9,12,3,1,0.0,0.0,0.0,4.0,0.0,0.0,7.0,0.0,0.0,0.0,0.0,0.0
6,2,90,3,10,0.0,0.0,0.0,4.0,5.0,6.0,0.0,0.0,0.0,0.0,0.0,0.0
5,5,10,6,3,0.0,0.0,0.0,4.0,5.0,0.0,0.0,0.0,0.0,0.0,0.0,0.0
5,9,60,8,2,0.0,0.0,0.0,0.0,5.0,6.0,0.0,0.0,0.0,0.0,0.0,0.0
4,2,100,4,1,0.0,0.0,0.0,4.0,5.0,6.0,7.0,0.0,0.0,0.0,0.0,0.0
5,3,90,5,1,0.0,0.0,0.0,0.0,5.0,6.0,7.0,0.0,0.0,0.0,0.0,0.0
5,3,90,5,1,0.0,0.0,0.0,0.0,5.0,6.0,7.0,0.0,0.0,0.0,0.0,0.0
5,4,90,3,13,0.0,0.0,0.0,4.0,5.0,6.0,0.0,0.0,0.0,0.0,0.0,0.0
2,9,180,8,1,0.0,0.0,3.0,4.0,5.0,6.0,7.0,8.0,0.0,0.0,0.0,0.0
5,1,90,8,7,0.0,0.0,0.0,0.0,5.0,6.0,7.0,0.0,0.0,0.0,0.0,0.0
6,2,120,1,1,0.0,0.0,0.0,0.0,5.0,6.0,7.0,0.0,9.0,10.0,0.0,0.0
2,1,110,2,1,0.0,0.0,0.0,4.0,5.0,6.0,0.0,0.0,9.0,0.0,0.0,0.0
6,9,90,2,12,0.0,0.0,0.0,4.0,5.0,6.0,0.0,0.0,0.0,0.0,0.0,0.0
6,9,90,2,12,0.0,0.0,0.0,4.0,5.0,6.0,0.0,0.0,0.0,0.0,0.0,0.0
5,9,120,1,3,0.0,2.0,3.0,4.0,5.0,0.0,0.0,0.0,0.0,0.0,0.0,0.0
6,5,120,1,5,1.0,2.0,3.0,4.0,5.0,6.0,7.0,8.0,9.0,10.0,11.0,12.0
2,9,40,6,8,1.0,2.0,3.0,4.0,5.0,6.0,7.0,8.0,9.0,10.0,11.0,12.0
2,2,60,3,5,0.0,0.0,0.0,4.0,5.0,0.0,0.0,0.0,0.0,0.0,0.0,0.0
2,9,200,5,3,0.0,0.0,3.0,4.0,5.0,6.0,7.0,8.0,9.0,10.0,0.0,0.0
2,9,365,12,3,1.0,2.0,3.0,4.0,5.0,6.0,7.0,8.0,9.0,10.0,11.0,12.0
2,9,90,6,10,0.0,0.0,0.0,4.0,5.0,0.0,0.0,0.0,0.0,0.0,0.0,12.0
2,9,300,5,10,0.0,2.0,3.0,4.0,5.0,6.0,7.0,8.0,9.0,10.0,11.0,0.0
5,1,90,12,2,0.0,0.0,0.0,4.0,5.0,6.0,0.0,0.0,0.0,0.0,0.0,0.0
2,2,120,8,1,0.0,0.0,3.0,4.0,5.0,6.0,0.0,0.0,0.0,0.0,0.0,0.0
5,4,20,1,1,0.0,0.0,0.0,0.0,5.0,0.0,0.0,0.0,0.0,0.0,0.0,0.0
6,3,20,1,8,0.0,0.0,0.0,0.0,5.0,6.0,0.0,0.0,0.0,0.0,0.0,0.0
6,3,3,3,8,0.0,0.0,0.0,0.0,5.0,0.0,0.0,0.0,0.0,0.0,0.0,0.0
5,9,90,2,10,0.0,0.0,3.0,4.0,5.0,0.0,0.0,0.0,0.0,0.0,0.0,0.0
5,9,30,1,9,0.0,0.0,3.0,4.0,5.0,0.0,0.0,0.0,0.0,0.0,0.0,0.0
5,9,31,2,1,0.0,0.0,0.0,0.0,5.0,6.0,0.0,0.0,0.0,0.0,0.0,0.0
5,9,120,4,5,0.0,0.0,3.0,4.0,5.0,6.0,0.0,0.0,0.0,0.0,0.0,0.0
5,1,20,1,12,0.0,0.0,0.0,0.0,5.0,0.0,0.0,0.0,0.0,0.0,0.0,0.0
4,5,90,2,1,0.0,0.0,3.0,4.0,5.0,0.0,0.0,0.0,0.0,0.0,0.0,0.0
2,9,180,2,24,0.0,0.0,3.0,4.0,5.0,6.0,7.0,8.0,0.0,0.0,0.0,0.0
2,9,60,6,1,0.0,0.0,0.0,4.0,5.0,0.0,0.0,0.0,0.0,0.0,0.0,0.0
1,9,60,8,4,0.0,0.0,3.0,4.0,5.0,0.0,0.0,0.0,0.0,0.0,0.0,0.0
2,9,60,3,3,0.0,0.0,0.0,4.0,5.0,0.0,0.0,0.0,0.0,0.0,0.0,0.0
2,9,2,1,99,0.0,0.0,3.0,0.0,0.0,0.0,0.0,0.0,0.0,0.0,0.0,0.0
2,9,2,1,10,0.0,0.0,0.0,0.0,5.0,0.0,0.0,0.0,0.0,0.0,0.0,0.0
6,9,40,1,2,0.0,0.0,3.0,4.0,0.0,0.0,0.0,0.0,0.0,0.0,0.0,0.0
2,9,120,4,7,0.0,0.0,3.0,4.0,5.0,6.0,0.0,0.0,0.0,0.0,0.0,0.0
2,9,120,8,99,0.0,0.0,3.0,4.0,5.0,6.0,0.0,0.0,0.0,0.0,0.0,0.0
5,9,60,1,1,0.0,0.0,0.0,4.0,5.0,0.0,0.0,0.0,0.0,0.0,0.0,0.0
5,9,60,1,5,0.0,0.0,0.0,4.0,5.0,0.0,0.0,0.0,0.0,0.0,0.0,0.0
5,1,60,3,3,0.0,0.0,0.0,4.0,5.0,0.0,0.0,0.0,0.0,0.0,0.0,0.0
5,9,120,1,3,0.0,0.0,0.0,0.0,5.0,6.0,7.0,8.0,0.0,0.0,0.0,0.0
5,3,20,8,2,0.0,0.0,0.0,0.0,0.0,6.0,7.0,8.0,9.0,0.0,0.0,0.0
5,1,60,6,5,0.0,0.0,0.0,0.0,5.0,6.0,0.0,0.0,0.0,0.0,0.0,0.0
5,9,120,8,1,0.0,0.0,3.0,4.0,5.0,6.0,0.0,0.0,0.0,0.0,0.0,0.0
5,3,150,3,1,0.0,0.0,0.0,0.0,5.0,6.0,7.0,8.0,9.0,0.0,0.0,0.0
5,3,180,9,1,0.0,0.0,0.0,4.0,5.0,6.0,7.0,8.0,9.0,0.0,0.0,0.0
5,3,180,9,1,0.0,0.0,0.0,4.0,5.0,6.0,7.0,8.0,9.0,0.0,0.0,0.0
2,1,150,2,10,0.0,0.0,0.0,4.0,5.0,6.0,7.0,8.0,0.0,0.0,0.0,0.0
5,1,30,5,5,0.0,0.0,0.0,0.0,0.0,0.0,0.0,8.0,0.0,0.0,0.0,0.0
5,3,90,2,6,0.0,0.0,0.0,0.0,0.0,0.0,0.0,0.0,9.0,10.0,11.0,0.0
5,3,90,3,3,0.0,0.0,0.0,0.0,5.0,6.0,7.0,0.0,0.0,0.0,0.0,0.0
5,4,90,2,3,0.0,0.0,0.0,0.0,5.0,6.0,7.0,0.0,0.0,0.0,0.0,0.0
2,1,210,3,13,0.0,0.0,3.0,4.0,5.0,6.0,7.0,8.0,9.0,0.0,0.0,0.0
5,3,210,6,5,0.0,0.0,3.0,4.0,5.0,6.0,7.0,8.0,9.0,0.0,0.0,0.0
5,3,150,3,1,0.0,0.0,0.0,0.0,5.0,6.0,7.0,8.0,9.0,0.0,0.0,0.0
2,1,120,6,1,0.0,0.0,0.0,0.0,5.0,6.0,7.0,8.0,0.0,0.0,0.0,0.0
2,3,60,4,6,0.0,0.0,0.0,0.0,0.0,0.0,7.0,8.0,0.0,0.0,0.0,0.0
5,3,150,8,4,0.0,0.0,0.0,0.0,5.0,6.0,0.0,8.0,9.0,10.0,0.0,0.0
2,3,60,8,10,0.0,0.0,0.0,0.0,0.0,0.0,0.0,8.0,9.0,0.0,0.0,0.0
2,3,60,10,12,0.0,0.0,0.0,0.0,0.0,0.0,0.0,8.0,9.0,0.0,0.0,0.0
5,3,150,3,3,0.0,0.0,0.0,0.0,0.0,6.0,7.0,8.0,9.0,10.0,0.0,0.0
2,1,150,8,4,0.0,0.0,0.0,0.0,5.0,6.0,7.0,8.0,9.0,0.0,0.0,0.0
2,3,150,5,3,0.0,0.0,0.0,0.0,5.0,6.0,7.0,8.0,9.0,0.0,0.0,0.0
2,3,120,8,8,0.0,0.0,0.0,0.0,5.0,6.0,7.0,8.0,0.0,0.0,0.0,0.0
5,1,210,7,10,0.0,0.0,0.0,0.0,5.0,6.0,7.0,8.0,9.0,10.0,11.0,0.0
5,5,90,2,4,0.0,0.0,0.0,0.0,5.0,6.0,7.0,8.0,9.0,10.0,11.0,0.0
5,4,180,8,2,0.0,0.0,0.0,0.0,5.0,6.0,7.0,8.0,9.0,10.0,11.0,0.0
5,3,150,8,5,0.0,0.0,0.0,0.0,5.0,6.0,7.0,8.0,9.0,0.0,0.0,0.0
2,2,150,8,5,0.0,0.0,0.0,0.0,5.0,6.0,7.0,8.0,9.0,0.0,0.0,0.0
5,2,365,12,3,1.0,2.0,3.0,4.0,5.0,6.0,7.0,8.0,9.0,10.0,11.0,12.0
1,9,120,4,1,0.0,0.0,0.0,0.0,5.0,6.0,7.0,8.0,0.0,0.0,0.0,0.0
5,3,60,3,1,0.0,0.0,0.0,0.0,0.0,0.0,0.0,0.0,9.0,10.0,0.0,0.0
5,1,240,7,2,0.0,0.0,3.0,4.0,5.0,6.0,7.0,8.0,9.0,10.0,0.0,0.0
5,3,90,5,1,0.0,0.0,0.0,0.0,0.0,0.0,0.0,8.0,9.0,10.0,0.0,0.0
6,3,90,3,10,0.0,0.0,0.0,0.0,0.0,0.0,7.0,8.0,9.0,0.0,0.0,0.0
5,3,90,0,8,0.0,0.0,0.0,0.0,0.0,6.0,7.0,8.0,0.0,0.0,0.0,0.0
6,3,90,4,4,0.0,0.0,0.0,0.0,0.0,6.0,7.0,8.0,0.0,0.0,0.0,0.0
5,3,120,3,2,0.0,0.0,0.0,0.0,5.0,6.0,7.0,8.0,0.0,0.0,0.0,0.0
5,3,120,3,4,0.0,0.0,0.0,0.0,0.0,0.0,7.0,8.0,9.0,10.0,0.0,0.0
5,9,270,9,6,0.0,0.0,3.0,4.0,5.0,6.0,7.0,8.0,9.0,10.0,11.0,0.0
5,3,210,9,3,0.0,0.0,0.0,4.0,5.0,6.0,7.0,8.0,9.0,10.0,0.0,0.0
5,3,210,9,3,0.0,0.0,0.0,4.0,5.0,6.0,7.0,8.0,9.0,10.0,0.0,0.0
6,3,90,2,1,0.0,0.0,0.0,0.0,0.0,0.0,7.0,8.0,9.0,0.0,0.0,0.0
5,5,180,6,7,0.0,0.0,0.0,0.0,5.0,6.0,7.0,8.0,9.0,10.0,0.0,0.0
5,9,150,4,6,0.0,0.0,0.0,0.0,0.0,6.0,7.0,8.0,9.0,10.0,0.0,0.0
2,3,240,4,2,0.0,0.0,3.0,4.0,5.0,6.0,7.0,8.0,9.0,10.0,0.0,0.0
5,9,120,3,1,0.0,0.0,0.0,0.0,0.0,0.0,7.0,8.0,9.0,10.0,0.0,0.0
5,3,210,8,5,0.0,0.0,0.0,0.0,5.0,6.0,7.0,8.0,9.0,10.0,11.0,0.0
5,3,210,2,3,0.0,0.0,0.0,0.0,5.0,6.0,7.0,8.0,9.0,10.0,11.0,0.0
5,2,150,8,1,0.0,0.0,0.0,0.0,5.0,6.0,7.0,8.0,9.0,0.0,0.0,0.0
5,9,360,15,2,1.0,2.0,3.0,4.0,5.0,6.0,7.0,8.0,9.0,10.0,11.0,12.0
5,1,180,1,1,0.0,0.0,0.0,4.0,5.0,6.0,7.0,8.0,9.0,0.0,0.0,0.0
5,3,90,5,2,0.0,0.0,0.0,0.0,0.0,0.0,7.0,8.0,9.0,0.0,0.0,0.0
5,3,90,5,2,0.0,0.0,0.0,0.0,0.0,0.0,7.0,8.0,9.0,0.0,0.0,0.0
5,3,180,8,1,0.0,0.0,0.0,4.0,5.0,6.0,7.0,8.0,9.0,0.0,0.0,0.0
5,3,180,8,1,0.0,0.0,0.0,4.0,5.0,6.0,7.0,8.0,9.0,0.0,0.0,0.0
5,3,180,8,1,0.0,0.0,0.0,4.0,5.0,6.0,7.0,8.0,9.0,0.0,0.0,0.0
2,3,180,3,8,0.0,0.0,0.0,0.0,5.0,6.0,7.0,8.0,9.0,10.0,0.0,0.0
2,3,180,5,8,0.0,0.0,0.0,0.0,5.0,6.0,7.0,8.0,9.0,10.0,0.0,0.0
2,3,120,8,1,0.0,0.0,0.0,0.0,5.0,6.0,7.0,8.0,0.0,0.0,0.0,0.0
5,9,90,3,2,0.0,0.0,0.0,0.0,0.0,6.0,7.0,8.0,0.0,0.0,0.0,0.0
5,9,90,3,2,0.0,0.0,0.0,0.0,0.0,6.0,7.0,8.0,0.0,0.0,0.0,0.0
2,3,180,4,12,0.0,0.0,0.0,0.0,5.0,6.0,7.0,8.0,9.0,10.0,0.0,0.0
2,3,150,4,2,0.0,0.0,0.0,0.0,5.0,6.0,7.0,8.0,9.0,0.0,0.0,0.0
5,3,200,4,3,0.0,0.0,3.0,4.0,5.0,6.0,7.0,8.0,9.0,10.0,0.0,0.0
5,3,200,4,4,0.0,0.0,3.0,4.0,5.0,6.0,7.0,8.0,9.0,10.0,0.0,0.0
5,3,240,7,8,0.0,0.0,3.0,4.0,5.0,6.0,7.0,8.0,9.0,10.0,0.0,0.0
5,9,180,7,6,0.0,0.0,0.0,4.0,5.0,6.0,7.0,8.0,9.0,0.0,0.0,0.0
2,3,180,10,3,0.0,0.0,0.0,4.0,5.0,6.0,7.0,8.0,9.0,0.0,0.0,0.0
5,3,210,3,1,0.0,0.0,0.0,4.0,5.0,6.0,7.0,8.0,9.0,10.0,0.0,0.0
6,2,180,9,4,0.0,0.0,0.0,4.0,5.0,6.0,7.0,8.0,9.0,0.0,0.0,0.0
5,3,120,6,4,0.0,0.0,0.0,0.0,5.0,6.0,7.0,8.0,0.0,0.0,0.0,0.0
5,9,240,3,5,0.0,0.0,3.0,4.0,5.0,6.0,7.0,8.0,9.0,10.0,0.0,0.0
5,3,180,6,8,0.0,0.0,0.0,0.0,5.0,6.0,7.0,8.0,9.0,10.0,0.0,0.0
5,3,90,3,2,0.0,0.0,0.0,0.0,0.0,6.0,7.0,8.0,0.0,0.0,0.0,0.0
2,9,365,14,4,1.0,2.0,3.0,4.0,5.0,6.0,7.0,8.0,9.0,10.0,11.0,12.0
2,3,150,8,1,0.0,0.0,0.0,0.0,5.0,6.0,7.0,8.0,9.0,0.0,0.0,0.0
5,3,210,5,3,0.0,0.0,3.0,4.0,5.0,6.0,7.0,8.0,9.0,10.0,0.0,0.0
6,9,90,4,1,0.0,0.0,0.0,0.0,0.0,6.0,7.0,8.0,0.0,0.0,0.0,0.0
6,9,90,3,1,0.0,0.0,0.0,0.0,0.0,6.0,7.0,8.0,0.0,0.0,0.0,0.0
5,9,150,3,5,0.0,0.0,0.0,0.0,0.0,6.0,7.0,8.0,9.0,10.0,0.0,0.0
5,9,150,2,5,0.0,0.0,0.0,0.0,0.0,6.0,7.0,8.0,9.0,10.0,0.0,0.0
5,9,150,2,5,0.0,0.0,0.0,0.0,0.0,6.0,7.0,8.0,9.0,10.0,0.0,0.0
6,9,60,3,99,0.0,0.0,0.0,0.0,0.0,0.0,0.0,0.0,9.0,10.0,0.0,0.0
6,9,60,3,99,0.0,0.0,0.0,0.0,0.0,0.0,0.0,0.0,9.0,10.0,0.0,0.0
6,3,240,3,1,0.0,0.0,3.0,4.0,5.0,6.0,7.0,8.0,9.0,10.0,0.0,0.0
6,3,120,4,1,0.0,0.0,0.0,0.0,0.0,6.0,7.0,8.0,9.0,0.0,0.0,0.0
6,3,120,4,1,0.0,0.0,0.0,0.0,0.0,6.0,7.0,8.0,9.0,0.0,0.0,0.0
5,9,120,1,1,0.0,0.0,0.0,4.0,5.0,6.0,7.0,0.0,0.0,0.0,0.0,0.0
2,9,150,3,4,0.0,0.0,0.0,0.0,5.0,6.0,7.0,8.0,9.0,0.0,0.0,0.0
2,9,150,3,4,0.0,0.0,0.0,0.0,5.0,6.0,7.0,8.0,9.0,0.0,0.0,0.0
5,4,150,2,3,0.0,0.0,0.0,0.0,5.0,6.0,7.0,8.0,9.0,0.0,0.0,0.0
6,5,180,10,2,0.0,0.0,0.0,4.0,5.0,6.0,7.0,8.0,9.0,10.0,11.0,0.0
6,5,180,10,3,0.0,0.0,0.0,4.0,5.0,6.0,7.0,8.0,9.0,10.0,11.0,0.0
5,4,180,10,4,0.0,0.0,0.0,4.0,5.0,6.0,7.0,8.0,9.0,0.0,0.0,0.0
5,3,210,8,5,0.0,0.0,0.0,4.0,5.0,6.0,7.0,8.0,9.0,10.0,0.0,0.0
6,4,150,3,2,0.0,0.0,0.0,0.0,5.0,6.0,7.0,8.0,9.0,0.0,0.0,0.0
6,4,150,3,2,0.0,0.0,0.0,0.0,5.0,6.0,7.0,8.0,9.0,0.0,0.0,0.0
6,5,150,3,2,0.0,0.0,0.0,0.0,5.0,6.0,7.0,8.0,9.0,0.0,0.0,0.0
5,3,210,8,15,0.0,0.0,0.0,4.0,5.0,6.0,7.0,8.0,9.0,10.0,0.0,0.0
5,5,64,2,15,0.0,0.0,0.0,4.0,5.0,6.0,7.0,8.0,9.0,10.0,0.0,0.0
5,3,210,9,1,0.0,0.0,0.0,4.0,5.0,6.0,7.0,8.0,9.0,10.0,0.0,0.0
5,3,360,8,1,1.0,2.0,3.0,4.0,5.0,6.0,7.0,8.0,9.0,10.0,11.0,12.0
5,3,150,4,3,0.0,0.0,0.0,0.0,5.0,6.0,7.0,8.0,9.0,0.0,0.0,0.0
5,3,150,4,8,0.0,0.0,0.0,0.0,5.0,6.0,7.0,8.0,9.0,0.0,0.0,0.0
6,3,120,8,4,0.0,0.0,0.0,0.0,5.0,6.0,7.0,8.0,0.0,0.0,0.0,0.0
5,3,120,2,2,0.0,0.0,0.0,0.0,5.0,6.0,7.0,8.0,0.0,0.0,0.0,0.0
5,3,60,3,1,0.0,0.0,0.0,0.0,0.0,0.0,7.0,8.0,0.0,0.0,0.0,0.0
2,9,90,8,3,0.0,0.0,0.0,0.0,0.0,0.0,7.0,8.0,9.0,0.0,0.0,0.0
2,1,150,8,5,0.0,0.0,0.0,0.0,5.0,6.0,7.0,8.0,9.0,0.0,0.0,0.0
5,3,90,8,2,0.0,0.0,0.0,0.0,0.0,6.0,7.0,8.0,0.0,0.0,0.0,0.0
2,1,120,4,3,0.0,0.0,0.0,0.0,5.0,6.0,7.0,8.0,0.0,0.0,0.0,0.0
2,3,240,4,7,0.0,0.0,0.0,4.0,5.0,6.0,7.0,8.0,9.0,10.0,11.0,0.0
2,3,210,3,8,0.0,0.0,0.0,4.0,5.0,6.0,7.0,8.0,9.0,10.0,0.0,0.0
5,3,90,1,1,0.0,0.0,0.0,4.0,5.0,6.0,0.0,0.0,0.0,0.0,0.0,0.0
5,3,60,2,1,0.0,0.0,0.0,4.0,5.0,0.0,0.0,0.0,0.0,0.0,0.0,0.0
5,3,210,4,1,0.0,0.0,0.0,4.0,5.0,6.0,7.0,8.0,9.0,10.0,0.0,0.0
5,9,90,2,4,0.0,0.0,0.0,0.0,0.0,6.0,7.0,8.0,0.0,0.0,0.0,0.0
5,9,45,3,2,0.0,0.0,0.0,0.0,0.0,6.0,7.0,8.0,0.0,0.0,0.0,0.0
5,5,360,9,3,1.0,2.0,3.0,4.0,5.0,6.0,7.0,8.0,9.0,10.0,11.0,12.0
5,9,120,2,5,0.0,0.0,0.0,0.0,0.0,6.0,7.0,8.0,9.0,0.0,0.0,0.0
2,1,150,6,1,0.0,0.0,0.0,0.0,5.0,6.0,7.0,8.0,9.0,0.0,0.0,0.0
5,3,120,1,7,0.0,0.0,0.0,0.0,0.0,6.0,7.0,8.0,9.0,0.0,0.0,0.0
6,1,90,2,3,0.0,0.0,0.0,0.0,0.0,6.0,7.0,8.0,0.0,0.0,0.0,0.0
2,2,210,2,15,0.0,0.0,0.0,4.0,5.0,6.0,7.0,8.0,9.0,10.0,0.0,0.0
5,3,210,2,4,0.0,0.0,0.0,4.0,5.0,6.0,7.0,8.0,9.0,10.0,0.0,0.0
2,9,60,2,1,0.0,0.0,0.0,0.0,5.0,6.0,0.0,0.0,0.0,0.0,0.0,0.0
2,2,45,4,3,0.0,0.0,0.0,0.0,5.0,6.0,7.0,8.0,0.0,0.0,0.0,0.0
2,3,30,3,4,0.0,0.0,0.0,0.0,0.0,0.0,0.0,8.0,0.0,0.0,0.0,0.0
2,9,30,4,3,0.0,0.0,0.0,0.0,5.0,0.0,0.0,0.0,0.0,0.0,0.0,0.0
5,1,150,12,15,0.0,0.0,0.0,0.0,5.0,6.0,7.0,8.0,9.0,0.0,0.0,0.0
2,3,150,13,15,0.0,0.0,0.0,0.0,5.0,6.0,7.0,8.0,9.0,0.0,0.0,0.0
2,2,120,1,4,0.0,0.0,0.0,0.0,5.0,6.0,7.0,8.0,0.0,0.0,0.0,0.0
2,3,180,10,4,0.0,0.0,0.0,0.0,5.0,6.0,7.0,8.0,9.0,10.0,0.0,0.0
2,2,210,4,6,0.0,0.0,0.0,0.0,5.0,6.0,7.0,8.0,9.0,10.0,11.0,0.0
5,3,240,5,1,0.0,0.0,0.0,4.0,5.0,6.0,7.0,8.0,9.0,10.0,11.0,0.0
2,9,150,3,1,0.0,0.0,0.0,0.0,5.0,6.0,7.0,8.0,9.0,0.0,0.0,0.0
2,2,30,12,1,0.0,0.0,0.0,0.0,0.0,0.0,7.0,0.0,0.0,0.0,0.0,0.0
5,3,90,1,3,0.0,0.0,0.0,0.0,0.0,0.0,0.0,8.0,9.0,10.0,0.0,0.0
5,3,90,5,2,0.0,0.0,0.0,0.0,0.0,0.0,7.0,8.0,9.0,0.0,0.0,0.0
2,9,90,4,1,0.0,0.0,0.0,0.0,0.0,6.0,7.0,8.0,0.0,0.0,0.0,0.0
2,1,60,6,1,0.0,0.0,0.0,0.0,0.0,0.0,0.0,8.0,9.0,0.0,0.0,0.0
2,1,150,8,6,0.0,0.0,0.0,0.0,5.0,6.0,7.0,8.0,9.0,0.0,0.0,0.0
2,1,90,5,8,0.0,0.0,0.0,0.0,0.0,0.0,7.0,8.0,9.0,0.0,0.0,0.0
5,9,90,3,1,0.0,0.0,0.0,0.0,0.0,6.0,7.0,8.0,0.0,0.0,0.0,0.0
5,3,240,8,4,0.0,0.0,0.0,4.0,5.0,6.0,7.0,8.0,9.0,10.0,11.0,0.0
2,1,240,8,6,0.0,0.0,0.0,4.0,5.0,6.0,7.0,8.0,9.0,10.0,11.0,0.0
2,3,60,8,3,0.0,0.0,0.0,0.0,0.0,0.0,7.0,8.0,0.0,0.0,0.0,0.0
5,3,120,6,2,0.0,0.0,0.0,0.0,5.0,6.0,7.0,8.0,0.0,0.0,0.0,0.0
2,9,150,1,2,0.0,0.0,0.0,0.0,5.0,6.0,7.0,8.0,9.0,0.0,0.0,0.0
5,4,90,3,3,0.0,0.0,0.0,0.0,0.0,6.0,7.0,8.0,0.0,0.0,0.0,0.0
1,9,180,12,99,0.0,0.0,0.0,4.0,5.0,6.0,7.0,8.0,9.0,0.0,0.0,0.0
2,3,240,6,8,0.0,0.0,0.0,4.0,5.0,6.0,7.0,8.0,9.0,10.0,11.0,0.0
5,1,240,7,1,0.0,0.0,0.0,4.0,5.0,6.0,7.0,8.0,9.0,10.0,11.0,0.0
5,3,90,8,5,0.0,0.0,0.0,0.0,0.0,0.0,7.0,8.0,9.0,0.0,0.0,0.0
5,3,90,8,2,0.0,0.0,0.0,0.0,0.0,0.0,7.0,8.0,9.0,0.0,0.0,0.0
5,2,210,10,5,0.0,0.0,0.0,0.0,5.0,6.0,7.0,8.0,9.0,10.0,11.0,0.0
4,9,210,22,5,0.0,0.0,0.0,4.0,5.0,6.0,7.0,8.0,9.0,10.0,0.0,0.0
5,3,120,4,10,0.0,0.0,0.0,0.0,5.0,6.0,7.0,8.0,0.0,0.0,0.0,0.0
5,3,90,2,4,0.0,0.0,0.0,0.0,0.0,6.0,7.0,8.0,0.0,0.0,0.0,0.0
6,3,120,2,1,0.0,0.0,0.0,0.0,5.0,6.0,7.0,8.0,0.0,0.0,0.0,0.0
6,3,120,2,1,0.0,0.0,0.0,0.0,5.0,6.0,7.0,8.0,0.0,0.0,0.0,0.0
6,3,120,2,1,0.0,0.0,0.0,0.0,5.0,6.0,7.0,8.0,0.0,0.0,0.0,0.0
5,3,120,3,1,0.0,0.0,0.0,0.0,5.0,6.0,7.0,8.0,0.0,0.0,0.0,0.0
5,3,100,3,1,0.0,0.0,0.0,0.0,5.0,6.0,7.0,8.0,0.0,0.0,0.0,0.0
5,3,100,3,1,0.0,0.0,0.0,0.0,5.0,6.0,7.0,8.0,0.0,0.0,0.0,0.0
5,3,100,2,1,0.0,0.0,0.0,0.0,5.0,6.0,7.0,8.0,0.0,0.0,0.0,0.0
6,3,180,3,2,0.0,0.0,0.0,4.0,5.0,6.0,7.0,8.0,9.0,0.0,0.0,0.0
5,3,120,8,1,0.0,0.0,0.0,0.0,5.0,6.0,7.0,8.0,0.0,0.0,0.0,0.0
4,9,90,7,7,0.0,0.0,0.0,0.0,0.0,6.0,7.0,8.0,0.0,0.0,0.0,0.0
2,3,90,4,2,0.0,0.0,0.0,0.0,0.0,6.0,7.0,8.0,0.0,0.0,0.0,0.0
4,9,180,5,7,0.0,0.0,0.0,4.0,5.0,6.0,7.0,8.0,9.0,0.0,0.0,0.0
6,3,180,5,7,0.0,0.0,0.0,0.0,5.0,6.0,7.0,8.0,9.0,10.0,0.0,0.0
5,3,180,6,4,0.0,0.0,0.0,4.0,5.0,6.0,7.0,8.0,9.0,0.0,0.0,0.0
5,3,120,4,1,0.0,0.0,0.0,0.0,5.0,6.0,7.0,8.0,0.0,0.0,0.0,0.0
5,3,120,6,3,0.0,0.0,0.0,0.0,5.0,6.0,7.0,8.0,0.0,0.0,0.0,0.0
5,3,180,4,3,0.0,0.0,0.0,4.0,5.0,6.0,7.0,8.0,9.0,10.0,0.0,0.0
5,3,120,6,3,0.0,0.0,0.0,0.0,5.0,6.0,7.0,8.0,0.0,0.0,0.0,0.0
5,3,180,2,5,0.0,0.0,3.0,4.0,5.0,6.0,7.0,8.0,0.0,0.0,0.0,0.0
5,3,120,8,7,0.0,0.0,0.0,0.0,5.0,6.0,7.0,8.0,0.0,0.0,0.0,0.0
5,5,90,4,3,0.0,0.0,0.0,0.0,5.0,6.0,7.0,0.0,0.0,0.0,0.0,0.0
5,4,3,3,1,0.0,0.0,0.0,0.0,5.0,6.0,7.0,0.0,0.0,0.0,0.0,0.0
6,4,45,4,8,0.0,0.0,0.0,0.0,0.0,6.0,7.0,8.0,0.0,0.0,0.0,0.0
2,3,30,10,8,0.0,0.0,0.0,0.0,0.0,0.0,7.0,8.0,0.0,0.0,0.0,0.0
6,3,120,14,8,0.0,0.0,0.0,0.0,5.0,6.0,7.0,8.0,0.0,0.0,0.0,0.0
5,3,150,3,4,0.0,0.0,0.0,0.0,5.0,6.0,7.0,8.0,9.0,0.0,0.0,0.0
5,3,150,3,4,0.0,0.0,0.0,0.0,5.0,6.0,7.0,8.0,9.0,0.0,0.0,0.0
4,9,180,4,5,0.0,0.0,0.0,0.0,5.0,6.0,7.0,8.0,9.0,10.0,0.0,0.0
5,3,210,3,10,0.0,0.0,0.0,4.0,5.0,6.0,7.0,8.0,9.0,10.0,0.0,0.0
5,3,180,3,10,0.0,0.0,0.0,0.0,5.0,6.0,7.0,8.0,9.0,10.0,0.0,0.0
5,3,180,6,10,0.0,0.0,0.0,0.0,5.0,6.0,7.0,8.0,9.0,10.0,0.0,0.0
5,3,100,6,3,0.0,0.0,0.0,0.0,5.0,6.0,7.0,8.0,9.0,0.0,0.0,0.0
2,2,210,3,2,0.0,0.0,3.0,4.0,5.0,6.0,7.0,8.0,9.0,0.0,0.0,0.0
2,3,150,8,3,0.0,0.0,0.0,0.0,5.0,6.0,7.0,8.0,9.0,0.0,0.0,0.0
6,3,90,6,1,0.0,0.0,0.0,0.0,5.0,6.0,7.0,0.0,0.0,0.0,0.0,0.0
5,3,70,4,5,0.0,0.0,0.0,0.0,0.0,6.0,7.0,8.0,0.0,0.0,0.0,0.0
2,3,150,1,18,0.0,0.0,0.0,0.0,5.0,6.0,7.0,8.0,9.0,0.0,0.0,0.0
2,3,120,2,18,0.0,0.0,0.0,0.0,0.0,6.0,7.0,8.0,9.0,0.0,0.0,0.0
5,3,120,7,7,0.0,0.0,0.0,0.0,5.0,6.0,7.0,8.0,0.0,0.0,0.0,0.0
2,2,210,8,3,0.0,0.0,3.0,4.0,5.0,6.0,7.0,8.0,9.0,0.0,0.0,0.0
7,9,240,9,15,0.0,2.0,3.0,4.0,5.0,6.0,7.0,8.0,9.0,0.0,0.0,0.0
4,9,240,3,1,0.0,0.0,3.0,4.0,5.0,6.0,7.0,8.0,9.0,10.0,0.0,0.0
6,3,120,7,5,0.0,0.0,0.0,0.0,5.0,6.0,7.0,8.0,0.0,0.0,0.0,0.0
4,9,120,2,1,0.0,0.0,0.0,0.0,5.0,6.0,7.0,8.0,0.0,0.0,0.0,0.0
4,9,120,6,2,0.0,0.0,0.0,0.0,5.0,6.0,7.0,8.0,0.0,0.0,0.0,0.0
4,9,180,10,10,0.0,0.0,3.0,4.0,5.0,6.0,7.0,8.0,0.0,0.0,0.0,0.0
6,3,90,2,3,0.0,0.0,0.0,4.0,5.0,6.0,0.0,0.0,0.0,0.0,0.0,0.0
2,1,180,15,5,0.0,0.0,3.0,4.0,5.0,6.0,7.0,8.0,0.0,0.0,0.0,0.0
2,9,90,10,1,0.0,0.0,3.0,4.0,5.0,0.0,0.0,0.0,0.0,0.0,0.0,0.0
6,3,210,5,2,0.0,0.0,3.0,4.0,5.0,6.0,7.0,8.0,9.0,0.0,0.0,0.0
5,3,120,6,2,0.0,0.0,0.0,0.0,0.0,6.0,7.0,8.0,9.0,0.0,0.0,0.0
5,2,150,0,3,0.0,0.0,0.0,0.0,5.0,6.0,7.0,8.0,9.0,0.0,0.0,0.0
5,2,150,11,1,0.0,0.0,0.0,0.0,5.0,6.0,7.0,8.0,9.0,0.0,0.0,0.0
4,9,210,8,8,0.0,0.0,0.0,4.0,5.0,6.0,7.0,8.0,9.0,10.0,0.0,0.0
5,3,150,7,2,0.0,0.0,0.0,0.0,5.0,6.0,7.0,8.0,9.0,0.0,0.0,0.0
5,4,150,7,2,0.0,0.0,0.0,0.0,5.0,6.0,7.0,8.0,9.0,0.0,0.0,0.0
5,3,120,7,2,0.0,0.0,0.0,0.0,5.0,6.0,7.0,8.0,9.0,0.0,0.0,0.0
5,3,120,7,2,0.0,0.0,0.0,4.0,5.0,6.0,7.0,8.0,0.0,0.0,0.0,0.0
5,3,120,4,3,0.0,0.0,0.0,4.0,5.0,6.0,7.0,8.0,9.0,0.0,0.0,0.0
6,4,120,4,5,0.0,0.0,0.0,0.0,5.0,6.0,7.0,8.0,9.0,0.0,0.0,0.0
5,5,150,8,7,0.0,0.0,0.0,0.0,5.0,6.0,7.0,8.0,9.0,0.0,0.0,0.0
3,9,90,1,4,0.0,0.0,0.0,0.0,0.0,6.0,7.0,8.0,0.0,0.0,0.0,0.0
5,4,180,8,4,0.0,0.0,0.0,4.0,5.0,6.0,7.0,8.0,9.0,0.0,0.0,0.0
5,5,180,8,4,0.0,0.0,0.0,4.0,5.0,6.0,7.0,8.0,9.0,0.0,0.0,0.0
5,3,180,8,10,0.0,0.0,0.0,4.0,5.0,6.0,7.0,8.0,9.0,0.0,0.0,0.0
2,2,180,5,3,0.0,0.0,0.0,4.0,5.0,6.0,7.0,8.0,9.0,0.0,0.0,0.0
5,3,150,5,5,0.0,0.0,0.0,4.0,5.0,6.0,7.0,8.0,9.0,0.0,0.0,0.0
6,3,90,6,7,0.0,0.0,0.0,0.0,5.0,6.0,7.0,8.0,0.0,0.0,0.0,0.0
6,3,60,6,7,0.0,0.0,0.0,0.0,0.0,6.0,7.0,8.0,0.0,0.0,0.0,0.0
6,3,90,6,7,0.0,0.0,0.0,0.0,5.0,6.0,7.0,8.0,0.0,0.0,0.0,0.0
6,3,60,3,7,0.0,0.0,0.0,0.0,5.0,6.0,7.0,8.0,9.0,0.0,0.0,0.0
6,3,90,6,7,0.0,0.0,0.0,0.0,5.0,6.0,7.0,8.0,0.0,0.0,0.0,0.0
5,3,60,8,8,0.0,0.0,0.0,0.0,0.0,0.0,7.0,8.0,0.0,0.0,0.0,0.0
5,3,60,8,8,0.0,0.0,0.0,0.0,0.0,0.0,7.0,8.0,0.0,0.0,0.0,0.0
5,3,60,8,8,0.0,0.0,0.0,0.0,0.0,0.0,7.0,8.0,0.0,0.0,0.0,0.0
6,5,90,8,1,0.0,0.0,0.0,0.0,0.0,0.0,0.0,0.0,9.0,10.0,11.0,0.0
6,3,45,1,4,0.0,0.0,0.0,0.0,0.0,0.0,7.0,8.0,0.0,0.0,0.0,0.0
2,3,240,5,8,0.0,0.0,3.0,4.0,5.0,6.0,7.0,8.0,9.0,10.0,0.0,0.0
5,5,240,8,8,0.0,0.0,3.0,4.0,5.0,6.0,7.0,8.0,9.0,10.0,0.0,0.0
5,3,210,4,1,0.0,0.0,0.0,4.0,5.0,6.0,7.0,8.0,9.0,10.0,0.0,0.0
5,3,200,3,3,0.0,0.0,0.0,4.0,5.0,6.0,7.0,8.0,9.0,10.0,0.0,0.0
5,3,90,5,1,0.0,0.0,3.0,4.0,5.0,0.0,0.0,0.0,0.0,0.0,0.0,0.0
5,3,180,4,3,0.0,0.0,3.0,4.0,5.0,6.0,7.0,8.0,0.0,0.0,0.0,0.0
6,3,5,2,5,0.0,0.0,0.0,0.0,5.0,0.0,0.0,0.0,0.0,0.0,0.0,0.0
2,3,120,4,1,0.0,0.0,0.0,0.0,5.0,6.0,7.0,8.0,0.0,0.0,0.0,0.0
4,9,60,8,13,0.0,0.0,0.0,0.0,0.0,0.0,7.0,8.0,0.0,0.0,0.0,0.0
5,4,60,6,1,0.0,0.0,0.0,0.0,0.0,0.0,7.0,8.0,0.0,0.0,0.0,0.0
5,4,60,4,10,0.0,0.0,0.0,0.0,0.0,0.0,7.0,8.0,0.0,0.0,0.0,0.0
5,3,5,3,1,0.0,0.0,3.0,4.0,5.0,0.0,0.0,0.0,0.0,0.0,0.0,0.0
6,3,30,6,1,0.0,0.0,0.0,0.0,0.0,0.0,0.0,8.0,0.0,0.0,0.0,0.0
7,9,180,5,3,0.0,0.0,3.0,4.0,5.0,6.0,7.0,8.0,0.0,0.0,0.0,0.0
2,3,40,6,1,0.0,0.0,0.0,0.0,5.0,6.0,0.0,0.0,0.0,0.0,0.0,0.0
5,3,90,6,1,0.0,0.0,0.0,0.0,5.0,6.0,7.0,0.0,0.0,0.0,0.0,0.0
5,3,150,1,7,0.0,0.0,0.0,4.0,5.0,6.0,7.0,8.0,0.0,0.0,0.0,0.0
6,3,150,2,3,0.0,0.0,0.0,4.0,5.0,6.0,7.0,8.0,0.0,0.0,0.0,0.0
6,3,180,2,2,0.0,0.0,0.0,4.0,5.0,6.0,7.0,8.0,9.0,0.0,0.0,0.0
5,3,180,8,3,0.0,0.0,0.0,4.0,5.0,6.0,7.0,8.0,9.0,0.0,0.0,0.0
6,3,90,3,1,0.0,0.0,0.0,0.0,5.0,6.0,7.0,0.0,0.0,0.0,0.0,0.0
5,3,120,3,2,0.0,0.0,0.0,0.0,5.0,6.0,7.0,8.0,0.0,0.0,0.0,0.0
4,9,120,7,7,0.0,0.0,0.0,0.0,5.0,6.0,7.0,8.0,0.0,0.0,0.0,0.0
5,3,150,4,8,0.0,0.0,0.0,4.0,5.0,6.0,7.0,8.0,0.0,0.0,0.0,0.0
5,3,90,7,5,0.0,0.0,0.0,0.0,0.0,6.0,7.0,8.0,0.0,0.0,0.0,0.0
5,3,60,7,10,0.0,0.0,0.0,0.0,0.0,0.0,7.0,8.0,0.0,0.0,0.0,0.0
5,4,150,8,2,0.0,0.0,0.0,4.0,5.0,6.0,7.0,8.0,0.0,0.0,0.0,0.0
5,3,120,1,2,0.0,0.0,0.0,0.0,5.0,6.0,7.0,8.0,0.0,0.0,0.0,0.0
5,4,120,3,2,0.0,0.0,0.0,0.0,5.0,6.0,7.0,8.0,0.0,0.0,0.0,0.0
2,3,180,4,5,0.0,0.0,0.0,4.0,5.0,6.0,7.0,8.0,9.0,0.0,0.0,0.0
5,3,150,3,10,0.0,0.0,0.0,0.0,5.0,6.0,7.0,8.0,9.0,0.0,0.0,0.0
4,9,150,4,6,0.0,0.0,0.0,0.0,5.0,6.0,7.0,8.0,9.0,0.0,0.0,0.0
4,9,150,4,10,0.0,0.0,0.0,0.0,5.0,6.0,7.0,8.0,9.0,0.0,0.0,0.0
5,3,60,7,1,0.0,0.0,0.0,0.0,0.0,6.0,7.0,0.0,0.0,0.0,0.0,0.0
6,3,60,7,2,0.0,0.0,0.0,0.0,0.0,6.0,7.0,0.0,0.0,0.0,0.0,0.0
5,3,100,9,1,0.0,0.0,0.0,4.0,5.0,6.0,7.0,8.0,9.0,0.0,0.0,0.0
4,9,180,8,15,0.0,0.0,0.0,4.0,5.0,6.0,7.0,8.0,9.0,0.0,0.0,0.0
2,9,150,7,5,0.0,0.0,0.0,0.0,5.0,6.0,7.0,8.0,9.0,0.0,0.0,0.0
2,3,180,5,2,0.0,0.0,0.0,4.0,5.0,6.0,7.0,8.0,9.0,0.0,0.0,0.0
5,3,60,2,7,0.0,0.0,0.0,0.0,0.0,0.0,7.0,8.0,0.0,0.0,0.0,0.0
5,5,60,4,7,0.0,0.0,0.0,0.0,0.0,0.0,7.0,8.0,0.0,0.0,0.0,0.0
5,4,90,5,7,0.0,0.0,0.0,0.0,0.0,6.0,7.0,8.0,0.0,0.0,0.0,0.0
5,3,90,2,7,0.0,0.0,0.0,0.0,0.0,6.0,7.0,8.0,0.0,0.0,0.0,0.0
5,3,60,3,5,0.0,0.0,0.0,0.0,0.0,0.0,7.0,8.0,0.0,0.0,0.0,0.0
5,3,150,12,1,0.0,0.0,0.0,0.0,5.0,6.0,7.0,8.0,9.0,0.0,0.0,0.0
5,3,150,12,1,0.0,0.0,0.0,0.0,5.0,6.0,7.0,8.0,9.0,0.0,0.0,0.0
5,3,150,12,4,0.0,0.0,0.0,0.0,5.0,6.0,7.0,8.0,9.0,0.0,0.0,0.0
5,3,180,12,4,0.0,0.0,0.0,0.0,5.0,6.0,7.0,8.0,9.0,10.0,0.0,0.0
4,9,60,2,7,0.0,0.0,0.0,0.0,0.0,6.0,7.0,0.0,0.0,0.0,0.0,0.0
6,5,150,4,3,0.0,0.0,0.0,4.0,5.0,6.0,7.0,8.0,0.0,0.0,0.0,0.0
6,5,150,7,3,0.0,0.0,0.0,4.0,5.0,6.0,7.0,8.0,0.0,0.0,0.0,0.0
6,6,150,4,1,0.0,0.0,0.0,0.0,5.0,6.0,7.0,8.0,9.0,0.0,0.0,0.0
5,5,180,8,5,0.0,0.0,0.0,0.0,5.0,6.0,7.0,8.0,9.0,10.0,0.0,0.0
5,5,90,8,2,0.0,0.0,0.0,0.0,0.0,6.0,7.0,8.0,0.0,0.0,0.0,0.0
5,3,90,8,1,0.0,0.0,0.0,0.0,0.0,6.0,7.0,8.0,0.0,0.0,0.0,0.0
5,3,120,3,1,0.0,0.0,0.0,0.0,0.0,0.0,7.0,8.0,0.0,0.0,11.0,12.0
5,4,150,3,10,0.0,0.0,0.0,4.0,5.0,6.0,7.0,8.0,0.0,0.0,0.0,0.0
5,3,150,6,6,0.0,0.0,0.0,4.0,5.0,6.0,7.0,8.0,0.0,0.0,0.0,0.0
5,4,12,4,6,0.0,0.0,0.0,4.0,5.0,6.0,7.0,8.0,0.0,0.0,0.0,0.0
4,9,150,6,8,0.0,0.0,0.0,4.0,5.0,6.0,7.0,8.0,0.0,0.0,0.0,0.0
5,3,120,3,4,0.0,0.0,0.0,4.0,5.0,6.0,7.0,0.0,0.0,0.0,0.0,0.0
5,3,2,1,5,0.0,0.0,0.0,0.0,0.0,0.0,7.0,0.0,0.0,0.0,0.0,0.0
2,1,150,8,3,0.0,0.0,0.0,0.0,5.0,6.0,7.0,8.0,9.0,0.0,0.0,0.0
2,3,120,6,2,0.0,0.0,0.0,0.0,0.0,6.0,7.0,8.0,9.0,0.0,0.0,0.0
5,9,120,6,6,0.0,0.0,0.0,0.0,0.0,0.0,7.0,8.0,9.0,10.0,0.0,0.0
2,9,120,6,8,0.0,0.0,0.0,0.0,0.0,0.0,7.0,8.0,9.0,10.0,0.0,0.0
4,9,120,5,8,0.0,0.0,3.0,4.0,5.0,6.0,0.0,0.0,0.0,0.0,0.0,0.0
5,3,120,2,1,0.0,0.0,3.0,4.0,5.0,6.0,0.0,0.0,0.0,0.0,0.0,0.0
4,9,120,8,3,0.0,0.0,0.0,0.0,5.0,6.0,7.0,8.0,0.0,0.0,0.0,0.0
5,4,90,12,4,0.0,0.0,0.0,0.0,0.0,6.0,7.0,8.0,0.0,0.0,0.0,0.0
6,3,90,12,1,0.0,0.0,0.0,0.0,0.0,0.0,7.0,8.0,9.0,0.0,0.0,0.0
6,5,240,7,4,0.0,0.0,3.0,4.0,5.0,6.0,7.0,8.0,9.0,10.0,0.0,0.0
2,2,90,1,10,0.0,0.0,0.0,0.0,0.0,6.0,7.0,8.0,0.0,0.0,0.0,0.0
6,3,150,9,1,0.0,0.0,0.0,0.0,5.0,6.0,7.0,8.0,9.0,0.0,0.0,0.0
6,4,150,5,1,0.0,0.0,0.0,0.0,5.0,6.0,7.0,8.0,9.0,0.0,0.0,0.0
2,2,90,15,6,0.0,0.0,0.0,0.0,0.0,6.0,7.0,8.0,0.0,0.0,0.0,0.0
5,3,240,2,3,0.0,0.0,3.0,4.0,5.0,6.0,7.0,8.0,9.0,10.0,0.0,0.0
5,3,90,6,5,0.0,0.0,0.0,0.0,0.0,6.0,7.0,8.0,0.0,0.0,0.0,0.0
5,3,90,8,5,0.0,0.0,0.0,0.0,0.0,6.0,7.0,8.0,0.0,0.0,0.0,0.0
5,3,90,8,5,0.0,0.0,0.0,0.0,0.0,6.0,7.0,8.0,0.0,0.0,0.0,0.0
5,4,24,3,3,0.0,0.0,0.0,0.0,0.0,6.0,7.0,8.0,0.0,0.0,0.0,0.0
5,3,90,8,3,0.0,0.0,0.0,0.0,0.0,6.0,7.0,8.0,0.0,0.0,0.0,0.0
4,9,150,5,1,0.0,0.0,0.0,4.0,5.0,6.0,7.0,8.0,0.0,0.0,0.0,0.0
6,3,150,8,1,0.0,0.0,0.0,0.0,5.0,6.0,7.0,8.0,9.0,0.0,0.0,0.0
6,3,150,8,1,0.0,0.0,0.0,0.0,5.0,6.0,7.0,8.0,9.0,0.0,0.0,0.0
6,3,150,8,1,0.0,0.0,0.0,0.0,5.0,6.0,7.0,8.0,9.0,0.0,0.0,0.0
5,3,180,2,5,0.0,0.0,3.0,4.0,5.0,6.0,7.0,8.0,0.0,0.0,0.0,0.0
4,9,210,11,12,0.0,0.0,3.0,4.0,5.0,6.0,7.0,8.0,9.0,0.0,0.0,0.0
5,3,240,6,1,0.0,0.0,3.0,4.0,5.0,6.0,7.0,8.0,9.0,10.0,11.0,0.0
4,9,80,5,3,0.0,0.0,3.0,4.0,5.0,6.0,7.0,8.0,0.0,0.0,0.0,0.0
5,3,365,7,2,1.0,2.0,3.0,4.0,5.0,6.0,7.0,8.0,9.0,10.0,11.0,12.0
5,3,365,7,2,1.0,2.0,3.0,4.0,5.0,6.0,7.0,8.0,9.0,10.0,11.0,12.0
5,3,365,2,2,1.0,2.0,3.0,4.0,5.0,6.0,7.0,8.0,9.0,10.0,11.0,12.0
5,5,365,6,2,1.0,2.0,3.0,4.0,5.0,6.0,7.0,8.0,9.0,10.0,11.0,12.0
5,3,90,1,2,0.0,0.0,0.0,0.0,0.0,6.0,7.0,8.0,0.0,0.0,0.0,0.0
5,3,90,1,3,0.0,0.0,0.0,0.0,0.0,6.0,7.0,8.0,0.0,0.0,0.0,0.0
5,5,60,5,1,0.0,0.0,0.0,0.0,5.0,6.0,7.0,8.0,0.0,0.0,0.0,0.0
4,9,180,3,17,0.0,0.0,0.0,4.0,5.0,6.0,7.0,8.0,9.0,0.0,0.0,0.0
4,9,150,3,2,0.0,0.0,3.0,4.0,5.0,6.0,7.0,0.0,0.0,0.0,0.0,0.0
2,2,150,3,20,0.0,0.0,0.0,0.0,0.0,6.0,7.0,8.0,9.0,10.0,0.0,0.0
5,3,64,6,3,0.0,0.0,3.0,4.0,5.0,6.0,7.0,8.0,9.0,0.0,0.0,0.0
5,3,120,1,3,0.0,0.0,0.0,0.0,5.0,6.0,7.0,8.0,0.0,0.0,0.0,0.0
5,3,16,1,3,0.0,0.0,0.0,0.0,5.0,6.0,7.0,8.0,0.0,0.0,0.0,0.0
2,5,120,10,6,0.0,0.0,0.0,4.0,5.0,6.0,7.0,0.0,0.0,0.0,0.0,0.0
6,3,90,2,3,0.0,0.0,0.0,0.0,0.0,6.0,7.0,8.0,0.0,0.0,0.0,0.0
4,9,120,4,8,0.0,0.0,0.0,0.0,5.0,6.0,7.0,8.0,0.0,0.0,0.0,0.0
4,9,120,2,3,0.0,0.0,0.0,0.0,5.0,6.0,7.0,8.0,0.0,0.0,0.0,0.0
6,3,150,10,1,0.0,0.0,0.0,0.0,5.0,6.0,7.0,8.0,9.0,0.0,0.0,0.0
5,3,180,5,4,0.0,0.0,0.0,4.0,5.0,6.0,7.0,8.0,9.0,0.0,0.0,0.0
5,3,180,5,2,0.0,0.0,0.0,4.0,5.0,6.0,7.0,8.0,9.0,0.0,0.0,0.0
6,4,180,2,1,0.0,0.0,0.0,4.0,5.0,6.0,7.0,8.0,9.0,0.0,0.0,0.0
5,3,120,3,5,0.0,0.0,0.0,0.0,5.0,6.0,7.0,8.0,0.0,0.0,0.0,0.0
5,3,150,5,2,0.0,0.0,0.0,4.0,5.0,6.0,7.0,8.0,0.0,0.0,0.0,0.0
2,3,10,1,1,0.0,0.0,3.0,4.0,0.0,0.0,0.0,0.0,0.0,0.0,0.0,0.0
4,9,180,8,5,0.0,0.0,3.0,4.0,5.0,6.0,7.0,8.0,0.0,0.0,0.0,0.0
4,9,180,8,2,0.0,0.0,3.0,4.0,5.0,6.0,7.0,8.0,0.0,0.0,0.0,0.0
5,3,75,6,3,0.0,0.0,0.0,0.0,0.0,6.0,7.0,8.0,0.0,0.0,0.0,0.0
6,3,210,5,1,0.0,0.0,3.0,4.0,5.0,6.0,7.0,8.0,9.0,0.0,0.0,0.0
5,3,210,5,5,0.0,0.0,3.0,4.0,5.0,6.0,7.0,8.0,9.0,0.0,0.0,0.0
7,9,120,6,5,0.0,0.0,0.0,0.0,5.0,6.0,7.0,8.0,0.0,0.0,0.0,0.0
6,3,120,5,2,0.0,0.0,0.0,0.0,5.0,6.0,7.0,8.0,0.0,0.0,0.0,0.0
5,3,90,6,8,0.0,0.0,0.0,0.0,0.0,6.0,7.0,8.0,0.0,0.0,0.0,0.0
5,3,150,2,5,0.0,0.0,0.0,4.0,5.0,6.0,7.0,8.0,9.0,0.0,0.0,0.0
5,3,70,1,8,0.0,0.0,0.0,0.0,0.0,6.0,7.0,8.0,0.0,0.0,0.0,0.0
5,3,280,3,3,0.0,2.0,3.0,4.0,5.0,6.0,7.0,8.0,9.0,10.0,11.0,0.0
5,3,280,3,6,0.0,2.0,3.0,4.0,5.0,6.0,7.0,8.0,9.0,10.0,11.0,0.0
4,9,90,12,2,0.0,0.0,0.0,0.0,0.0,6.0,7.0,8.0,0.0,0.0,0.0,0.0
5,3,210,9,6,0.0,0.0,3.0,4.0,5.0,6.0,7.0,8.0,9.0,10.0,11.0,0.0
5,3,60,6,5,0.0,0.0,0.0,0.0,0.0,6.0,7.0,0.0,0.0,0.0,0.0,0.0
2,3,120,3,7,0.0,0.0,0.0,0.0,5.0,6.0,7.0,8.0,0.0,0.0,0.0,0.0
5,3,90,5,2,0.0,0.0,0.0,0.0,0.0,6.0,7.0,8.0,0.0,0.0,0.0,0.0
5,3,180,4,1,0.0,0.0,3.0,4.0,5.0,6.0,7.0,8.0,0.0,0.0,0.0,0.0
5,3,75,3,8,0.0,0.0,0.0,4.0,5.0,6.0,7.0,8.0,0.0,0.0,0.0,0.0
7,9,90,8,1,0.0,0.0,0.0,0.0,0.0,0.0,7.0,8.0,9.0,0.0,0.0,0.0
5,3,180,4,2,0.0,0.0,0.0,0.0,0.0,6.0,7.0,8.0,9.0,10.0,11.0,0.0
5,3,180,8,4,0.0,0.0,0.0,0.0,0.0,6.0,7.0,8.0,9.0,10.0,11.0,0.0
6,4,90,12,1,0.0,0.0,0.0,0.0,0.0,6.0,7.0,8.0,0.0,0.0,0.0,0.0
5,3,90,14,2,0.0,0.0,0.0,0.0,0.0,6.0,7.0,8.0,0.0,0.0,0.0,0.0
2,9,180,4,7,0.0,0.0,0.0,4.0,5.0,6.0,7.0,8.0,9.0,0.0,0.0,0.0
4,2,180,20,10,0.0,0.0,0.0,4.0,5.0,6.0,7.0,8.0,9.0,0.0,0.0,0.0
2,3,150,9,15,0.0,0.0,0.0,0.0,5.0,6.0,7.0,8.0,9.0,0.0,0.0,0.0
2,3,180,10,10,0.0,0.0,0.0,0.0,5.0,6.0,7.0,8.0,9.0,10.0,0.0,0.0
5,3,180,10,6,0.0,0.0,0.0,0.0,5.0,6.0,7.0,8.0,9.0,10.0,0.0,0.0
5,3,80,8,3,0.0,0.0,0.0,4.0,5.0,6.0,7.0,8.0,9.0,0.0,0.0,0.0
5,3,120,3,3,0.0,0.0,0.0,0.0,5.0,6.0,7.0,8.0,0.0,0.0,0.0,0.0
5,3,30,2,1,0.0,0.0,0.0,0.0,0.0,0.0,7.0,0.0,0.0,0.0,0.0,0.0
5,3,150,3,6,0.0,0.0,0.0,0.0,5.0,6.0,7.0,8.0,9.0,0.0,0.0,0.0
5,3,210,3,2,0.0,0.0,3.0,4.0,5.0,6.0,7.0,8.0,9.0,0.0,0.0,0.0
5,3,210,8,2,0.0,0.0,3.0,4.0,5.0,6.0,7.0,8.0,9.0,0.0,0.0,0.0
4,9,150,6,7,0.0,0.0,0.0,0.0,5.0,6.0,7.0,8.0,9.0,0.0,0.0,0.0
2,1,120,2,3,0.0,0.0,0.0,0.0,0.0,6.0,7.0,8.0,9.0,0.0,0.0,0.0
2,3,120,2,10,0.0,0.0,0.0,0.0,0.0,6.0,7.0,8.0,9.0,0.0,0.0,0.0
6,3,150,5,3,0.0,0.0,0.0,0.0,5.0,6.0,7.0,8.0,9.0,0.0,0.0,0.0
5,3,120,3,7,0.0,0.0,0.0,0.0,5.0,6.0,7.0,8.0,0.0,0.0,0.0,0.0
6,4,120,5,1,0.0,0.0,0.0,4.0,5.0,6.0,7.0,0.0,0.0,0.0,0.0,0.0
6,3,90,6,8,0.0,0.0,0.0,0.0,0.0,0.0,7.0,8.0,9.0,0.0,0.0,0.0
5,3,180,6,2,0.0,0.0,0.0,4.0,5.0,6.0,7.0,8.0,9.0,0.0,0.0,0.0
5,3,180,6,2,0.0,0.0,0.0,4.0,5.0,6.0,7.0,8.0,9.0,0.0,0.0,0.0
5,5,16,10,5,0.0,0.0,0.0,0.0,0.0,6.0,7.0,0.0,0.0,0.0,0.0,0.0
5,5,210,7,99,0.0,0.0,0.0,4.0,5.0,6.0,7.0,8.0,9.0,10.0,0.0,0.0
2,9,60,8,10,0.0,0.0,0.0,0.0,0.0,0.0,7.0,8.0,0.0,0.0,0.0,0.0
2,9,60,8,10,0.0,0.0,0.0,0.0,0.0,0.0,7.0,8.0,0.0,0.0,0.0,0.0
5,4,210,6,3,0.0,0.0,3.0,4.0,5.0,6.0,7.0,8.0,9.0,0.0,0.0,0.0
5,4,120,3,2,0.0,0.0,0.0,0.0,5.0,6.0,7.0,8.0,0.0,0.0,0.0,0.0
6,3,120,3,2,0.0,0.0,0.0,0.0,5.0,6.0,7.0,8.0,0.0,0.0,0.0,0.0
6,3,180,8,5,0.0,0.0,0.0,4.0,5.0,6.0,7.0,8.0,9.0,0.0,0.0,0.0
6,5,180,5,5,0.0,0.0,0.0,4.0,5.0,6.0,7.0,8.0,9.0,0.0,0.0,0.0
5,9,80,1,1,0.0,0.0,0.0,0.0,5.0,6.0,7.0,8.0,0.0,0.0,0.0,0.0
2,1,180,8,3,0.0,0.0,0.0,4.0,5.0,6.0,7.0,8.0,9.0,0.0,0.0,0.0
6,1,90,7,1,0.0,0.0,0.0,0.0,0.0,0.0,7.0,8.0,9.0,0.0,0.0,0.0
6,5,120,3,6,0.0,0.0,0.0,0.0,5.0,6.0,7.0,8.0,0.0,0.0,0.0,0.0
5,9,210,8,2,0.0,0.0,0.0,4.0,5.0,6.0,7.0,8.0,9.0,10.0,0.0,0.0
5,4,60,6,6,0.0,0.0,0.0,0.0,0.0,0.0,7.0,8.0,0.0,0.0,0.0,0.0
5,3,180,8,8,0.0,0.0,0.0,4.0,5.0,6.0,7.0,8.0,9.0,0.0,0.0,0.0
5,3,180,8,8,0.0,0.0,0.0,4.0,5.0,6.0,7.0,8.0,9.0,0.0,0.0,0.0
2,3,80,6,18,0.0,0.0,0.0,0.0,0.0,6.0,7.0,8.0,0.0,0.0,0.0,0.0
6,3,150,3,3,0.0,0.0,0.0,0.0,5.0,6.0,7.0,8.0,9.0,0.0,0.0,0.0
4,9,150,8,5,0.0,0.0,0.0,4.0,5.0,6.0,7.0,8.0,0.0,0.0,0.0,0.0
2,4,75,3,12,0.0,0.0,0.0,0.0,5.0,6.0,7.0,8.0,9.0,0.0,0.0,0.0
4,9,180,12,20,0.0,0.0,0.0,0.0,5.0,6.0,7.0,8.0,9.0,10.0,0.0,0.0
5,3,210,3,5,0.0,0.0,3.0,4.0,5.0,6.0,7.0,8.0,9.0,0.0,0.0,0.0
5,3,90,6,10,0.0,0.0,0.0,0.0,5.0,6.0,7.0,0.0,0.0,0.0,0.0,0.0
5,3,120,3,4,0.0,0.0,0.0,0.0,5.0,6.0,7.0,8.0,0.0,0.0,0.0,0.0
2,4,150,4,3,0.0,0.0,0.0,4.0,5.0,6.0,7.0,8.0,0.0,0.0,0.0,0.0
2,4,150,7,2,0.0,0.0,0.0,4.0,5.0,6.0,7.0,8.0,0.0,0.0,0.0,0.0
5,3,120,10,4,0.0,0.0,0.0,0.0,5.0,6.0,7.0,8.0,0.0,0.0,0.0,0.0
5,3,120,7,2,0.0,0.0,0.0,0.0,5.0,6.0,7.0,8.0,0.0,0.0,0.0,0.0
4,2,90,2,2,0.0,0.0,0.0,0.0,0.0,6.0,7.0,8.0,0.0,0.0,0.0,0.0
5,3,120,2,6,0.0,0.0,0.0,0.0,5.0,6.0,7.0,8.0,0.0,0.0,0.0,0.0
5,4,120,8,4,0.0,0.0,0.0,4.0,5.0,0.0,0.0,8.0,9.0,0.0,0.0,0.0
2,1,120,3,1,0.0,0.0,3.0,4.0,5.0,6.0,0.0,0.0,0.0,0.0,0.0,0.0
2,2,120,2,28,0.0,0.0,0.0,0.0,5.0,6.0,7.0,8.0,0.0,0.0,0.0,0.0
6,3,32,1,99,0.0,0.0,0.0,0.0,0.0,0.0,7.0,8.0,0.0,0.0,0.0,0.0
5,5,120,2,6,0.0,0.0,0.0,0.0,5.0,6.0,7.0,8.0,9.0,0.0,0.0,0.0
5,5,120,3,3,0.0,0.0,0.0,0.0,5.0,6.0,7.0,8.0,9.0,0.0,0.0,0.0
5,5,120,8,2,0.0,0.0,0.0,0.0,0.0,6.0,7.0,8.0,9.0,0.0,0.0,0.0
5,4,150,8,3,0.0,0.0,0.0,0.0,5.0,6.0,7.0,8.0,9.0,0.0,0.0,0.0
6,5,90,8,3,0.0,0.0,0.0,0.0,0.0,6.0,7.0,8.0,0.0,0.0,0.0,0.0
5,3,90,2,5,0.0,0.0,0.0,0.0,0.0,6.0,7.0,8.0,0.0,0.0,0.0,0.0
6,4,90,8,2,0.0,0.0,0.0,0.0,0.0,6.0,7.0,8.0,0.0,0.0,0.0,0.0
5,3,120,6,14,0.0,0.0,0.0,4.0,5.0,6.0,7.0,8.0,9.0,0.0,0.0,0.0
6,3,120,6,2,0.0,0.0,0.0,4.0,5.0,6.0,7.0,8.0,9.0,0.0,0.0,0.0
6,5,150,4,6,0.0,0.0,3.0,4.0,5.0,6.0,7.0,0.0,0.0,0.0,0.0,0.0
2,9,90,3,12,0.0,0.0,0.0,0.0,5.0,6.0,7.0,0.0,0.0,0.0,0.0,0.0
4,9,180,8,3,0.0,0.0,0.0,4.0,5.0,6.0,7.0,8.0,9.0,0.0,0.0,0.0
5,1,90,3,1,0.0,0.0,3.0,4.0,5.0,0.0,0.0,0.0,0.0,0.0,0.0,0.0
5,4,100,8,3,0.0,0.0,0.0,4.0,5.0,6.0,7.0,0.0,0.0,0.0,0.0,0.0
2,2,150,7,16,0.0,0.0,0.0,0.0,5.0,6.0,7.0,8.0,9.0,0.0,0.0,0.0
5,3,60,2,4,0.0,0.0,0.0,0.0,5.0,6.0,0.0,0.0,0.0,0.0,0.0,0.0
6,3,180,8,2,0.0,0.0,0.0,4.0,5.0,6.0,7.0,8.0,9.0,0.0,0.0,0.0
6,3,180,6,2,0.0,0.0,0.0,4.0,5.0,6.0,7.0,8.0,9.0,0.0,0.0,0.0
6,3,150,5,2,0.0,0.0,0.0,0.0,5.0,6.0,7.0,8.0,9.0,0.0,0.0,0.0
6,3,150,5,2,0.0,0.0,0.0,0.0,5.0,6.0,7.0,8.0,9.0,0.0,0.0,0.0
6,3,150,5,2,0.0,0.0,0.0,0.0,5.0,6.0,7.0,8.0,9.0,0.0,0.0,0.0
6,5,210,9,2,0.0,0.0,3.0,4.0,5.0,6.0,7.0,8.0,9.0,0.0,0.0,0.0
6,4,210,9,2,0.0,0.0,3.0,4.0,5.0,6.0,7.0,8.0,9.0,0.0,0.0,0.0
6,4,210,4,2,0.0,0.0,3.0,4.0,5.0,6.0,7.0,8.0,9.0,0.0,0.0,0.0
6,3,210,6,1,0.0,0.0,3.0,4.0,5.0,6.0,7.0,8.0,9.0,0.0,0.0,0.0
5,4,150,2,4,0.0,0.0,0.0,0.0,5.0,6.0,7.0,8.0,9.0,0.0,0.0,0.0
5,5,150,5,4,0.0,0.0,0.0,0.0,5.0,6.0,7.0,8.0,9.0,0.0,0.0,0.0
2,3,90,0,1,0.0,0.0,0.0,0.0,0.0,6.0,7.0,8.0,0.0,0.0,0.0,0.0
6,4,150,10,4,0.0,0.0,0.0,4.0,5.0,6.0,7.0,8.0,0.0,0.0,0.0,0.0
4,9,90,5,10,0.0,0.0,0.0,0.0,0.0,6.0,7.0,8.0,0.0,0.0,0.0,0.0
2,3,180,2,4,0.0,0.0,0.0,4.0,5.0,6.0,7.0,8.0,9.0,0.0,0.0,0.0
2,2,180,9,2,0.0,0.0,0.0,4.0,5.0,6.0,7.0,8.0,9.0,0.0,0.0,0.0
5,3,30,1,1,0.0,0.0,0.0,0.0,0.0,6.0,0.0,0.0,0.0,10.0,0.0,0.0
4,9,240,3,2,0.0,0.0,3.0,4.0,5.0,6.0,7.0,8.0,9.0,10.0,0.0,0.0
6,3,180,7,1,0.0,0.0,0.0,4.0,5.0,6.0,7.0,8.0,9.0,0.0,0.0,0.0
5,3,270,8,1,0.0,0.0,3.0,4.0,5.0,6.0,7.0,8.0,9.0,10.0,11.0,0.0
5,3,110,3,2,0.0,0.0,0.0,0.0,5.0,6.0,7.0,8.0,0.0,0.0,0.0,0.0
2,3,240,3,1,0.0,0.0,3.0,4.0,5.0,6.0,7.0,8.0,9.0,10.0,0.0,0.0
5,3,80,4,2,0.0,0.0,0.0,0.0,0.0,6.0,7.0,8.0,9.0,0.0,0.0,0.0
5,3,80,4,2,0.0,0.0,0.0,0.0,0.0,6.0,7.0,8.0,9.0,0.0,0.0,0.0
5,3,210,8,5,0.0,0.0,0.0,4.0,5.0,6.0,7.0,8.0,9.0,10.0,0.0,0.0
5,3,210,2,6,0.0,0.0,0.0,4.0,5.0,6.0,7.0,8.0,9.0,10.0,0.0,0.0
6,3,150,2,2,0.0,0.0,0.0,0.0,5.0,6.0,7.0,8.0,9.0,0.0,0.0,0.0
5,3,150,2,5,0.0,0.0,0.0,0.0,5.0,6.0,7.0,8.0,9.0,0.0,0.0,0.0
5,3,345,8,1,1.0,2.0,3.0,4.0,5.0,6.0,7.0,8.0,9.0,10.0,11.0,12.0
6,3,345,8,3,1.0,2.0,3.0,4.0,5.0,6.0,7.0,8.0,9.0,10.0,11.0,12.0
2,2,20,4,1,0.0,0.0,0.0,0.0,0.0,0.0,0.0,0.0,0.0,10.0,0.0,0.0
2,3,90,3,1,0.0,0.0,0.0,0.0,0.0,0.0,7.0,8.0,9.0,0.0,0.0,0.0
2,3,120,6,3,0.0,0.0,0.0,0.0,5.0,6.0,7.0,8.0,0.0,0.0,0.0,0.0
7,9,240,3,5,0.0,0.0,3.0,4.0,5.0,6.0,7.0,8.0,9.0,10.0,0.0,0.0
7,9,240,13,5,0.0,0.0,3.0,4.0,5.0,6.0,7.0,8.0,9.0,10.0,0.0,0.0
4,9,150,18,11,0.0,0.0,0.0,0.0,5.0,6.0,7.0,8.0,9.0,0.0,0.0,0.0
6,3,120,6,1,0.0,0.0,0.0,0.0,5.0,6.0,7.0,8.0,0.0,0.0,0.0,0.0
6,6,180,8,7,0.0,0.0,0.0,4.0,5.0,6.0,7.0,8.0,9.0,0.0,0.0,0.0
6,6,180,8,7,0.0,0.0,0.0,4.0,5.0,6.0,7.0,8.0,9.0,0.0,0.0,0.0
6,6,180,8,7,0.0,0.0,0.0,4.0,5.0,6.0,7.0,8.0,9.0,0.0,0.0,0.0
5,5,90,3,3,0.0,0.0,0.0,0.0,0.0,0.0,7.0,8.0,0.0,0.0,0.0,12.0
5,3,90,3,5,0.0,0.0,0.0,0.0,0.0,0.0,7.0,8.0,0.0,0.0,0.0,12.0
5,3,150,4,8,0.0,0.0,0.0,0.0,5.0,6.0,7.0,8.0,9.0,0.0,0.0,0.0
6,2,150,1,2,0.0,0.0,0.0,0.0,5.0,6.0,7.0,8.0,9.0,0.0,0.0,0.0
6,5,150,4,1,0.0,0.0,0.0,0.0,5.0,6.0,7.0,8.0,9.0,0.0,0.0,0.0
6,5,150,3,3,0.0,0.0,0.0,0.0,5.0,6.0,7.0,8.0,9.0,0.0,0.0,0.0
7,5,120,4,1,0.0,0.0,0.0,0.0,0.0,6.0,7.0,8.0,9.0,0.0,0.0,0.0
5,4,120,4,1,0.0,0.0,0.0,0.0,0.0,6.0,7.0,8.0,9.0,0.0,0.0,0.0
5,3,72,3,2,0.0,0.0,0.0,4.0,5.0,6.0,7.0,8.0,9.0,0.0,0.0,0.0
6,5,180,6,1,0.0,0.0,0.0,4.0,5.0,6.0,7.0,8.0,9.0,0.0,0.0,0.0
5,5,180,6,1,0.0,0.0,0.0,4.0,5.0,6.0,7.0,8.0,9.0,0.0,0.0,0.0
5,5,120,7,2,0.0,0.0,0.0,0.0,5.0,6.0,7.0,8.0,0.0,0.0,0.0,0.0
5,4,150,8,10,0.0,0.0,0.0,4.0,5.0,6.0,7.0,8.0,0.0,0.0,0.0,0.0
5,4,60,2,10,0.0,0.0,0.0,4.0,5.0,6.0,7.0,8.0,0.0,0.0,0.0,0.0
2,3,60,3,10,0.0,0.0,0.0,4.0,5.0,6.0,7.0,8.0,9.0,0.0,0.0,0.0
2,3,45,2,10,0.0,0.0,0.0,4.0,5.0,6.0,7.0,8.0,9.0,0.0,0.0,0.0
2,4,45,3,10,0.0,0.0,0.0,4.0,5.0,6.0,7.0,8.0,9.0,0.0,0.0,0.0
2,5,45,2,10,0.0,0.0,0.0,4.0,5.0,6.0,7.0,8.0,9.0,0.0,0.0,0.0
6,5,120,5,5,0.0,0.0,0.0,4.0,5.0,6.0,7.0,8.0,9.0,0.0,0.0,0.0
5,4,90,6,5,0.0,0.0,0.0,0.0,0.0,6.0,7.0,8.0,0.0,0.0,0.0,0.0
5,4,90,6,5,0.0,0.0,0.0,0.0,5.0,6.0,7.0,0.0,0.0,0.0,0.0,0.0
7,5,90,4,1,0.0,0.0,0.0,0.0,0.0,6.0,7.0,8.0,0.0,0.0,0.0,0.0
6,3,210,5,4,0.0,0.0,0.0,4.0,5.0,6.0,7.0,8.0,9.0,10.0,0.0,0.0
6,3,210,5,4,0.0,0.0,0.0,4.0,5.0,6.0,7.0,8.0,9.0,10.0,0.0,0.0
6,4,210,4,4,0.0,0.0,0.0,4.0,5.0,6.0,7.0,8.0,9.0,10.0,0.0,0.0
4,4,180,9,99,0.0,0.0,0.0,4.0,5.0,6.0,7.0,8.0,9.0,0.0,0.0,0.0
5,5,180,9,99,0.0,0.0,0.0,4.0,5.0,6.0,7.0,8.0,9.0,0.0,0.0,0.0
5,4,180,9,99,0.0,0.0,0.0,4.0,5.0,6.0,7.0,8.0,9.0,0.0,0.0,0.0
5,5,180,9,99,0.0,0.0,0.0,4.0,5.0,6.0,7.0,8.0,9.0,0.0,0.0,0.0
5,4,36,1,6,0.0,0.0,0.0,4.0,5.0,6.0,0.0,0.0,0.0,0.0,0.0,0.0
5,3,32,2,6,0.0,0.0,3.0,4.0,5.0,6.0,7.0,8.0,9.0,10.0,0.0,0.0
5,3,160,3,6,0.0,0.0,3.0,4.0,5.0,6.0,7.0,8.0,9.0,10.0,0.0,0.0
5,3,120,2,6,0.0,0.0,3.0,4.0,5.0,0.0,0.0,8.0,9.0,10.0,0.0,0.0
5,5,300,8,7,1.0,2.0,0.0,0.0,5.0,6.0,7.0,8.0,9.0,10.0,11.0,12.0
6,4,365,8,1,1.0,2.0,3.0,4.0,5.0,6.0,7.0,8.0,9.0,10.0,11.0,12.0
5,3,200,4,6,1.0,2.0,0.0,0.0,5.0,6.0,7.0,8.0,9.0,10.0,11.0,12.0
5,5,150,8,3,0.0,0.0,0.0,0.0,5.0,6.0,7.0,8.0,9.0,0.0,0.0,0.0
5,3,150,8,3,0.0,0.0,0.0,0.0,5.0,6.0,7.0,8.0,9.0,0.0,0.0,0.0
5,4,150,8,3,0.0,0.0,0.0,0.0,5.0,6.0,7.0,8.0,9.0,0.0,0.0,0.0
2,3,80,3,10,0.0,0.0,0.0,0.0,5.0,6.0,7.0,8.0,0.0,0.0,0.0,0.0
4,9,94,4,6,0.0,0.0,3.0,4.0,5.0,6.0,7.0,8.0,9.0,0.0,0.0,0.0
5,3,90,8,1,0.0,0.0,0.0,0.0,0.0,0.0,7.0,8.0,9.0,0.0,0.0,0.0
5,2,150,6,1,0.0,0.0,0.0,0.0,5.0,6.0,7.0,8.0,9.0,0.0,0.0,0.0
5,2,150,6,5,0.0,0.0,0.0,0.0,5.0,6.0,7.0,8.0,9.0,0.0,0.0,0.0
5,3,150,7,3,0.0,0.0,0.0,0.0,5.0,6.0,7.0,8.0,9.0,0.0,0.0,0.0
6,5,60,5,1,0.0,0.0,0.0,0.0,5.0,6.0,0.0,0.0,0.0,0.0,0.0,0.0
4,9,120,2,10,0.0,0.0,0.0,4.0,5.0,6.0,7.0,0.0,0.0,0.0,0.0,0.0
6,4,60,11,1,0.0,0.0,0.0,0.0,5.0,6.0,0.0,0.0,0.0,0.0,0.0,0.0
4,9,120,10,10,0.0,0.0,0.0,4.0,5.0,6.0,7.0,0.0,0.0,0.0,0.0,0.0
5,3,180,10,4,0.0,0.0,0.0,4.0,5.0,6.0,7.0,8.0,9.0,0.0,0.0,0.0
5,5,180,10,4,0.0,0.0,0.0,4.0,5.0,6.0,7.0,8.0,9.0,0.0,0.0,0.0
6,3,120,4,1,0.0,0.0,0.0,0.0,5.0,6.0,7.0,8.0,0.0,0.0,0.0,0.0
6,3,120,4,6,0.0,0.0,0.0,0.0,5.0,6.0,7.0,8.0,0.0,0.0,0.0,0.0
6,5,120,5,2,0.0,0.0,0.0,0.0,5.0,6.0,7.0,8.0,0.0,0.0,0.0,0.0
6,5,90,4,1,0.0,0.0,0.0,0.0,5.0,6.0,7.0,8.0,9.0,0.0,0.0,0.0
6,5,110,5,2,0.0,0.0,0.0,0.0,5.0,6.0,7.0,8.0,9.0,0.0,0.0,0.0
5,3,150,8,3,0.0,0.0,0.0,0.0,5.0,6.0,7.0,8.0,9.0,0.0,0.0,0.0
5,3,150,10,8,0.0,0.0,0.0,0.0,5.0,6.0,7.0,8.0,9.0,0.0,0.0,0.0
5,3,120,2,9,0.0,0.0,0.0,4.0,5.0,6.0,7.0,0.0,0.0,0.0,0.0,0.0
5,3,210,12,9,0.0,0.0,3.0,4.0,5.0,6.0,7.0,8.0,9.0,0.0,0.0,0.0
5,3,150,3,1,0.0,0.0,0.0,4.0,5.0,6.0,7.0,8.0,0.0,0.0,0.0,0.0
5,9,120,0,1,0.0,0.0,0.0,0.0,5.0,6.0,7.0,8.0,0.0,0.0,0.0,0.0
5,3,120,4,4,0.0,0.0,0.0,0.0,5.0,6.0,7.0,8.0,0.0,0.0,0.0,0.0
5,3,120,4,8,0.0,0.0,0.0,0.0,5.0,6.0,7.0,8.0,0.0,0.0,0.0,0.0
5,3,180,24,3,0.0,0.0,0.0,4.0,5.0,6.0,7.0,8.0,9.0,0.0,0.0,0.0
4,9,150,0,6,0.0,0.0,0.0,4.0,5.0,6.0,7.0,8.0,0.0,0.0,0.0,0.0
4,9,180,1,8,0.0,0.0,0.0,4.0,5.0,6.0,7.0,8.0,9.0,0.0,0.0,0.0
5,3,150,5,5,0.0,0.0,0.0,0.0,5.0,6.0,7.0,8.0,9.0,0.0,0.0,0.0
5,4,50,4,5,0.0,0.0,0.0,0.0,0.0,6.0,7.0,8.0,0.0,0.0,0.0,0.0
6,5,210,8,5,0.0,0.0,0.0,4.0,5.0,6.0,7.0,8.0,9.0,10.0,0.0,0.0
5,3,120,3,2,0.0,0.0,0.0,0.0,5.0,6.0,7.0,8.0,0.0,0.0,0.0,0.0
2,3,30,4,10,0.0,0.0,0.0,0.0,0.0,0.0,0.0,8.0,0.0,0.0,0.0,0.0
6,5,240,4,1,0.0,0.0,3.0,4.0,5.0,6.0,7.0,8.0,9.0,10.0,0.0,0.0
4,9,120,10,6,0.0,0.0,0.0,0.0,0.0,6.0,7.0,8.0,9.0,0.0,0.0,0.0
4,9,120,10,2,0.0,0.0,0.0,0.0,0.0,6.0,7.0,8.0,9.0,0.0,0.0,0.0
4,9,335,3,10,1.0,2.0,3.0,4.0,5.0,6.0,7.0,8.0,9.0,10.0,11.0,12.0
2,2,210,5,5,0.0,0.0,3.0,4.0,5.0,6.0,7.0,8.0,9.0,0.0,0.0,0.0
5,2,120,10,3,0.0,0.0,0.0,0.0,0.0,0.0,7.0,8.0,9.0,10.0,0.0,0.0
4,9,120,6,15,0.0,0.0,0.0,0.0,0.0,0.0,7.0,8.0,9.0,10.0,0.0,0.0
5,3,60,0,2,0.0,0.0,0.0,0.0,0.0,0.0,7.0,8.0,0.0,0.0,0.0,0.0
5,3,90,0,5,0.0,0.0,0.0,0.0,5.0,6.0,7.0,0.0,0.0,0.0,0.0,0.0
6,3,90,5,3,0.0,0.0,3.0,4.0,5.0,0.0,0.0,0.0,0.0,0.0,0.0,0.0
4,9,90,1,10,0.0,0.0,0.0,0.0,5.0,6.0,7.0,0.0,0.0,0.0,0.0,0.0
5,3,180,6,3,0.0,0.0,0.0,4.0,5.0,6.0,7.0,8.0,9.0,0.0,0.0,0.0
6,3,180,5,1,0.0,0.0,0.0,4.0,5.0,6.0,7.0,8.0,9.0,0.0,0.0,0.0
5,9,150,6,4,0.0,0.0,0.0,4.0,5.0,6.0,7.0,8.0,0.0,0.0,0.0,0.0
3,3,100,3,3,0.0,0.0,0.0,0.0,5.0,6.0,7.0,8.0,9.0,0.0,0.0,0.0
6,3,100,6,5,0.0,0.0,0.0,0.0,5.0,6.0,7.0,8.0,9.0,0.0,0.0,0.0
5,3,150,4,2,0.0,0.0,0.0,0.0,5.0,6.0,7.0,8.0,9.0,0.0,0.0,0.0
6,4,120,6,2,0.0,0.0,0.0,0.0,5.0,6.0,7.0,8.0,9.0,0.0,0.0,0.0
6,5,120,5,4,0.0,0.0,0.0,0.0,5.0,6.0,7.0,8.0,9.0,0.0,0.0,0.0
2,3,120,9,16,0.0,0.0,0.0,0.0,5.0,6.0,7.0,8.0,0.0,0.0,0.0,0.0
5,9,3,5,1,0.0,0.0,0.0,4.0,0.0,0.0,0.0,0.0,0.0,0.0,0.0,0.0
9,9,3,5,1,0.0,0.0,0.0,4.0,0.0,0.0,0.0,0.0,0.0,0.0,0.0,0.0
5,3,84,2,5,0.0,0.0,0.0,4.0,5.0,6.0,7.0,8.0,9.0,0.0,0.0,0.0
5,3,82,2,5,0.0,0.0,0.0,4.0,5.0,6.0,7.0,8.0,9.0,0.0,0.0,0.0
5,3,70,8,7,0.0,0.0,3.0,4.0,5.0,6.0,7.0,8.0,9.0,0.0,0.0,0.0
5,3,150,8,5,0.0,0.0,0.0,0.0,5.0,6.0,7.0,8.0,9.0,0.0,0.0,0.0
5,3,150,6,5,0.0,0.0,0.0,0.0,5.0,6.0,7.0,8.0,9.0,0.0,0.0,0.0
6,4,150,2,4,0.0,0.0,0.0,0.0,5.0,6.0,7.0,8.0,9.0,0.0,0.0,0.0
4,9,180,12,3,0.0,0.0,0.0,0.0,5.0,6.0,7.0,8.0,9.0,10.0,0.0,0.0
4,9,120,1,5,0.0,0.0,0.0,0.0,5.0,6.0,7.0,8.0,0.0,0.0,0.0,0.0
4,9,150,3,5,0.0,0.0,0.0,0.0,5.0,6.0,7.0,8.0,9.0,0.0,0.0,0.0
6,3,150,2,6,0.0,0.0,0.0,0.0,5.0,6.0,7.0,8.0,9.0,0.0,0.0,0.0
6,9,120,8,3,0.0,0.0,0.0,0.0,5.0,6.0,7.0,8.0,0.0,0.0,0.0,0.0
6,3,90,4,1,0.0,0.0,0.0,0.0,5.0,6.0,7.0,0.0,0.0,0.0,0.0,0.0
6,3,90,4,2,0.0,0.0,0.0,0.0,5.0,6.0,7.0,0.0,0.0,0.0,0.0,0.0
6,5,150,5,2,0.0,0.0,0.0,4.0,5.0,6.0,7.0,8.0,0.0,0.0,0.0,0.0
4,9,90,12,1,0.0,0.0,0.0,0.0,0.0,6.0,7.0,8.0,0.0,0.0,0.0,0.0
2,2,120,8,3,0.0,0.0,0.0,4.0,5.0,6.0,7.0,8.0,9.0,0.0,0.0,0.0
2,3,120,8,5,0.0,0.0,0.0,0.0,5.0,6.0,7.0,8.0,9.0,0.0,0.0,0.0
2,1,150,8,3,0.0,0.0,0.0,4.0,5.0,6.0,7.0,8.0,0.0,0.0,0.0,0.0
5,3,60,7,5,0.0,0.0,0.0,0.0,0.0,0.0,7.0,8.0,0.0,0.0,0.0,0.0
6,4,210,3,5,0.0,0.0,3.0,4.0,5.0,6.0,7.0,8.0,9.0,0.0,0.0,0.0
6,3,150,3,8,0.0,0.0,0.0,4.0,5.0,6.0,7.0,8.0,9.0,0.0,0.0,0.0
2,2,150,7,5,0.0,0.0,0.0,0.0,5.0,6.0,7.0,8.0,9.0,0.0,0.0,0.0
2,3,180,10,10,0.0,0.0,0.0,4.0,5.0,6.0,7.0,8.0,9.0,0.0,0.0,0.0
5,3,180,2,4,0.0,0.0,0.0,4.0,5.0,6.0,7.0,8.0,9.0,0.0,0.0,0.0
5,3,180,5,4,0.0,0.0,0.0,4.0,5.0,6.0,7.0,8.0,9.0,0.0,0.0,0.0
2,4,90,4,12,0.0,0.0,0.0,0.0,0.0,6.0,7.0,8.0,0.0,0.0,0.0,0.0
6,3,90,2,1,0.0,0.0,3.0,4.0,5.0,6.0,7.0,0.0,0.0,0.0,0.0,0.0
5,2,90,6,15,0.0,0.0,0.0,0.0,0.0,6.0,7.0,8.0,0.0,0.0,0.0,0.0
5,3,90,4,1,0.0,0.0,0.0,0.0,0.0,6.0,7.0,8.0,0.0,0.0,0.0,0.0
4,9,150,12,4,0.0,0.0,0.0,0.0,5.0,6.0,7.0,8.0,9.0,0.0,0.0,0.0
4,9,150,12,2,0.0,0.0,0.0,0.0,5.0,6.0,7.0,8.0,9.0,0.0,0.0,0.0
5,3,60,4,5,0.0,0.0,0.0,0.0,0.0,0.0,7.0,8.0,0.0,0.0,0.0,0.0
5,3,60,2,3,0.0,0.0,0.0,0.0,0.0,0.0,7.0,8.0,0.0,0.0,0.0,0.0
4,3,60,6,5,0.0,0.0,0.0,0.0,0.0,0.0,7.0,8.0,0.0,0.0,0.0,0.0
4,9,210,6,10,0.0,0.0,0.0,4.0,5.0,6.0,7.0,8.0,9.0,10.0,0.0,0.0
4,9,180,7,10,0.0,0.0,0.0,4.0,5.0,6.0,7.0,8.0,9.0,0.0,0.0,0.0
2,2,120,1,1,0.0,0.0,0.0,0.0,5.0,6.0,7.0,8.0,0.0,0.0,0.0,0.0
2,2,180,2,6,0.0,0.0,0.0,4.0,5.0,6.0,7.0,8.0,9.0,0.0,0.0,0.0
5,3,210,10,1,0.0,0.0,3.0,4.0,5.0,6.0,7.0,8.0,9.0,0.0,0.0,0.0
6,5,180,2,1,0.0,0.0,3.0,4.0,5.0,6.0,7.0,8.0,0.0,0.0,0.0,0.0
5,3,210,1,1,0.0,0.0,3.0,4.0,5.0,6.0,7.0,8.0,9.0,0.0,0.0,0.0
5,3,180,1,1,0.0,0.0,0.0,4.0,5.0,6.0,7.0,8.0,9.0,0.0,0.0,0.0
2,1,180,5,4,0.0,0.0,0.0,4.0,5.0,6.0,7.0,8.0,9.0,0.0,0.0,0.0
5,3,180,3,4,0.0,0.0,0.0,4.0,5.0,6.0,7.0,8.0,9.0,0.0,0.0,0.0
5,3,120,8,5,0.0,0.0,0.0,0.0,5.0,6.0,7.0,8.0,0.0,0.0,0.0,0.0
5,3,120,8,2,0.0,0.0,0.0,0.0,5.0,6.0,7.0,8.0,0.0,0.0,0.0,0.0
5,3,120,6,15,0.0,0.0,0.0,0.0,0.0,6.0,7.0,8.0,9.0,0.0,0.0,0.0
5,3,120,8,5,0.0,0.0,0.0,0.0,5.0,6.0,7.0,8.0,0.0,0.0,0.0,0.0
5,3,120,8,5,0.0,0.0,0.0,0.0,5.0,6.0,7.0,8.0,0.0,0.0,0.0,0.0
5,3,120,8,5,0.0,0.0,0.0,0.0,5.0,6.0,7.0,8.0,0.0,0.0,0.0,0.0
6,3,120,8,1,0.0,0.0,0.0,4.0,5.0,6.0,7.0,0.0,0.0,0.0,0.0,0.0
2,1,180,4,1,0.0,0.0,0.0,4.0,5.0,6.0,7.0,8.0,9.0,0.0,0.0,0.0
2,3,90,13,2,0.0,0.0,0.0,0.0,0.0,6.0,7.0,8.0,0.0,0.0,0.0,0.0
5,3,72,3,5,0.0,0.0,0.0,4.0,5.0,6.0,7.0,8.0,9.0,0.0,0.0,0.0
2,3,24,2,1,0.0,0.0,0.0,4.0,5.0,6.0,7.0,8.0,9.0,0.0,0.0,0.0
2,2,120,8,2,0.0,0.0,0.0,4.0,5.0,6.0,7.0,8.0,9.0,10.0,0.0,0.0
4,9,90,12,7,0.0,0.0,0.0,0.0,0.0,6.0,7.0,8.0,0.0,0.0,0.0,0.0
4,9,90,12,1,0.0,0.0,0.0,0.0,0.0,6.0,7.0,8.0,0.0,0.0,0.0,0.0
5,3,210,8,7,0.0,0.0,0.0,4.0,5.0,6.0,7.0,8.0,9.0,10.0,0.0,0.0
5,3,90,3,2,0.0,0.0,0.0,0.0,5.0,6.0,7.0,0.0,0.0,0.0,0.0,0.0
2,2,1,99,1,1.0,0.0,0.0,0.0,0.0,0.0,0.0,0.0,0.0,0.0,0.0,0.0
2,3,90,24,5,0.0,0.0,0.0,0.0,0.0,6.0,7.0,8.0,0.0,0.0,0.0,0.0
4,9,90,12,2,0.0,0.0,0.0,0.0,0.0,0.0,7.0,8.0,9.0,0.0,0.0,0.0
4,9,90,12,2,0.0,0.0,0.0,0.0,0.0,0.0,7.0,8.0,9.0,0.0,0.0,0.0
5,4,10,8,1,0.0,0.0,0.0,0.0,0.0,0.0,0.0,0.0,0.0,10.0,0.0,0.0
2,2,180,11,3,0.0,0.0,3.0,4.0,5.0,6.0,7.0,8.0,0.0,0.0,0.0,0.0
4,9,180,6,10,0.0,0.0,0.0,4.0,5.0,6.0,7.0,8.0,9.0,0.0,0.0,0.0
6,3,100,8,4,0.0,0.0,0.0,4.0,5.0,6.0,7.0,8.0,9.0,10.0,0.0,0.0
4,9,32,12,4,0.0,0.0,0.0,0.0,0.0,0.0,7.0,8.0,9.0,10.0,0.0,0.0
1,9,210,8,1,0.0,0.0,0.0,4.0,5.0,6.0,7.0,8.0,9.0,10.0,0.0,0.0
6,5,150,4,2,0.0,0.0,0.0,0.0,5.0,6.0,7.0,8.0,9.0,0.0,0.0,0.0
4,9,120,6,1,0.0,0.0,0.0,0.0,5.0,6.0,7.0,8.0,0.0,0.0,0.0,0.0
2,3,120,2,10,0.0,0.0,0.0,4.0,5.0,6.0,7.0,0.0,0.0,0.0,0.0,0.0
6,3,240,14,3,0.0,0.0,3.0,4.0,5.0,6.0,7.0,8.0,9.0,10.0,0.0,0.0
5,3,120,6,3,0.0,0.0,0.0,0.0,5.0,6.0,7.0,8.0,0.0,0.0,0.0,0.0
5,5,150,6,1,0.0,0.0,0.0,0.0,5.0,6.0,7.0,8.0,9.0,0.0,0.0,0.0
5,4,150,6,3,0.0,0.0,0.0,0.0,5.0,6.0,7.0,8.0,9.0,0.0,0.0,0.0
5,4,150,6,3,0.0,0.0,0.0,0.0,5.0,6.0,7.0,8.0,9.0,0.0,0.0,0.0
5,4,210,4,8,0.0,0.0,3.0,4.0,5.0,6.0,7.0,8.0,9.0,0.0,0.0,0.0
5,3,210,4,5,0.0,0.0,3.0,4.0,5.0,6.0,7.0,8.0,9.0,0.0,0.0,0.0
5,3,210,5,11,0.0,0.0,3.0,4.0,5.0,6.0,7.0,8.0,9.0,0.0,0.0,0.0
5,3,210,5,11,0.0,0.0,3.0,4.0,5.0,6.0,7.0,8.0,9.0,0.0,0.0,0.0
5,5,210,5,9,0.0,0.0,3.0,4.0,5.0,6.0,7.0,8.0,9.0,0.0,0.0,0.0
5,3,210,5,11,0.0,0.0,3.0,4.0,5.0,6.0,7.0,8.0,9.0,0.0,0.0,0.0
5,3,180,8,4,0.0,0.0,0.0,4.0,5.0,6.0,7.0,8.0,9.0,0.0,0.0,0.0
5,3,180,8,4,0.0,0.0,0.0,4.0,5.0,6.0,7.0,8.0,9.0,0.0,0.0,0.0
5,3,180,8,4,0.0,0.0,0.0,4.0,5.0,6.0,7.0,8.0,9.0,0.0,0.0,0.0
5,3,90,6,9,0.0,0.0,0.0,0.0,5.0,6.0,7.0,8.0,0.0,0.0,0.0,0.0
5,4,90,4,9,0.0,0.0,0.0,0.0,5.0,6.0,7.0,8.0,0.0,0.0,0.0,0.0
6,3,120,4,4,0.0,0.0,0.0,4.0,5.0,6.0,7.0,8.0,9.0,0.0,0.0,0.0
5,3,180,3,2,0.0,0.0,0.0,4.0,5.0,6.0,7.0,8.0,9.0,0.0,0.0,0.0
5,3,180,6,6,0.0,0.0,0.0,4.0,5.0,6.0,7.0,8.0,9.0,0.0,0.0,0.0
5,3,180,6,6,0.0,0.0,0.0,4.0,5.0,6.0,7.0,8.0,9.0,0.0,0.0,0.0
2,3,20,3,5,0.0,0.0,0.0,0.0,5.0,6.0,7.0,8.0,9.0,0.0,0.0,0.0
6,4,100,3,2,0.0,0.0,0.0,0.0,5.0,6.0,7.0,8.0,9.0,10.0,0.0,0.0
5,3,24,3,1,0.0,0.0,0.0,0.0,0.0,6.0,7.0,8.0,0.0,0.0,0.0,0.0
2,3,90,3,10,0.0,0.0,0.0,0.0,0.0,6.0,7.0,8.0,0.0,0.0,0.0,0.0
4,9,150,11,25,0.0,0.0,0.0,4.0,5.0,6.0,7.0,8.0,0.0,0.0,0.0,0.0
4,9,210,5,5,0.0,0.0,0.0,4.0,5.0,6.0,7.0,8.0,9.0,10.0,0.0,0.0
4,9,210,16,5,0.0,0.0,0.0,4.0,5.0,6.0,7.0,8.0,9.0,10.0,0.0,0.0
2,3,120,6,2,0.0,0.0,0.0,0.0,0.0,6.0,7.0,8.0,9.0,0.0,0.0,0.0
5,3,210,2,1,0.0,0.0,0.0,0.0,5.0,6.0,7.0,8.0,9.0,10.0,11.0,0.0
5,3,300,2,5,0.0,2.0,3.0,4.0,5.0,6.0,7.0,8.0,9.0,10.0,11.0,0.0
4,9,150,2,20,0.0,0.0,0.0,0.0,0.0,6.0,7.0,8.0,9.0,10.0,0.0,0.0
7,9,240,8,8,0.0,0.0,3.0,4.0,5.0,6.0,7.0,8.0,9.0,10.0,0.0,0.0
2,3,120,2,1,0.0,0.0,0.0,0.0,5.0,6.0,7.0,8.0,0.0,0.0,0.0,0.0
2,3,210,10,8,0.0,0.0,3.0,4.0,5.0,6.0,7.0,8.0,9.0,0.0,0.0,0.0
4,9,120,12,7,0.0,0.0,0.0,0.0,5.0,6.0,7.0,8.0,0.0,0.0,0.0,0.0
4,9,120,5,3,0.0,0.0,0.0,0.0,0.0,6.0,7.0,8.0,9.0,0.0,0.0,0.0
4,9,180,20,18,0.0,0.0,0.0,0.0,5.0,6.0,7.0,8.0,9.0,10.0,0.0,0.0
2,3,210,8,6,0.0,0.0,3.0,4.0,5.0,6.0,7.0,8.0,9.0,0.0,0.0,0.0
2,3,210,4,5,0.0,0.0,3.0,4.0,5.0,6.0,7.0,8.0,9.0,0.0,0.0,0.0
4,9,210,10,2,0.0,0.0,3.0,4.0,5.0,6.0,7.0,8.0,9.0,0.0,0.0,0.0
4,9,180,24,13,0.0,0.0,0.0,0.0,5.0,6.0,7.0,8.0,9.0,10.0,0.0,0.0
4,9,180,8,4,0.0,0.0,0.0,4.0,5.0,6.0,7.0,8.0,9.0,0.0,0.0,0.0
4,9,180,8,7,0.0,0.0,0.0,4.0,5.0,6.0,7.0,8.0,9.0,0.0,0.0,0.0
4,9,60,6,2,0.0,0.0,0.0,0.0,0.0,6.0,7.0,0.0,0.0,0.0,0.0,0.0
4,9,180,9,8,0.0,0.0,0.0,0.0,5.0,6.0,7.0,8.0,9.0,10.0,0.0,0.0
4,9,180,9,8,0.0,0.0,0.0,0.0,5.0,6.0,7.0,8.0,9.0,10.0,0.0,0.0
4,9,180,9,1,0.0,0.0,0.0,0.0,5.0,6.0,7.0,8.0,9.0,10.0,0.0,0.0
4,9,90,1,1,0.0,0.0,0.0,0.0,5.0,6.0,7.0,0.0,0.0,0.0,0.0,0.0
4,9,90,3,2,0.0,0.0,0.0,0.0,5.0,6.0,7.0,0.0,0.0,0.0,0.0,0.0
4,9,120,8,2,0.0,0.0,0.0,0.0,5.0,6.0,7.0,8.0,0.0,0.0,0.0,0.0
2,9,60,3,3,0.0,0.0,0.0,0.0,0.0,6.0,7.0,0.0,0.0,0.0,0.0,0.0
2,2,2,2,1,0.0,0.0,0.0,4.0,5.0,0.0,0.0,0.0,0.0,0.0,0.0,0.0
2,1,120,12,9,0.0,0.0,0.0,0.0,5.0,6.0,7.0,8.0,0.0,0.0,0.0,0.0
2,1,120,11,8,0.0,0.0,0.0,0.0,5.0,6.0,7.0,8.0,0.0,0.0,0.0,0.0
4,9,150,5,2,0.0,0.0,0.0,0.0,5.0,6.0,7.0,8.0,9.0,0.0,0.0,0.0
4,9,60,2,2,0.0,0.0,0.0,0.0,5.0,6.0,0.0,0.0,0.0,0.0,0.0,0.0
4,9,60,3,10,0.0,0.0,0.0,0.0,0.0,6.0,7.0,0.0,0.0,0.0,0.0,0.0
4,9,60,3,4,0.0,0.0,0.0,0.0,0.0,6.0,7.0,0.0,0.0,0.0,0.0,0.0
5,3,90,6,1,0.0,0.0,0.0,0.0,0.0,6.0,7.0,8.0,0.0,0.0,0.0,0.0
2,2,90,9,1,0.0,0.0,0.0,0.0,0.0,6.0,7.0,8.0,0.0,0.0,0.0,0.0
4,9,210,1,8,0.0,0.0,0.0,4.0,5.0,6.0,7.0,8.0,9.0,10.0,0.0,0.0
2,9,150,11,1,0.0,0.0,0.0,4.0,5.0,6.0,7.0,8.0,0.0,0.0,0.0,0.0
5,3,60,2,7,0.0,0.0,0.0,4.0,5.0,6.0,7.0,8.0,0.0,0.0,0.0,0.0
5,3,45,2,2,0.0,0.0,0.0,0.0,0.0,6.0,7.0,8.0,0.0,0.0,0.0,0.0
5,3,100,2,8,0.0,0.0,3.0,4.0,5.0,6.0,7.0,8.0,9.0,0.0,0.0,0.0
5,5,90,5,3,0.0,0.0,0.0,0.0,0.0,6.0,7.0,8.0,0.0,0.0,0.0,0.0
5,3,90,5,2,0.0,0.0,0.0,0.0,0.0,6.0,7.0,8.0,0.0,0.0,0.0,0.0
4,9,60,2,12,0.0,0.0,0.0,0.0,0.0,0.0,7.0,8.0,0.0,0.0,0.0,0.0
5,3,120,3,5,0.0,0.0,0.0,0.0,5.0,6.0,7.0,8.0,0.0,0.0,0.0,0.0
2,2,180,6,5,0.0,0.0,0.0,4.0,5.0,6.0,7.0,8.0,9.0,0.0,0.0,0.0
4,9,180,8,1,0.0,0.0,3.0,4.0,5.0,6.0,7.0,8.0,0.0,0.0,0.0,0.0
4,9,180,6,3,0.0,0.0,3.0,4.0,5.0,6.0,7.0,8.0,0.0,0.0,0.0,0.0
5,3,120,3,4,0.0,0.0,0.0,0.0,0.0,6.0,7.0,8.0,9.0,0.0,0.0,0.0
4,1,365,3,1,1.0,2.0,3.0,4.0,5.0,6.0,7.0,8.0,9.0,10.0,11.0,12.0
6,1,120,4,1,1.0,0.0,0.0,4.0,5.0,0.0,0.0,0.0,0.0,0.0,0.0,12.0
5,3,60,4,1,0.0,0.0,3.0,4.0,0.0,0.0,0.0,0.0,0.0,0.0,0.0,0.0
5,3,90,5,3,0.0,0.0,0.0,4.0,5.0,0.0,0.0,8.0,0.0,0.0,0.0,0.0
5,1,60,3,4,0.0,0.0,0.0,0.0,5.0,6.0,0.0,0.0,0.0,0.0,0.0,0.0
5,3,60,1,5,0.0,0.0,3.0,4.0,0.0,0.0,0.0,0.0,0.0,0.0,0.0,0.0
5,3,120,2,4,0.0,0.0,3.0,4.0,5.0,6.0,0.0,0.0,0.0,0.0,0.0,0.0
5,3,360,2,1,1.0,2.0,3.0,4.0,5.0,6.0,7.0,8.0,9.0,10.0,11.0,12.0
2,3,90,0,3,0.0,0.0,0.0,4.0,5.0,6.0,0.0,0.0,0.0,0.0,0.0,0.0
2,2,240,5,5,0.0,0.0,3.0,4.0,5.0,6.0,7.0,8.0,9.0,10.0,0.0,0.0
5,3,240,8,3,0.0,0.0,3.0,4.0,5.0,6.0,7.0,8.0,9.0,10.0,0.0,0.0
2,9,90,2,5,0.0,0.0,0.0,4.0,5.0,6.0,0.0,0.0,0.0,0.0,0.0,0.0
4,9,365,5,4,1.0,2.0,3.0,4.0,5.0,6.0,7.0,8.0,9.0,10.0,11.0,12.0
5,3,40,4,5,0.0,2.0,3.0,4.0,5.0,6.0,0.0,0.0,0.0,0.0,0.0,0.0
2,5,180,3,10,0.0,0.0,3.0,4.0,5.0,6.0,7.0,8.0,0.0,0.0,0.0,0.0
2,3,180,3,10,0.0,0.0,3.0,4.0,5.0,6.0,7.0,8.0,0.0,0.0,0.0,0.0
5,9,90,1,5,0.0,0.0,3.0,4.0,5.0,0.0,0.0,0.0,0.0,0.0,0.0,0.0
5,1,15,0,5,0.0,0.0,3.0,4.0,5.0,0.0,0.0,0.0,0.0,0.0,0.0,0.0
2,9,120,3,3,0.0,0.0,3.0,4.0,5.0,6.0,0.0,0.0,0.0,0.0,0.0,0.0
5,3,120,3,2,0.0,0.0,3.0,4.0,5.0,6.0,0.0,0.0,0.0,0.0,0.0,0.0
2,2,120,2,1,0.0,0.0,0.0,4.0,5.0,6.0,7.0,0.0,0.0,0.0,0.0,0.0
5,9,120,1,7,0.0,0.0,0.0,4.0,5.0,6.0,7.0,0.0,0.0,0.0,0.0,0.0
2,9,300,12,1,0.0,2.0,3.0,4.0,5.0,6.0,7.0,8.0,9.0,10.0,11.0,0.0
6,3,330,8,4,1.0,2.0,3.0,4.0,5.0,6.0,7.0,8.0,9.0,10.0,11.0,0.0
5,9,30,5,3,0.0,0.0,0.0,4.0,5.0,0.0,0.0,0.0,0.0,0.0,0.0,0.0
5,9,120,7,3,0.0,0.0,3.0,4.0,5.0,6.0,7.0,0.0,0.0,0.0,0.0,0.0
5,2,90,3,3,0.0,0.0,3.0,4.0,5.0,0.0,0.0,0.0,0.0,0.0,0.0,0.0
5,3,5,0,2,0.0,0.0,0.0,4.0,0.0,0.0,0.0,0.0,0.0,0.0,0.0,0.0
5,1,60,7,4,0.0,0.0,0.0,4.0,5.0,0.0,0.0,0.0,0.0,0.0,0.0,0.0
6,3,365,8,3,1.0,2.0,3.0,4.0,5.0,6.0,7.0,8.0,9.0,10.0,11.0,12.0
6,3,365,2,1,1.0,2.0,3.0,4.0,5.0,6.0,7.0,8.0,9.0,10.0,11.0,12.0
6,3,144,1,1,1.0,2.0,3.0,4.0,5.0,6.0,7.0,8.0,9.0,10.0,11.0,12.0
1,3,10,1,3,0.0,0.0,0.0,0.0,5.0,6.0,0.0,0.0,0.0,0.0,0.0,0.0
1,9,30,5,8,0.0,0.0,0.0,0.0,0.0,6.0,0.0,0.0,0.0,0.0,0.0,0.0
6,9,24,0,5,0.0,0.0,0.0,4.0,5.0,6.0,0.0,0.0,0.0,0.0,0.0,0.0
6,1,90,3,4,0.0,0.0,3.0,4.0,5.0,6.0,7.0,8.0,0.0,0.0,0.0,0.0
6,1,90,3,3,0.0,0.0,3.0,4.0,5.0,6.0,7.0,8.0,0.0,0.0,0.0,0.0
5,9,30,4,5,0.0,0.0,0.0,0.0,5.0,6.0,7.0,0.0,0.0,0.0,0.0,0.0
5,2,30,8,1,0.0,0.0,0.0,0.0,0.0,6.0,7.0,0.0,0.0,0.0,0.0,0.0
2,1,30,2,1,0.0,0.0,0.0,0.0,5.0,0.0,0.0,0.0,0.0,0.0,0.0,0.0
2,3,365,10,99,1.0,2.0,3.0,4.0,5.0,6.0,7.0,8.0,9.0,10.0,11.0,12.0
2,3,365,10,99,1.0,2.0,3.0,4.0,5.0,6.0,7.0,8.0,9.0,10.0,11.0,12.0
5,3,180,5,3,0.0,0.0,0.0,4.0,5.0,6.0,7.0,8.0,9.0,0.0,0.0,0.0
5,3,150,4,5,0.0,0.0,0.0,4.0,5.0,6.0,7.0,8.0,0.0,0.0,0.0,0.0
6,3,360,4,2,1.0,2.0,3.0,4.0,5.0,6.0,7.0,8.0,9.0,10.0,11.0,12.0
5,3,150,3,8,0.0,0.0,0.0,4.0,5.0,6.0,7.0,8.0,0.0,0.0,0.0,0.0
2,2,90,3,4,0.0,0.0,3.0,4.0,5.0,6.0,7.0,8.0,0.0,0.0,0.0,0.0
9,9,240,4,99,0.0,0.0,3.0,4.0,5.0,6.0,7.0,8.0,9.0,10.0,0.0,0.0
6,3,365,4,2,1.0,2.0,3.0,4.0,5.0,6.0,7.0,8.0,9.0,10.0,11.0,12.0
5,9,300,8,1,1.0,2.0,3.0,4.0,5.0,6.0,7.0,8.0,9.0,10.0,0.0,0.0
5,3,210,1,3,0.0,0.0,0.0,4.0,5.0,6.0,7.0,8.0,9.0,10.0,0.0,0.0
6,3,300,8,2,0.0,2.0,3.0,4.0,5.0,6.0,7.0,8.0,9.0,10.0,11.0,0.0
6,3,300,6,2,0.0,2.0,3.0,4.0,5.0,6.0,7.0,8.0,9.0,10.0,11.0,0.0
6,9,365,8,99,1.0,2.0,3.0,4.0,5.0,6.0,7.0,8.0,9.0,10.0,11.0,12.0
6,9,180,8,99,0.0,0.0,0.0,4.0,5.0,6.0,7.0,8.0,9.0,0.0,0.0,0.0
5,3,365,5,2,1.0,2.0,3.0,4.0,5.0,6.0,7.0,8.0,9.0,10.0,11.0,12.0
5,2,365,5,3,1.0,2.0,3.0,4.0,5.0,6.0,7.0,8.0,9.0,10.0,11.0,12.0
5,2,365,4,1,1.0,2.0,3.0,4.0,5.0,6.0,7.0,8.0,9.0,10.0,11.0,12.0
2,9,100,4,3,0.0,2.0,3.0,4.0,5.0,6.0,7.0,8.0,9.0,10.0,11.0,0.0
6,2,240,5,2,0.0,0.0,3.0,4.0,5.0,6.0,7.0,8.0,9.0,10.0,0.0,0.0
6,2,240,5,1,0.0,0.0,3.0,4.0,5.0,6.0,7.0,8.0,9.0,10.0,0.0,0.0
6,2,240,5,2,0.0,0.0,3.0,4.0,5.0,6.0,7.0,8.0,9.0,10.0,0.0,0.0
5,2,240,3,4,0.0,0.0,3.0,4.0,5.0,6.0,7.0,8.0,9.0,10.0,0.0,0.0
5,3,365,3,4,1.0,2.0,3.0,4.0,5.0,6.0,7.0,8.0,9.0,10.0,11.0,12.0
5,3,360,4,3,1.0,2.0,3.0,4.0,5.0,6.0,7.0,8.0,9.0,10.0,11.0,12.0
6,3,365,4,1,1.0,2.0,3.0,4.0,5.0,6.0,7.0,8.0,9.0,10.0,11.0,12.0
2,1,365,1,6,1.0,2.0,3.0,4.0,5.0,6.0,7.0,8.0,9.0,10.0,11.0,12.0
5,2,300,9,2,0.0,2.0,3.0,4.0,5.0,6.0,7.0,8.0,9.0,10.0,11.0,0.0
6,3,365,8,1,1.0,2.0,3.0,4.0,5.0,6.0,7.0,8.0,9.0,10.0,11.0,12.0
6,3,300,5,1,1.0,2.0,3.0,4.0,5.0,6.0,7.0,8.0,9.0,10.0,0.0,0.0
5,3,300,5,1,0.0,2.0,3.0,4.0,5.0,6.0,7.0,8.0,9.0,10.0,11.0,0.0
5,2,365,3,3,1.0,2.0,3.0,4.0,5.0,6.0,7.0,8.0,9.0,10.0,11.0,12.0
5,3,150,5,1,0.0,0.0,0.0,4.0,5.0,6.0,7.0,8.0,0.0,0.0,0.0,0.0
5,3,210,5,1,0.0,0.0,3.0,4.0,5.0,6.0,7.0,8.0,9.0,0.0,0.0,0.0
5,3,360,4,1,1.0,2.0,3.0,4.0,5.0,6.0,7.0,8.0,9.0,10.0,11.0,12.0
6,3,360,5,1,1.0,2.0,3.0,4.0,5.0,6.0,7.0,8.0,9.0,10.0,11.0,12.0
5,3,210,5,2,0.0,0.0,3.0,4.0,5.0,6.0,7.0,8.0,9.0,0.0,0.0,0.0
5,3,240,5,2,0.0,0.0,3.0,4.0,5.0,6.0,7.0,8.0,9.0,10.0,0.0,0.0
2,3,210,5,4,0.0,0.0,3.0,4.0,5.0,6.0,7.0,8.0,9.0,0.0,0.0,0.0
6,2,365,6,2,1.0,2.0,3.0,4.0,5.0,6.0,7.0,8.0,9.0,10.0,11.0,12.0
2,2,365,5,2,1.0,2.0,3.0,4.0,5.0,6.0,7.0,8.0,9.0,10.0,11.0,12.0
2,2,90,3,1,1.0,2.0,0.0,0.0,0.0,0.0,0.0,0.0,0.0,0.0,0.0,12.0
5,3,365,3,1,1.0,2.0,3.0,4.0,5.0,6.0,7.0,8.0,9.0,10.0,11.0,12.0
2,9,365,6,3,1.0,2.0,3.0,4.0,5.0,6.0,7.0,8.0,9.0,10.0,11.0,12.0
5,3,365,5,3,1.0,2.0,3.0,4.0,5.0,6.0,7.0,8.0,9.0,10.0,11.0,12.0
5,3,365,7,1,1.0,2.0,3.0,4.0,5.0,6.0,7.0,8.0,9.0,10.0,11.0,12.0
5,3,180,4,2,0.0,0.0,3.0,4.0,5.0,6.0,7.0,8.0,0.0,0.0,0.0,0.0
5,3,365,5,1,1.0,2.0,3.0,4.0,5.0,6.0,7.0,8.0,9.0,10.0,11.0,12.0
6,3,180,4,5,0.0,0.0,3.0,4.0,5.0,6.0,7.0,8.0,0.0,0.0,0.0,0.0
6,3,180,4,5,0.0,0.0,3.0,4.0,5.0,6.0,7.0,8.0,0.0,0.0,0.0,0.0
6,3,180,4,1,0.0,0.0,3.0,4.0,5.0,6.0,7.0,8.0,0.0,0.0,0.0,0.0
6,3,365,4,2,1.0,2.0,3.0,4.0,5.0,6.0,7.0,8.0,9.0,10.0,11.0,12.0
5,5,150,3,2,0.0,0.0,0.0,4.0,5.0,6.0,7.0,8.0,0.0,0.0,0.0,0.0
2,2,210,4,7,0.0,0.0,3.0,4.0,5.0,6.0,7.0,8.0,9.0,0.0,0.0,0.0
2,2,90,4,5,0.0,0.0,3.0,4.0,5.0,0.0,0.0,0.0,0.0,0.0,0.0,0.0
2,2,10,4,5,0.0,0.0,0.0,0.0,0.0,0.0,0.0,0.0,0.0,10.0,0.0,0.0
2,2,120,4,10,0.0,0.0,3.0,4.0,5.0,6.0,0.0,0.0,0.0,0.0,0.0,0.0
6,9,100,3,99,0.0,0.0,0.0,4.0,5.0,6.0,7.0,8.0,0.0,0.0,0.0,0.0
5,3,300,4,1,1.0,2.0,3.0,4.0,5.0,6.0,7.0,8.0,9.0,10.0,11.0,12.0
5,5,365,4,3,1.0,2.0,3.0,4.0,5.0,6.0,7.0,8.0,9.0,10.0,11.0,12.0
5,4,365,4,3,1.0,2.0,3.0,4.0,5.0,6.0,7.0,8.0,9.0,10.0,11.0,12.0
6,3,300,3,1,1.0,2.0,3.0,4.0,5.0,6.0,7.0,8.0,9.0,10.0,11.0,12.0
6,3,30,4,1,1.0,0.0,0.0,0.0,0.0,6.0,7.0,8.0,0.0,0.0,0.0,12.0
6,3,200,4,1,1.0,2.0,3.0,4.0,5.0,6.0,7.0,8.0,9.0,10.0,11.0,12.0
2,9,120,1,6,0.0,0.0,0.0,4.0,5.0,6.0,7.0,0.0,0.0,0.0,0.0,0.0
5,3,90,3,4,0.0,0.0,3.0,4.0,5.0,0.0,0.0,0.0,0.0,0.0,0.0,0.0
6,3,90,2,1,0.0,0.0,3.0,4.0,5.0,0.0,0.0,0.0,0.0,0.0,0.0,0.0
6,3,90,3,2,0.0,0.0,3.0,4.0,5.0,0.0,0.0,0.0,0.0,0.0,0.0,0.0
6,3,90,3,2,0.0,0.0,3.0,4.0,5.0,0.0,0.0,0.0,0.0,0.0,0.0,0.0
6,9,365,3,99,1.0,2.0,3.0,4.0,5.0,6.0,7.0,8.0,9.0,10.0,11.0,12.0
6,3,365,4,1,1.0,2.0,3.0,4.0,5.0,6.0,7.0,8.0,9.0,10.0,11.0,12.0
6,3,90,5,1,0.0,0.0,3.0,4.0,5.0,0.0,0.0,0.0,0.0,0.0,0.0,0.0
6,3,90,5,2,0.0,0.0,3.0,4.0,5.0,0.0,0.0,0.0,0.0,0.0,0.0,0.0
5,3,120,4,5,0.0,0.0,0.0,4.0,5.0,6.0,7.0,0.0,0.0,0.0,0.0,0.0
5,3,150,4,4,0.0,0.0,0.0,4.0,5.0,6.0,7.0,8.0,0.0,0.0,0.0,0.0
2,2,90,4,4,0.0,0.0,0.0,4.0,5.0,6.0,0.0,0.0,0.0,0.0,0.0,0.0
5,3,365,6,99,1.0,2.0,3.0,4.0,5.0,6.0,7.0,8.0,9.0,10.0,11.0,12.0
5,3,180,4,2,0.0,0.0,3.0,4.0,5.0,6.0,7.0,8.0,0.0,0.0,0.0,0.0
1,9,365,8,1,1.0,2.0,3.0,4.0,5.0,6.0,7.0,8.0,9.0,10.0,11.0,12.0
5,2,150,3,6,0.0,0.0,3.0,4.0,5.0,6.0,7.0,0.0,0.0,0.0,0.0,0.0
5,2,150,4,3,0.0,0.0,3.0,4.0,5.0,6.0,7.0,0.0,0.0,0.0,0.0,0.0
2,2,365,5,8,1.0,2.0,3.0,4.0,5.0,6.0,7.0,8.0,9.0,10.0,11.0,12.0
6,2,365,5,2,1.0,2.0,3.0,4.0,5.0,6.0,7.0,8.0,9.0,10.0,11.0,12.0
2,2,150,3,4,0.0,0.0,0.0,4.0,5.0,6.0,7.0,8.0,0.0,0.0,0.0,0.0
5,2,90,4,5,0.0,0.0,0.0,4.0,5.0,6.0,0.0,0.0,0.0,0.0,0.0,0.0
5,3,240,10,4,0.0,0.0,3.0,4.0,5.0,6.0,7.0,8.0,9.0,10.0,0.0,0.0
6,9,300,6,1,1.0,2.0,3.0,4.0,5.0,6.0,7.0,8.0,9.0,10.0,0.0,0.0
5,9,360,8,2,1.0,2.0,3.0,4.0,5.0,6.0,7.0,8.0,9.0,10.0,11.0,12.0
2,1,365,4,3,1.0,2.0,3.0,4.0,5.0,6.0,7.0,8.0,9.0,10.0,11.0,12.0
5,3,180,4,2,0.0,0.0,3.0,4.0,5.0,6.0,7.0,8.0,0.0,0.0,0.0,0.0
5,2,365,3,4,1.0,2.0,3.0,4.0,5.0,6.0,7.0,8.0,9.0,10.0,11.0,12.0
2,2,365,3,5,1.0,2.0,3.0,4.0,5.0,6.0,7.0,8.0,9.0,10.0,11.0,12.0
2,2,210,6,6,0.0,0.0,3.0,4.0,5.0,6.0,7.0,8.0,9.0,0.0,0.0,0.0
2,2,365,3,8,1.0,2.0,3.0,4.0,5.0,6.0,7.0,8.0,9.0,10.0,11.0,12.0
6,2,365,4,2,1.0,2.0,3.0,4.0,5.0,6.0,7.0,8.0,9.0,10.0,11.0,12.0
5,2,365,6,5,1.0,2.0,3.0,4.0,5.0,6.0,7.0,8.0,9.0,10.0,11.0,12.0
2,2,365,7,5,1.0,2.0,3.0,4.0,5.0,6.0,7.0,8.0,9.0,10.0,11.0,12.0
2,2,365,5,5,1.0,2.0,3.0,4.0,5.0,6.0,7.0,8.0,9.0,10.0,11.0,12.0
5,2,240,5,2,0.0,0.0,3.0,4.0,5.0,6.0,7.0,8.0,9.0,10.0,0.0,0.0
5,2,210,7,4,0.0,0.0,3.0,4.0,5.0,6.0,7.0,8.0,9.0,0.0,0.0,0.0
5,2,210,4,2,0.0,0.0,3.0,4.0,5.0,6.0,7.0,8.0,9.0,0.0,0.0,0.0
2,2,210,3,6,0.0,0.0,3.0,4.0,5.0,6.0,7.0,8.0,9.0,0.0,0.0,0.0
6,2,210,4,1,0.0,0.0,3.0,4.0,5.0,6.0,7.0,8.0,9.0,0.0,0.0,0.0
5,3,210,3,5,0.0,0.0,3.0,4.0,5.0,6.0,7.0,8.0,9.0,0.0,0.0,0.0
5,4,360,7,2,1.0,2.0,3.0,4.0,5.0,6.0,7.0,8.0,9.0,10.0,11.0,12.0
5,3,360,6,2,1.0,2.0,3.0,4.0,5.0,6.0,7.0,8.0,9.0,10.0,11.0,12.0
5,3,360,5,3,1.0,2.0,3.0,4.0,5.0,6.0,7.0,8.0,9.0,10.0,11.0,12.0
5,3,360,4,2,1.0,2.0,3.0,4.0,5.0,6.0,7.0,8.0,9.0,10.0,11.0,12.0
5,4,360,5,2,1.0,2.0,3.0,4.0,5.0,6.0,7.0,8.0,9.0,10.0,11.0,12.0
5,3,360,7,2,1.0,2.0,3.0,4.0,5.0,6.0,7.0,8.0,9.0,10.0,11.0,12.0
6,3,360,7,1,1.0,2.0,3.0,4.0,5.0,6.0,7.0,8.0,9.0,10.0,11.0,12.0
6,4,360,8,1,1.0,2.0,3.0,4.0,5.0,6.0,7.0,8.0,9.0,10.0,11.0,12.0
5,3,360,6,2,1.0,2.0,3.0,4.0,5.0,6.0,7.0,8.0,9.0,10.0,11.0,12.0
5,3,360,6,2,1.0,2.0,3.0,4.0,5.0,6.0,7.0,8.0,9.0,10.0,11.0,12.0
6,3,360,7,2,1.0,2.0,3.0,4.0,5.0,6.0,7.0,8.0,9.0,10.0,11.0,12.0
5,3,360,7,2,1.0,2.0,3.0,4.0,5.0,6.0,7.0,8.0,9.0,10.0,11.0,12.0
5,3,360,7,2,1.0,2.0,3.0,4.0,5.0,6.0,7.0,8.0,9.0,10.0,11.0,12.0
5,3,360,6,6,1.0,2.0,3.0,4.0,5.0,6.0,7.0,8.0,9.0,10.0,11.0,12.0
5,3,360,6,1,1.0,2.0,3.0,4.0,5.0,6.0,7.0,8.0,9.0,10.0,11.0,12.0
5,3,360,6,2,1.0,2.0,3.0,4.0,5.0,6.0,7.0,8.0,9.0,10.0,11.0,12.0
5,4,300,6,1,1.0,2.0,3.0,4.0,5.0,6.0,7.0,8.0,9.0,10.0,0.0,0.0
5,3,150,6,1,0.0,0.0,3.0,4.0,5.0,6.0,7.0,0.0,0.0,0.0,0.0,0.0
6,5,365,12,2,1.0,2.0,3.0,4.0,5.0,6.0,7.0,8.0,9.0,10.0,11.0,12.0
2,2,150,4,2,0.0,0.0,0.0,4.0,5.0,6.0,7.0,8.0,0.0,0.0,0.0,0.0
5,3,360,4,3,1.0,2.0,3.0,4.0,5.0,6.0,7.0,8.0,9.0,10.0,11.0,12.0
5,3,360,2,3,1.0,2.0,3.0,4.0,5.0,6.0,7.0,8.0,9.0,10.0,11.0,12.0
5,3,240,5,3,0.0,0.0,3.0,4.0,5.0,6.0,7.0,8.0,9.0,10.0,0.0,0.0
5,3,240,5,3,0.0,0.0,3.0,4.0,5.0,6.0,7.0,8.0,9.0,10.0,0.0,0.0
6,5,365,8,4,1.0,2.0,3.0,4.0,5.0,6.0,7.0,8.0,9.0,10.0,11.0,12.0
6,4,300,8,2,0.0,2.0,3.0,4.0,5.0,6.0,7.0,8.0,9.0,10.0,11.0,0.0
6,4,365,12,2,1.0,2.0,3.0,4.0,5.0,6.0,7.0,8.0,9.0,10.0,11.0,12.0
5,3,90,4,3,0.0,0.0,0.0,4.0,5.0,6.0,0.0,0.0,0.0,0.0,0.0,0.0
6,2,101,8,1,1.0,2.0,3.0,4.0,0.0,0.0,0.0,0.0,0.0,0.0,0.0,0.0
5,2,30,8,4,0.0,0.0,3.0,0.0,0.0,0.0,0.0,0.0,0.0,0.0,0.0,0.0
5,2,365,3,3,1.0,2.0,3.0,4.0,5.0,6.0,7.0,8.0,9.0,10.0,11.0,12.0
5,3,360,8,3,1.0,2.0,3.0,4.0,5.0,6.0,7.0,8.0,9.0,10.0,11.0,12.0
5,2,90,3,1,0.0,0.0,0.0,4.0,5.0,6.0,0.0,0.0,0.0,0.0,0.0,0.0
5,2,240,3,3,0.0,0.0,3.0,4.0,5.0,6.0,7.0,8.0,9.0,10.0,0.0,0.0
5,2,240,5,1,0.0,0.0,3.0,4.0,5.0,6.0,7.0,8.0,9.0,10.0,0.0,0.0
2,2,120,3,5,0.0,0.0,3.0,4.0,5.0,6.0,0.0,0.0,0.0,0.0,0.0,0.0
2,3,270,3,4,0.0,2.0,3.0,4.0,5.0,6.0,7.0,8.0,9.0,10.0,0.0,0.0
2,3,240,2,3,0.0,0.0,3.0,4.0,5.0,6.0,7.0,8.0,9.0,10.0,0.0,0.0
6,3,300,4,7,1.0,2.0,3.0,4.0,5.0,6.0,7.0,8.0,9.0,10.0,11.0,0.0
6,5,300,8,3,0.0,2.0,3.0,4.0,5.0,6.0,7.0,8.0,9.0,10.0,11.0,0.0
6,5,300,10,8,0.0,2.0,3.0,4.0,5.0,6.0,7.0,8.0,9.0,10.0,11.0,0.0
6,4,300,8,8,0.0,2.0,3.0,4.0,5.0,6.0,7.0,8.0,9.0,10.0,11.0,0.0
2,3,150,5,5,0.0,0.0,0.0,4.0,5.0,6.0,7.0,8.0,0.0,0.0,0.0,0.0
2,3,150,5,10,0.0,0.0,0.0,4.0,5.0,6.0,7.0,8.0,0.0,0.0,0.0,0.0
2,3,150,3,1,0.0,0.0,0.0,4.0,5.0,6.0,7.0,8.0,0.0,0.0,0.0,0.0
5,4,365,4,3,1.0,2.0,3.0,4.0,5.0,6.0,7.0,8.0,9.0,10.0,11.0,12.0
6,3,365,5,1,1.0,2.0,3.0,4.0,5.0,6.0,7.0,8.0,9.0,10.0,11.0,12.0
6,3,90,2,2,0.0,0.0,3.0,4.0,5.0,0.0,0.0,0.0,0.0,0.0,0.0,0.0
5,2,365,3,1,1.0,2.0,3.0,4.0,5.0,6.0,7.0,8.0,9.0,10.0,11.0,12.0
5,2,365,3,1,1.0,2.0,3.0,4.0,5.0,6.0,7.0,8.0,9.0,10.0,11.0,12.0
6,3,365,4,1,1.0,2.0,3.0,4.0,5.0,6.0,7.0,8.0,9.0,10.0,11.0,12.0
5,3,365,4,3,1.0,2.0,3.0,4.0,5.0,6.0,7.0,8.0,9.0,10.0,11.0,12.0
5,3,365,3,5,1.0,2.0,3.0,4.0,5.0,6.0,7.0,8.0,9.0,10.0,11.0,12.0
6,2,365,5,3,1.0,2.0,3.0,4.0,5.0,6.0,7.0,8.0,9.0,10.0,11.0,12.0
6,2,365,5,3,1.0,2.0,3.0,4.0,5.0,6.0,7.0,8.0,9.0,10.0,11.0,12.0
6,2,365,4,3,1.0,2.0,3.0,4.0,5.0,6.0,7.0,8.0,9.0,10.0,11.0,12.0
5,2,150,4,1,0.0,0.0,0.0,0.0,5.0,6.0,7.0,8.0,9.0,0.0,0.0,0.0
6,3,150,3,3,0.0,0.0,0.0,0.0,5.0,6.0,7.0,8.0,9.0,0.0,0.0,0.0
5,2,150,5,1,0.0,0.0,0.0,0.0,5.0,6.0,7.0,8.0,9.0,0.0,0.0,0.0
5,3,365,4,4,1.0,2.0,3.0,4.0,5.0,6.0,7.0,8.0,9.0,10.0,11.0,12.0
5,2,365,7,3,1.0,2.0,3.0,4.0,5.0,6.0,7.0,8.0,9.0,10.0,11.0,12.0
5,2,365,5,2,1.0,2.0,3.0,4.0,5.0,6.0,7.0,8.0,9.0,10.0,11.0,12.0
5,2,365,3,3,1.0,2.0,3.0,4.0,5.0,6.0,7.0,8.0,9.0,10.0,11.0,12.0
2,3,360,10,2,1.0,2.0,3.0,4.0,5.0,6.0,7.0,8.0,9.0,10.0,11.0,12.0
5,3,330,6,1,1.0,2.0,3.0,4.0,5.0,6.0,7.0,8.0,9.0,10.0,11.0,0.0
5,3,180,4,6,0.0,0.0,0.0,4.0,5.0,6.0,7.0,8.0,9.0,0.0,0.0,0.0
5,3,210,6,1,0.0,0.0,3.0,4.0,5.0,6.0,7.0,8.0,9.0,0.0,0.0,0.0
5,3,365,4,3,1.0,2.0,3.0,4.0,5.0,6.0,7.0,8.0,9.0,10.0,11.0,12.0
6,5,330,6,6,0.0,2.0,3.0,4.0,5.0,6.0,7.0,8.0,9.0,10.0,11.0,12.0
5,3,300,5,8,0.0,2.0,3.0,4.0,5.0,6.0,7.0,8.0,9.0,10.0,11.0,0.0
5,3,300,5,8,0.0,2.0,3.0,4.0,5.0,6.0,7.0,8.0,9.0,10.0,11.0,0.0
6,2,210,3,2,0.0,0.0,3.0,4.0,5.0,6.0,7.0,8.0,9.0,0.0,0.0,0.0
6,2,180,5,2,0.0,0.0,0.0,4.0,5.0,6.0,7.0,8.0,9.0,0.0,0.0,0.0
6,2,240,4,2,0.0,0.0,3.0,4.0,5.0,6.0,7.0,8.0,9.0,10.0,0.0,0.0
5,2,8,3,4,0.0,0.0,3.0,4.0,5.0,6.0,7.0,8.0,9.0,10.0,0.0,0.0
6,2,180,3,2,0.0,0.0,3.0,4.0,5.0,6.0,7.0,8.0,0.0,0.0,0.0,0.0
6,3,120,5,2,0.0,0.0,3.0,4.0,5.0,6.0,0.0,0.0,0.0,0.0,0.0,0.0
6,2,180,4,3,0.0,0.0,3.0,4.0,5.0,6.0,7.0,8.0,0.0,0.0,0.0,0.0
5,3,365,4,3,1.0,2.0,3.0,4.0,5.0,6.0,7.0,8.0,9.0,10.0,11.0,12.0
5,3,90,3,4,0.0,0.0,3.0,4.0,5.0,0.0,0.0,0.0,0.0,0.0,0.0,0.0
5,3,210,5,3,0.0,0.0,3.0,4.0,5.0,6.0,7.0,8.0,9.0,0.0,0.0,0.0
2,3,210,3,7,0.0,0.0,3.0,4.0,5.0,6.0,7.0,8.0,9.0,0.0,0.0,0.0
5,3,365,3,2,1.0,2.0,3.0,4.0,5.0,6.0,7.0,8.0,9.0,10.0,11.0,12.0
6,3,210,4,1,0.0,0.0,3.0,4.0,5.0,6.0,7.0,8.0,9.0,0.0,0.0,0.0
5,3,210,8,3,0.0,0.0,0.0,4.0,5.0,6.0,7.0,8.0,9.0,10.0,0.0,0.0
5,4,365,4,4,1.0,2.0,3.0,4.0,5.0,6.0,7.0,8.0,9.0,10.0,11.0,12.0
2,1,240,3,7,0.0,0.0,3.0,4.0,5.0,6.0,7.0,8.0,9.0,10.0,0.0,0.0
5,3,120,5,99,0.0,0.0,3.0,4.0,5.0,6.0,0.0,0.0,0.0,0.0,0.0,0.0
5,3,365,5,2,1.0,2.0,3.0,4.0,5.0,6.0,7.0,8.0,9.0,10.0,11.0,12.0
2,2,10,3,10,0.0,0.0,0.0,4.0,5.0,0.0,0.0,8.0,9.0,0.0,0.0,0.0
6,9,120,1,10,0.0,0.0,0.0,4.0,5.0,0.0,0.0,8.0,9.0,0.0,0.0,0.0
2,3,210,4,3,0.0,2.0,3.0,4.0,5.0,6.0,7.0,8.0,0.0,0.0,0.0,0.0
5,9,120,6,99,0.0,0.0,3.0,4.0,5.0,6.0,0.0,0.0,0.0,0.0,0.0,0.0
5,9,365,8,99,1.0,2.0,3.0,4.0,5.0,6.0,7.0,8.0,9.0,10.0,11.0,12.0
5,3,60,6,1,0.0,0.0,3.0,4.0,0.0,0.0,0.0,0.0,0.0,0.0,0.0,0.0
6,2,60,8,1,1.0,0.0,0.0,0.0,0.0,0.0,0.0,0.0,0.0,0.0,0.0,12.0
6,1,240,8,4,0.0,0.0,3.0,4.0,5.0,6.0,7.0,8.0,9.0,10.0,0.0,0.0
6,3,120,10,2,0.0,0.0,0.0,0.0,0.0,0.0,7.0,8.0,9.0,10.0,0.0,0.0
2,1,20,5,6,0.0,0.0,0.0,0.0,0.0,0.0,0.0,8.0,0.0,0.0,0.0,0.0
1,2,180,6,1,0.0,0.0,3.0,4.0,5.0,6.0,7.0,8.0,0.0,0.0,0.0,0.0
5,3,365,1,1,1.0,2.0,3.0,4.0,5.0,6.0,7.0,8.0,9.0,10.0,11.0,12.0
6,4,365,8,99,1.0,2.0,3.0,4.0,5.0,6.0,7.0,8.0,9.0,10.0,11.0,12.0
5,9,120,2,99,1.0,2.0,3.0,0.0,0.0,0.0,0.0,0.0,0.0,0.0,0.0,12.0
5,3,90,8,1,1.0,2.0,3.0,0.0,0.0,0.0,0.0,0.0,0.0,0.0,0.0,0.0
5,9,90,5,99,1.0,2.0,3.0,0.0,0.0,0.0,0.0,0.0,0.0,0.0,0.0,0.0
5,3,360,5,5,1.0,2.0,3.0,4.0,5.0,6.0,7.0,8.0,9.0,10.0,11.0,12.0
2,4,365,12,3,1.0,2.0,3.0,4.0,5.0,6.0,7.0,8.0,9.0,10.0,11.0,12.0
6,5,365,8,1,1.0,2.0,3.0,4.0,5.0,6.0,7.0,8.0,9.0,10.0,11.0,12.0
6,5,150,5,1,0.0,0.0,0.0,4.0,5.0,6.0,7.0,8.0,0.0,0.0,0.0,0.0
6,4,150,8,1,0.0,0.0,0.0,4.0,5.0,6.0,7.0,8.0,0.0,0.0,0.0,0.0
6,9,240,8,1,0.0,0.0,3.0,4.0,5.0,6.0,7.0,8.0,9.0,10.0,0.0,0.0
5,3,240,8,5,0.0,0.0,3.0,4.0,5.0,6.0,7.0,8.0,9.0,10.0,0.0,0.0
2,3,120,4,5,0.0,0.0,0.0,0.0,5.0,6.0,7.0,8.0,0.0,0.0,0.0,0.0
5,3,150,4,4,0.0,0.0,0.0,4.0,5.0,6.0,7.0,8.0,0.0,0.0,0.0,0.0
2,3,120,3,9,0.0,0.0,0.0,4.0,5.0,6.0,7.0,0.0,0.0,0.0,0.0,0.0
2,1,360,3,2,1.0,2.0,3.0,4.0,5.0,6.0,7.0,8.0,9.0,10.0,11.0,12.0
5,3,180,8,7,0.0,0.0,0.0,4.0,5.0,6.0,7.0,8.0,9.0,0.0,0.0,0.0
2,1,365,6,2,1.0,2.0,3.0,4.0,5.0,6.0,7.0,8.0,9.0,10.0,11.0,12.0
2,1,365,5,3,1.0,2.0,3.0,4.0,5.0,6.0,7.0,8.0,9.0,10.0,11.0,12.0
5,3,365,4,2,1.0,2.0,3.0,4.0,5.0,6.0,7.0,8.0,9.0,10.0,11.0,12.0
2,9,365,4,99,1.0,2.0,3.0,4.0,5.0,6.0,7.0,8.0,9.0,10.0,11.0,12.0
5,9,120,0,1,0.0,0.0,0.0,4.0,5.0,6.0,7.0,0.0,0.0,0.0,0.0,0.0
6,4,150,4,3,0.0,0.0,0.0,4.0,5.0,6.0,7.0,8.0,0.0,0.0,0.0,0.0
6,4,365,4,3,1.0,2.0,3.0,4.0,5.0,6.0,7.0,8.0,9.0,10.0,11.0,12.0
5,9,365,0,2,1.0,2.0,3.0,4.0,5.0,6.0,7.0,8.0,9.0,10.0,11.0,12.0
5,3,240,4,1,0.0,0.0,3.0,4.0,5.0,6.0,7.0,8.0,9.0,10.0,0.0,0.0
5,3,240,4,5,0.0,0.0,3.0,4.0,5.0,6.0,7.0,8.0,9.0,10.0,0.0,0.0
2,3,365,8,5,1.0,2.0,3.0,4.0,5.0,6.0,7.0,8.0,9.0,10.0,11.0,12.0
5,3,88,4,1,1.0,2.0,3.0,4.0,5.0,6.0,7.0,8.0,9.0,10.0,11.0,12.0
2,3,365,8,4,1.0,2.0,3.0,4.0,5.0,6.0,7.0,8.0,9.0,10.0,11.0,12.0
2,4,365,3,4,1.0,2.0,3.0,4.0,5.0,6.0,7.0,8.0,9.0,10.0,11.0,12.0
5,3,200,4,1,0.0,0.0,3.0,4.0,5.0,6.0,7.0,8.0,9.0,10.0,0.0,0.0
5,9,365,10,1,1.0,2.0,3.0,4.0,5.0,6.0,7.0,8.0,9.0,10.0,11.0,12.0
5,3,180,4,1,0.0,0.0,3.0,4.0,5.0,6.0,7.0,8.0,0.0,0.0,0.0,0.0
5,3,90,3,2,0.0,0.0,0.0,0.0,5.0,6.0,7.0,0.0,0.0,0.0,0.0,0.0
5,3,300,3,2,1.0,2.0,3.0,4.0,5.0,6.0,7.0,8.0,9.0,10.0,11.0,12.0
5,5,300,3,2,1.0,2.0,3.0,4.0,5.0,6.0,7.0,8.0,9.0,10.0,11.0,12.0
2,9,90,3,6,0.0,0.0,3.0,4.0,5.0,0.0,0.0,0.0,0.0,0.0,0.0,0.0
5,1,365,2,1,1.0,2.0,3.0,4.0,5.0,6.0,7.0,8.0,9.0,10.0,11.0,12.0
6,4,180,3,4,0.0,0.0,0.0,4.0,5.0,6.0,7.0,8.0,9.0,0.0,0.0,0.0
2,1,120,6,9,0.0,0.0,0.0,0.0,0.0,6.0,7.0,8.0,9.0,0.0,0.0,0.0
6,3,240,5,5,0.0,0.0,3.0,4.0,5.0,6.0,7.0,8.0,9.0,10.0,0.0,0.0
2,2,180,5,4,0.0,0.0,0.0,4.0,5.0,6.0,7.0,8.0,9.0,0.0,0.0,0.0
6,9,12,99,1,0.0,0.0,0.0,0.0,5.0,6.0,0.0,0.0,0.0,0.0,0.0,0.0
6,3,75,5,1,0.0,0.0,0.0,0.0,0.0,0.0,0.0,8.0,9.0,10.0,0.0,0.0
2,3,300,4,15,0.0,2.0,3.0,4.0,5.0,6.0,7.0,8.0,9.0,10.0,11.0,0.0
2,4,240,5,99,0.0,0.0,3.0,4.0,5.0,6.0,7.0,8.0,9.0,10.0,0.0,0.0
6,3,60,12,2,0.0,0.0,0.0,0.0,5.0,6.0,0.0,0.0,0.0,0.0,0.0,0.0
6,3,135,1,1,0.0,0.0,0.0,4.0,5.0,6.0,7.0,8.0,0.0,0.0,0.0,0.0
6,3,135,1,2,0.0,0.0,0.0,4.0,5.0,6.0,7.0,8.0,9.0,0.0,0.0,0.0
2,1,999,99,6,0.0,0.0,0.0,4.0,5.0,6.0,7.0,8.0,0.0,0.0,0.0,0.0
6,3,20,2,3,0.0,0.0,0.0,0.0,5.0,0.0,0.0,0.0,0.0,0.0,0.0,0.0
5,3,180,5,3,0.0,0.0,0.0,4.0,5.0,6.0,7.0,8.0,9.0,10.0,0.0,0.0
2,1,180,5,6,0.0,0.0,0.0,4.0,5.0,6.0,7.0,8.0,9.0,10.0,0.0,0.0
2,3,180,4,8,0.0,0.0,0.0,4.0,5.0,6.0,7.0,8.0,9.0,10.0,0.0,0.0
5,3,270,5,3,0.0,0.0,3.0,4.0,5.0,6.0,7.0,8.0,9.0,10.0,11.0,0.0
5,5,270,5,3,0.0,0.0,3.0,4.0,5.0,6.0,7.0,8.0,9.0,10.0,11.0,0.0
2,5,180,10,2,0.0,0.0,0.0,4.0,5.0,6.0,7.0,8.0,9.0,0.0,0.0,0.0
5,9,210,7,18,0.0,0.0,3.0,4.0,5.0,6.0,7.0,8.0,9.0,10.0,0.0,0.0
5,9,180,4,1,0.0,0.0,3.0,4.0,5.0,6.0,7.0,8.0,0.0,0.0,0.0,0.0
5,3,180,1,3,0.0,0.0,0.0,4.0,5.0,6.0,7.0,8.0,9.0,0.0,0.0,0.0
5,3,180,7,3,0.0,0.0,0.0,4.0,5.0,6.0,7.0,8.0,9.0,0.0,0.0,0.0
5,3,240,7,3,1.0,2.0,3.0,4.0,5.0,6.0,7.0,8.0,0.0,0.0,0.0,0.0
5,1,180,7,6,0.0,0.0,3.0,4.0,5.0,6.0,7.0,8.0,0.0,0.0,0.0,0.0
5,1,180,7,10,0.0,0.0,0.0,4.0,5.0,6.0,7.0,8.0,9.0,0.0,0.0,0.0
5,1,180,7,2,0.0,0.0,3.0,4.0,5.0,6.0,7.0,8.0,0.0,0.0,0.0,0.0
5,3,270,6,8,0.0,2.0,3.0,4.0,5.0,6.0,7.0,8.0,9.0,10.0,0.0,0.0
2,3,270,6,8,0.0,2.0,3.0,4.0,5.0,6.0,7.0,8.0,9.0,10.0,0.0,0.0
6,5,90,2,1,0.0,0.0,0.0,4.0,5.0,6.0,0.0,0.0,0.0,0.0,0.0,0.0
5,3,270,6,6,0.0,2.0,3.0,4.0,5.0,6.0,7.0,8.0,9.0,10.0,0.0,0.0
5,3,365,10,2,1.0,2.0,3.0,4.0,5.0,6.0,7.0,8.0,9.0,10.0,11.0,12.0
2,1,60,7,7,0.0,0.0,0.0,0.0,5.0,6.0,0.0,0.0,0.0,0.0,0.0,0.0
2,3,27,1,4,0.0,0.0,0.0,0.0,5.0,6.0,7.0,0.0,0.0,0.0,0.0,0.0
6,9,30,3,5,1.0,0.0,0.0,0.0,0.0,0.0,0.0,8.0,0.0,0.0,0.0,12.0
6,9,30,3,5,1.0,0.0,0.0,0.0,0.0,0.0,0.0,8.0,0.0,0.0,0.0,12.0
6,9,30,3,5,1.0,0.0,0.0,0.0,0.0,0.0,0.0,8.0,0.0,0.0,0.0,12.0
6,3,2,2,7,0.0,0.0,0.0,0.0,0.0,6.0,0.0,0.0,0.0,0.0,0.0,0.0
6,3,3,2,7,0.0,0.0,0.0,0.0,0.0,0.0,7.0,0.0,0.0,0.0,0.0,0.0
5,6,10,1,3,0.0,0.0,0.0,0.0,0.0,6.0,7.0,0.0,0.0,0.0,0.0,0.0
6,3,7,4,5,0.0,0.0,0.0,0.0,0.0,0.0,0.0,8.0,0.0,0.0,0.0,0.0
2,1,60,9,5,0.0,0.0,0.0,0.0,0.0,0.0,7.0,8.0,0.0,0.0,0.0,0.0
5,9,100,3,1,0.0,0.0,3.0,4.0,5.0,6.0,7.0,8.0,0.0,0.0,0.0,0.0
5,2,30,1,2,0.0,0.0,0.0,0.0,0.0,6.0,0.0,0.0,0.0,0.0,0.0,0.0
6,9,150,4,4,0.0,0.0,0.0,4.0,5.0,6.0,7.0,8.0,0.0,0.0,0.0,0.0
4,9,150,2,7,0.0,0.0,0.0,0.0,5.0,6.0,7.0,8.0,9.0,0.0,0.0,0.0
2,2,90,0,5,0.0,0.0,0.0,0.0,0.0,6.0,7.0,8.0,0.0,0.0,0.0,0.0
2,1,60,0,5,0.0,0.0,0.0,4.0,5.0,6.0,0.0,0.0,0.0,0.0,0.0,0.0
4,9,50,1,7,0.0,0.0,0.0,0.0,5.0,6.0,7.0,0.0,0.0,0.0,0.0,0.0
4,9,50,2,6,0.0,0.0,0.0,0.0,5.0,6.0,7.0,0.0,0.0,0.0,0.0,0.0
4,3,20,4,1,0.0,0.0,0.0,0.0,0.0,6.0,7.0,0.0,0.0,0.0,0.0,0.0
5,1,15,1,3,0.0,0.0,0.0,4.0,5.0,0.0,0.0,0.0,0.0,0.0,0.0,0.0
1,9,999,3,3,1.0,0.0,0.0,0.0,0.0,0.0,0.0,0.0,0.0,0.0,0.0,12.0
2,3,30,3,15,0.0,0.0,0.0,0.0,0.0,6.0,7.0,8.0,0.0,0.0,0.0,0.0
5,3,120,3,5,0.0,0.0,3.0,4.0,5.0,6.0,0.0,0.0,0.0,0.0,0.0,0.0
6,5,2,8,2,0.0,0.0,0.0,4.0,0.0,0.0,0.0,0.0,0.0,0.0,0.0,0.0
5,3,240,1,3,0.0,2.0,3.0,4.0,5.0,6.0,7.0,8.0,9.0,0.0,0.0,0.0
6,3,30,7,6,0.0,0.0,0.0,4.0,5.0,6.0,7.0,0.0,0.0,0.0,0.0,0.0
5,3,80,8,12,0.0,0.0,3.0,4.0,5.0,6.0,0.0,0.0,0.0,0.0,0.0,0.0
5,3,300,8,7,1.0,2.0,3.0,4.0,5.0,6.0,7.0,8.0,9.0,10.0,11.0,12.0
2,9,300,6,7,0.0,2.0,3.0,4.0,5.0,6.0,7.0,8.0,9.0,10.0,11.0,0.0
6,3,300,6,3,0.0,2.0,3.0,4.0,5.0,6.0,7.0,8.0,9.0,10.0,11.0,0.0
5,4,120,4,4,0.0,0.0,0.0,4.0,5.0,6.0,7.0,8.0,9.0,0.0,0.0,0.0
5,3,120,5,6,0.0,0.0,0.0,4.0,5.0,6.0,7.0,8.0,9.0,0.0,0.0,0.0
2,3,150,2,15,0.0,0.0,0.0,0.0,0.0,6.0,7.0,8.0,9.0,10.0,0.0,0.0
4,9,24,2,3,0.0,0.0,0.0,0.0,5.0,6.0,7.0,0.0,0.0,0.0,0.0,0.0
6,1,60,8,2,0.0,0.0,3.0,4.0,5.0,6.0,0.0,0.0,0.0,0.0,0.0,0.0
2,9,6,1,4,0.0,0.0,0.0,0.0,5.0,6.0,0.0,0.0,0.0,0.0,0.0,0.0
2,9,60,6,2,0.0,0.0,0.0,4.0,5.0,0.0,0.0,0.0,0.0,0.0,0.0,0.0
5,3,270,10,1,0.0,2.0,3.0,4.0,5.0,6.0,7.0,8.0,9.0,10.0,0.0,0.0
6,3,30,3,1,0.0,0.0,3.0,4.0,0.0,0.0,0.0,0.0,0.0,0.0,0.0,0.0
2,1,15,8,2,0.0,0.0,0.0,0.0,5.0,0.0,0.0,0.0,0.0,0.0,0.0,0.0
6,9,80,1,2,0.0,0.0,0.0,0.0,0.0,6.0,7.0,8.0,9.0,0.0,0.0,0.0
2,9,30,9,1,0.0,0.0,0.0,0.0,0.0,6.0,0.0,0.0,0.0,0.0,0.0,0.0
6,5,120,3,4,0.0,0.0,0.0,0.0,5.0,6.0,7.0,8.0,0.0,0.0,0.0,0.0
2,9,60,1,4,0.0,0.0,0.0,4.0,5.0,0.0,0.0,0.0,0.0,0.0,0.0,0.0
2,3,150,7,8,0.0,0.0,0.0,0.0,0.0,6.0,7.0,8.0,9.0,10.0,0.0,0.0
6,3,160,6,8,0.0,0.0,0.0,0.0,5.0,6.0,7.0,8.0,9.0,10.0,0.0,0.0
2,1,120,6,10,0.0,0.0,0.0,0.0,0.0,6.0,7.0,8.0,9.0,0.0,0.0,0.0
6,3,200,8,4,0.0,0.0,0.0,0.0,5.0,6.0,7.0,8.0,9.0,10.0,11.0,0.0
6,4,150,24,5,0.0,0.0,0.0,0.0,0.0,6.0,7.0,8.0,9.0,10.0,0.0,0.0
6,3,180,8,3,0.0,0.0,0.0,0.0,5.0,6.0,7.0,8.0,9.0,10.0,0.0,0.0
6,3,180,8,5,0.0,0.0,0.0,0.0,5.0,6.0,7.0,8.0,9.0,10.0,0.0,0.0
6,3,180,10,5,0.0,0.0,0.0,0.0,5.0,6.0,7.0,8.0,9.0,10.0,0.0,0.0
6,3,210,2,6,0.0,0.0,0.0,4.0,5.0,6.0,7.0,8.0,9.0,10.0,0.0,0.0
6,3,210,4,6,0.0,0.0,0.0,4.0,5.0,6.0,7.0,8.0,9.0,10.0,0.0,0.0
6,3,210,8,99,0.0,0.0,0.0,4.0,5.0,6.0,7.0,8.0,9.0,10.0,0.0,0.0
6,3,210,8,99,0.0,0.0,0.0,4.0,5.0,6.0,7.0,8.0,9.0,10.0,0.0,0.0
6,3,210,2,6,0.0,0.0,0.0,4.0,5.0,6.0,7.0,8.0,9.0,10.0,0.0,0.0
6,4,210,8,2,0.0,0.0,0.0,4.0,5.0,6.0,7.0,8.0,9.0,10.0,0.0,0.0
6,3,210,8,8,0.0,0.0,0.0,4.0,5.0,6.0,7.0,8.0,9.0,10.0,0.0,0.0
2,3,180,4,1,0.0,0.0,0.0,0.0,5.0,6.0,7.0,8.0,9.0,10.0,0.0,0.0
2,3,180,7,5,0.0,0.0,0.0,0.0,5.0,6.0,7.0,8.0,9.0,10.0,0.0,0.0
2,3,180,7,8,0.0,0.0,0.0,0.0,5.0,6.0,7.0,8.0,9.0,10.0,0.0,0.0
6,4,100,4,2,0.0,0.0,0.0,0.0,5.0,6.0,7.0,8.0,9.0,10.0,0.0,0.0
6,3,150,8,5,0.0,0.0,0.0,0.0,5.0,6.0,7.0,8.0,9.0,10.0,0.0,0.0
6,3,180,8,2,0.0,0.0,0.0,0.0,5.0,6.0,7.0,8.0,9.0,10.0,0.0,0.0
6,3,180,7,3,0.0,0.0,0.0,0.0,5.0,6.0,7.0,8.0,9.0,10.0,0.0,0.0
6,3,180,7,5,0.0,0.0,0.0,0.0,5.0,6.0,7.0,8.0,9.0,10.0,0.0,0.0
2,3,270,10,7,0.0,0.0,3.0,4.0,5.0,6.0,7.0,8.0,9.0,10.0,11.0,0.0
6,4,210,8,2,0.0,0.0,0.0,4.0,5.0,6.0,7.0,8.0,9.0,10.0,0.0,0.0
2,4,200,10,3,0.0,0.0,0.0,4.0,5.0,6.0,7.0,8.0,9.0,10.0,0.0,0.0
6,4,150,6,1,0.0,0.0,0.0,4.0,5.0,6.0,7.0,8.0,9.0,0.0,0.0,0.0
6,4,100,6,2,0.0,0.0,0.0,0.0,5.0,6.0,7.0,8.0,0.0,0.0,0.0,0.0
2,3,120,4,5,0.0,0.0,0.0,0.0,5.0,6.0,7.0,8.0,0.0,0.0,0.0,0.0
6,3,210,6,3,0.0,0.0,0.0,4.0,5.0,6.0,7.0,8.0,9.0,10.0,0.0,0.0
6,5,240,10,2,0.0,0.0,0.0,4.0,5.0,6.0,7.0,8.0,9.0,10.0,11.0,0.0
6,4,200,8,4,0.0,0.0,0.0,4.0,5.0,6.0,7.0,8.0,9.0,10.0,0.0,0.0
2,3,240,8,4,0.0,0.0,0.0,4.0,5.0,6.0,7.0,8.0,9.0,10.0,11.0,0.0
6,3,180,8,4,0.0,0.0,0.0,0.0,5.0,6.0,7.0,8.0,9.0,10.0,0.0,0.0
6,3,180,6,2,0.0,0.0,0.0,0.0,5.0,6.0,7.0,8.0,9.0,10.0,0.0,0.0
2,3,240,12,10,0.0,0.0,3.0,4.0,5.0,6.0,7.0,8.0,9.0,10.0,0.0,0.0
4,9,180,10,3,0.0,0.0,0.0,4.0,5.0,6.0,7.0,8.0,9.0,0.0,0.0,0.0
2,3,180,8,10,0.0,0.0,0.0,4.0,5.0,6.0,7.0,8.0,9.0,0.0,0.0,0.0
6,3,120,8,2,0.0,0.0,0.0,0.0,5.0,6.0,7.0,8.0,0.0,0.0,0.0,0.0
2,3,120,8,10,0.0,0.0,0.0,0.0,5.0,6.0,7.0,8.0,0.0,0.0,0.0,0.0
5,3,200,8,6,0.0,0.0,0.0,4.0,5.0,6.0,7.0,8.0,9.0,10.0,0.0,0.0
6,4,180,8,3,0.0,0.0,0.0,4.0,5.0,6.0,7.0,8.0,9.0,10.0,0.0,0.0
6,4,180,9,3,0.0,0.0,0.0,4.0,5.0,6.0,7.0,8.0,9.0,10.0,0.0,0.0
6,3,180,9,3,0.0,0.0,0.0,0.0,5.0,6.0,7.0,8.0,9.0,10.0,0.0,0.0
6,3,180,9,3,0.0,0.0,0.0,4.0,5.0,6.0,7.0,8.0,9.0,10.0,0.0,0.0
2,3,150,8,99,0.0,0.0,0.0,0.0,5.0,6.0,7.0,8.0,9.0,0.0,0.0,0.0
2,1,180,10,3,0.0,0.0,0.0,0.0,5.0,6.0,7.0,8.0,9.0,10.0,0.0,0.0
2,3,190,12,5,0.0,0.0,0.0,4.0,5.0,6.0,7.0,8.0,9.0,10.0,0.0,0.0
5,3,150,12,4,0.0,0.0,0.0,0.0,5.0,6.0,7.0,8.0,9.0,0.0,0.0,0.0
6,3,150,8,5,0.0,0.0,0.0,0.0,5.0,6.0,7.0,8.0,9.0,0.0,0.0,0.0
2,5,150,5,4,0.0,0.0,0.0,0.0,5.0,6.0,7.0,8.0,9.0,0.0,0.0,0.0
6,3,150,8,1,0.0,0.0,0.0,0.0,5.0,6.0,7.0,8.0,9.0,0.0,0.0,0.0
6,5,150,5,2,0.0,0.0,0.0,0.0,5.0,6.0,7.0,8.0,9.0,10.0,0.0,0.0
6,3,150,10,4,0.0,0.0,0.0,0.0,5.0,6.0,7.0,8.0,9.0,0.0,0.0,0.0
2,3,130,5,99,0.0,0.0,0.0,0.0,5.0,6.0,7.0,8.0,9.0,0.0,0.0,0.0
6,4,180,8,4,0.0,0.0,0.0,0.0,5.0,6.0,7.0,8.0,9.0,10.0,0.0,0.0
2,3,180,8,10,0.0,0.0,0.0,0.0,5.0,6.0,7.0,8.0,9.0,10.0,0.0,0.0
6,3,160,8,3,0.0,0.0,0.0,0.0,5.0,6.0,7.0,8.0,9.0,10.0,0.0,0.0
6,3,160,8,5,0.0,0.0,0.0,0.0,5.0,6.0,7.0,8.0,9.0,10.0,0.0,0.0
2,4,150,6,2,0.0,0.0,0.0,0.0,5.0,6.0,7.0,8.0,9.0,10.0,0.0,0.0
6,3,210,8,1,0.0,0.0,0.0,4.0,5.0,6.0,7.0,8.0,9.0,10.0,0.0,0.0
6,4,150,2,6,0.0,0.0,0.0,0.0,0.0,6.0,7.0,8.0,9.0,10.0,0.0,0.0
2,3,210,8,15,0.0,0.0,0.0,4.0,5.0,6.0,7.0,8.0,9.0,10.0,0.0,0.0
2,3,150,6,5,0.0,0.0,0.0,0.0,5.0,6.0,7.0,8.0,9.0,0.0,0.0,0.0
5,5,150,8,1,0.0,0.0,0.0,0.0,0.0,6.0,7.0,8.0,9.0,10.0,0.0,0.0
5,3,180,8,1,0.0,0.0,0.0,0.0,0.0,6.0,7.0,8.0,9.0,10.0,11.0,0.0
5,3,180,5,1,0.0,0.0,0.0,0.0,0.0,6.0,7.0,8.0,9.0,10.0,11.0,0.0
5,3,120,8,4,0.0,0.0,0.0,0.0,0.0,6.0,7.0,8.0,9.0,0.0,0.0,0.0
2,3,120,5,10,0.0,0.0,0.0,0.0,0.0,6.0,7.0,8.0,9.0,0.0,0.0,0.0
2,3,150,8,99,0.0,0.0,0.0,0.0,5.0,6.0,7.0,8.0,9.0,0.0,0.0,0.0
5,4,120,12,3,0.0,0.0,0.0,0.0,5.0,6.0,7.0,8.0,0.0,0.0,0.0,0.0
5,3,190,3,6,0.0,0.0,0.0,4.0,5.0,6.0,7.0,8.0,9.0,10.0,0.0,0.0
5,4,200,8,1,0.0,0.0,0.0,4.0,5.0,6.0,7.0,8.0,9.0,10.0,0.0,0.0
5,4,200,8,5,0.0,0.0,0.0,4.0,5.0,6.0,7.0,8.0,9.0,10.0,0.0,0.0
5,3,150,6,3,0.0,0.0,0.0,0.0,5.0,6.0,7.0,8.0,9.0,0.0,0.0,0.0
5,3,300,10,5,0.0,0.0,3.0,4.0,5.0,6.0,7.0,8.0,9.0,10.0,11.0,12.0
5,3,300,10,1,0.0,0.0,3.0,4.0,5.0,6.0,7.0,8.0,9.0,10.0,11.0,12.0
6,3,180,17,4,0.0,0.0,0.0,0.0,5.0,6.0,7.0,8.0,9.0,10.0,0.0,0.0
2,3,180,8,6,0.0,0.0,0.0,0.0,5.0,6.0,7.0,8.0,9.0,10.0,0.0,0.0
2,3,240,6,6,0.0,0.0,3.0,4.0,5.0,6.0,7.0,8.0,9.0,10.0,0.0,0.0
5,3,240,6,3,0.0,0.0,3.0,4.0,5.0,6.0,7.0,8.0,9.0,10.0,0.0,0.0
2,3,240,6,5,0.0,0.0,3.0,4.0,5.0,6.0,7.0,8.0,9.0,10.0,0.0,0.0
5,5,240,6,2,0.0,0.0,3.0,4.0,5.0,6.0,7.0,8.0,9.0,10.0,0.0,0.0
6,3,165,10,3,0.0,0.0,0.0,0.0,5.0,6.0,7.0,8.0,9.0,10.0,0.0,0.0
6,5,180,8,2,0.0,0.0,0.0,0.0,5.0,6.0,7.0,8.0,9.0,10.0,0.0,0.0
6,4,200,8,4,0.0,0.0,3.0,4.0,5.0,6.0,7.0,8.0,9.0,10.0,0.0,0.0
6,4,200,8,6,0.0,0.0,0.0,4.0,5.0,6.0,7.0,8.0,9.0,10.0,0.0,0.0
6,3,180,8,1,0.0,0.0,0.0,4.0,5.0,6.0,7.0,8.0,9.0,10.0,0.0,0.0
6,3,210,5,3,0.0,0.0,0.0,4.0,5.0,6.0,7.0,8.0,9.0,10.0,0.0,0.0
6,3,250,8,6,0.0,0.0,3.0,4.0,5.0,6.0,7.0,8.0,9.0,10.0,11.0,0.0
6,3,250,7,7,0.0,0.0,3.0,4.0,5.0,6.0,7.0,8.0,9.0,10.0,11.0,0.0
6,3,200,12,8,0.0,0.0,3.0,4.0,5.0,6.0,7.0,8.0,9.0,10.0,0.0,0.0
6,3,200,12,11,0.0,0.0,3.0,4.0,5.0,6.0,7.0,8.0,9.0,10.0,0.0,0.0
6,3,200,12,3,0.0,0.0,3.0,4.0,5.0,6.0,7.0,8.0,9.0,10.0,0.0,0.0
2,3,210,20,5,0.0,0.0,0.0,4.0,5.0,6.0,7.0,8.0,9.0,10.0,0.0,0.0
2,5,180,8,10,0.0,0.0,0.0,4.0,5.0,6.0,7.0,8.0,9.0,10.0,0.0,0.0
6,4,200,6,3,0.0,0.0,0.0,4.0,5.0,6.0,7.0,8.0,9.0,10.0,0.0,0.0
6,5,200,2,8,0.0,0.0,0.0,4.0,5.0,6.0,7.0,8.0,9.0,10.0,0.0,0.0
2,3,90,6,12,0.0,0.0,0.0,0.0,0.0,6.0,7.0,8.0,0.0,0.0,0.0,0.0
5,3,150,6,4,0.0,0.0,0.0,0.0,5.0,6.0,7.0,8.0,9.0,0.0,0.0,0.0
5,3,150,6,6,0.0,0.0,0.0,0.0,5.0,6.0,7.0,8.0,9.0,0.0,0.0,0.0
5,4,150,24,4,0.0,0.0,0.0,0.0,5.0,6.0,7.0,8.0,9.0,0.0,0.0,0.0
5,3,240,6,7,0.0,0.0,3.0,4.0,5.0,6.0,7.0,8.0,9.0,10.0,0.0,0.0
6,3,180,8,3,0.0,0.0,0.0,0.0,5.0,6.0,7.0,8.0,9.0,10.0,0.0,0.0
6,3,180,8,6,0.0,0.0,0.0,0.0,5.0,6.0,7.0,8.0,9.0,10.0,0.0,0.0
6,3,240,6,6,0.0,0.0,0.0,4.0,5.0,6.0,7.0,8.0,9.0,10.0,11.0,0.0
5,3,210,18,6,0.0,0.0,0.0,4.0,5.0,6.0,7.0,8.0,9.0,10.0,0.0,0.0
5,3,180,18,6,0.0,0.0,0.0,0.0,5.0,6.0,7.0,8.0,9.0,10.0,0.0,0.0
5,3,260,8,8,0.0,0.0,3.0,4.0,5.0,6.0,7.0,8.0,9.0,10.0,11.0,0.0
2,4,200,5,5,0.0,0.0,0.0,4.0,5.0,6.0,7.0,8.0,9.0,10.0,0.0,0.0
2,3,240,9,6,0.0,0.0,3.0,4.0,5.0,6.0,7.0,8.0,9.0,10.0,0.0,0.0
6,3,210,10,1,0.0,0.0,0.0,4.0,5.0,6.0,7.0,8.0,9.0,10.0,0.0,0.0
2,3,210,12,8,0.0,0.0,0.0,4.0,5.0,6.0,7.0,8.0,9.0,10.0,0.0,0.0
6,3,180,7,5,0.0,0.0,0.0,0.0,5.0,6.0,7.0,8.0,9.0,10.0,0.0,0.0
6,3,100,4,1,0.0,0.0,0.0,0.0,5.0,6.0,7.0,8.0,0.0,0.0,0.0,0.0
2,4,200,10,10,0.0,0.0,0.0,4.0,5.0,6.0,7.0,8.0,9.0,10.0,0.0,0.0
6,4,200,10,4,0.0,0.0,0.0,4.0,5.0,6.0,7.0,8.0,9.0,10.0,0.0,0.0
6,5,180,4,3,0.0,0.0,0.0,4.0,5.0,6.0,7.0,8.0,9.0,10.0,0.0,0.0
6,3,200,8,3,0.0,0.0,0.0,4.0,5.0,6.0,7.0,8.0,9.0,10.0,0.0,0.0
2,2,240,15,5,0.0,0.0,3.0,4.0,5.0,6.0,7.0,8.0,9.0,10.0,0.0,0.0
5,3,210,8,2,0.0,0.0,0.0,4.0,5.0,6.0,7.0,8.0,9.0,10.0,0.0,0.0
5,3,150,8,1,0.0,0.0,0.0,0.0,5.0,6.0,7.0,8.0,9.0,0.0,0.0,0.0
2,3,150,7,5,0.0,0.0,0.0,0.0,5.0,6.0,7.0,8.0,9.0,0.0,0.0,0.0
5,3,150,7,4,0.0,0.0,0.0,0.0,5.0,6.0,7.0,8.0,9.0,0.0,0.0,0.0
6,3,150,8,4,0.0,0.0,0.0,0.0,0.0,6.0,7.0,8.0,9.0,10.0,0.0,0.0
6,3,180,8,3,0.0,0.0,0.0,0.0,5.0,6.0,7.0,8.0,9.0,10.0,0.0,0.0
6,3,180,8,3,0.0,0.0,0.0,0.0,5.0,6.0,7.0,8.0,9.0,10.0,0.0,0.0
2,3,210,7,1,0.0,0.0,0.0,0.0,5.0,6.0,7.0,8.0,9.0,10.0,11.0,0.0
2,3,210,8,3,0.0,0.0,0.0,4.0,5.0,6.0,7.0,8.0,9.0,10.0,0.0,0.0
6,3,180,8,6,0.0,0.0,0.0,0.0,5.0,6.0,7.0,8.0,9.0,10.0,0.0,0.0
6,3,180,8,5,0.0,0.0,0.0,4.0,5.0,6.0,7.0,8.0,9.0,0.0,0.0,0.0
6,3,180,8,6,0.0,0.0,0.0,4.0,5.0,6.0,7.0,8.0,9.0,0.0,0.0,0.0
2,3,210,6,10,0.0,0.0,0.0,4.0,5.0,6.0,7.0,8.0,9.0,10.0,0.0,0.0
2,3,210,6,10,0.0,0.0,0.0,4.0,5.0,6.0,7.0,8.0,9.0,10.0,0.0,0.0
2,3,210,6,10,0.0,0.0,0.0,4.0,5.0,6.0,7.0,8.0,9.0,10.0,0.0,0.0
6,3,210,8,5,0.0,0.0,0.0,4.0,5.0,6.0,7.0,8.0,9.0,10.0,0.0,0.0
2,3,210,8,3,0.0,0.0,0.0,4.0,5.0,6.0,7.0,8.0,9.0,10.0,0.0,0.0
6,5,210,3,5,0.0,0.0,0.0,4.0,5.0,6.0,7.0,8.0,9.0,10.0,0.0,0.0
6,3,240,4,99,0.0,0.0,0.0,4.0,5.0,6.0,7.0,8.0,9.0,10.0,11.0,0.0
6,3,240,8,99,0.0,0.0,0.0,4.0,5.0,6.0,7.0,8.0,9.0,10.0,11.0,0.0
6,3,240,6,99,0.0,0.0,0.0,4.0,5.0,6.0,7.0,8.0,9.0,10.0,11.0,0.0
6,3,180,8,10,0.0,0.0,0.0,4.0,5.0,6.0,7.0,8.0,9.0,0.0,0.0,0.0
6,3,180,8,10,0.0,0.0,0.0,0.0,5.0,6.0,7.0,8.0,9.0,10.0,0.0,0.0
2,3,210,8,15,0.0,0.0,0.0,4.0,5.0,6.0,7.0,8.0,9.0,10.0,0.0,0.0
2,3,210,8,15,0.0,0.0,0.0,4.0,5.0,6.0,7.0,8.0,9.0,10.0,0.0,0.0
2,3,180,6,15,0.0,0.0,0.0,4.0,5.0,6.0,7.0,8.0,9.0,0.0,0.0,0.0
2,3,150,8,15,0.0,0.0,0.0,0.0,5.0,6.0,7.0,8.0,9.0,0.0,0.0,0.0
2,3,150,8,15,0.0,0.0,0.0,0.0,5.0,6.0,7.0,8.0,9.0,0.0,0.0,0.0
2,5,150,10,3,0.0,0.0,0.0,0.0,0.0,6.0,7.0,8.0,9.0,10.0,0.0,0.0
2,5,150,8,3,0.0,0.0,0.0,0.0,0.0,6.0,7.0,8.0,9.0,10.0,0.0,0.0
2,4,210,8,10,0.0,0.0,0.0,4.0,5.0,6.0,7.0,8.0,9.0,10.0,0.0,0.0
2,3,180,8,10,0.0,0.0,0.0,4.0,5.0,6.0,7.0,8.0,9.0,0.0,0.0,0.0
2,4,210,7,10,0.0,0.0,0.0,4.0,5.0,6.0,7.0,8.0,9.0,10.0,0.0,0.0
2,3,190,8,9,0.0,0.0,0.0,4.0,5.0,6.0,7.0,8.0,9.0,10.0,0.0,0.0
2,3,200,9,9,0.0,0.0,0.0,4.0,5.0,6.0,7.0,8.0,9.0,10.0,0.0,0.0
6,3,180,6,6,0.0,0.0,0.0,0.0,5.0,6.0,7.0,8.0,9.0,10.0,0.0,0.0
2,3,180,6,12,0.0,0.0,0.0,0.0,5.0,6.0,7.0,8.0,9.0,10.0,0.0,0.0
6,3,240,8,5,0.0,0.0,3.0,4.0,5.0,6.0,7.0,8.0,9.0,10.0,0.0,0.0
6,5,270,6,3,0.0,0.0,3.0,4.0,5.0,6.0,7.0,8.0,9.0,10.0,11.0,0.0
6,5,270,6,3,0.0,0.0,3.0,4.0,5.0,6.0,7.0,8.0,9.0,10.0,11.0,0.0
2,3,210,12,6,0.0,0.0,3.0,4.0,5.0,6.0,7.0,8.0,9.0,0.0,0.0,0.0
2,2,120,2,5,0.0,0.0,0.0,0.0,0.0,6.0,7.0,8.0,9.0,0.0,0.0,0.0
6,3,180,2,5,0.0,0.0,0.0,4.0,5.0,6.0,7.0,8.0,9.0,0.0,0.0,0.0
6,3,180,8,5,0.0,0.0,0.0,4.0,5.0,6.0,7.0,8.0,9.0,0.0,0.0,0.0
6,3,180,8,5,0.0,0.0,0.0,4.0,5.0,6.0,7.0,8.0,9.0,0.0,0.0,0.0
6,3,210,6,3,0.0,0.0,0.0,4.0,5.0,6.0,7.0,8.0,9.0,10.0,0.0,0.0
6,3,210,1,3,0.0,0.0,0.0,4.0,5.0,6.0,7.0,8.0,9.0,10.0,0.0,0.0
2,3,150,6,3,0.0,0.0,0.0,0.0,5.0,6.0,7.0,8.0,9.0,10.0,0.0,0.0
5,3,150,6,4,0.0,0.0,0.0,0.0,5.0,6.0,7.0,8.0,9.0,0.0,0.0,0.0
2,3,150,6,5,0.0,0.0,0.0,0.0,5.0,6.0,7.0,8.0,9.0,0.0,0.0,0.0
2,3,150,6,3,0.0,0.0,0.0,0.0,5.0,6.0,7.0,8.0,9.0,0.0,0.0,0.0
2,4,210,6,6,0.0,0.0,0.0,0.0,5.0,6.0,7.0,8.0,9.0,10.0,11.0,0.0
5,3,180,6,3,0.0,0.0,0.0,0.0,5.0,6.0,7.0,8.0,9.0,10.0,0.0,0.0
5,3,210,6,5,0.0,0.0,0.0,4.0,5.0,6.0,7.0,8.0,9.0,10.0,0.0,0.0
5,3,210,6,7,0.0,0.0,0.0,4.0,5.0,6.0,7.0,8.0,9.0,10.0,0.0,0.0
5,5,210,4,4,0.0,0.0,0.0,4.0,5.0,6.0,7.0,8.0,9.0,10.0,0.0,0.0
5,3,210,4,4,0.0,0.0,0.0,4.0,5.0,6.0,7.0,8.0,9.0,10.0,0.0,0.0
5,5,210,5,4,0.0,0.0,0.0,4.0,5.0,6.0,7.0,8.0,9.0,10.0,0.0,0.0
2,3,210,3,12,0.0,0.0,0.0,4.0,5.0,6.0,7.0,8.0,9.0,10.0,0.0,0.0
5,2,150,5,10,0.0,0.0,0.0,0.0,5.0,6.0,7.0,8.0,9.0,0.0,0.0,0.0
5,3,180,5,5,0.0,0.0,0.0,0.0,5.0,6.0,7.0,8.0,9.0,10.0,0.0,0.0
5,3,180,5,4,0.0,0.0,0.0,0.0,5.0,6.0,7.0,8.0,9.0,10.0,0.0,0.0
2,3,210,10,8,0.0,0.0,0.0,0.0,5.0,6.0,7.0,8.0,9.0,10.0,11.0,0.0
2,3,210,10,8,0.0,0.0,0.0,0.0,5.0,6.0,7.0,8.0,9.0,10.0,11.0,0.0
6,3,180,8,3,0.0,0.0,0.0,0.0,5.0,6.0,7.0,8.0,9.0,10.0,0.0,0.0
5,3,180,8,3,0.0,0.0,0.0,0.0,5.0,6.0,7.0,8.0,9.0,10.0,0.0,0.0
5,3,180,6,4,0.0,0.0,0.0,0.0,5.0,6.0,7.0,8.0,9.0,10.0,0.0,0.0
2,3,120,8,5,0.0,0.0,0.0,0.0,0.0,6.0,7.0,8.0,9.0,0.0,0.0,0.0
6,3,360,10,4,1.0,2.0,3.0,4.0,5.0,6.0,7.0,8.0,9.0,10.0,11.0,12.0
6,3,360,10,2,1.0,2.0,3.0,4.0,5.0,6.0,7.0,8.0,9.0,10.0,11.0,12.0
6,3,360,10,7,1.0,2.0,3.0,4.0,5.0,6.0,7.0,8.0,9.0,10.0,11.0,12.0
6,4,120,2,3,0.0,0.0,0.0,0.0,5.0,6.0,7.0,8.0,0.0,0.0,0.0,0.0
6,3,120,4,3,0.0,0.0,0.0,0.0,5.0,6.0,7.0,8.0,0.0,0.0,0.0,0.0
6,3,120,4,2,0.0,0.0,0.0,0.0,5.0,6.0,7.0,8.0,0.0,0.0,0.0,0.0
6,3,180,8,8,0.0,0.0,0.0,0.0,5.0,6.0,7.0,8.0,9.0,10.0,0.0,0.0
6,5,180,8,5,0.0,0.0,0.0,0.0,5.0,6.0,7.0,8.0,9.0,10.0,0.0,0.0
6,3,180,12,5,0.0,0.0,0.0,0.0,5.0,6.0,7.0,8.0,9.0,10.0,0.0,0.0
6,3,180,12,5,0.0,0.0,0.0,0.0,5.0,6.0,7.0,8.0,9.0,10.0,0.0,0.0
6,3,180,12,10,0.0,0.0,0.0,0.0,5.0,6.0,7.0,8.0,9.0,10.0,0.0,0.0
6,3,180,12,2,0.0,0.0,0.0,0.0,5.0,6.0,7.0,8.0,9.0,10.0,0.0,0.0
6,3,180,12,10,0.0,0.0,0.0,0.0,5.0,6.0,7.0,8.0,9.0,10.0,0.0,0.0
2,4,210,12,8,0.0,0.0,0.0,0.0,5.0,6.0,7.0,8.0,9.0,10.0,11.0,0.0
2,3,90,4,99,0.0,0.0,0.0,0.0,0.0,6.0,7.0,8.0,0.0,0.0,0.0,0.0
2,4,150,8,99,0.0,0.0,0.0,0.0,5.0,6.0,7.0,8.0,9.0,10.0,0.0,0.0
6,3,150,8,1,0.0,0.0,0.0,0.0,5.0,6.0,7.0,8.0,9.0,10.0,0.0,0.0
2,3,120,5,4,0.0,0.0,0.0,0.0,5.0,6.0,7.0,8.0,9.0,0.0,0.0,0.0
6,3,150,5,6,0.0,0.0,0.0,0.0,5.0,6.0,7.0,8.0,9.0,10.0,0.0,0.0
6,3,180,3,2,0.0,0.0,0.0,4.0,5.0,6.0,7.0,8.0,9.0,10.0,0.0,0.0
2,3,180,12,10,0.0,0.0,0.0,4.0,5.0,6.0,7.0,8.0,9.0,10.0,0.0,0.0
5,3,150,6,5,0.0,0.0,0.0,0.0,5.0,6.0,7.0,8.0,9.0,10.0,0.0,0.0
5,3,240,6,1,0.0,0.0,3.0,4.0,5.0,6.0,7.0,8.0,9.0,10.0,0.0,0.0
5,3,240,6,4,0.0,0.0,3.0,4.0,5.0,6.0,7.0,8.0,9.0,10.0,0.0,0.0
5,3,240,6,1,0.0,0.0,3.0,4.0,5.0,6.0,7.0,8.0,9.0,10.0,0.0,0.0
5,3,180,12,1,0.0,0.0,0.0,0.0,5.0,6.0,7.0,8.0,9.0,10.0,0.0,0.0
5,3,180,12,2,0.0,0.0,0.0,0.0,5.0,6.0,7.0,8.0,9.0,10.0,0.0,0.0
6,3,240,8,3,0.0,0.0,3.0,4.0,5.0,6.0,7.0,8.0,9.0,10.0,0.0,0.0
2,3,90,6,10,0.0,0.0,0.0,0.0,0.0,6.0,7.0,8.0,0.0,0.0,0.0,0.0
5,3,150,10,1,0.0,0.0,0.0,0.0,0.0,6.0,7.0,8.0,9.0,10.0,0.0,0.0
5,3,300,5,3,0.0,2.0,3.0,4.0,5.0,6.0,7.0,8.0,9.0,10.0,11.0,0.0
6,3,180,6,1,0.0,0.0,0.0,0.0,5.0,6.0,7.0,8.0,9.0,10.0,0.0,0.0
5,3,180,8,4,0.0,0.0,0.0,0.0,5.0,6.0,7.0,8.0,9.0,10.0,0.0,0.0
2,3,180,6,5,0.0,0.0,0.0,0.0,5.0,6.0,7.0,8.0,9.0,10.0,0.0,0.0
5,5,180,3,2,0.0,0.0,0.0,0.0,5.0,6.0,7.0,8.0,9.0,10.0,0.0,0.0
2,5,50,8,19,0.0,0.0,0.0,0.0,0.0,0.0,7.0,8.0,0.0,0.0,0.0,0.0
2,3,150,8,16,0.0,0.0,0.0,0.0,5.0,6.0,7.0,8.0,9.0,0.0,0.0,0.0
6,3,180,8,6,0.0,0.0,0.0,0.0,5.0,6.0,7.0,8.0,9.0,10.0,0.0,0.0
6,3,180,6,6,0.0,0.0,0.0,0.0,5.0,6.0,7.0,8.0,9.0,10.0,0.0,0.0
6,4,210,8,6,0.0,0.0,0.0,4.0,5.0,6.0,7.0,8.0,9.0,10.0,0.0,0.0
6,3,240,8,4,0.0,0.0,0.0,4.0,5.0,6.0,7.0,8.0,9.0,10.0,11.0,0.0
6,3,240,10,4,0.0,0.0,0.0,4.0,5.0,6.0,7.0,8.0,9.0,10.0,11.0,0.0
6,3,240,8,4,0.0,0.0,0.0,4.0,5.0,6.0,7.0,8.0,9.0,10.0,11.0,0.0
6,3,240,8,4,0.0,0.0,0.0,4.0,5.0,6.0,7.0,8.0,9.0,10.0,11.0,0.0
2,3,120,8,7,0.0,0.0,0.0,0.0,0.0,6.0,7.0,8.0,9.0,0.0,0.0,0.0
6,3,120,7,2,0.0,0.0,0.0,0.0,0.0,6.0,7.0,8.0,9.0,0.0,0.0,0.0
2,3,180,8,8,0.0,0.0,0.0,4.0,5.0,6.0,7.0,8.0,9.0,10.0,0.0,0.0
5,3,210,6,12,0.0,0.0,0.0,4.0,5.0,6.0,7.0,8.0,9.0,10.0,0.0,0.0
5,3,210,6,12,0.0,0.0,0.0,4.0,5.0,6.0,7.0,8.0,9.0,10.0,0.0,0.0
5,3,210,6,12,0.0,0.0,0.0,4.0,5.0,6.0,7.0,8.0,9.0,10.0,0.0,0.0
5,4,240,7,3,0.0,0.0,3.0,4.0,5.0,6.0,7.0,8.0,9.0,10.0,0.0,0.0
5,6,240,5,2,0.0,0.0,3.0,4.0,5.0,6.0,7.0,8.0,9.0,10.0,0.0,0.0
5,4,240,7,2,0.0,0.0,3.0,4.0,5.0,6.0,7.0,8.0,9.0,10.0,0.0,0.0
5,4,120,99,4,0.0,0.0,0.0,0.0,0.0,0.0,7.0,8.0,9.0,10.0,0.0,0.0
5,4,120,4,4,0.0,0.0,0.0,0.0,0.0,0.0,7.0,8.0,9.0,10.0,0.0,0.0
5,4,120,4,2,0.0,0.0,0.0,0.0,0.0,0.0,7.0,8.0,9.0,10.0,0.0,0.0
5,3,240,3,3,0.0,0.0,3.0,4.0,5.0,6.0,7.0,8.0,9.0,10.0,0.0,0.0
5,3,240,6,3,0.0,0.0,0.0,4.0,5.0,6.0,7.0,8.0,9.0,10.0,11.0,0.0
5,3,210,3,3,0.0,0.0,0.0,4.0,5.0,6.0,7.0,8.0,9.0,10.0,0.0,0.0
5,3,210,2,4,0.0,0.0,0.0,4.0,5.0,6.0,7.0,8.0,9.0,10.0,0.0,0.0
5,3,210,3,3,0.0,0.0,0.0,4.0,5.0,6.0,7.0,8.0,9.0,10.0,0.0,0.0
5,3,150,4,3,0.0,0.0,0.0,0.0,0.0,6.0,7.0,8.0,9.0,10.0,0.0,0.0
5,4,150,3,3,0.0,0.0,0.0,0.0,0.0,6.0,7.0,8.0,9.0,10.0,0.0,0.0
5,3,210,6,2,0.0,0.0,0.0,0.0,5.0,6.0,7.0,8.0,9.0,10.0,11.0,0.0
2,3,250,12,10,0.0,0.0,3.0,4.0,5.0,6.0,7.0,8.0,9.0,10.0,11.0,0.0
6,3,210,4,5,0.0,0.0,0.0,4.0,5.0,6.0,7.0,8.0,9.0,10.0,0.0,0.0
6,3,190,4,5,0.0,0.0,0.0,4.0,5.0,6.0,7.0,8.0,9.0,10.0,0.0,0.0
2,3,100,4,10,0.0,0.0,0.0,0.0,0.0,6.0,7.0,8.0,9.0,0.0,0.0,0.0
2,4,120,4,9,0.0,0.0,0.0,0.0,5.0,6.0,7.0,8.0,0.0,0.0,0.0,0.0
6,3,150,8,3,0.0,0.0,0.0,0.0,5.0,6.0,7.0,8.0,9.0,0.0,0.0,0.0
6,3,90,8,3,0.0,0.0,0.0,0.0,5.0,6.0,7.0,8.0,9.0,0.0,0.0,0.0
2,3,150,6,6,0.0,0.0,0.0,0.0,5.0,6.0,7.0,8.0,9.0,0.0,0.0,0.0
6,3,180,6,1,0.0,0.0,0.0,0.0,5.0,6.0,7.0,8.0,9.0,10.0,0.0,0.0
6,3,180,6,5,0.0,0.0,0.0,0.0,5.0,6.0,7.0,8.0,9.0,10.0,0.0,0.0
2,4,180,8,6,0.0,0.0,0.0,0.0,5.0,6.0,7.0,8.0,9.0,10.0,0.0,0.0
2,3,180,8,7,0.0,0.0,0.0,0.0,5.0,6.0,7.0,8.0,9.0,10.0,0.0,0.0
5,4,180,8,5,0.0,0.0,0.0,0.0,5.0,6.0,7.0,8.0,9.0,10.0,0.0,0.0
5,4,240,8,2,0.0,0.0,0.0,4.0,5.0,6.0,7.0,8.0,9.0,10.0,11.0,0.0
5,4,180,8,5,0.0,0.0,0.0,0.0,5.0,6.0,7.0,8.0,9.0,10.0,0.0,0.0
6,6,210,5,3,0.0,0.0,0.0,4.0,5.0,6.0,7.0,8.0,9.0,10.0,0.0,0.0
5,4,210,8,6,0.0,0.0,0.0,4.0,5.0,6.0,7.0,8.0,9.0,10.0,0.0,0.0
2,5,210,12,11,0.0,0.0,0.0,4.0,5.0,6.0,7.0,8.0,9.0,10.0,0.0,0.0
6,3,180,8,6,0.0,0.0,0.0,0.0,5.0,6.0,7.0,8.0,9.0,10.0,0.0,0.0
6,3,210,8,4,0.0,0.0,0.0,4.0,5.0,6.0,7.0,8.0,9.0,10.0,0.0,0.0
6,3,210,8,2,0.0,0.0,0.0,4.0,5.0,6.0,7.0,8.0,9.0,10.0,0.0,0.0
6,3,210,8,2,0.0,0.0,0.0,4.0,5.0,6.0,7.0,8.0,9.0,10.0,0.0,0.0
6,3,180,8,5,0.0,0.0,0.0,0.0,5.0,6.0,7.0,8.0,9.0,10.0,0.0,0.0
6,3,180,8,7,0.0,0.0,0.0,0.0,5.0,6.0,7.0,8.0,9.0,10.0,0.0,0.0
2,3,100,5,7,0.0,0.0,0.0,0.0,5.0,6.0,7.0,8.0,9.0,0.0,0.0,0.0
2,3,150,4,5,0.0,0.0,0.0,0.0,5.0,6.0,7.0,8.0,9.0,0.0,0.0,0.0
2,3,120,4,3,0.0,0.0,0.0,0.0,5.0,6.0,7.0,8.0,9.0,0.0,0.0,0.0
2,3,150,6,6,0.0,0.0,0.0,4.0,5.0,6.0,7.0,8.0,9.0,0.0,0.0,0.0
6,4,120,4,5,0.0,0.0,0.0,0.0,5.0,6.0,7.0,8.0,9.0,0.0,0.0,0.0
2,3,150,6,4,0.0,0.0,0.0,4.0,5.0,6.0,7.0,8.0,9.0,0.0,0.0,0.0
6,3,200,6,1,0.0,0.0,0.0,0.0,5.0,6.0,7.0,8.0,9.0,10.0,11.0,0.0
6,3,120,6,4,0.0,0.0,0.0,0.0,5.0,6.0,7.0,8.0,9.0,0.0,0.0,0.0
6,3,150,6,3,0.0,0.0,0.0,4.0,5.0,6.0,7.0,8.0,9.0,0.0,0.0,0.0
2,3,180,8,1,0.0,0.0,0.0,0.0,5.0,6.0,7.0,8.0,9.0,10.0,0.0,0.0
6,5,210,3,1,0.0,0.0,0.0,4.0,5.0,6.0,7.0,8.0,9.0,10.0,0.0,0.0
6,3,360,9,6,1.0,2.0,3.0,4.0,5.0,6.0,7.0,8.0,9.0,10.0,11.0,12.0
6,3,360,9,6,1.0,2.0,3.0,4.0,5.0,6.0,7.0,8.0,9.0,10.0,11.0,12.0
2,3,210,8,6,0.0,0.0,0.0,4.0,5.0,6.0,7.0,8.0,9.0,10.0,0.0,0.0
6,3,210,6,5,0.0,0.0,0.0,4.0,5.0,6.0,7.0,8.0,9.0,10.0,0.0,0.0
6,3,210,4,7,0.0,0.0,0.0,4.0,5.0,6.0,7.0,8.0,9.0,10.0,0.0,0.0
6,3,210,8,4,0.0,0.0,0.0,4.0,5.0,6.0,7.0,8.0,9.0,10.0,11.0,0.0
2,3,210,6,1,0.0,0.0,0.0,0.0,5.0,6.0,7.0,8.0,9.0,10.0,11.0,0.0
2,3,210,6,10,0.0,0.0,0.0,4.0,5.0,6.0,7.0,8.0,9.0,10.0,0.0,0.0
2,3,210,7,7,0.0,0.0,0.0,4.0,5.0,6.0,7.0,8.0,9.0,10.0,0.0,0.0
5,3,210,7,5,0.0,0.0,0.0,4.0,5.0,6.0,7.0,8.0,9.0,10.0,0.0,0.0
5,3,210,7,5,0.0,0.0,0.0,4.0,5.0,6.0,7.0,8.0,9.0,10.0,0.0,0.0
5,3,210,7,4,0.0,0.0,0.0,4.0,5.0,6.0,7.0,8.0,9.0,10.0,0.0,0.0
6,3,180,7,5,0.0,0.0,0.0,4.0,5.0,6.0,7.0,8.0,9.0,0.0,0.0,0.0
5,4,210,5,5,0.0,0.0,0.0,4.0,5.0,6.0,7.0,8.0,9.0,10.0,0.0,0.0
5,3,210,5,5,0.0,0.0,0.0,4.0,5.0,6.0,7.0,8.0,9.0,10.0,0.0,0.0
5,3,210,5,4,0.0,0.0,0.0,4.0,5.0,6.0,7.0,8.0,9.0,10.0,0.0,0.0
5,3,210,4,6,0.0,0.0,0.0,4.0,5.0,6.0,7.0,8.0,9.0,10.0,0.0,0.0
5,4,210,5,6,0.0,0.0,0.0,4.0,5.0,6.0,7.0,8.0,9.0,10.0,0.0,0.0
5,4,210,4,6,0.0,0.0,0.0,4.0,5.0,6.0,7.0,8.0,9.0,10.0,0.0,0.0
5,4,210,7,3,0.0,0.0,0.0,4.0,5.0,6.0,7.0,8.0,9.0,10.0,0.0,0.0
5,4,210,4,4,0.0,0.0,0.0,0.0,5.0,6.0,7.0,8.0,9.0,10.0,11.0,0.0
5,4,360,3,10,1.0,2.0,3.0,4.0,5.0,6.0,7.0,8.0,9.0,10.0,11.0,12.0
5,4,210,3,5,0.0,0.0,3.0,4.0,5.0,6.0,7.0,8.0,9.0,0.0,0.0,0.0
5,4,210,7,5,0.0,0.0,0.0,4.0,5.0,6.0,7.0,8.0,9.0,10.0,0.0,0.0
5,3,210,7,6,0.0,0.0,0.0,4.0,5.0,6.0,7.0,8.0,9.0,10.0,0.0,0.0
5,3,210,5,7,0.0,0.0,0.0,4.0,5.0,6.0,7.0,8.0,9.0,10.0,0.0,0.0
5,4,210,6,10,0.0,0.0,0.0,4.0,5.0,6.0,7.0,8.0,9.0,10.0,0.0,0.0
5,4,210,4,4,0.0,0.0,0.0,4.0,5.0,6.0,7.0,8.0,9.0,10.0,0.0,0.0
5,3,180,8,8,0.0,0.0,0.0,0.0,5.0,6.0,7.0,8.0,9.0,10.0,0.0,0.0
5,3,180,8,8,0.0,0.0,0.0,0.0,5.0,6.0,7.0,8.0,9.0,10.0,0.0,0.0
6,3,180,8,2,0.0,0.0,0.0,0.0,5.0,6.0,7.0,8.0,9.0,10.0,0.0,0.0
2,3,150,6,8,0.0,0.0,0.0,0.0,5.0,6.0,7.0,8.0,9.0,0.0,0.0,0.0
5,3,240,8,1,0.0,0.0,3.0,4.0,5.0,6.0,7.0,8.0,9.0,10.0,0.0,0.0
2,3,270,24,10,0.0,0.0,0.0,4.0,5.0,6.0,7.0,8.0,9.0,10.0,11.0,12.0
2,3,180,8,5,0.0,0.0,0.0,0.0,5.0,6.0,7.0,8.0,9.0,10.0,0.0,0.0
2,3,210,8,11,0.0,0.0,0.0,0.0,5.0,6.0,7.0,8.0,9.0,10.0,11.0,0.0
6,3,210,8,1,0.0,0.0,0.0,0.0,5.0,6.0,7.0,8.0,9.0,10.0,11.0,0.0
6,3,150,4,6,0.0,0.0,0.0,0.0,5.0,6.0,7.0,8.0,9.0,0.0,0.0,0.0
6,4,180,12,1,0.0,0.0,0.0,0.0,5.0,6.0,7.0,8.0,9.0,10.0,0.0,0.0
6,5,150,8,3,0.0,0.0,0.0,0.0,0.0,6.0,7.0,8.0,9.0,10.0,0.0,0.0
2,3,180,15,10,0.0,0.0,0.0,0.0,5.0,6.0,7.0,8.0,9.0,10.0,0.0,0.0
2,1,180,20,2,0.0,0.0,0.0,0.0,5.0,6.0,7.0,8.0,9.0,10.0,0.0,0.0
6,3,180,6,6,0.0,0.0,0.0,0.0,5.0,6.0,7.0,8.0,9.0,10.0,0.0,0.0
6,3,180,10,7,0.0,0.0,0.0,4.0,5.0,6.0,7.0,8.0,9.0,10.0,0.0,0.0
2,4,150,8,10,0.0,0.0,0.0,4.0,5.0,6.0,7.0,8.0,9.0,0.0,0.0,0.0
6,3,240,8,1,0.0,0.0,3.0,4.0,5.0,6.0,7.0,8.0,9.0,10.0,0.0,0.0
5,5,210,7,2,0.0,0.0,0.0,4.0,5.0,6.0,7.0,8.0,9.0,10.0,0.0,0.0
2,3,210,6,2,0.0,0.0,0.0,4.0,5.0,6.0,7.0,8.0,9.0,10.0,0.0,0.0
5,3,240,7,3,0.0,0.0,0.0,4.0,5.0,6.0,7.0,8.0,9.0,10.0,11.0,0.0
5,3,240,6,4,0.0,0.0,0.0,4.0,5.0,6.0,7.0,8.0,9.0,10.0,11.0,0.0
2,3,180,6,1,0.0,0.0,0.0,0.0,5.0,6.0,7.0,8.0,9.0,10.0,0.0,0.0
6,3,210,10,4,0.0,0.0,0.0,4.0,5.0,6.0,7.0,8.0,9.0,10.0,0.0,0.0
2,3,180,8,10,0.0,0.0,0.0,0.0,5.0,6.0,7.0,8.0,9.0,10.0,0.0,0.0
2,5,300,8,99,0.0,0.0,3.0,4.0,5.0,6.0,7.0,8.0,9.0,10.0,11.0,12.0
6,3,180,7,1,0.0,0.0,0.0,0.0,5.0,6.0,7.0,8.0,9.0,10.0,0.0,0.0
2,3,180,1,12,0.0,0.0,0.0,0.0,5.0,6.0,7.0,8.0,9.0,10.0,0.0,0.0
6,3,180,7,1,0.0,0.0,0.0,0.0,5.0,6.0,7.0,8.0,9.0,10.0,0.0,0.0
6,2,180,8,4,0.0,0.0,0.0,4.0,5.0,6.0,7.0,8.0,9.0,10.0,0.0,0.0
6,3,180,5,10,0.0,0.0,0.0,0.0,5.0,6.0,7.0,8.0,9.0,10.0,0.0,0.0
6,3,180,6,10,0.0,0.0,0.0,4.0,5.0,6.0,7.0,8.0,9.0,10.0,0.0,0.0
6,3,180,10,9,0.0,0.0,0.0,0.0,5.0,6.0,7.0,8.0,9.0,10.0,11.0,0.0
2,3,150,10,10,0.0,0.0,0.0,4.0,5.0,6.0,7.0,8.0,9.0,10.0,0.0,0.0
6,3,150,10,4,0.0,0.0,0.0,4.0,5.0,6.0,7.0,8.0,9.0,10.0,0.0,0.0
6,3,180,10,5,0.0,0.0,0.0,0.0,5.0,6.0,7.0,8.0,9.0,10.0,0.0,0.0
6,3,180,8,7,0.0,0.0,0.0,0.0,5.0,6.0,7.0,8.0,9.0,10.0,0.0,0.0
2,3,180,8,5,0.0,0.0,0.0,0.0,5.0,6.0,7.0,8.0,9.0,10.0,0.0,0.0
5,3,210,8,3,0.0,0.0,0.0,0.0,5.0,6.0,7.0,8.0,9.0,10.0,11.0,0.0
5,3,210,8,3,0.0,0.0,0.0,0.0,5.0,6.0,7.0,8.0,9.0,10.0,11.0,0.0
5,3,210,8,3,0.0,0.0,0.0,0.0,5.0,6.0,7.0,8.0,9.0,10.0,11.0,0.0
5,3,180,10,2,0.0,0.0,0.0,0.0,5.0,6.0,7.0,8.0,9.0,10.0,0.0,0.0
6,3,240,8,6,0.0,0.0,0.0,4.0,5.0,6.0,7.0,8.0,9.0,10.0,11.0,12.0
6,3,240,10,6,0.0,0.0,0.0,4.0,5.0,6.0,7.0,8.0,9.0,10.0,11.0,0.0
6,3,240,8,6,0.0,0.0,0.0,4.0,5.0,6.0,7.0,8.0,9.0,10.0,11.0,0.0
5,3,210,10,13,0.0,0.0,0.0,4.0,5.0,6.0,7.0,8.0,9.0,10.0,0.0,0.0
6,4,210,8,6,0.0,0.0,0.0,0.0,5.0,6.0,7.0,8.0,9.0,10.0,11.0,0.0
2,3,180,8,6,0.0,0.0,0.0,0.0,5.0,6.0,7.0,8.0,9.0,10.0,0.0,0.0
6,3,210,8,2,0.0,0.0,0.0,0.0,5.0,6.0,7.0,8.0,9.0,10.0,11.0,0.0
6,3,210,8,3,0.0,0.0,0.0,0.0,5.0,6.0,7.0,8.0,9.0,10.0,11.0,0.0
2,3,240,8,3,0.0,0.0,0.0,4.0,5.0,6.0,7.0,8.0,9.0,10.0,11.0,0.0
5,3,240,4,1,0.0,0.0,0.0,4.0,5.0,6.0,7.0,8.0,9.0,10.0,11.0,0.0
2,3,180,6,99,0.0,0.0,0.0,0.0,5.0,6.0,7.0,8.0,9.0,10.0,0.0,0.0
6,4,150,8,4,0.0,0.0,0.0,4.0,5.0,6.0,7.0,8.0,9.0,10.0,0.0,0.0
6,4,200,5,7,0.0,0.0,0.0,4.0,5.0,6.0,7.0,8.0,9.0,10.0,0.0,0.0
6,3,160,8,7,0.0,0.0,0.0,4.0,5.0,6.0,7.0,8.0,9.0,0.0,0.0,0.0
6,3,150,8,3,0.0,0.0,0.0,0.0,5.0,6.0,7.0,8.0,9.0,10.0,0.0,0.0
6,3,150,8,3,0.0,0.0,0.0,0.0,5.0,6.0,7.0,8.0,9.0,0.0,0.0,0.0
6,3,150,5,2,0.0,0.0,0.0,4.0,5.0,6.0,7.0,8.0,9.0,10.0,0.0,0.0
6,4,180,8,1,0.0,0.0,0.0,0.0,5.0,6.0,7.0,8.0,9.0,10.0,0.0,0.0
2,3,150,8,5,0.0,0.0,0.0,0.0,0.0,6.0,7.0,8.0,9.0,10.0,0.0,0.0
6,3,160,8,8,0.0,0.0,0.0,4.0,5.0,6.0,7.0,8.0,9.0,10.0,0.0,0.0
5,3,180,3,3,0.0,0.0,0.0,4.0,5.0,6.0,7.0,8.0,9.0,10.0,0.0,0.0
5,3,200,10,3,0.0,0.0,0.0,4.0,5.0,6.0,7.0,8.0,9.0,10.0,0.0,0.0
6,3,240,8,3,0.0,0.0,0.0,4.0,5.0,6.0,7.0,8.0,9.0,10.0,11.0,0.0
6,3,240,8,6,0.0,0.0,0.0,4.0,5.0,6.0,7.0,8.0,9.0,10.0,11.0,0.0
6,3,240,6,3,0.0,0.0,3.0,4.0,5.0,6.0,7.0,8.0,9.0,10.0,0.0,0.0
2,3,270,8,1,0.0,0.0,3.0,4.0,5.0,6.0,7.0,8.0,9.0,10.0,11.0,0.0
6,3,240,6,3,0.0,0.0,3.0,4.0,5.0,6.0,7.0,8.0,9.0,10.0,0.0,0.0
6,4,240,6,2,0.0,0.0,3.0,4.0,5.0,6.0,7.0,8.0,9.0,10.0,0.0,0.0
2,4,240,6,8,0.0,0.0,3.0,4.0,5.0,6.0,7.0,8.0,9.0,10.0,0.0,0.0
2,3,180,5,16,0.0,0.0,0.0,0.0,5.0,6.0,7.0,8.0,9.0,10.0,0.0,0.0
6,3,210,10,1,0.0,0.0,0.0,4.0,5.0,6.0,7.0,8.0,9.0,10.0,0.0,0.0
6,3,210,10,1,0.0,0.0,0.0,4.0,5.0,6.0,7.0,8.0,9.0,10.0,0.0,0.0
6,4,210,10,3,0.0,0.0,0.0,4.0,5.0,6.0,7.0,8.0,9.0,10.0,0.0,0.0
5,3,210,6,5,0.0,0.0,0.0,4.0,5.0,6.0,7.0,8.0,9.0,10.0,0.0,0.0
5,4,180,6,2,0.0,0.0,0.0,0.0,5.0,6.0,7.0,8.0,9.0,10.0,0.0,0.0
5,3,180,6,4,0.0,0.0,0.0,0.0,5.0,6.0,7.0,8.0,9.0,10.0,0.0,0.0
5,3,180,5,2,0.0,0.0,0.0,0.0,5.0,6.0,7.0,8.0,9.0,10.0,0.0,0.0
2,3,300,6,8,0.0,2.0,3.0,4.0,5.0,6.0,7.0,8.0,9.0,10.0,11.0,0.0
2,3,180,5,10,0.0,0.0,0.0,0.0,5.0,6.0,7.0,8.0,9.0,10.0,0.0,0.0
6,3,240,6,3,0.0,0.0,3.0,4.0,5.0,6.0,7.0,8.0,9.0,10.0,0.0,0.0
5,3,240,6,3,0.0,0.0,3.0,4.0,5.0,6.0,7.0,8.0,9.0,10.0,0.0,0.0
6,3,150,7,2,0.0,0.0,0.0,0.0,5.0,6.0,7.0,8.0,9.0,0.0,0.0,0.0
6,3,210,8,1,0.0,0.0,0.0,4.0,5.0,6.0,7.0,8.0,9.0,10.0,0.0,0.0
2,3,240,8,3,0.0,0.0,0.0,4.0,5.0,6.0,7.0,8.0,9.0,10.0,11.0,0.0
2,3,240,12,3,0.0,0.0,0.0,4.0,5.0,6.0,7.0,8.0,9.0,10.0,11.0,0.0
6,3,180,12,9,0.0,0.0,0.0,0.0,5.0,6.0,7.0,8.0,9.0,10.0,0.0,0.0
6,3,135,17,3,0.0,0.0,0.0,0.0,0.0,6.0,7.0,8.0,9.0,10.0,0.0,0.0
6,4,135,17,3,0.0,0.0,0.0,0.0,0.0,6.0,7.0,8.0,9.0,10.0,0.0,0.0
2,3,270,5,6,0.0,0.0,3.0,4.0,5.0,6.0,7.0,8.0,9.0,10.0,11.0,0.0
6,3,270,8,3,0.0,0.0,3.0,4.0,5.0,6.0,7.0,8.0,9.0,10.0,11.0,0.0
5,3,270,8,4,0.0,0.0,3.0,4.0,5.0,6.0,7.0,8.0,9.0,10.0,11.0,0.0
6,3,270,8,1,0.0,0.0,3.0,4.0,5.0,6.0,7.0,8.0,9.0,10.0,11.0,0.0
2,3,210,8,8,0.0,0.0,3.0,4.0,5.0,6.0,7.0,8.0,9.0,0.0,0.0,0.0
2,3,150,6,5,0.0,0.0,0.0,0.0,5.0,6.0,7.0,8.0,9.0,0.0,0.0,0.0
2,3,240,6,9,0.0,0.0,3.0,4.0,5.0,6.0,7.0,8.0,9.0,10.0,0.0,0.0
2,3,240,6,7,0.0,0.0,3.0,4.0,5.0,6.0,7.0,8.0,9.0,10.0,0.0,0.0
2,3,240,6,9,0.0,0.0,3.0,4.0,5.0,6.0,7.0,8.0,9.0,10.0,0.0,0.0
5,3,150,7,7,0.0,0.0,0.0,0.0,5.0,6.0,7.0,8.0,9.0,0.0,0.0,0.0
2,3,150,7,5,0.0,0.0,0.0,0.0,5.0,6.0,7.0,8.0,9.0,0.0,0.0,0.0
5,3,150,7,6,0.0,0.0,0.0,0.0,5.0,6.0,7.0,8.0,9.0,0.0,0.0,0.0
2,3,150,7,4,0.0,0.0,0.0,0.0,5.0,6.0,7.0,8.0,9.0,0.0,0.0,0.0
5,3,150,6,5,0.0,0.0,0.0,0.0,5.0,6.0,7.0,8.0,9.0,0.0,0.0,0.0
5,3,150,7,4,0.0,0.0,0.0,0.0,5.0,6.0,7.0,8.0,9.0,0.0,0.0,0.0
5,3,150,7,4,0.0,0.0,0.0,0.0,5.0,6.0,7.0,8.0,9.0,0.0,0.0,0.0
2,3,150,7,3,0.0,0.0,0.0,0.0,5.0,6.0,7.0,8.0,9.0,0.0,0.0,0.0
5,3,150,7,4,0.0,0.0,0.0,0.0,5.0,6.0,7.0,8.0,9.0,0.0,0.0,0.0
2,3,150,6,6,0.0,0.0,0.0,0.0,5.0,6.0,7.0,8.0,9.0,0.0,0.0,0.0
5,3,150,6,7,0.0,0.0,0.0,0.0,5.0,6.0,7.0,8.0,9.0,0.0,0.0,0.0
5,3,150,5,5,0.0,0.0,0.0,0.0,5.0,6.0,7.0,8.0,9.0,0.0,0.0,0.0
2,3,150,6,6,0.0,0.0,0.0,0.0,5.0,6.0,7.0,8.0,9.0,0.0,0.0,0.0
2,3,180,5,6,0.0,0.0,0.0,0.0,5.0,6.0,7.0,8.0,9.0,10.0,0.0,0.0
5,3,330,7,2,1.0,2.0,3.0,4.0,5.0,6.0,7.0,8.0,9.0,10.0,11.0,0.0
5,3,240,7,16,0.0,0.0,0.0,4.0,5.0,6.0,7.0,8.0,9.0,10.0,11.0,0.0
2,3,240,8,16,0.0,0.0,0.0,4.0,5.0,6.0,7.0,8.0,9.0,10.0,11.0,0.0
2,3,365,7,4,1.0,2.0,3.0,4.0,5.0,6.0,7.0,8.0,9.0,10.0,11.0,12.0
5,3,240,7,2,0.0,0.0,0.0,4.0,5.0,6.0,7.0,8.0,9.0,10.0,11.0,0.0
5,3,210,7,1,0.0,0.0,0.0,0.0,5.0,6.0,7.0,8.0,9.0,10.0,11.0,0.0
5,3,210,7,6,0.0,0.0,0.0,0.0,5.0,6.0,7.0,8.0,9.0,10.0,11.0,0.0
5,3,210,7,8,0.0,0.0,0.0,0.0,5.0,6.0,7.0,8.0,9.0,10.0,11.0,0.0
2,3,180,6,10,0.0,0.0,0.0,0.0,5.0,6.0,7.0,8.0,9.0,10.0,0.0,0.0
6,3,240,6,1,0.0,0.0,3.0,4.0,5.0,6.0,7.0,8.0,9.0,10.0,0.0,0.0
5,3,210,5,8,0.0,0.0,0.0,4.0,5.0,6.0,7.0,8.0,9.0,10.0,0.0,0.0
5,3,180,7,1,0.0,0.0,0.0,0.0,5.0,6.0,7.0,8.0,9.0,10.0,0.0,0.0
6,3,240,11,2,0.0,0.0,0.0,4.0,5.0,6.0,7.0,8.0,9.0,10.0,11.0,0.0
6,3,240,10,2,0.0,0.0,0.0,4.0,5.0,6.0,7.0,8.0,9.0,10.0,11.0,0.0
6,3,240,8,2,0.0,0.0,0.0,4.0,5.0,6.0,7.0,8.0,9.0,10.0,11.0,0.0
5,3,300,6,5,0.0,2.0,3.0,4.0,5.0,6.0,7.0,8.0,9.0,10.0,11.0,0.0
6,3,150,5,4,0.0,0.0,0.0,0.0,5.0,6.0,7.0,8.0,9.0,0.0,0.0,0.0
2,3,150,6,9,0.0,0.0,0.0,0.0,5.0,6.0,7.0,8.0,9.0,0.0,0.0,0.0
5,3,210,4,5,0.0,0.0,0.0,0.0,5.0,6.0,7.0,8.0,9.0,10.0,11.0,0.0
5,3,210,5,5,0.0,0.0,0.0,0.0,5.0,6.0,7.0,8.0,9.0,10.0,11.0,0.0
5,3,210,2,5,0.0,0.0,0.0,0.0,5.0,6.0,7.0,8.0,9.0,10.0,11.0,0.0
5,4,210,5,4,0.0,0.0,0.0,4.0,5.0,6.0,7.0,8.0,9.0,10.0,0.0,0.0
5,4,210,6,3,0.0,0.0,0.0,4.0,5.0,6.0,7.0,8.0,9.0,10.0,0.0,0.0
5,4,210,6,3,0.0,0.0,0.0,4.0,5.0,6.0,7.0,8.0,9.0,10.0,0.0,0.0
2,3,90,5,4,0.0,0.0,0.0,0.0,0.0,6.0,7.0,8.0,0.0,0.0,0.0,0.0
2,3,90,5,7,0.0,0.0,0.0,0.0,0.0,6.0,7.0,8.0,0.0,0.0,0.0,0.0
6,3,150,8,10,0.0,0.0,0.0,0.0,5.0,6.0,7.0,8.0,9.0,10.0,0.0,0.0
6,3,180,10,12,0.0,0.0,0.0,4.0,5.0,6.0,7.0,8.0,9.0,10.0,0.0,0.0
2,3,320,4,4,1.0,2.0,3.0,4.0,5.0,6.0,7.0,8.0,9.0,10.0,11.0,12.0
2,3,220,5,4,0.0,0.0,3.0,4.0,5.0,6.0,7.0,8.0,9.0,10.0,0.0,0.0
5,3,210,7,5,0.0,0.0,0.0,4.0,5.0,6.0,7.0,8.0,9.0,10.0,0.0,0.0
2,3,210,5,10,0.0,0.0,0.0,4.0,5.0,6.0,7.0,8.0,9.0,10.0,0.0,0.0
2,4,210,3,12,0.0,0.0,0.0,0.0,5.0,6.0,7.0,8.0,9.0,10.0,11.0,0.0
5,3,210,6,5,0.0,0.0,0.0,0.0,5.0,6.0,7.0,8.0,9.0,10.0,11.0,0.0
5,4,180,5,8,0.0,0.0,0.0,0.0,5.0,6.0,7.0,8.0,9.0,10.0,0.0,0.0
5,4,210,4,7,0.0,0.0,0.0,4.0,5.0,6.0,7.0,8.0,9.0,10.0,0.0,0.0
5,5,180,4,3,0.0,0.0,0.0,0.0,5.0,6.0,7.0,8.0,9.0,10.0,0.0,0.0
5,4,210,3,4,0.0,0.0,0.0,4.0,5.0,6.0,7.0,8.0,9.0,10.0,0.0,0.0
5,4,210,3,3,0.0,0.0,0.0,4.0,5.0,6.0,7.0,8.0,9.0,10.0,0.0,0.0
5,4,210,4,3,0.0,0.0,0.0,4.0,5.0,6.0,7.0,8.0,9.0,10.0,0.0,0.0
2,3,240,5,5,0.0,0.0,0.0,4.0,5.0,6.0,7.0,8.0,9.0,10.0,11.0,0.0
2,1,365,5,5,1.0,2.0,3.0,4.0,5.0,6.0,7.0,8.0,9.0,10.0,11.0,12.0
6,3,180,8,1,0.0,0.0,0.0,0.0,5.0,6.0,7.0,8.0,9.0,10.0,0.0,0.0
6,3,220,11,1,0.0,0.0,0.0,4.0,5.0,6.0,7.0,8.0,9.0,10.0,11.0,0.0
2,3,220,8,16,0.0,0.0,0.0,4.0,5.0,6.0,7.0,8.0,9.0,10.0,11.0,0.0
2,1,200,8,15,0.0,0.0,0.0,4.0,5.0,6.0,7.0,8.0,9.0,10.0,0.0,0.0
2,3,150,8,8,0.0,0.0,0.0,0.0,0.0,6.0,7.0,8.0,9.0,10.0,0.0,0.0
2,3,150,8,6,0.0,0.0,0.0,0.0,0.0,6.0,7.0,8.0,9.0,10.0,0.0,0.0
2,3,240,6,99,0.0,0.0,0.0,4.0,5.0,6.0,7.0,8.0,9.0,10.0,11.0,0.0
2,3,240,5,99,0.0,0.0,0.0,4.0,5.0,6.0,7.0,8.0,9.0,10.0,11.0,0.0
2,3,240,5,7,0.0,0.0,0.0,4.0,5.0,6.0,7.0,8.0,9.0,10.0,11.0,0.0
5,3,240,5,4,0.0,0.0,0.0,4.0,5.0,6.0,7.0,8.0,9.0,10.0,11.0,0.0
5,3,240,5,1,0.0,0.0,0.0,0.0,5.0,6.0,7.0,8.0,9.0,10.0,11.0,12.0
5,1,270,6,7,0.0,0.0,3.0,4.0,5.0,6.0,7.0,8.0,9.0,10.0,11.0,0.0
2,3,210,5,3,0.0,0.0,0.0,0.0,5.0,6.0,7.0,8.0,9.0,10.0,11.0,0.0
2,3,180,6,10,0.0,0.0,0.0,0.0,5.0,6.0,7.0,8.0,9.0,10.0,0.0,0.0
6,3,180,5,1,0.0,0.0,0.0,0.0,5.0,6.0,7.0,8.0,9.0,10.0,0.0,0.0
5,3,180,5,1,0.0,0.0,0.0,0.0,5.0,6.0,7.0,8.0,9.0,10.0,0.0,0.0
5,3,180,3,2,0.0,0.0,0.0,0.0,5.0,6.0,7.0,8.0,9.0,10.0,0.0,0.0
5,3,180,3,1,0.0,0.0,0.0,0.0,5.0,6.0,7.0,8.0,9.0,10.0,0.0,0.0
5,3,240,8,3,0.0,0.0,0.0,4.0,5.0,6.0,7.0,8.0,9.0,10.0,11.0,0.0
5,3,210,7,10,0.0,0.0,0.0,4.0,5.0,6.0,7.0,8.0,9.0,10.0,0.0,0.0
5,3,365,8,5,1.0,2.0,3.0,4.0,5.0,6.0,7.0,8.0,9.0,10.0,11.0,12.0
6,3,240,7,10,0.0,0.0,3.0,4.0,5.0,6.0,7.0,8.0,9.0,10.0,0.0,0.0
5,4,240,5,3,0.0,0.0,0.0,4.0,5.0,6.0,7.0,8.0,9.0,10.0,11.0,0.0
5,3,240,6,3,0.0,0.0,0.0,4.0,5.0,6.0,7.0,8.0,9.0,10.0,11.0,0.0
5,3,240,5,3,0.0,0.0,0.0,4.0,5.0,6.0,7.0,8.0,9.0,10.0,11.0,0.0
6,3,240,6,4,0.0,0.0,0.0,4.0,5.0,6.0,7.0,8.0,9.0,10.0,11.0,0.0
5,3,270,6,4,0.0,0.0,3.0,4.0,5.0,6.0,7.0,8.0,9.0,10.0,11.0,0.0
2,3,210,8,15,0.0,0.0,0.0,4.0,5.0,6.0,7.0,8.0,9.0,10.0,0.0,0.0
2,3,180,8,15,0.0,0.0,0.0,0.0,5.0,6.0,7.0,8.0,9.0,10.0,0.0,0.0
6,3,210,8,6,0.0,0.0,0.0,4.0,5.0,6.0,7.0,8.0,9.0,10.0,0.0,0.0
6,3,210,8,6,0.0,0.0,0.0,4.0,5.0,6.0,7.0,8.0,9.0,10.0,0.0,0.0
6,3,210,8,6,0.0,0.0,0.0,4.0,5.0,6.0,7.0,8.0,9.0,10.0,0.0,0.0
2,2,210,8,3,0.0,0.0,0.0,4.0,5.0,6.0,7.0,8.0,9.0,10.0,0.0,0.0
6,3,210,8,4,0.0,0.0,0.0,4.0,5.0,6.0,7.0,8.0,9.0,10.0,0.0,0.0
6,3,180,6,4,0.0,0.0,0.0,0.0,5.0,6.0,7.0,8.0,9.0,10.0,0.0,0.0
2,3,180,6,3,0.0,0.0,0.0,0.0,5.0,6.0,7.0,8.0,9.0,10.0,0.0,0.0
2,3,180,6,8,0.0,0.0,0.0,0.0,5.0,6.0,7.0,8.0,9.0,10.0,0.0,0.0
6,3,180,6,5,0.0,0.0,0.0,0.0,5.0,6.0,7.0,8.0,9.0,10.0,0.0,0.0
6,3,180,8,4,0.0,0.0,0.0,0.0,5.0,6.0,7.0,8.0,9.0,10.0,0.0,0.0
2,3,180,8,8,0.0,0.0,0.0,0.0,5.0,6.0,7.0,8.0,9.0,10.0,0.0,0.0
6,3,180,7,4,0.0,0.0,0.0,0.0,5.0,6.0,7.0,8.0,9.0,10.0,0.0,0.0
6,3,210,6,4,0.0,0.0,0.0,4.0,5.0,6.0,7.0,8.0,9.0,10.0,0.0,0.0
6,3,210,8,5,0.0,0.0,0.0,4.0,5.0,6.0,7.0,8.0,9.0,10.0,0.0,0.0
6,3,210,8,5,0.0,0.0,0.0,0.0,5.0,6.0,7.0,8.0,9.0,10.0,11.0,0.0
6,3,210,8,2,0.0,0.0,0.0,0.0,5.0,6.0,7.0,8.0,9.0,10.0,11.0,0.0
6,3,120,8,6,0.0,0.0,0.0,0.0,5.0,6.0,7.0,8.0,0.0,0.0,0.0,0.0
6,4,120,8,6,0.0,0.0,0.0,0.0,5.0,6.0,7.0,8.0,0.0,0.0,0.0,0.0
6,3,120,8,6,0.0,0.0,0.0,0.0,5.0,6.0,7.0,8.0,0.0,0.0,0.0,0.0
6,3,240,8,8,0.0,0.0,0.0,4.0,5.0,6.0,7.0,8.0,9.0,10.0,11.0,0.0
6,3,240,4,8,0.0,0.0,0.0,4.0,5.0,6.0,7.0,8.0,9.0,10.0,11.0,0.0
6,3,240,8,8,0.0,0.0,0.0,4.0,5.0,6.0,7.0,8.0,9.0,10.0,11.0,0.0
6,3,180,5,2,0.0,0.0,0.0,0.0,5.0,6.0,7.0,8.0,9.0,10.0,0.0,0.0
5,3,150,7,7,0.0,0.0,0.0,0.0,5.0,6.0,7.0,8.0,9.0,0.0,0.0,0.0
5,4,150,7,6,0.0,0.0,0.0,0.0,5.0,6.0,7.0,8.0,9.0,0.0,0.0,0.0
2,3,150,7,15,0.0,0.0,0.0,0.0,5.0,6.0,7.0,8.0,9.0,0.0,0.0,0.0
2,3,150,8,6,0.0,0.0,0.0,0.0,5.0,6.0,7.0,8.0,9.0,0.0,0.0,0.0
2,3,150,5,10,0.0,0.0,0.0,0.0,5.0,6.0,7.0,8.0,9.0,0.0,0.0,0.0
2,3,210,6,5,0.0,0.0,0.0,0.0,5.0,6.0,7.0,8.0,9.0,10.0,11.0,0.0
2,3,150,8,10,0.0,0.0,0.0,0.0,5.0,6.0,7.0,8.0,9.0,0.0,0.0,0.0
5,4,150,7,6,0.0,0.0,0.0,0.0,5.0,6.0,7.0,8.0,9.0,0.0,0.0,0.0
2,3,150,6,10,0.0,0.0,0.0,0.0,5.0,6.0,7.0,8.0,9.0,0.0,0.0,0.0
5,3,180,6,7,0.0,0.0,0.0,0.0,5.0,6.0,7.0,8.0,9.0,10.0,0.0,0.0
5,3,150,7,4,0.0,0.0,0.0,0.0,5.0,6.0,7.0,8.0,9.0,0.0,0.0,0.0
2,3,240,6,6,0.0,0.0,3.0,4.0,5.0,6.0,7.0,8.0,9.0,10.0,0.0,0.0
6,3,180,8,4,0.0,0.0,0.0,4.0,5.0,6.0,7.0,8.0,9.0,0.0,0.0,0.0
6,3,180,8,4,0.0,0.0,0.0,4.0,5.0,6.0,7.0,8.0,9.0,0.0,0.0,0.0
6,4,200,6,7,0.0,0.0,0.0,4.0,5.0,6.0,7.0,8.0,9.0,10.0,0.0,0.0
6,3,150,6,2,0.0,0.0,0.0,0.0,0.0,6.0,7.0,8.0,9.0,10.0,0.0,0.0
6,3,90,2,4,0.0,0.0,0.0,0.0,0.0,6.0,7.0,8.0,0.0,0.0,0.0,0.0
2,3,150,6,8,0.0,0.0,0.0,0.0,0.0,6.0,7.0,8.0,9.0,10.0,0.0,0.0
6,3,130,4,7,0.0,0.0,0.0,0.0,5.0,6.0,7.0,8.0,9.0,0.0,0.0,0.0
5,3,100,4,2,0.0,0.0,0.0,0.0,0.0,6.0,7.0,8.0,9.0,0.0,0.0,0.0
2,3,150,6,4,0.0,0.0,0.0,0.0,5.0,6.0,7.0,8.0,9.0,0.0,0.0,0.0
6,4,210,7,1,0.0,0.0,0.0,0.0,5.0,6.0,7.0,8.0,9.0,10.0,11.0,0.0
6,3,210,8,5,0.0,0.0,0.0,0.0,5.0,6.0,7.0,8.0,9.0,10.0,11.0,0.0
6,4,270,10,4,0.0,0.0,3.0,4.0,5.0,6.0,7.0,8.0,9.0,10.0,11.0,0.0
6,3,270,10,1,0.0,0.0,0.0,4.0,5.0,6.0,7.0,8.0,9.0,10.0,11.0,12.0
6,4,270,12,1,0.0,0.0,0.0,4.0,5.0,6.0,7.0,8.0,9.0,10.0,11.0,12.0
2,3,210,6,5,0.0,0.0,0.0,0.0,5.0,6.0,7.0,8.0,9.0,10.0,11.0,0.0
5,3,120,7,3,0.0,0.0,0.0,0.0,5.0,6.0,7.0,8.0,0.0,0.0,0.0,0.0
5,1,150,5,4,0.0,0.0,0.0,0.0,5.0,6.0,7.0,8.0,9.0,0.0,0.0,0.0
2,1,150,8,4,0.0,0.0,0.0,0.0,5.0,6.0,7.0,8.0,9.0,0.0,0.0,0.0
6,3,210,7,4,0.0,0.0,0.0,0.0,5.0,6.0,7.0,8.0,9.0,10.0,11.0,0.0
6,3,210,6,4,0.0,0.0,0.0,0.0,5.0,6.0,7.0,8.0,9.0,10.0,11.0,0.0
6,3,90,6,6,0.0,0.0,0.0,0.0,5.0,6.0,7.0,8.0,9.0,0.0,0.0,0.0
6,3,100,4,6,0.0,0.0,0.0,0.0,5.0,6.0,7.0,8.0,9.0,0.0,0.0,0.0
2,3,100,3,10,0.0,0.0,0.0,0.0,5.0,6.0,7.0,8.0,9.0,0.0,0.0,0.0
6,3,240,6,6,0.0,0.0,0.0,4.0,5.0,6.0,7.0,8.0,9.0,10.0,11.0,0.0
6,3,210,7,1,0.0,0.0,0.0,4.0,5.0,6.0,7.0,8.0,9.0,10.0,0.0,0.0
6,4,210,6,7,0.0,0.0,0.0,4.0,5.0,6.0,7.0,8.0,9.0,10.0,0.0,0.0
6,4,150,8,3,0.0,0.0,0.0,0.0,5.0,6.0,7.0,8.0,9.0,10.0,0.0,0.0
2,3,90,4,12,0.0,0.0,0.0,0.0,0.0,6.0,7.0,8.0,9.0,0.0,0.0,0.0
6,3,150,12,2,0.0,0.0,0.0,4.0,5.0,6.0,7.0,8.0,9.0,0.0,0.0,0.0
6,3,120,12,1,0.0,0.0,0.0,0.0,5.0,6.0,7.0,8.0,9.0,0.0,0.0,0.0
2,3,150,7,5,0.0,0.0,0.0,0.0,5.0,6.0,7.0,8.0,9.0,0.0,0.0,0.0
2,3,150,8,8,0.0,0.0,0.0,0.0,5.0,6.0,7.0,8.0,9.0,0.0,0.0,0.0
5,3,150,8,6,0.0,0.0,0.0,0.0,5.0,6.0,7.0,8.0,9.0,0.0,0.0,0.0
5,3,150,8,8,0.0,0.0,0.0,0.0,5.0,6.0,7.0,8.0,9.0,0.0,0.0,0.0
2,3,150,5,10,0.0,0.0,0.0,0.0,0.0,6.0,7.0,8.0,9.0,10.0,0.0,0.0
2,3,180,8,6,0.0,0.0,0.0,0.0,5.0,6.0,7.0,8.0,9.0,10.0,0.0,0.0
6,3,150,4,1,0.0,0.0,0.0,4.0,5.0,6.0,7.0,8.0,0.0,0.0,0.0,0.0
6,3,150,6,4,0.0,0.0,0.0,0.0,5.0,6.0,7.0,8.0,9.0,0.0,0.0,0.0
6,3,180,6,4,0.0,0.0,0.0,4.0,5.0,6.0,7.0,8.0,9.0,10.0,0.0,0.0
2,3,100,4,6,0.0,0.0,0.0,0.0,5.0,6.0,7.0,8.0,0.0,0.0,0.0,0.0
2,4,150,5,6,0.0,0.0,0.0,4.0,5.0,6.0,7.0,8.0,9.0,0.0,0.0,0.0
2,4,150,5,3,0.0,0.0,0.0,0.0,5.0,6.0,7.0,8.0,9.0,0.0,0.0,0.0
2,3,180,8,5,0.0,0.0,0.0,0.0,5.0,6.0,7.0,8.0,9.0,10.0,0.0,0.0
2,3,180,4,8,0.0,0.0,0.0,0.0,5.0,6.0,7.0,8.0,9.0,10.0,0.0,0.0
6,3,240,5,4,0.0,0.0,0.0,4.0,5.0,6.0,7.0,8.0,9.0,10.0,11.0,0.0
2,3,180,6,10,0.0,0.0,0.0,0.0,5.0,6.0,7.0,8.0,9.0,10.0,0.0,0.0
2,3,180,2,20,0.0,0.0,0.0,0.0,5.0,6.0,7.0,8.0,9.0,10.0,0.0,0.0
2,4,100,3,4,0.0,0.0,0.0,4.0,5.0,6.0,7.0,8.0,9.0,10.0,0.0,0.0
2,1,180,10,99,0.0,0.0,0.0,4.0,5.0,6.0,7.0,8.0,9.0,10.0,0.0,0.0
5,3,180,3,3,0.0,0.0,0.0,0.0,5.0,6.0,7.0,8.0,9.0,10.0,0.0,0.0
6,3,180,11,9,0.0,0.0,0.0,0.0,5.0,6.0,7.0,8.0,9.0,10.0,0.0,0.0
6,3,180,11,3,0.0,0.0,0.0,0.0,5.0,6.0,7.0,8.0,9.0,10.0,0.0,0.0
6,5,120,8,2,0.0,0.0,0.0,0.0,5.0,6.0,7.0,8.0,0.0,0.0,0.0,0.0
2,3,150,8,4,0.0,0.0,0.0,0.0,5.0,6.0,7.0,8.0,9.0,0.0,0.0,0.0
6,3,210,8,6,0.0,0.0,0.0,4.0,5.0,6.0,7.0,8.0,9.0,10.0,0.0,0.0
6,5,210,8,1,0.0,0.0,0.0,4.0,5.0,6.0,7.0,8.0,9.0,10.0,0.0,0.0
6,3,210,8,5,0.0,0.0,0.0,4.0,5.0,6.0,7.0,8.0,9.0,10.0,0.0,0.0
6,3,120,3,2,0.0,0.0,0.0,0.0,5.0,6.0,7.0,8.0,0.0,0.0,0.0,0.0
6,3,210,8,7,0.0,0.0,0.0,0.0,5.0,6.0,7.0,8.0,9.0,10.0,11.0,0.0
6,4,210,8,3,0.0,0.0,0.0,0.0,5.0,6.0,7.0,8.0,9.0,10.0,11.0,0.0
6,3,180,6,4,0.0,0.0,0.0,0.0,5.0,6.0,7.0,8.0,9.0,10.0,0.0,0.0
2,3,180,24,9,0.0,0.0,0.0,0.0,5.0,6.0,7.0,8.0,9.0,10.0,0.0,0.0
5,3,210,6,15,0.0,0.0,0.0,0.0,5.0,6.0,7.0,8.0,9.0,10.0,11.0,0.0
5,3,240,6,3,0.0,0.0,3.0,4.0,5.0,6.0,7.0,8.0,9.0,10.0,0.0,0.0
5,3,180,7,6,0.0,0.0,0.0,0.0,5.0,6.0,7.0,8.0,9.0,10.0,0.0,0.0
6,3,210,6,6,0.0,0.0,0.0,0.0,5.0,6.0,7.0,8.0,9.0,10.0,11.0,0.0
2,3,210,6,12,0.0,0.0,0.0,4.0,5.0,6.0,7.0,8.0,9.0,10.0,0.0,0.0
2,3,210,6,4,0.0,0.0,0.0,0.0,5.0,6.0,7.0,8.0,9.0,10.0,11.0,0.0
2,3,180,7,8,0.0,0.0,0.0,4.0,5.0,6.0,7.0,8.0,9.0,0.0,0.0,0.0
2,3,180,7,7,0.0,0.0,0.0,0.0,5.0,6.0,7.0,8.0,9.0,10.0,0.0,0.0
2,3,240,10,2,0.0,0.0,3.0,4.0,5.0,6.0,7.0,8.0,9.0,10.0,0.0,0.0
2,3,150,10,10,0.0,0.0,0.0,0.0,0.0,0.0,7.0,8.0,9.0,10.0,11.0,0.0
2,3,180,8,5,0.0,0.0,0.0,0.0,5.0,6.0,7.0,8.0,9.0,10.0,0.0,0.0
2,1,180,4,10,0.0,0.0,0.0,0.0,5.0,6.0,7.0,8.0,9.0,10.0,0.0,0.0
6,3,180,4,6,0.0,0.0,0.0,0.0,5.0,6.0,7.0,8.0,9.0,10.0,0.0,0.0
6,3,180,4,6,0.0,0.0,0.0,0.0,5.0,6.0,7.0,8.0,9.0,10.0,0.0,0.0
2,3,210,10,3,0.0,0.0,0.0,0.0,5.0,6.0,7.0,8.0,9.0,10.0,11.0,0.0
2,3,210,8,5,0.0,0.0,0.0,0.0,5.0,6.0,7.0,8.0,9.0,10.0,11.0,0.0
2,3,150,10,1,0.0,0.0,0.0,0.0,0.0,6.0,7.0,8.0,9.0,10.0,0.0,0.0
5,3,210,6,1,0.0,0.0,0.0,0.0,5.0,6.0,7.0,8.0,9.0,10.0,11.0,0.0
2,3,150,8,13,0.0,0.0,0.0,0.0,5.0,6.0,7.0,8.0,9.0,0.0,0.0,0.0
2,3,150,6,2,0.0,0.0,0.0,0.0,0.0,6.0,7.0,8.0,9.0,10.0,0.0,0.0
6,3,180,10,2,0.0,0.0,0.0,0.0,5.0,6.0,7.0,8.0,9.0,10.0,0.0,0.0
5,3,240,5,8,0.0,0.0,0.0,4.0,5.0,6.0,7.0,8.0,9.0,10.0,11.0,0.0
2,3,240,5,10,0.0,0.0,0.0,4.0,5.0,6.0,7.0,8.0,9.0,10.0,11.0,0.0
5,5,240,4,3,0.0,0.0,0.0,4.0,5.0,6.0,7.0,8.0,9.0,10.0,11.0,0.0
6,3,180,8,3,0.0,0.0,0.0,0.0,5.0,6.0,7.0,8.0,9.0,10.0,0.0,0.0
6,3,120,6,3,0.0,0.0,0.0,0.0,5.0,6.0,7.0,8.0,0.0,0.0,0.0,0.0
6,3,145,6,2,0.0,0.0,0.0,0.0,5.0,6.0,7.0,8.0,9.0,0.0,0.0,0.0
6,3,140,6,99,0.0,0.0,0.0,0.0,5.0,6.0,7.0,8.0,9.0,0.0,0.0,0.0
6,3,180,6,2,0.0,0.0,0.0,0.0,5.0,6.0,7.0,8.0,9.0,10.0,0.0,0.0
5,3,100,12,3,0.0,0.0,0.0,0.0,5.0,6.0,7.0,8.0,9.0,0.0,0.0,0.0
6,3,180,8,3,0.0,0.0,0.0,0.0,5.0,6.0,7.0,8.0,9.0,10.0,0.0,0.0
5,3,210,6,4,0.0,0.0,0.0,4.0,5.0,6.0,7.0,8.0,9.0,10.0,0.0,0.0
5,3,240,5,5,0.0,0.0,0.0,4.0,5.0,6.0,7.0,8.0,9.0,10.0,11.0,0.0
5,3,240,6,4,0.0,0.0,0.0,4.0,5.0,6.0,7.0,8.0,9.0,10.0,11.0,0.0
2,3,180,10,5,0.0,0.0,0.0,0.0,5.0,6.0,7.0,8.0,9.0,10.0,0.0,0.0
2,3,180,6,10,0.0,0.0,0.0,4.0,5.0,6.0,7.0,8.0,9.0,0.0,0.0,0.0
2,3,90,6,10,0.0,0.0,0.0,0.0,0.0,6.0,7.0,8.0,0.0,0.0,0.0,0.0
2,2,90,6,10,0.0,0.0,0.0,0.0,0.0,6.0,7.0,8.0,0.0,0.0,0.0,0.0
5,5,90,3,3,0.0,0.0,0.0,0.0,0.0,6.0,7.0,8.0,0.0,0.0,0.0,0.0
2,3,150,7,7,0.0,0.0,0.0,0.0,5.0,6.0,7.0,8.0,9.0,0.0,0.0,0.0
2,3,150,7,5,0.0,0.0,0.0,0.0,5.0,6.0,7.0,8.0,9.0,0.0,0.0,0.0
5,3,150,7,6,0.0,0.0,0.0,0.0,5.0,6.0,7.0,8.0,9.0,0.0,0.0,0.0
5,3,150,7,6,0.0,0.0,0.0,0.0,5.0,6.0,7.0,8.0,9.0,0.0,0.0,0.0
5,3,150,6,8,0.0,0.0,0.0,0.0,5.0,6.0,7.0,8.0,9.0,0.0,0.0,0.0
5,3,150,8,6,0.0,0.0,0.0,0.0,5.0,6.0,7.0,8.0,9.0,0.0,0.0,0.0
6,3,210,4,1,0.0,0.0,0.0,0.0,5.0,6.0,7.0,8.0,9.0,10.0,11.0,0.0
6,3,180,8,5,0.0,0.0,0.0,0.0,5.0,6.0,7.0,8.0,9.0,10.0,0.0,0.0
6,3,180,8,5,0.0,0.0,0.0,0.0,5.0,6.0,7.0,8.0,9.0,10.0,0.0,0.0
6,3,200,10,7,0.0,0.0,0.0,4.0,5.0,6.0,7.0,8.0,9.0,10.0,0.0,0.0
6,4,130,5,6,0.0,0.0,0.0,0.0,5.0,6.0,7.0,8.0,9.0,0.0,0.0,0.0
6,3,150,8,12,0.0,0.0,0.0,0.0,5.0,6.0,7.0,8.0,9.0,0.0,0.0,0.0
6,3,120,8,3,0.0,0.0,0.0,0.0,5.0,6.0,7.0,8.0,9.0,0.0,0.0,0.0
6,5,180,8,3,0.0,0.0,0.0,0.0,5.0,6.0,7.0,8.0,9.0,10.0,0.0,0.0
6,5,180,8,10,0.0,0.0,0.0,0.0,5.0,6.0,7.0,8.0,9.0,10.0,0.0,0.0
6,4,180,8,2,0.0,0.0,0.0,0.0,5.0,6.0,7.0,8.0,9.0,10.0,0.0,0.0
6,3,180,8,7,0.0,0.0,0.0,0.0,5.0,6.0,7.0,8.0,9.0,10.0,0.0,0.0
2,4,210,4,15,0.0,0.0,0.0,4.0,5.0,6.0,7.0,8.0,9.0,10.0,0.0,0.0
2,3,180,8,15,0.0,0.0,0.0,4.0,5.0,6.0,7.0,8.0,9.0,0.0,0.0,0.0
2,3,240,10,13,0.0,0.0,3.0,4.0,5.0,6.0,7.0,8.0,9.0,10.0,0.0,0.0
6,3,240,8,8,0.0,0.0,3.0,4.0,5.0,6.0,7.0,8.0,9.0,10.0,0.0,0.0
2,3,150,8,5,0.0,0.0,0.0,0.0,5.0,6.0,7.0,8.0,9.0,0.0,0.0,0.0
5,4,210,7,7,0.0,0.0,0.0,4.0,5.0,6.0,7.0,8.0,9.0,10.0,0.0,0.0
6,3,210,6,4,0.0,0.0,0.0,4.0,5.0,6.0,7.0,8.0,9.0,10.0,0.0,0.0
6,3,210,6,4,0.0,0.0,0.0,4.0,5.0,6.0,7.0,8.0,9.0,10.0,0.0,0.0
5,3,240,6,5,0.0,0.0,0.0,4.0,5.0,6.0,7.0,8.0,9.0,10.0,11.0,0.0
6,3,240,5,7,0.0,0.0,0.0,4.0,5.0,6.0,7.0,8.0,9.0,10.0,11.0,0.0
5,3,240,6,5,0.0,0.0,0.0,4.0,5.0,6.0,7.0,8.0,9.0,10.0,11.0,0.0
6,3,180,7,6,0.0,0.0,0.0,0.0,5.0,6.0,7.0,8.0,9.0,10.0,0.0,0.0
5,3,210,5,8,0.0,0.0,0.0,4.0,5.0,6.0,7.0,8.0,9.0,10.0,0.0,0.0
2,5,180,10,3,0.0,0.0,0.0,0.0,5.0,6.0,7.0,8.0,9.0,10.0,0.0,0.0
2,3,150,7,4,0.0,0.0,0.0,0.0,5.0,6.0,7.0,8.0,9.0,0.0,0.0,0.0
5,3,210,7,5,0.0,0.0,0.0,4.0,5.0,6.0,7.0,8.0,9.0,10.0,0.0,0.0
2,3,150,7,6,0.0,0.0,0.0,0.0,5.0,6.0,7.0,8.0,9.0,0.0,0.0,0.0
5,3,150,8,2,0.0,0.0,0.0,0.0,5.0,6.0,7.0,8.0,9.0,0.0,0.0,0.0
5,3,210,10,3,0.0,0.0,0.0,0.0,5.0,6.0,7.0,8.0,9.0,10.0,11.0,0.0
2,3,210,8,6,0.0,0.0,0.0,4.0,5.0,6.0,7.0,8.0,9.0,10.0,0.0,0.0
6,3,270,10,2,0.0,0.0,3.0,4.0,5.0,6.0,7.0,8.0,9.0,10.0,11.0,0.0
6,3,210,8,1,0.0,0.0,0.0,4.0,5.0,6.0,7.0,8.0,9.0,10.0,0.0,0.0
6,3,210,8,9,0.0,0.0,0.0,4.0,5.0,6.0,7.0,8.0,9.0,10.0,0.0,0.0
2,5,180,6,5,0.0,0.0,0.0,0.0,5.0,6.0,7.0,8.0,9.0,10.0,0.0,0.0
5,3,210,4,6,0.0,0.0,0.0,4.0,5.0,6.0,7.0,8.0,9.0,10.0,0.0,0.0
6,3,210,3,2,0.0,0.0,0.0,4.0,5.0,6.0,7.0,8.0,9.0,10.0,0.0,0.0
5,3,210,7,2,0.0,0.0,0.0,0.0,5.0,6.0,7.0,8.0,9.0,10.0,11.0,0.0
5,3,210,8,4,0.0,0.0,0.0,0.0,5.0,6.0,7.0,8.0,9.0,10.0,11.0,0.0
6,3,180,8,1,0.0,0.0,0.0,0.0,5.0,6.0,7.0,8.0,9.0,10.0,0.0,0.0
6,3,150,8,1,0.0,0.0,0.0,0.0,5.0,6.0,7.0,8.0,9.0,0.0,0.0,0.0
6,3,270,8,5,0.0,0.0,3.0,4.0,5.0,6.0,7.0,8.0,9.0,10.0,11.0,0.0
6,3,270,12,5,0.0,0.0,3.0,4.0,5.0,6.0,7.0,8.0,9.0,10.0,11.0,0.0
2,4,150,8,6,0.0,0.0,0.0,0.0,5.0,6.0,7.0,8.0,9.0,0.0,0.0,0.0
6,3,270,12,6,0.0,0.0,3.0,4.0,5.0,6.0,7.0,8.0,9.0,10.0,11.0,0.0
6,4,210,12,2,0.0,0.0,0.0,0.0,5.0,6.0,7.0,8.0,9.0,10.0,11.0,0.0
6,3,240,12,2,0.0,0.0,0.0,4.0,5.0,6.0,7.0,8.0,9.0,10.0,11.0,12.0
6,3,240,10,2,0.0,0.0,0.0,4.0,5.0,6.0,7.0,8.0,9.0,10.0,11.0,0.0
6,4,150,6,1,0.0,0.0,0.0,0.0,5.0,6.0,7.0,8.0,9.0,0.0,0.0,0.0
6,4,150,6,12,0.0,0.0,0.0,0.0,5.0,6.0,7.0,8.0,9.0,0.0,0.0,0.0
6,3,180,8,6,0.0,0.0,0.0,0.0,5.0,6.0,7.0,8.0,9.0,10.0,0.0,0.0
6,3,180,8,4,0.0,0.0,0.0,0.0,5.0,6.0,7.0,8.0,9.0,10.0,0.0,0.0
6,3,180,11,5,0.0,0.0,0.0,0.0,0.0,6.0,7.0,8.0,9.0,10.0,11.0,0.0
6,4,180,10,3,0.0,0.0,0.0,0.0,0.0,6.0,7.0,8.0,9.0,10.0,11.0,0.0
6,3,90,4,6,0.0,0.0,0.0,0.0,0.0,0.0,0.0,0.0,9.0,10.0,11.0,0.0
6,4,150,12,3,0.0,0.0,0.0,0.0,5.0,6.0,7.0,8.0,9.0,0.0,0.0,0.0
6,4,210,9,1,0.0,0.0,0.0,0.0,5.0,6.0,7.0,8.0,9.0,10.0,11.0,0.0
5,3,120,8,7,0.0,0.0,0.0,0.0,5.0,6.0,7.0,8.0,0.0,0.0,0.0,0.0
6,5,90,4,3,0.0,0.0,0.0,0.0,0.0,6.0,7.0,8.0,0.0,0.0,0.0,0.0
6,3,120,4,2,0.0,0.0,0.0,0.0,5.0,6.0,7.0,8.0,0.0,0.0,0.0,0.0
6,3,180,6,1,0.0,0.0,0.0,4.0,5.0,6.0,7.0,8.0,9.0,10.0,0.0,0.0
6,3,180,8,4,0.0,0.0,0.0,4.0,5.0,6.0,7.0,8.0,9.0,10.0,0.0,0.0
5,3,120,2,3,0.0,0.0,0.0,0.0,5.0,6.0,7.0,8.0,9.0,0.0,0.0,0.0
5,3,200,7,2,0.0,0.0,0.0,4.0,5.0,6.0,7.0,8.0,9.0,10.0,0.0,0.0
2,1,120,3,5,0.0,0.0,0.0,0.0,5.0,6.0,7.0,8.0,0.0,0.0,0.0,0.0
5,3,120,4,6,0.0,0.0,0.0,0.0,5.0,6.0,7.0,8.0,0.0,0.0,0.0,0.0
2,3,210,8,8,0.0,0.0,0.0,4.0,5.0,6.0,7.0,8.0,9.0,10.0,0.0,0.0
2,3,180,6,7,0.0,0.0,0.0,0.0,5.0,6.0,7.0,8.0,9.0,10.0,0.0,0.0
2,3,150,6,5,0.0,0.0,0.0,0.0,5.0,6.0,7.0,8.0,9.0,0.0,0.0,0.0
2,2,150,7,5,0.0,0.0,0.0,0.0,5.0,6.0,7.0,8.0,9.0,0.0,0.0,0.0
2,3,270,7,4,0.0,0.0,3.0,4.0,5.0,6.0,7.0,8.0,9.0,10.0,11.0,0.0
5,4,180,8,4,0.0,0.0,0.0,4.0,5.0,6.0,7.0,8.0,9.0,10.0,0.0,0.0
5,3,150,6,7,0.0,0.0,0.0,0.0,5.0,6.0,7.0,8.0,9.0,0.0,0.0,0.0
5,3,150,6,7,0.0,0.0,0.0,0.0,5.0,6.0,7.0,8.0,9.0,0.0,0.0,0.0
5,3,150,7,5,0.0,0.0,0.0,0.0,5.0,6.0,7.0,8.0,9.0,0.0,0.0,0.0
5,4,150,6,4,0.0,0.0,0.0,0.0,5.0,6.0,7.0,8.0,9.0,0.0,0.0,0.0
6,4,180,5,4,0.0,0.0,0.0,0.0,5.0,6.0,7.0,8.0,9.0,10.0,0.0,0.0
6,3,180,8,8,0.0,0.0,0.0,0.0,5.0,6.0,7.0,8.0,9.0,10.0,0.0,0.0
6,3,180,8,8,0.0,0.0,0.0,0.0,5.0,6.0,7.0,8.0,9.0,10.0,0.0,0.0
6,3,120,8,6,0.0,0.0,0.0,0.0,0.0,6.0,7.0,8.0,9.0,0.0,0.0,0.0
6,3,210,8,3,0.0,0.0,0.0,4.0,5.0,6.0,7.0,8.0,9.0,10.0,0.0,0.0
6,3,360,8,8,1.0,2.0,3.0,4.0,5.0,6.0,7.0,8.0,9.0,10.0,11.0,12.0
6,3,300,8,6,1.0,2.0,3.0,4.0,5.0,6.0,7.0,8.0,9.0,10.0,11.0,12.0
6,3,360,8,8,1.0,2.0,3.0,4.0,5.0,6.0,7.0,8.0,9.0,10.0,11.0,12.0
6,3,210,6,6,0.0,0.0,0.0,4.0,5.0,6.0,7.0,8.0,9.0,10.0,0.0,0.0
5,3,210,6,5,0.0,0.0,0.0,4.0,5.0,6.0,7.0,8.0,9.0,10.0,0.0,0.0
5,3,210,6,4,0.0,0.0,0.0,4.0,5.0,6.0,7.0,8.0,9.0,10.0,0.0,0.0
5,3,240,6,6,0.0,0.0,3.0,4.0,5.0,6.0,7.0,8.0,9.0,10.0,0.0,0.0
5,3,210,6,7,0.0,0.0,0.0,4.0,5.0,6.0,7.0,8.0,9.0,10.0,0.0,0.0
5,3,240,8,4,0.0,0.0,3.0,4.0,5.0,6.0,7.0,8.0,9.0,10.0,0.0,0.0
5,3,240,5,3,0.0,0.0,0.0,4.0,5.0,6.0,7.0,8.0,9.0,10.0,11.0,0.0
6,4,240,6,3,0.0,0.0,3.0,4.0,5.0,6.0,7.0,8.0,9.0,10.0,0.0,0.0
2,3,150,6,18,0.0,0.0,0.0,0.0,5.0,6.0,7.0,8.0,9.0,0.0,0.0,0.0
2,3,150,6,7,0.0,0.0,0.0,0.0,5.0,6.0,7.0,8.0,9.0,0.0,0.0,0.0
6,3,150,5,3,0.0,0.0,0.0,0.0,5.0,6.0,7.0,8.0,9.0,0.0,0.0,0.0
5,5,210,6,6,0.0,0.0,3.0,4.0,5.0,6.0,7.0,8.0,9.0,0.0,0.0,0.0
6,3,210,8,6,0.0,0.0,0.0,4.0,5.0,6.0,7.0,8.0,9.0,10.0,0.0,0.0
6,3,210,8,2,0.0,0.0,0.0,4.0,5.0,6.0,7.0,8.0,9.0,10.0,0.0,0.0
5,3,180,6,2,0.0,0.0,0.0,0.0,5.0,6.0,7.0,8.0,9.0,10.0,0.0,0.0
5,3,180,6,3,0.0,0.0,0.0,0.0,5.0,6.0,7.0,8.0,9.0,10.0,0.0,0.0
2,3,210,6,5,0.0,0.0,0.0,4.0,5.0,6.0,7.0,8.0,9.0,10.0,0.0,0.0
2,3,120,2,4,0.0,0.0,0.0,0.0,5.0,6.0,7.0,8.0,0.0,0.0,0.0,0.0
6,3,150,8,1,0.0,0.0,0.0,0.0,0.0,6.0,7.0,8.0,9.0,10.0,0.0,0.0
6,3,60,8,6,0.0,0.0,0.0,0.0,0.0,0.0,7.0,8.0,0.0,0.0,0.0,0.0
6,3,210,6,6,0.0,0.0,0.0,4.0,5.0,6.0,7.0,8.0,9.0,10.0,0.0,0.0
6,3,210,8,6,0.0,0.0,0.0,4.0,5.0,6.0,7.0,8.0,9.0,10.0,0.0,0.0
2,3,200,12,1,0.0,0.0,0.0,4.0,5.0,6.0,7.0,8.0,9.0,10.0,0.0,0.0
5,5,180,8,2,0.0,0.0,0.0,0.0,5.0,6.0,7.0,8.0,9.0,10.0,0.0,0.0
2,3,210,10,8,0.0,0.0,0.0,0.0,5.0,6.0,7.0,8.0,9.0,10.0,11.0,0.0
2,3,210,8,5,0.0,0.0,0.0,0.0,5.0,6.0,7.0,8.0,9.0,10.0,11.0,0.0
2,3,210,10,1,0.0,0.0,0.0,0.0,5.0,6.0,7.0,8.0,9.0,10.0,11.0,0.0
2,3,240,8,12,0.0,0.0,0.0,4.0,5.0,6.0,7.0,8.0,9.0,10.0,11.0,0.0
6,3,240,6,8,0.0,0.0,0.0,4.0,5.0,6.0,7.0,8.0,9.0,10.0,11.0,0.0
6,3,240,8,6,0.0,0.0,0.0,4.0,5.0,6.0,7.0,8.0,9.0,10.0,11.0,0.0
6,3,240,8,4,0.0,0.0,0.0,4.0,5.0,6.0,7.0,8.0,9.0,10.0,11.0,0.0
2,3,180,8,5,0.0,0.0,0.0,0.0,5.0,6.0,7.0,8.0,9.0,10.0,0.0,0.0
6,3,240,8,1,0.0,0.0,0.0,4.0,5.0,6.0,7.0,8.0,9.0,10.0,11.0,0.0
6,3,210,8,1,0.0,0.0,0.0,0.0,5.0,6.0,7.0,8.0,9.0,10.0,11.0,0.0
6,3,210,8,1,0.0,0.0,0.0,0.0,5.0,6.0,7.0,8.0,9.0,10.0,11.0,0.0
6,3,240,8,1,0.0,0.0,0.0,4.0,5.0,6.0,7.0,8.0,9.0,10.0,11.0,0.0
6,3,180,8,7,0.0,0.0,0.0,0.0,5.0,6.0,7.0,8.0,9.0,10.0,0.0,0.0
2,3,210,8,7,0.0,0.0,0.0,4.0,5.0,6.0,7.0,8.0,9.0,10.0,0.0,0.0
2,2,180,8,10,0.0,0.0,0.0,0.0,5.0,6.0,7.0,8.0,9.0,10.0,0.0,0.0
2,3,180,8,1,0.0,0.0,0.0,0.0,5.0,6.0,7.0,8.0,9.0,10.0,0.0,0.0
6,4,180,5,4,0.0,0.0,0.0,4.0,5.0,6.0,7.0,8.0,9.0,10.0,0.0,0.0
2,3,120,2,2,0.0,0.0,0.0,0.0,0.0,6.0,7.0,8.0,9.0,0.0,0.0,0.0
6,3,180,15,3,0.0,0.0,0.0,0.0,5.0,6.0,7.0,8.0,9.0,10.0,0.0,0.0
6,3,180,10,2,0.0,0.0,0.0,0.0,5.0,6.0,7.0,8.0,9.0,10.0,0.0,0.0
2,3,120,4,8,0.0,0.0,0.0,0.0,0.0,6.0,7.0,8.0,9.0,0.0,0.0,0.0
6,3,180,5,1,0.0,0.0,0.0,0.0,5.0,6.0,7.0,8.0,9.0,10.0,0.0,0.0
2,3,120,4,7,0.0,0.0,0.0,0.0,5.0,6.0,7.0,8.0,9.0,0.0,0.0,0.0
2,3,180,16,5,0.0,0.0,0.0,0.0,5.0,6.0,7.0,8.0,9.0,10.0,0.0,0.0
6,3,150,4,6,0.0,0.0,0.0,0.0,5.0,6.0,7.0,8.0,9.0,10.0,0.0,0.0
6,3,180,6,10,0.0,0.0,0.0,0.0,5.0,6.0,7.0,8.0,9.0,10.0,0.0,0.0
2,3,150,7,5,0.0,0.0,0.0,0.0,5.0,6.0,7.0,8.0,9.0,0.0,0.0,0.0
2,3,120,6,99,0.0,0.0,0.0,0.0,5.0,6.0,7.0,8.0,9.0,0.0,0.0,0.0
2,3,150,5,4,0.0,0.0,0.0,0.0,5.0,6.0,7.0,8.0,9.0,0.0,0.0,0.0
2,3,150,5,3,0.0,0.0,0.0,0.0,5.0,6.0,7.0,8.0,9.0,0.0,0.0,0.0
2,3,160,6,10,0.0,0.0,0.0,4.0,5.0,6.0,7.0,8.0,9.0,0.0,0.0,0.0
4,1,160,14,20,0.0,0.0,0.0,0.0,5.0,6.0,7.0,8.0,9.0,10.0,0.0,0.0
2,3,210,8,12,0.0,0.0,0.0,4.0,5.0,6.0,7.0,8.0,9.0,10.0,0.0,0.0
2,3,180,8,5,0.0,0.0,0.0,4.0,5.0,6.0,7.0,8.0,9.0,10.0,0.0,0.0
7,1,210,8,3,0.0,0.0,0.0,0.0,5.0,6.0,7.0,8.0,9.0,10.0,11.0,0.0
6,3,180,8,3,0.0,0.0,0.0,0.0,5.0,6.0,7.0,8.0,9.0,10.0,0.0,0.0
2,3,180,4,6,0.0,0.0,0.0,0.0,5.0,6.0,7.0,8.0,9.0,10.0,0.0,0.0
6,3,180,8,6,0.0,0.0,0.0,0.0,5.0,6.0,7.0,8.0,9.0,10.0,0.0,0.0
6,3,180,8,6,0.0,0.0,0.0,0.0,5.0,6.0,7.0,8.0,9.0,10.0,0.0,0.0
6,3,180,8,5,0.0,0.0,0.0,0.0,5.0,6.0,7.0,8.0,9.0,10.0,0.0,0.0
6,3,180,8,6,0.0,0.0,0.0,0.0,5.0,6.0,7.0,8.0,9.0,10.0,0.0,0.0
6,3,180,10,3,0.0,0.0,0.0,0.0,5.0,6.0,7.0,8.0,9.0,10.0,0.0,0.0
6,3,210,8,1,0.0,0.0,0.0,4.0,5.0,6.0,7.0,8.0,9.0,10.0,0.0,0.0
6,3,210,8,2,0.0,0.0,0.0,4.0,5.0,6.0,7.0,8.0,9.0,10.0,0.0,0.0
6,3,210,8,4,0.0,0.0,0.0,4.0,5.0,6.0,7.0,8.0,9.0,10.0,0.0,0.0
6,3,210,8,1,0.0,0.0,0.0,4.0,5.0,6.0,7.0,8.0,9.0,10.0,0.0,0.0
2,3,210,7,1,0.0,0.0,0.0,4.0,5.0,6.0,7.0,8.0,9.0,10.0,0.0,0.0
2,3,210,7,3,0.0,0.0,0.0,4.0,5.0,6.0,7.0,8.0,9.0,10.0,0.0,0.0
2,3,365,10,8,1.0,2.0,3.0,4.0,5.0,6.0,7.0,8.0,9.0,10.0,11.0,12.0
2,3,150,9,4,0.0,0.0,0.0,0.0,0.0,6.0,7.0,8.0,9.0,10.0,0.0,0.0
2,3,150,6,8,0.0,0.0,0.0,0.0,0.0,6.0,7.0,8.0,9.0,10.0,0.0,0.0
2,3,150,10,3,0.0,0.0,0.0,0.0,5.0,6.0,7.0,8.0,9.0,0.0,0.0,0.0
2,3,150,8,5,0.0,0.0,0.0,0.0,5.0,6.0,7.0,8.0,9.0,0.0,0.0,0.0
2,4,150,2,7,0.0,0.0,0.0,0.0,5.0,6.0,7.0,8.0,9.0,0.0,0.0,0.0
6,3,180,14,6,0.0,0.0,0.0,0.0,5.0,6.0,7.0,8.0,9.0,10.0,0.0,0.0
6,3,180,14,6,0.0,0.0,0.0,0.0,5.0,6.0,7.0,8.0,9.0,10.0,0.0,0.0
6,5,120,8,3,0.0,0.0,0.0,0.0,0.0,6.0,7.0,8.0,9.0,0.0,0.0,0.0
6,3,120,8,1,0.0,0.0,0.0,0.0,0.0,6.0,7.0,8.0,9.0,0.0,0.0,0.0
2,3,150,5,2,0.0,0.0,0.0,0.0,0.0,6.0,7.0,8.0,9.0,10.0,0.0,0.0
5,3,180,6,8,0.0,0.0,0.0,0.0,5.0,6.0,7.0,8.0,9.0,10.0,0.0,0.0
2,3,180,6,9,0.0,0.0,0.0,0.0,5.0,6.0,7.0,8.0,9.0,10.0,0.0,0.0
2,3,180,6,5,0.0,0.0,0.0,0.0,5.0,6.0,7.0,8.0,9.0,10.0,0.0,0.0
6,3,150,8,2,0.0,0.0,0.0,0.0,5.0,6.0,7.0,8.0,9.0,0.0,0.0,0.0
2,3,150,8,7,0.0,0.0,0.0,0.0,5.0,6.0,7.0,8.0,9.0,0.0,0.0,0.0
6,3,150,8,3,0.0,0.0,0.0,0.0,5.0,6.0,7.0,8.0,9.0,0.0,0.0,0.0
6,3,105,8,4,0.0,0.0,0.0,0.0,0.0,6.0,7.0,8.0,9.0,0.0,0.0,0.0
6,3,240,8,6,0.0,0.0,3.0,4.0,5.0,6.0,7.0,8.0,9.0,10.0,0.0,0.0
2,3,240,10,12,0.0,0.0,3.0,4.0,5.0,6.0,7.0,8.0,9.0,10.0,0.0,0.0
6,4,150,6,4,0.0,0.0,0.0,4.0,5.0,6.0,7.0,8.0,0.0,0.0,0.0,0.0
5,3,210,7,7,0.0,0.0,0.0,0.0,5.0,6.0,7.0,8.0,9.0,10.0,11.0,0.0
6,3,60,12,3,0.0,0.0,0.0,0.0,0.0,0.0,0.0,0.0,9.0,10.0,0.0,0.0
2,1,60,10,4,0.0,0.0,0.0,0.0,0.0,0.0,7.0,8.0,0.0,0.0,0.0,0.0
6,3,60,12,1,0.0,0.0,0.0,0.0,0.0,0.0,0.0,0.0,9.0,10.0,0.0,0.0
2,4,150,7,4,0.0,0.0,0.0,0.0,5.0,6.0,7.0,8.0,9.0,0.0,0.0,0.0
5,3,210,6,5,0.0,0.0,0.0,0.0,5.0,6.0,7.0,8.0,9.0,10.0,11.0,0.0
5,3,210,6,4,0.0,0.0,0.0,4.0,5.0,6.0,7.0,8.0,9.0,10.0,0.0,0.0
5,3,180,7,4,0.0,0.0,0.0,0.0,5.0,6.0,7.0,8.0,9.0,10.0,0.0,0.0
6,3,210,12,3,0.0,0.0,0.0,4.0,5.0,6.0,7.0,8.0,9.0,10.0,0.0,0.0
6,3,180,8,3,0.0,0.0,0.0,0.0,5.0,6.0,7.0,8.0,9.0,10.0,0.0,0.0
6,3,180,6,2,0.0,0.0,0.0,0.0,5.0,6.0,7.0,8.0,9.0,10.0,0.0,0.0
2,3,180,8,7,0.0,0.0,0.0,0.0,5.0,6.0,7.0,8.0,9.0,10.0,0.0,0.0
6,3,180,4,2,0.0,0.0,0.0,0.0,5.0,6.0,7.0,8.0,9.0,10.0,0.0,0.0
6,3,180,8,1,0.0,0.0,0.0,0.0,5.0,6.0,7.0,8.0,9.0,10.0,0.0,0.0
2,3,180,8,7,0.0,0.0,0.0,0.0,5.0,6.0,7.0,8.0,9.0,10.0,0.0,0.0
2,3,180,12,6,0.0,0.0,0.0,4.0,5.0,6.0,7.0,8.0,9.0,0.0,0.0,0.0
6,3,210,10,3,0.0,0.0,0.0,4.0,5.0,6.0,7.0,8.0,9.0,10.0,0.0,0.0
6,3,210,8,2,0.0,0.0,0.0,4.0,5.0,6.0,7.0,8.0,9.0,10.0,0.0,0.0
2,3,180,8,6,0.0,0.0,0.0,4.0,5.0,6.0,7.0,8.0,9.0,0.0,0.0,0.0
5,3,210,5,4,0.0,0.0,0.0,4.0,5.0,6.0,7.0,8.0,9.0,10.0,0.0,0.0
6,3,240,6,3,0.0,0.0,3.0,4.0,5.0,6.0,7.0,8.0,9.0,10.0,0.0,0.0
6,3,240,8,1,0.0,0.0,3.0,4.0,5.0,6.0,7.0,8.0,9.0,10.0,0.0,0.0
2,3,180,8,6,0.0,0.0,0.0,0.0,5.0,6.0,7.0,8.0,9.0,10.0,0.0,0.0
2,3,210,8,3,0.0,0.0,0.0,0.0,5.0,6.0,7.0,8.0,9.0,10.0,11.0,0.0
2,5,180,8,6,0.0,0.0,0.0,4.0,5.0,6.0,7.0,8.0,9.0,10.0,0.0,0.0
2,3,150,6,10,0.0,0.0,0.0,0.0,5.0,6.0,7.0,8.0,9.0,0.0,0.0,0.0
6,4,150,8,1,0.0,0.0,0.0,0.0,5.0,6.0,7.0,8.0,9.0,0.0,0.0,0.0
2,3,120,6,7,0.0,0.0,0.0,0.0,5.0,6.0,7.0,8.0,0.0,0.0,0.0,0.0
6,4,180,8,4,0.0,0.0,0.0,0.0,5.0,6.0,7.0,8.0,9.0,10.0,0.0,0.0
2,3,150,5,6,0.0,0.0,0.0,0.0,0.0,6.0,7.0,8.0,9.0,10.0,0.0,0.0
4,3,270,8,15,0.0,0.0,0.0,4.0,5.0,6.0,7.0,8.0,9.0,10.0,11.0,12.0
6,3,180,8,6,0.0,0.0,0.0,0.0,5.0,6.0,7.0,8.0,9.0,10.0,0.0,0.0
6,3,180,12,10,0.0,0.0,0.0,0.0,5.0,6.0,7.0,8.0,9.0,10.0,0.0,0.0
2,3,210,5,5,0.0,0.0,0.0,4.0,5.0,6.0,7.0,8.0,9.0,10.0,0.0,0.0
2,4,60,8,10,0.0,0.0,0.0,0.0,0.0,0.0,7.0,8.0,0.0,0.0,0.0,0.0
6,3,60,8,2,0.0,0.0,0.0,0.0,0.0,0.0,7.0,8.0,0.0,0.0,0.0,0.0
6,4,180,5,2,0.0,0.0,0.0,0.0,5.0,6.0,7.0,8.0,9.0,10.0,0.0,0.0
2,5,180,5,10,0.0,0.0,0.0,0.0,5.0,6.0,7.0,8.0,9.0,10.0,0.0,0.0
6,4,120,4,4,0.0,0.0,0.0,0.0,5.0,6.0,7.0,8.0,0.0,0.0,0.0,0.0
2,3,30,5,8,0.0,0.0,0.0,0.0,5.0,6.0,7.0,8.0,0.0,0.0,0.0,0.0
6,3,150,4,1,0.0,0.0,0.0,0.0,0.0,6.0,7.0,8.0,9.0,10.0,0.0,0.0
6,5,180,2,1,0.0,0.0,0.0,0.0,5.0,6.0,7.0,8.0,9.0,10.0,0.0,0.0
6,3,180,3,4,0.0,0.0,0.0,0.0,5.0,6.0,7.0,8.0,9.0,10.0,0.0,0.0
2,3,180,4,10,0.0,0.0,0.0,0.0,5.0,6.0,7.0,8.0,9.0,10.0,0.0,0.0
2,5,100,6,6,0.0,0.0,0.0,0.0,5.0,6.0,7.0,8.0,9.0,0.0,0.0,0.0
2,3,150,7,17,0.0,0.0,0.0,0.0,5.0,6.0,7.0,8.0,9.0,0.0,0.0,0.0
2,3,90,6,4,0.0,0.0,0.0,0.0,0.0,6.0,7.0,8.0,0.0,0.0,0.0,0.0
2,3,365,12,4,1.0,2.0,3.0,4.0,5.0,6.0,7.0,8.0,9.0,10.0,11.0,12.0
2,5,210,8,1,0.0,0.0,0.0,4.0,5.0,6.0,7.0,8.0,9.0,10.0,0.0,0.0
2,3,210,10,10,0.0,0.0,0.0,4.0,5.0,6.0,7.0,8.0,9.0,10.0,0.0,0.0
2,3,210,10,7,0.0,0.0,0.0,4.0,5.0,6.0,7.0,8.0,9.0,10.0,0.0,0.0
5,3,90,9,4,0.0,0.0,0.0,0.0,0.0,0.0,7.0,8.0,9.0,0.0,0.0,0.0
2,3,150,10,6,0.0,0.0,0.0,0.0,5.0,6.0,7.0,8.0,9.0,0.0,0.0,0.0
5,3,150,8,4,0.0,0.0,0.0,0.0,5.0,6.0,7.0,8.0,9.0,0.0,0.0,0.0
2,2,240,8,4,0.0,0.0,0.0,4.0,5.0,6.0,7.0,8.0,9.0,10.0,11.0,0.0
2,3,150,8,8,0.0,0.0,0.0,0.0,5.0,6.0,7.0,8.0,9.0,0.0,0.0,0.0
2,3,210,6,4,0.0,0.0,0.0,0.0,5.0,6.0,7.0,8.0,9.0,10.0,11.0,0.0
2,3,210,6,5,0.0,0.0,0.0,0.0,5.0,6.0,7.0,8.0,9.0,10.0,11.0,0.0
6,3,210,7,6,0.0,0.0,0.0,0.0,5.0,6.0,7.0,8.0,9.0,10.0,11.0,0.0
6,3,210,6,4,0.0,0.0,0.0,4.0,5.0,6.0,7.0,8.0,9.0,10.0,0.0,0.0
2,3,210,6,5,0.0,0.0,0.0,4.0,5.0,6.0,7.0,8.0,9.0,10.0,0.0,0.0
6,3,270,14,6,0.0,0.0,3.0,4.0,5.0,6.0,7.0,8.0,9.0,10.0,11.0,0.0
6,5,250,14,8,0.0,0.0,3.0,4.0,5.0,6.0,7.0,8.0,9.0,10.0,11.0,0.0
5,3,180,8,3,0.0,0.0,0.0,0.0,5.0,6.0,7.0,8.0,9.0,10.0,0.0,0.0
6,3,360,8,4,1.0,2.0,3.0,4.0,5.0,6.0,7.0,8.0,9.0,10.0,11.0,12.0
4,3,100,4,3,0.0,0.0,0.0,0.0,5.0,6.0,7.0,8.0,9.0,0.0,0.0,0.0
6,3,180,8,2,0.0,0.0,0.0,0.0,5.0,6.0,7.0,8.0,9.0,10.0,0.0,0.0
6,3,120,4,6,0.0,0.0,0.0,0.0,0.0,6.0,7.0,8.0,9.0,10.0,0.0,0.0
2,3,120,4,6,0.0,0.0,0.0,0.0,0.0,6.0,7.0,8.0,9.0,10.0,0.0,0.0
6,5,180,7,4,0.0,0.0,0.0,0.0,5.0,6.0,7.0,8.0,9.0,10.0,0.0,0.0
2,3,120,7,8,0.0,0.0,0.0,0.0,5.0,6.0,7.0,8.0,0.0,0.0,0.0,0.0
2,3,180,7,8,0.0,0.0,0.0,0.0,0.0,6.0,7.0,8.0,9.0,10.0,11.0,0.0
5,3,180,7,4,0.0,0.0,0.0,0.0,0.0,6.0,7.0,8.0,9.0,10.0,11.0,0.0
2,2,180,8,3,0.0,0.0,0.0,0.0,5.0,6.0,7.0,8.0,9.0,10.0,0.0,0.0
2,2,180,8,3,0.0,0.0,0.0,0.0,5.0,6.0,7.0,8.0,9.0,10.0,0.0,0.0
2,3,240,6,4,0.0,0.0,3.0,4.0,5.0,6.0,7.0,8.0,9.0,10.0,0.0,0.0
5,3,240,4,4,0.0,0.0,3.0,4.0,5.0,6.0,7.0,8.0,9.0,10.0,0.0,0.0
5,3,240,6,8,0.0,0.0,3.0,4.0,5.0,6.0,7.0,8.0,9.0,10.0,0.0,0.0
5,3,240,6,4,0.0,0.0,0.0,4.0,5.0,6.0,7.0,8.0,9.0,10.0,11.0,0.0
6,3,240,5,4,0.0,0.0,0.0,4.0,5.0,6.0,7.0,8.0,9.0,10.0,11.0,0.0
6,3,180,6,2,0.0,0.0,0.0,0.0,5.0,6.0,7.0,8.0,9.0,10.0,0.0,0.0
6,3,180,3,3,0.0,0.0,0.0,0.0,5.0,6.0,7.0,8.0,9.0,10.0,0.0,0.0
2,2,180,6,1,0.0,0.0,0.0,0.0,0.0,6.0,7.0,8.0,9.0,10.0,11.0,0.0
6,3,120,8,1,0.0,0.0,0.0,0.0,0.0,0.0,7.0,8.0,9.0,10.0,0.0,0.0
2,3,180,8,3,0.0,0.0,0.0,0.0,5.0,6.0,7.0,8.0,9.0,10.0,0.0,0.0
2,3,270,10,7,0.0,0.0,3.0,4.0,5.0,6.0,7.0,8.0,9.0,10.0,11.0,0.0
2,3,120,4,5,0.0,0.0,0.0,0.0,5.0,6.0,7.0,8.0,0.0,0.0,0.0,0.0
2,3,120,8,6,0.0,0.0,0.0,0.0,5.0,6.0,7.0,8.0,0.0,0.0,0.0,0.0
2,3,120,8,2,0.0,0.0,0.0,0.0,5.0,6.0,7.0,8.0,0.0,0.0,0.0,0.0
2,3,240,12,8,0.0,0.0,0.0,4.0,5.0,6.0,7.0,8.0,9.0,10.0,11.0,0.0
2,3,210,17,11,0.0,0.0,0.0,0.0,5.0,6.0,7.0,8.0,9.0,10.0,11.0,0.0
6,3,30,0,1,0.0,0.0,0.0,0.0,0.0,0.0,0.0,0.0,0.0,10.0,0.0,0.0
5,3,150,5,1,0.0,0.0,0.0,0.0,5.0,6.0,7.0,8.0,9.0,0.0,0.0,0.0
5,3,180,6,3,0.0,0.0,0.0,0.0,5.0,6.0,7.0,8.0,9.0,10.0,0.0,0.0
5,3,180,5,3,0.0,0.0,0.0,0.0,5.0,6.0,7.0,8.0,9.0,10.0,0.0,0.0
2,3,90,0,1,1.0,0.0,0.0,0.0,0.0,0.0,0.0,0.0,0.0,0.0,11.0,12.0
5,3,180,5,2,0.0,0.0,0.0,4.0,5.0,6.0,7.0,8.0,9.0,0.0,0.0,0.0
6,4,300,20,1,0.0,2.0,3.0,4.0,5.0,6.0,7.0,8.0,9.0,10.0,11.0,0.0
7,1,120,11,10,0.0,0.0,0.0,0.0,0.0,6.0,7.0,8.0,9.0,0.0,0.0,0.0
2,3,100,5,10,0.0,0.0,0.0,0.0,0.0,6.0,7.0,8.0,9.0,0.0,0.0,0.0
2,3,90,3,9,0.0,0.0,0.0,0.0,5.0,6.0,7.0,0.0,0.0,0.0,0.0,0.0
2,3,90,2,10,0.0,0.0,0.0,0.0,5.0,6.0,7.0,0.0,0.0,0.0,0.0,0.0
6,3,90,2,2,0.0,0.0,0.0,0.0,5.0,6.0,7.0,0.0,0.0,0.0,0.0,0.0
6,3,120,15,2,0.0,0.0,0.0,0.0,0.0,6.0,7.0,8.0,9.0,0.0,0.0,0.0
2,3,180,10,8,0.0,0.0,0.0,0.0,5.0,6.0,7.0,8.0,9.0,10.0,0.0,0.0
6,3,90,4,5,0.0,0.0,0.0,0.0,0.0,0.0,7.0,8.0,9.0,0.0,0.0,0.0
2,3,180,6,7,0.0,0.0,0.0,0.0,0.0,6.0,7.0,8.0,9.0,10.0,11.0,0.0
2,3,150,6,6,0.0,0.0,0.0,0.0,0.0,6.0,7.0,8.0,9.0,10.0,0.0,0.0
2,3,180,8,8,0.0,0.0,0.0,0.0,5.0,6.0,7.0,8.0,9.0,10.0,0.0,0.0
2,3,180,8,3,0.0,0.0,0.0,0.0,5.0,6.0,7.0,8.0,9.0,10.0,0.0,0.0
2,4,120,8,6,0.0,0.0,0.0,0.0,5.0,6.0,7.0,8.0,0.0,0.0,0.0,0.0
2,4,120,8,10,0.0,0.0,0.0,0.0,5.0,6.0,7.0,8.0,0.0,0.0,0.0,0.0
6,3,150,6,2,0.0,0.0,0.0,0.0,5.0,6.0,7.0,8.0,9.0,0.0,0.0,0.0
6,3,120,7,3,0.0,0.0,0.0,0.0,0.0,6.0,7.0,8.0,9.0,0.0,0.0,0.0
6,3,150,12,2,0.0,0.0,0.0,0.0,0.0,6.0,7.0,8.0,9.0,10.0,0.0,0.0
2,3,150,12,7,0.0,0.0,0.0,0.0,0.0,6.0,7.0,8.0,9.0,10.0,0.0,0.0
2,3,180,8,2,0.0,0.0,0.0,0.0,5.0,6.0,7.0,8.0,9.0,10.0,0.0,0.0
6,3,150,8,2,0.0,0.0,0.0,0.0,5.0,6.0,7.0,8.0,9.0,0.0,0.0,0.0
6,3,150,8,2,0.0,0.0,0.0,0.0,5.0,6.0,7.0,8.0,9.0,0.0,0.0,0.0
6,3,150,8,2,0.0,0.0,0.0,0.0,5.0,6.0,7.0,8.0,9.0,0.0,0.0,0.0
6,4,150,8,1,0.0,0.0,0.0,0.0,5.0,6.0,7.0,8.0,9.0,0.0,0.0,0.0
2,3,60,10,7,0.0,0.0,0.0,0.0,0.0,0.0,7.0,8.0,0.0,0.0,0.0,0.0
2,3,150,7,6,0.0,0.0,0.0,0.0,5.0,6.0,7.0,8.0,9.0,0.0,0.0,0.0
2,3,180,7,7,0.0,0.0,0.0,4.0,5.0,6.0,7.0,8.0,9.0,0.0,0.0,0.0
2,3,240,10,5,0.0,0.0,0.0,0.0,5.0,6.0,7.0,8.0,9.0,10.0,11.0,12.0
5,3,270,11,3,0.0,2.0,3.0,4.0,5.0,6.0,7.0,8.0,9.0,10.0,0.0,0.0
2,3,210,8,6,0.0,0.0,0.0,4.0,5.0,6.0,7.0,8.0,9.0,10.0,0.0,0.0
2,3,180,5,8,0.0,0.0,0.0,0.0,5.0,6.0,7.0,8.0,9.0,10.0,0.0,0.0
2,3,210,13,99,0.0,0.0,3.0,4.0,5.0,6.0,7.0,8.0,9.0,0.0,0.0,0.0
6,4,180,8,4,0.0,0.0,0.0,0.0,5.0,6.0,7.0,8.0,9.0,10.0,0.0,0.0
6,3,210,8,1,0.0,0.0,0.0,0.0,5.0,6.0,7.0,8.0,9.0,10.0,11.0,0.0
6,3,210,8,1,0.0,0.0,0.0,0.0,5.0,6.0,7.0,8.0,9.0,10.0,11.0,0.0
6,3,120,8,1,0.0,0.0,0.0,0.0,5.0,6.0,7.0,8.0,0.0,0.0,0.0,0.0
2,3,180,8,4,0.0,0.0,0.0,0.0,5.0,6.0,7.0,8.0,9.0,10.0,0.0,0.0
2,3,150,10,6,0.0,0.0,0.0,0.0,5.0,6.0,7.0,8.0,9.0,0.0,0.0,0.0
5,3,120,8,1,0.0,0.0,0.0,0.0,0.0,6.0,7.0,8.0,9.0,0.0,0.0,0.0
5,3,120,8,2,0.0,0.0,0.0,0.0,0.0,6.0,7.0,8.0,9.0,0.0,0.0,0.0
5,3,120,12,1,0.0,0.0,0.0,0.0,0.0,6.0,7.0,8.0,9.0,0.0,0.0,0.0
5,4,150,10,1,0.0,0.0,0.0,0.0,5.0,6.0,7.0,8.0,9.0,0.0,0.0,0.0
6,3,90,6,1,0.0,0.0,0.0,0.0,0.0,0.0,7.0,8.0,9.0,0.0,0.0,0.0
6,3,150,6,3,0.0,0.0,0.0,0.0,0.0,6.0,7.0,8.0,9.0,10.0,0.0,0.0
2,3,150,10,6,0.0,0.0,0.0,0.0,0.0,6.0,7.0,8.0,9.0,10.0,0.0,0.0
6,3,90,8,2,0.0,0.0,0.0,0.0,0.0,0.0,0.0,8.0,9.0,10.0,0.0,0.0
6,3,120,6,5,0.0,0.0,0.0,0.0,0.0,0.0,7.0,8.0,9.0,10.0,0.0,0.0
2,3,180,4,5,0.0,0.0,0.0,0.0,5.0,6.0,7.0,8.0,9.0,10.0,0.0,0.0
4,1,180,12,1,0.0,0.0,0.0,0.0,5.0,6.0,7.0,8.0,9.0,10.0,0.0,0.0
2,3,180,12,7,0.0,0.0,0.0,0.0,5.0,6.0,7.0,8.0,9.0,10.0,0.0,0.0
2,3,180,4,3,0.0,0.0,0.0,0.0,5.0,6.0,7.0,8.0,9.0,10.0,0.0,0.0
4,3,360,10,10,1.0,2.0,3.0,4.0,5.0,6.0,7.0,8.0,9.0,10.0,11.0,12.0
5,3,210,8,2,0.0,0.0,0.0,4.0,5.0,6.0,7.0,8.0,9.0,10.0,0.0,0.0
2,3,210,5,5,0.0,0.0,0.0,4.0,5.0,6.0,7.0,8.0,9.0,10.0,0.0,0.0
2,4,210,3,15,0.0,0.0,0.0,4.0,5.0,6.0,7.0,8.0,9.0,10.0,0.0,0.0
5,3,210,3,1,0.0,0.0,0.0,4.0,5.0,6.0,7.0,8.0,9.0,10.0,0.0,0.0
2,1,150,8,6,0.0,0.0,0.0,0.0,5.0,6.0,7.0,8.0,9.0,0.0,0.0,0.0
2,3,150,12,4,0.0,0.0,0.0,0.0,5.0,6.0,7.0,8.0,9.0,0.0,0.0,0.0
2,3,120,12,2,0.0,0.0,0.0,0.0,0.0,6.0,7.0,8.0,9.0,0.0,0.0,0.0
4,9,360,12,6,1.0,2.0,3.0,4.0,5.0,6.0,7.0,8.0,9.0,10.0,11.0,12.0
5,4,240,7,5,0.0,0.0,0.0,4.0,5.0,6.0,7.0,8.0,9.0,10.0,11.0,0.0
5,3,180,5,1,0.0,0.0,0.0,0.0,5.0,6.0,7.0,8.0,9.0,10.0,0.0,0.0
2,3,180,6,5,0.0,0.0,0.0,0.0,5.0,6.0,7.0,8.0,9.0,10.0,0.0,0.0
5,3,210,12,1,0.0,0.0,0.0,4.0,5.0,6.0,7.0,8.0,9.0,10.0,0.0,0.0
6,3,150,10,5,0.0,0.0,0.0,0.0,5.0,6.0,7.0,8.0,9.0,0.0,0.0,0.0
2,2,180,6,5,0.0,0.0,0.0,0.0,5.0,6.0,7.0,8.0,9.0,10.0,0.0,0.0
2,3,150,9,6,0.0,0.0,0.0,0.0,0.0,0.0,7.0,8.0,9.0,10.0,11.0,0.0
6,3,120,6,6,0.0,0.0,0.0,0.0,0.0,0.0,7.0,8.0,9.0,10.0,0.0,0.0
6,3,180,7,3,0.0,0.0,0.0,0.0,5.0,6.0,7.0,8.0,9.0,10.0,0.0,0.0
2,3,180,8,2,0.0,0.0,0.0,0.0,5.0,6.0,7.0,8.0,9.0,10.0,0.0,0.0
2,4,240,10,5,0.0,0.0,3.0,4.0,5.0,6.0,7.0,8.0,9.0,10.0,0.0,0.0
6,3,210,8,15,0.0,0.0,0.0,0.0,5.0,6.0,7.0,8.0,9.0,10.0,11.0,0.0
2,3,60,6,5,0.0,0.0,0.0,0.0,0.0,6.0,7.0,0.0,0.0,0.0,0.0,0.0
6,3,150,12,1,0.0,0.0,0.0,0.0,0.0,6.0,7.0,8.0,9.0,10.0,0.0,0.0
6,3,180,8,1,0.0,0.0,0.0,0.0,5.0,6.0,7.0,8.0,9.0,10.0,0.0,0.0
6,3,180,8,2,0.0,0.0,0.0,0.0,5.0,6.0,7.0,8.0,9.0,10.0,0.0,0.0
2,4,180,8,5,0.0,0.0,0.0,0.0,5.0,6.0,7.0,8.0,9.0,10.0,0.0,0.0
2,2,180,6,13,0.0,0.0,0.0,0.0,5.0,6.0,7.0,8.0,9.0,10.0,0.0,0.0
2,3,180,8,4,0.0,0.0,0.0,0.0,5.0,6.0,7.0,8.0,9.0,10.0,0.0,0.0
2,2,180,10,5,0.0,0.0,0.0,0.0,5.0,6.0,7.0,8.0,9.0,10.0,0.0,0.0
6,3,30,8,2,0.0,0.0,0.0,0.0,0.0,0.0,0.0,0.0,0.0,0.0,0.0,12.0
2,2,180,8,3,0.0,0.0,0.0,4.0,5.0,6.0,7.0,8.0,9.0,0.0,0.0,0.0
6,5,150,5,3,0.0,0.0,0.0,0.0,5.0,6.0,7.0,8.0,9.0,0.0,0.0,0.0
3,6,150,10,3,0.0,0.0,0.0,0.0,5.0,6.0,7.0,8.0,9.0,0.0,0.0,0.0
2,1,150,8,6,0.0,0.0,0.0,0.0,5.0,6.0,7.0,8.0,9.0,0.0,0.0,0.0
2,1,120,8,5,0.0,0.0,0.0,0.0,5.0,6.0,7.0,8.0,9.0,0.0,0.0,0.0
6,3,160,8,6,0.0,0.0,0.0,4.0,5.0,6.0,7.0,8.0,9.0,10.0,0.0,0.0
2,2,200,8,4,0.0,0.0,0.0,4.0,5.0,6.0,7.0,8.0,9.0,10.0,0.0,0.0
2,1,200,10,10,0.0,0.0,0.0,4.0,5.0,6.0,7.0,8.0,9.0,10.0,0.0,0.0
2,3,130,5,13,0.0,0.0,0.0,0.0,5.0,6.0,7.0,8.0,9.0,0.0,0.0,0.0
6,4,100,5,2,0.0,0.0,0.0,0.0,0.0,6.0,7.0,8.0,9.0,0.0,0.0,0.0
6,3,120,8,2,0.0,0.0,0.0,0.0,0.0,6.0,7.0,8.0,9.0,0.0,0.0,0.0
6,3,150,6,4,0.0,0.0,0.0,0.0,5.0,6.0,7.0,8.0,9.0,10.0,0.0,0.0
2,3,200,6,19,0.0,0.0,0.0,4.0,5.0,6.0,7.0,8.0,9.0,10.0,0.0,0.0
2,2,200,5,16,0.0,0.0,0.0,4.0,5.0,6.0,7.0,8.0,9.0,10.0,0.0,0.0
4,1,200,8,2,0.0,0.0,0.0,4.0,5.0,6.0,7.0,8.0,9.0,10.0,0.0,0.0
4,1,150,6,3,0.0,0.0,0.0,0.0,5.0,6.0,7.0,8.0,9.0,10.0,0.0,0.0
2,1,200,8,6,0.0,0.0,0.0,4.0,5.0,6.0,7.0,8.0,9.0,10.0,0.0,0.0
2,3,200,8,1,0.0,0.0,0.0,4.0,5.0,6.0,7.0,8.0,9.0,10.0,0.0,0.0
4,9,120,6,3,0.0,0.0,0.0,0.0,5.0,6.0,7.0,8.0,0.0,0.0,0.0,0.0
2,3,180,6,6,0.0,0.0,0.0,0.0,5.0,6.0,7.0,8.0,9.0,10.0,0.0,0.0
2,3,180,6,5,0.0,0.0,0.0,0.0,5.0,6.0,7.0,8.0,9.0,10.0,0.0,0.0
2,3,210,8,7,0.0,0.0,0.0,0.0,5.0,6.0,7.0,8.0,9.0,10.0,11.0,0.0
2,3,210,6,5,0.0,0.0,0.0,0.0,5.0,6.0,7.0,8.0,9.0,10.0,11.0,0.0
2,3,210,6,5,0.0,0.0,0.0,0.0,5.0,6.0,7.0,8.0,9.0,10.0,11.0,0.0
5,3,180,6,5,0.0,0.0,0.0,0.0,5.0,6.0,7.0,8.0,9.0,10.0,0.0,0.0
5,3,180,7,6,0.0,0.0,0.0,0.0,5.0,6.0,7.0,8.0,9.0,10.0,0.0,0.0
6,3,120,5,3,0.0,0.0,0.0,0.0,0.0,6.0,7.0,8.0,9.0,0.0,0.0,0.0
2,3,150,5,12,0.0,0.0,0.0,0.0,5.0,6.0,7.0,8.0,9.0,0.0,0.0,0.0
2,3,210,8,10,0.0,0.0,0.0,0.0,5.0,6.0,7.0,8.0,9.0,10.0,11.0,0.0
6,3,210,6,4,0.0,0.0,0.0,0.0,5.0,6.0,7.0,8.0,9.0,10.0,11.0,0.0
2,3,210,6,4,0.0,0.0,0.0,0.0,5.0,6.0,7.0,8.0,9.0,10.0,11.0,0.0
6,3,210,8,5,0.0,0.0,0.0,0.0,5.0,6.0,7.0,8.0,9.0,10.0,11.0,0.0
2,3,210,8,6,0.0,0.0,0.0,0.0,5.0,6.0,7.0,8.0,9.0,10.0,11.0,0.0
2,3,210,6,5,0.0,0.0,0.0,0.0,5.0,6.0,7.0,8.0,9.0,10.0,11.0,0.0
2,3,150,6,10,0.0,0.0,0.0,0.0,0.0,6.0,7.0,8.0,9.0,10.0,0.0,0.0
2,1,120,2,5,0.0,0.0,0.0,0.0,5.0,6.0,7.0,8.0,9.0,0.0,0.0,0.0
2,3,150,7,4,0.0,0.0,0.0,0.0,5.0,6.0,7.0,8.0,9.0,0.0,0.0,0.0
2,3,150,6,1,0.0,0.0,0.0,0.0,5.0,6.0,7.0,8.0,9.0,0.0,0.0,0.0
6,3,210,8,5,0.0,0.0,0.0,4.0,5.0,6.0,7.0,8.0,9.0,10.0,0.0,0.0
6,5,200,8,4,0.0,0.0,0.0,4.0,5.0,6.0,7.0,8.0,9.0,10.0,0.0,0.0
6,3,130,6,5,0.0,0.0,0.0,0.0,5.0,6.0,7.0,8.0,9.0,0.0,0.0,0.0
2,3,150,3,4,0.0,0.0,0.0,0.0,5.0,6.0,7.0,8.0,9.0,0.0,0.0,0.0
2,3,180,8,1,0.0,0.0,0.0,0.0,5.0,6.0,7.0,8.0,9.0,10.0,0.0,0.0
5,3,150,6,3,0.0,0.0,0.0,0.0,5.0,6.0,7.0,8.0,9.0,0.0,0.0,0.0
5,3,150,6,5,0.0,0.0,0.0,0.0,5.0,6.0,7.0,8.0,9.0,0.0,0.0,0.0
5,3,180,6,5,0.0,0.0,0.0,0.0,5.0,6.0,7.0,8.0,9.0,10.0,0.0,0.0
5,3,150,4,6,0.0,0.0,0.0,0.0,5.0,6.0,7.0,8.0,9.0,0.0,0.0,0.0
2,3,240,8,2,0.0,0.0,3.0,4.0,5.0,6.0,7.0,8.0,9.0,10.0,0.0,0.0
6,3,180,5,1,0.0,0.0,0.0,0.0,5.0,6.0,7.0,8.0,9.0,10.0,0.0,0.0
4,9,240,4,9,0.0,0.0,0.0,4.0,5.0,6.0,7.0,8.0,9.0,10.0,11.0,0.0
2,3,120,5,2,0.0,0.0,0.0,0.0,5.0,6.0,7.0,8.0,0.0,0.0,0.0,0.0
6,3,150,5,3,0.0,0.0,0.0,0.0,5.0,6.0,7.0,8.0,9.0,0.0,0.0,0.0
2,3,150,5,8,0.0,0.0,0.0,0.0,5.0,6.0,7.0,8.0,9.0,0.0,0.0,0.0
2,3,150,5,8,0.0,0.0,0.0,0.0,5.0,6.0,7.0,8.0,9.0,0.0,0.0,0.0
2,2,180,5,7,0.0,0.0,0.0,0.0,5.0,6.0,7.0,8.0,9.0,10.0,0.0,0.0
2,4,10,8,12,0.0,0.0,0.0,0.0,0.0,0.0,7.0,0.0,0.0,0.0,0.0,0.0
5,3,180,8,5,0.0,0.0,0.0,0.0,5.0,6.0,7.0,8.0,9.0,10.0,0.0,0.0
5,3,180,6,3,0.0,0.0,0.0,0.0,5.0,6.0,7.0,8.0,9.0,10.0,0.0,0.0
6,3,150,4,8,0.0,0.0,0.0,0.0,5.0,6.0,7.0,8.0,9.0,0.0,0.0,0.0
2,2,150,7,7,0.0,0.0,0.0,0.0,5.0,6.0,7.0,8.0,9.0,0.0,0.0,0.0
6,3,150,10,3,0.0,0.0,0.0,0.0,0.0,6.0,7.0,8.0,9.0,10.0,0.0,0.0
2,3,210,5,2,0.0,0.0,0.0,4.0,5.0,6.0,7.0,8.0,9.0,10.0,0.0,0.0
5,3,180,5,2,0.0,0.0,0.0,0.0,5.0,6.0,7.0,8.0,9.0,10.0,0.0,0.0
2,3,180,6,6,0.0,0.0,0.0,0.0,5.0,6.0,7.0,8.0,9.0,10.0,0.0,0.0
6,3,210,5,3,0.0,0.0,0.0,4.0,5.0,6.0,7.0,8.0,9.0,10.0,0.0,0.0
2,3,210,5,8,0.0,0.0,0.0,4.0,5.0,6.0,7.0,8.0,9.0,10.0,0.0,0.0
6,3,240,8,4,0.0,0.0,0.0,4.0,5.0,6.0,7.0,8.0,9.0,10.0,11.0,0.0
6,3,150,4,4,0.0,0.0,0.0,0.0,5.0,6.0,7.0,8.0,9.0,0.0,0.0,0.0
5,2,90,6,6,0.0,0.0,0.0,0.0,0.0,0.0,0.0,8.0,9.0,10.0,0.0,0.0
2,3,120,6,1,0.0,0.0,0.0,0.0,0.0,0.0,7.0,8.0,9.0,10.0,0.0,0.0
2,3,210,7,5,0.0,0.0,0.0,4.0,5.0,6.0,7.0,8.0,9.0,10.0,0.0,0.0
2,4,210,7,7,0.0,0.0,0.0,4.0,5.0,6.0,7.0,8.0,9.0,10.0,0.0,0.0
6,3,240,11,3,0.0,0.0,0.0,4.0,5.0,6.0,7.0,8.0,9.0,10.0,11.0,0.0
2,3,240,8,6,0.0,0.0,0.0,4.0,5.0,6.0,7.0,8.0,9.0,10.0,11.0,0.0
2,3,240,8,5,0.0,0.0,0.0,4.0,5.0,6.0,7.0,8.0,9.0,10.0,11.0,0.0
5,3,210,6,3,0.0,0.0,0.0,4.0,5.0,6.0,7.0,8.0,9.0,10.0,0.0,0.0
2,3,210,7,2,0.0,0.0,0.0,4.0,5.0,6.0,7.0,8.0,9.0,10.0,0.0,0.0
2,3,210,6,2,0.0,0.0,0.0,4.0,5.0,6.0,7.0,8.0,9.0,10.0,0.0,0.0
2,3,210,6,2,0.0,0.0,0.0,4.0,5.0,6.0,7.0,8.0,9.0,10.0,0.0,0.0
2,3,120,4,1,0.0,0.0,0.0,0.0,0.0,0.0,7.0,8.0,9.0,10.0,0.0,0.0
2,3,180,8,5,0.0,0.0,0.0,0.0,5.0,6.0,7.0,8.0,9.0,10.0,0.0,0.0
2,3,100,4,3,0.0,0.0,0.0,0.0,0.0,6.0,7.0,8.0,9.0,0.0,0.0,0.0
2,3,240,6,5,0.0,0.0,0.0,4.0,5.0,6.0,7.0,8.0,9.0,10.0,11.0,0.0
2,2,150,3,1,0.0,0.0,0.0,0.0,5.0,6.0,7.0,8.0,9.0,0.0,0.0,0.0
2,3,120,8,5,0.0,0.0,0.0,0.0,0.0,0.0,7.0,8.0,9.0,10.0,0.0,0.0
2,3,180,6,2,0.0,0.0,0.0,0.0,5.0,6.0,7.0,8.0,9.0,10.0,0.0,0.0
6,4,150,4,1,0.0,0.0,0.0,0.0,5.0,6.0,7.0,8.0,9.0,0.0,0.0,0.0
2,3,150,7,8,0.0,0.0,0.0,0.0,5.0,6.0,7.0,8.0,9.0,0.0,0.0,0.0
2,3,150,5,99,0.0,0.0,0.0,0.0,5.0,6.0,7.0,8.0,9.0,10.0,0.0,0.0
2,3,150,6,99,0.0,0.0,0.0,0.0,5.0,6.0,7.0,8.0,9.0,0.0,0.0,0.0
4,1,150,6,99,0.0,0.0,0.0,0.0,5.0,6.0,7.0,8.0,9.0,0.0,0.0,0.0
2,3,150,8,99,0.0,0.0,0.0,0.0,5.0,6.0,7.0,8.0,9.0,0.0,0.0,0.0
2,3,150,6,4,0.0,0.0,0.0,0.0,5.0,6.0,7.0,8.0,9.0,0.0,0.0,0.0
6,4,240,8,4,0.0,0.0,3.0,4.0,5.0,6.0,7.0,8.0,9.0,10.0,0.0,0.0
6,3,120,5,5,0.0,0.0,0.0,0.0,0.0,6.0,7.0,8.0,9.0,0.0,0.0,0.0
6,3,150,5,99,0.0,0.0,0.0,0.0,5.0,6.0,7.0,8.0,9.0,0.0,0.0,0.0
2,4,180,8,2,0.0,0.0,0.0,0.0,5.0,6.0,7.0,8.0,9.0,10.0,0.0,0.0
2,3,180,8,7,0.0,0.0,0.0,0.0,5.0,6.0,7.0,8.0,9.0,10.0,0.0,0.0
2,3,180,6,10,0.0,0.0,0.0,0.0,5.0,6.0,7.0,8.0,9.0,10.0,0.0,0.0
2,3,180,8,6,0.0,0.0,0.0,0.0,5.0,6.0,7.0,8.0,9.0,10.0,0.0,0.0
2,3,150,6,99,0.0,0.0,0.0,0.0,5.0,6.0,7.0,8.0,9.0,0.0,0.0,0.0
6,3,180,8,6,0.0,0.0,0.0,0.0,5.0,6.0,7.0,8.0,9.0,10.0,0.0,0.0
2,3,20,8,3,0.0,0.0,0.0,0.0,5.0,6.0,7.0,8.0,9.0,10.0,0.0,0.0
2,3,210,8,7,0.0,0.0,0.0,0.0,5.0,6.0,7.0,8.0,9.0,10.0,11.0,0.0
6,3,210,8,5,0.0,0.0,0.0,0.0,5.0,6.0,7.0,8.0,9.0,10.0,11.0,0.0
6,3,210,6,4,0.0,0.0,0.0,0.0,5.0,6.0,7.0,8.0,9.0,10.0,11.0,0.0
2,3,210,5,10,0.0,0.0,0.0,0.0,5.0,6.0,7.0,8.0,9.0,10.0,11.0,0.0
6,3,210,8,5,0.0,0.0,0.0,0.0,5.0,6.0,7.0,8.0,9.0,10.0,11.0,0.0
6,4,210,6,3,0.0,0.0,0.0,4.0,5.0,6.0,7.0,8.0,9.0,10.0,0.0,0.0
5,3,210,8,5,0.0,0.0,0.0,0.0,5.0,6.0,7.0,8.0,9.0,10.0,11.0,0.0
2,3,120,6,10,0.0,0.0,0.0,0.0,5.0,6.0,7.0,8.0,0.0,0.0,0.0,0.0
6,3,120,8,2,0.0,0.0,0.0,0.0,5.0,6.0,7.0,8.0,0.0,0.0,0.0,0.0
6,3,120,6,10,0.0,0.0,0.0,0.0,5.0,6.0,7.0,8.0,0.0,0.0,0.0,0.0
2,3,360,8,6,1.0,2.0,3.0,4.0,5.0,6.0,7.0,8.0,9.0,10.0,11.0,12.0
4,1,30,10,8,0.0,0.0,0.0,0.0,0.0,0.0,0.0,8.0,0.0,0.0,0.0,0.0
5,5,210,6,10,0.0,0.0,0.0,4.0,5.0,6.0,7.0,8.0,9.0,10.0,0.0,0.0
5,5,180,4,5,0.0,0.0,0.0,0.0,5.0,6.0,7.0,8.0,9.0,10.0,0.0,0.0
5,4,180,6,6,0.0,0.0,0.0,0.0,5.0,6.0,7.0,8.0,9.0,10.0,0.0,0.0
5,3,180,6,4,0.0,0.0,0.0,0.0,5.0,6.0,7.0,8.0,9.0,10.0,0.0,0.0
5,3,180,8,4,0.0,0.0,0.0,0.0,5.0,6.0,7.0,8.0,9.0,10.0,0.0,0.0
5,4,90,6,6,0.0,0.0,0.0,0.0,0.0,6.0,7.0,8.0,0.0,0.0,0.0,0.0
5,4,90,5,6,0.0,0.0,0.0,0.0,0.0,6.0,7.0,8.0,0.0,0.0,0.0,0.0
5,3,90,4,6,0.0,0.0,0.0,0.0,0.0,6.0,7.0,8.0,0.0,0.0,0.0,0.0
2,3,90,5,1,0.0,0.0,0.0,0.0,0.0,0.0,7.0,8.0,9.0,0.0,0.0,0.0
2,3,90,5,1,0.0,0.0,0.0,0.0,0.0,0.0,7.0,8.0,9.0,0.0,0.0,0.0
2,3,90,5,1,0.0,0.0,0.0,0.0,0.0,0.0,7.0,8.0,9.0,0.0,0.0,0.0
5,3,180,11,2,0.0,0.0,0.0,4.0,5.0,6.0,7.0,8.0,9.0,0.0,0.0,0.0
5,3,180,8,2,0.0,0.0,0.0,4.0,5.0,6.0,7.0,8.0,9.0,0.0,0.0,0.0
2,3,100,14,8,0.0,0.0,0.0,0.0,0.0,6.0,7.0,8.0,9.0,10.0,0.0,0.0
5,3,135,24,10,0.0,0.0,0.0,0.0,5.0,6.0,7.0,8.0,9.0,0.0,0.0,0.0
5,5,135,2,2,0.0,0.0,0.0,0.0,5.0,6.0,7.0,8.0,9.0,0.0,0.0,0.0
5,3,135,12,5,0.0,0.0,0.0,0.0,5.0,6.0,7.0,8.0,9.0,0.0,0.0,0.0
5,3,135,16,12,0.0,0.0,0.0,0.0,0.0,6.0,7.0,8.0,9.0,10.0,0.0,0.0
5,3,135,16,12,0.0,0.0,0.0,0.0,0.0,6.0,7.0,8.0,9.0,10.0,0.0,0.0
1,1,120,6,2,0.0,0.0,0.0,0.0,0.0,6.0,7.0,8.0,9.0,0.0,0.0,0.0
1,1,120,6,2,0.0,0.0,0.0,0.0,0.0,6.0,7.0,8.0,9.0,0.0,0.0,0.0
2,4,150,12,8,0.0,0.0,0.0,0.0,5.0,6.0,7.0,8.0,9.0,0.0,0.0,0.0
2,3,90,8,2,0.0,0.0,0.0,0.0,0.0,6.0,7.0,8.0,0.0,0.0,0.0,0.0
5,3,90,8,3,0.0,0.0,0.0,0.0,0.0,6.0,7.0,8.0,0.0,0.0,0.0,0.0
5,3,120,8,1,0.0,0.0,0.0,0.0,0.0,0.0,7.0,8.0,9.0,10.0,0.0,0.0
5,3,270,12,4,0.0,0.0,3.0,4.0,5.0,6.0,7.0,8.0,9.0,10.0,11.0,0.0
5,3,230,12,5,0.0,0.0,0.0,4.0,5.0,6.0,7.0,8.0,9.0,10.0,11.0,0.0
2,3,220,7,10,0.0,0.0,0.0,4.0,5.0,6.0,7.0,8.0,9.0,10.0,11.0,0.0
5,9,120,5,3,0.0,0.0,0.0,0.0,0.0,6.0,7.0,8.0,9.0,0.0,0.0,0.0
5,9,120,5,3,0.0,0.0,0.0,0.0,0.0,6.0,7.0,8.0,9.0,0.0,0.0,0.0
5,9,120,5,3,0.0,0.0,0.0,0.0,0.0,6.0,7.0,8.0,9.0,0.0,0.0,0.0
2,5,120,15,1,0.0,0.0,0.0,0.0,0.0,6.0,7.0,8.0,9.0,0.0,0.0,0.0
5,3,90,8,2,0.0,0.0,0.0,0.0,0.0,6.0,7.0,8.0,0.0,0.0,0.0,0.0
5,3,180,8,8,0.0,0.0,0.0,0.0,5.0,6.0,7.0,8.0,9.0,10.0,0.0,0.0
5,5,180,12,10,0.0,0.0,0.0,0.0,5.0,6.0,7.0,8.0,9.0,10.0,0.0,0.0
5,3,180,10,8,0.0,0.0,0.0,0.0,5.0,6.0,7.0,8.0,9.0,10.0,0.0,0.0
5,3,180,12,3,0.0,0.0,0.0,0.0,0.0,6.0,7.0,8.0,9.0,10.0,11.0,0.0
5,3,180,2,3,0.0,0.0,0.0,0.0,5.0,6.0,7.0,8.0,9.0,10.0,0.0,0.0
5,5,180,4,5,0.0,0.0,0.0,0.0,5.0,6.0,7.0,8.0,9.0,10.0,0.0,0.0
5,5,180,5,5,0.0,0.0,0.0,0.0,5.0,6.0,7.0,8.0,9.0,10.0,0.0,0.0
4,3,180,18,20,0.0,0.0,0.0,0.0,5.0,6.0,7.0,8.0,9.0,10.0,0.0,0.0
5,3,180,14,2,0.0,0.0,0.0,0.0,5.0,6.0,7.0,8.0,9.0,10.0,0.0,0.0
5,3,120,9,4,0.0,0.0,0.0,0.0,0.0,6.0,7.0,8.0,9.0,0.0,0.0,0.0
2,3,120,9,8,0.0,0.0,0.0,0.0,0.0,0.0,7.0,8.0,9.0,10.0,0.0,0.0
4,3,240,20,5,0.0,0.0,3.0,4.0,5.0,6.0,7.0,8.0,9.0,10.0,0.0,0.0
2,5,150,5,3,0.0,0.0,0.0,0.0,0.0,6.0,7.0,8.0,9.0,10.0,0.0,0.0
5,3,180,9,3,0.0,0.0,0.0,0.0,5.0,6.0,7.0,8.0,9.0,10.0,0.0,0.0
5,3,150,18,4,0.0,0.0,0.0,0.0,0.0,6.0,7.0,8.0,9.0,10.0,0.0,0.0
2,3,210,12,10,0.0,0.0,0.0,4.0,5.0,6.0,7.0,8.0,9.0,10.0,0.0,0.0
4,3,180,12,2,0.0,0.0,0.0,0.0,5.0,6.0,7.0,8.0,9.0,10.0,0.0,0.0
2,4,180,15,6,0.0,0.0,0.0,0.0,5.0,6.0,7.0,8.0,9.0,10.0,0.0,0.0
2,4,180,2,3,0.0,0.0,0.0,0.0,5.0,6.0,7.0,8.0,9.0,10.0,0.0,0.0
2,3,135,10,5,0.0,0.0,0.0,0.0,5.0,6.0,7.0,8.0,9.0,10.0,0.0,0.0
2,3,135,14,10,0.0,0.0,0.0,0.0,5.0,6.0,7.0,8.0,9.0,0.0,0.0,0.0
5,3,210,20,4,0.0,0.0,0.0,0.0,5.0,6.0,7.0,8.0,9.0,10.0,11.0,0.0
5,3,180,13,3,0.0,0.0,0.0,0.0,5.0,6.0,7.0,8.0,9.0,10.0,0.0,0.0
2,2,60,2,15,0.0,0.0,0.0,0.0,0.0,0.0,0.0,8.0,9.0,0.0,0.0,0.0
5,3,180,15,6,0.0,0.0,0.0,0.0,5.0,6.0,7.0,8.0,9.0,10.0,0.0,0.0
2,3,120,12,6,0.0,0.0,0.0,0.0,0.0,6.0,7.0,8.0,9.0,0.0,0.0,0.0
5,3,120,12,2,0.0,0.0,0.0,0.0,0.0,6.0,7.0,8.0,9.0,0.0,0.0,0.0
2,3,120,8,1,0.0,0.0,0.0,0.0,0.0,6.0,7.0,8.0,9.0,0.0,0.0,0.0
2,4,120,8,12,0.0,0.0,0.0,0.0,0.0,6.0,7.0,8.0,9.0,0.0,0.0,0.0
5,3,150,8,1,0.0,0.0,0.0,0.0,0.0,6.0,7.0,8.0,9.0,10.0,0.0,0.0
2,3,150,10,10,0.0,0.0,0.0,0.0,0.0,6.0,7.0,8.0,9.0,10.0,0.0,0.0
2,3,90,2,2,0.0,0.0,0.0,0.0,0.0,0.0,7.0,8.0,9.0,0.0,0.0,0.0
2,3,150,7,4,0.0,0.0,0.0,0.0,5.0,6.0,7.0,8.0,9.0,0.0,0.0,0.0
2,3,150,7,7,0.0,0.0,0.0,0.0,5.0,6.0,7.0,8.0,9.0,0.0,0.0,0.0
5,3,210,18,2,0.0,0.0,0.0,4.0,5.0,6.0,7.0,8.0,9.0,10.0,0.0,0.0
5,3,90,5,3,0.0,0.0,0.0,0.0,0.0,0.0,7.0,8.0,9.0,0.0,0.0,0.0
5,3,90,5,3,0.0,0.0,0.0,0.0,0.0,0.0,7.0,8.0,9.0,0.0,0.0,0.0
4,4,180,18,10,0.0,0.0,0.0,0.0,5.0,6.0,7.0,8.0,9.0,10.0,0.0,0.0
5,3,120,7,7,0.0,0.0,0.0,0.0,0.0,6.0,7.0,8.0,9.0,0.0,0.0,0.0
2,3,180,14,3,0.0,0.0,0.0,0.0,5.0,6.0,7.0,8.0,9.0,10.0,0.0,0.0
2,3,210,10,30,0.0,0.0,3.0,4.0,5.0,6.0,7.0,8.0,9.0,0.0,0.0,0.0
5,3,120,12,3,0.0,0.0,0.0,0.0,0.0,6.0,7.0,8.0,9.0,0.0,0.0,0.0
2,3,120,2,6,0.0,0.0,0.0,0.0,0.0,6.0,7.0,8.0,9.0,0.0,0.0,0.0
2,3,160,13,8,0.0,0.0,0.0,0.0,5.0,6.0,7.0,8.0,9.0,10.0,0.0,0.0
5,3,180,10,5,0.0,0.0,0.0,0.0,5.0,6.0,7.0,8.0,9.0,10.0,0.0,0.0
2,3,180,12,8,0.0,0.0,0.0,0.0,5.0,6.0,7.0,8.0,9.0,10.0,0.0,0.0
2,3,90,2,4,0.0,0.0,0.0,0.0,5.0,6.0,7.0,0.0,0.0,0.0,0.0,0.0
2,3,180,17,5,0.0,0.0,0.0,0.0,5.0,6.0,7.0,8.0,9.0,10.0,0.0,0.0
5,3,120,12,1,0.0,0.0,0.0,0.0,0.0,6.0,7.0,8.0,9.0,0.0,0.0,0.0
2,3,180,9,8,0.0,0.0,0.0,0.0,5.0,6.0,7.0,8.0,9.0,10.0,0.0,0.0
5,4,120,8,10,0.0,0.0,0.0,0.0,0.0,0.0,7.0,8.0,9.0,10.0,0.0,0.0
2,3,180,17,6,0.0,0.0,0.0,0.0,5.0,6.0,7.0,8.0,9.0,10.0,0.0,0.0
2,2,180,8,5,0.0,0.0,0.0,0.0,5.0,6.0,7.0,8.0,9.0,10.0,0.0,0.0
5,5,150,10,2,0.0,0.0,0.0,0.0,5.0,6.0,7.0,8.0,9.0,0.0,0.0,0.0
4,3,180,12,2,0.0,0.0,0.0,0.0,5.0,6.0,7.0,8.0,9.0,10.0,0.0,0.0
5,3,180,8,6,0.0,0.0,0.0,0.0,5.0,6.0,7.0,8.0,9.0,10.0,0.0,0.0
5,4,60,12,6,0.0,0.0,0.0,0.0,5.0,6.0,7.0,8.0,9.0,10.0,0.0,0.0
2,3,120,6,5,0.0,0.0,0.0,0.0,5.0,6.0,7.0,8.0,0.0,0.0,0.0,0.0
5,3,120,5,5,0.0,0.0,0.0,0.0,5.0,6.0,7.0,8.0,0.0,0.0,0.0,0.0
5,4,180,10,2,0.0,0.0,0.0,0.0,5.0,6.0,7.0,8.0,9.0,10.0,0.0,0.0
7,4,180,1,6,0.0,0.0,0.0,0.0,5.0,6.0,7.0,8.0,9.0,10.0,0.0,0.0
2,3,120,6,3,0.0,0.0,0.0,0.0,0.0,6.0,7.0,8.0,9.0,0.0,0.0,0.0
2,3,120,6,5,0.0,0.0,0.0,0.0,0.0,6.0,7.0,8.0,9.0,0.0,0.0,0.0
2,3,180,11,4,0.0,0.0,0.0,0.0,5.0,6.0,7.0,8.0,9.0,10.0,0.0,0.0
2,2,180,0,2,0.0,0.0,0.0,0.0,5.0,6.0,7.0,8.0,9.0,10.0,0.0,0.0
2,4,180,9,5,0.0,0.0,0.0,0.0,5.0,6.0,7.0,8.0,9.0,10.0,0.0,0.0
5,3,210,5,1,0.0,2.0,3.0,4.0,5.0,6.0,7.0,8.0,0.0,0.0,0.0,0.0
5,5,240,2,15,0.0,0.0,0.0,4.0,5.0,6.0,7.0,8.0,9.0,10.0,11.0,0.0
3,6,240,24,15,0.0,0.0,0.0,4.0,5.0,6.0,7.0,8.0,9.0,10.0,11.0,0.0
3,6,210,12,10,0.0,0.0,0.0,4.0,5.0,6.0,7.0,8.0,9.0,10.0,0.0,0.0
5,4,180,12,1,0.0,0.0,0.0,0.0,5.0,6.0,7.0,8.0,9.0,10.0,0.0,0.0
5,4,180,12,1,0.0,0.0,0.0,0.0,5.0,6.0,7.0,8.0,9.0,10.0,0.0,0.0
5,4,180,12,1,0.0,0.0,0.0,0.0,5.0,6.0,7.0,8.0,9.0,10.0,0.0,0.0
5,5,180,16,6,0.0,0.0,0.0,0.0,5.0,6.0,7.0,8.0,9.0,10.0,0.0,0.0
5,4,210,16,4,0.0,0.0,0.0,4.0,5.0,6.0,7.0,8.0,9.0,10.0,0.0,0.0
5,4,210,20,4,0.0,0.0,0.0,4.0,5.0,6.0,7.0,8.0,9.0,10.0,0.0,0.0
5,3,180,6,6,0.0,0.0,0.0,0.0,5.0,6.0,7.0,8.0,9.0,10.0,0.0,0.0
5,3,180,6,6,0.0,0.0,0.0,0.0,5.0,6.0,7.0,8.0,9.0,10.0,0.0,0.0
5,3,180,18,5,0.0,0.0,0.0,0.0,5.0,6.0,7.0,8.0,9.0,10.0,0.0,0.0
5,3,180,10,5,0.0,0.0,0.0,0.0,5.0,6.0,7.0,8.0,9.0,10.0,0.0,0.0
5,3,150,19,1,0.0,0.0,0.0,0.0,0.0,6.0,7.0,8.0,9.0,10.0,0.0,0.0
2,3,180,19,4,0.0,0.0,0.0,0.0,5.0,6.0,7.0,8.0,9.0,10.0,0.0,0.0
5,3,180,18,2,0.0,0.0,0.0,0.0,5.0,6.0,7.0,8.0,9.0,10.0,0.0,0.0
5,3,270,12,9,0.0,0.0,3.0,4.0,5.0,6.0,7.0,8.0,9.0,10.0,11.0,0.0
5,3,180,3,2,0.0,0.0,0.0,0.0,5.0,6.0,7.0,8.0,9.0,10.0,0.0,0.0
5,3,180,11,5,0.0,0.0,0.0,0.0,5.0,6.0,7.0,8.0,9.0,10.0,0.0,0.0
5,3,90,6,4,0.0,0.0,0.0,0.0,0.0,0.0,7.0,8.0,9.0,0.0,0.0,0.0
5,3,90,6,4,0.0,0.0,0.0,0.0,0.0,0.0,7.0,8.0,9.0,0.0,0.0,0.0
5,3,90,1,4,0.0,0.0,0.0,0.0,0.0,0.0,7.0,8.0,9.0,0.0,0.0,0.0
2,3,180,16,6,0.0,0.0,0.0,0.0,5.0,6.0,7.0,8.0,9.0,10.0,0.0,0.0
5,3,180,8,5,0.0,0.0,0.0,0.0,5.0,6.0,7.0,8.0,9.0,10.0,0.0,0.0
5,4,150,8,2,0.0,0.0,0.0,0.0,5.0,6.0,7.0,8.0,9.0,10.0,0.0,0.0
5,4,150,8,3,0.0,0.0,0.0,0.0,5.0,6.0,7.0,8.0,9.0,10.0,0.0,0.0
5,3,90,12,3,0.0,0.0,0.0,0.0,5.0,6.0,7.0,0.0,0.0,0.0,0.0,0.0
5,3,160,12,5,0.0,0.0,0.0,0.0,5.0,6.0,7.0,8.0,9.0,10.0,0.0,0.0
5,4,180,12,6,0.0,0.0,0.0,0.0,5.0,6.0,7.0,8.0,9.0,10.0,0.0,0.0
5,5,180,4,99,0.0,0.0,0.0,0.0,5.0,6.0,7.0,8.0,9.0,10.0,0.0,0.0
5,1,180,4,99,0.0,0.0,0.0,0.0,5.0,6.0,7.0,8.0,9.0,10.0,0.0,0.0
5,3,90,12,6,0.0,0.0,0.0,0.0,5.0,6.0,7.0,0.0,0.0,0.0,0.0,0.0
5,3,150,12,5,0.0,0.0,0.0,0.0,5.0,6.0,7.0,8.0,9.0,0.0,0.0,0.0
5,3,180,4,3,0.0,0.0,0.0,0.0,5.0,6.0,7.0,8.0,9.0,10.0,0.0,0.0
2,3,210,24,15,0.0,0.0,0.0,4.0,5.0,6.0,7.0,8.0,9.0,10.0,0.0,0.0
2,1,180,12,7,0.0,0.0,0.0,0.0,5.0,6.0,7.0,8.0,9.0,10.0,0.0,0.0
5,3,180,9,7,0.0,0.0,0.0,0.0,5.0,6.0,7.0,8.0,9.0,10.0,0.0,0.0
5,3,210,10,5,0.0,0.0,0.0,0.0,5.0,6.0,7.0,8.0,9.0,10.0,11.0,0.0
5,3,240,10,5,0.0,0.0,0.0,4.0,5.0,6.0,7.0,8.0,9.0,10.0,11.0,0.0
4,1,230,16,19,0.0,0.0,3.0,4.0,5.0,6.0,7.0,8.0,9.0,10.0,0.0,0.0
1,3,180,19,3,0.0,0.0,0.0,0.0,5.0,6.0,7.0,8.0,9.0,10.0,0.0,0.0
2,3,180,17,1,0.0,0.0,0.0,0.0,5.0,6.0,7.0,8.0,9.0,10.0,0.0,0.0
2,3,180,15,12,0.0,0.0,0.0,0.0,5.0,6.0,7.0,8.0,9.0,10.0,0.0,0.0
2,3,180,15,7,0.0,0.0,0.0,0.0,5.0,6.0,7.0,8.0,9.0,10.0,0.0,0.0
5,3,180,8,3,0.0,0.0,0.0,4.0,5.0,6.0,7.0,8.0,9.0,0.0,0.0,0.0
2,3,150,12,1,0.0,0.0,0.0,0.0,0.0,6.0,7.0,8.0,9.0,10.0,0.0,0.0
2,3,80,8,5,0.0,0.0,0.0,0.0,5.0,6.0,7.0,8.0,9.0,10.0,0.0,0.0
5,3,180,16,1,0.0,0.0,0.0,0.0,5.0,6.0,7.0,8.0,9.0,10.0,0.0,0.0
5,3,180,10,2,0.0,0.0,0.0,0.0,5.0,6.0,7.0,8.0,9.0,10.0,0.0,0.0
2,3,120,6,6,0.0,0.0,0.0,0.0,0.0,6.0,7.0,8.0,9.0,0.0,0.0,0.0
5,3,160,22,2,0.0,0.0,0.0,0.0,5.0,6.0,7.0,8.0,9.0,10.0,0.0,0.0
2,3,90,9,6,0.0,0.0,0.0,0.0,5.0,6.0,7.0,0.0,0.0,0.0,0.0,0.0
5,3,90,8,4,0.0,0.0,0.0,0.0,0.0,6.0,7.0,8.0,0.0,0.0,0.0,0.0
5,3,150,20,2,0.0,0.0,0.0,0.0,0.0,6.0,7.0,8.0,9.0,10.0,0.0,0.0
5,3,150,20,2,0.0,0.0,0.0,0.0,0.0,6.0,7.0,8.0,9.0,10.0,0.0,0.0
5,3,180,12,5,0.0,0.0,0.0,0.0,5.0,6.0,7.0,8.0,9.0,10.0,0.0,0.0
5,3,180,5,8,0.0,0.0,0.0,0.0,5.0,6.0,7.0,8.0,9.0,10.0,0.0,0.0
5,3,120,24,2,0.0,0.0,0.0,0.0,0.0,6.0,7.0,8.0,9.0,0.0,0.0,0.0
2,1,30,10,8,0.0,0.0,0.0,0.0,0.0,0.0,0.0,0.0,9.0,0.0,0.0,0.0
2,1,240,10,8,0.0,0.0,0.0,4.0,5.0,6.0,7.0,8.0,9.0,10.0,11.0,0.0
5,4,30,1,5,0.0,0.0,0.0,0.0,0.0,6.0,0.0,0.0,0.0,0.0,0.0,0.0
5,3,150,16,3,0.0,0.0,0.0,0.0,0.0,6.0,7.0,8.0,9.0,10.0,0.0,0.0
5,3,150,12,2,0.0,0.0,0.0,0.0,0.0,6.0,7.0,8.0,9.0,10.0,0.0,0.0
5,3,210,7,2,0.0,0.0,0.0,4.0,5.0,6.0,7.0,8.0,9.0,10.0,0.0,0.0
5,3,180,15,3,0.0,0.0,0.0,0.0,5.0,6.0,7.0,8.0,9.0,10.0,0.0,0.0
5,3,180,12,99,0.0,0.0,0.0,0.0,5.0,6.0,7.0,8.0,9.0,10.0,0.0,0.0
5,3,180,8,99,0.0,0.0,0.0,0.0,5.0,6.0,7.0,8.0,9.0,10.0,0.0,0.0
2,1,90,8,6,0.0,0.0,0.0,0.0,0.0,0.0,0.0,8.0,9.0,10.0,0.0,0.0
5,5,195,16,6,0.0,0.0,0.0,0.0,5.0,6.0,7.0,8.0,9.0,10.0,11.0,0.0
4,1,240,2,5,0.0,0.0,3.0,4.0,5.0,6.0,7.0,8.0,9.0,10.0,0.0,0.0
5,3,180,12,8,0.0,0.0,0.0,0.0,5.0,6.0,7.0,8.0,9.0,10.0,0.0,0.0
5,2,30,3,99,0.0,0.0,0.0,4.0,0.0,0.0,0.0,0.0,0.0,0.0,0.0,0.0
5,3,240,6,5,0.0,0.0,0.0,4.0,5.0,6.0,7.0,8.0,9.0,10.0,11.0,0.0
5,3,105,6,5,0.0,0.0,0.0,0.0,0.0,6.0,7.0,8.0,9.0,0.0,0.0,0.0
5,3,105,5,2,0.0,0.0,0.0,0.0,0.0,6.0,7.0,8.0,9.0,0.0,0.0,0.0
5,3,210,12,1,0.0,0.0,0.0,0.0,5.0,6.0,7.0,8.0,9.0,10.0,11.0,0.0
2,3,220,16,5,0.0,0.0,0.0,4.0,5.0,6.0,7.0,8.0,9.0,10.0,11.0,0.0
5,3,150,12,6,0.0,0.0,0.0,0.0,0.0,6.0,7.0,8.0,9.0,10.0,0.0,0.0
5,3,150,12,2,0.0,0.0,0.0,0.0,0.0,6.0,7.0,8.0,9.0,10.0,0.0,0.0
5,5,180,6,3,0.0,0.0,0.0,0.0,5.0,6.0,7.0,8.0,9.0,10.0,0.0,0.0
5,3,180,12,1,0.0,0.0,0.0,0.0,5.0,6.0,7.0,8.0,9.0,10.0,0.0,0.0
5,3,150,16,8,0.0,0.0,0.0,0.0,5.0,6.0,7.0,8.0,9.0,10.0,0.0,0.0
5,3,150,12,5,0.0,0.0,0.0,0.0,5.0,6.0,7.0,8.0,9.0,10.0,0.0,0.0
2,4,120,6,2,0.0,0.0,0.0,0.0,0.0,6.0,7.0,8.0,9.0,0.0,0.0,0.0
5,5,120,16,5,0.0,0.0,0.0,0.0,0.0,6.0,7.0,8.0,9.0,0.0,0.0,0.0
5,5,150,15,5,0.0,0.0,0.0,0.0,5.0,6.0,7.0,8.0,9.0,0.0,0.0,0.0
5,5,150,12,3,0.0,0.0,0.0,0.0,5.0,6.0,7.0,8.0,9.0,0.0,0.0,0.0
5,2,150,4,8,0.0,0.0,0.0,0.0,0.0,6.0,7.0,8.0,9.0,10.0,0.0,0.0
5,4,150,0,10,0.0,0.0,0.0,0.0,0.0,6.0,7.0,8.0,9.0,10.0,0.0,0.0
2,5,240,12,4,0.0,0.0,3.0,4.0,5.0,6.0,7.0,8.0,9.0,10.0,0.0,0.0
2,5,240,18,3,0.0,0.0,3.0,4.0,5.0,6.0,7.0,8.0,9.0,10.0,0.0,0.0
5,3,120,12,6,0.0,0.0,0.0,0.0,0.0,6.0,7.0,8.0,9.0,0.0,0.0,0.0
2,4,180,12,1,0.0,0.0,0.0,0.0,5.0,6.0,7.0,8.0,9.0,10.0,0.0,0.0
2,3,180,15,1,0.0,0.0,0.0,0.0,5.0,6.0,7.0,8.0,9.0,10.0,0.0,0.0
5,3,180,12,1,0.0,0.0,0.0,0.0,5.0,6.0,7.0,8.0,9.0,10.0,0.0,0.0
5,3,180,24,1,0.0,0.0,0.0,0.0,5.0,6.0,7.0,8.0,9.0,10.0,0.0,0.0
2,3,210,12,1,0.0,0.0,0.0,4.0,5.0,6.0,7.0,8.0,9.0,10.0,0.0,0.0
2,3,210,10,1,0.0,0.0,0.0,4.0,5.0,6.0,7.0,8.0,9.0,10.0,0.0,0.0
2,3,150,7,13,0.0,0.0,0.0,0.0,0.0,6.0,7.0,8.0,9.0,10.0,0.0,0.0
5,4,150,8,2,0.0,0.0,0.0,0.0,0.0,6.0,7.0,8.0,9.0,10.0,0.0,0.0
5,4,150,8,1,0.0,0.0,0.0,0.0,0.0,6.0,7.0,8.0,9.0,10.0,0.0,0.0
2,3,150,10,10,0.0,0.0,0.0,0.0,5.0,6.0,7.0,8.0,9.0,0.0,0.0,0.0
2,3,180,18,5,0.0,0.0,0.0,4.0,5.0,6.0,7.0,8.0,9.0,0.0,0.0,0.0
2,1,150,24,10,0.0,0.0,0.0,0.0,5.0,6.0,7.0,8.0,9.0,0.0,0.0,0.0
2,3,330,12,1,0.0,2.0,3.0,4.0,5.0,6.0,7.0,8.0,9.0,10.0,11.0,12.0
2,2,365,24,4,1.0,2.0,3.0,4.0,5.0,6.0,7.0,8.0,9.0,10.0,11.0,12.0
5,3,180,9,3,0.0,0.0,0.0,0.0,5.0,6.0,7.0,8.0,9.0,10.0,0.0,0.0
5,3,180,10,5,0.0,0.0,0.0,0.0,5.0,6.0,7.0,8.0,9.0,10.0,0.0,0.0
2,3,200,12,99,0.0,0.0,0.0,0.0,5.0,6.0,7.0,8.0,9.0,10.0,11.0,0.0
5,5,240,18,2,0.0,0.0,0.0,4.0,5.0,6.0,7.0,8.0,9.0,10.0,11.0,0.0
4,9,180,2,12,0.0,0.0,0.0,0.0,5.0,6.0,7.0,8.0,9.0,10.0,0.0,0.0
5,5,150,10,5,0.0,0.0,0.0,4.0,5.0,6.0,7.0,8.0,0.0,0.0,0.0,0.0
5,3,150,10,5,0.0,0.0,0.0,4.0,5.0,6.0,7.0,8.0,0.0,0.0,0.0,0.0
5,4,150,10,5,0.0,0.0,0.0,4.0,5.0,6.0,7.0,8.0,0.0,0.0,0.0,0.0
3,6,150,10,6,0.0,0.0,0.0,0.0,5.0,6.0,7.0,8.0,9.0,0.0,0.0,0.0
5,3,150,8,1,0.0,0.0,0.0,0.0,0.0,6.0,7.0,8.0,9.0,10.0,0.0,0.0
5,3,180,6,5,0.0,0.0,0.0,0.0,5.0,6.0,7.0,8.0,9.0,10.0,0.0,0.0
5,3,180,15,5,0.0,0.0,0.0,0.0,5.0,6.0,7.0,8.0,9.0,10.0,0.0,0.0
2,3,180,6,10,0.0,0.0,0.0,0.0,5.0,6.0,7.0,8.0,9.0,10.0,0.0,0.0
5,3,150,10,3,0.0,0.0,0.0,0.0,5.0,6.0,7.0,8.0,9.0,0.0,0.0,0.0
5,3,150,10,3,0.0,0.0,0.0,0.0,5.0,6.0,7.0,8.0,9.0,0.0,0.0,0.0
5,3,24,1,2,0.0,0.0,0.0,0.0,0.0,6.0,7.0,8.0,0.0,0.0,0.0,0.0
5,3,150,3,4,0.0,0.0,0.0,0.0,5.0,6.0,7.0,8.0,9.0,0.0,0.0,0.0
2,5,180,9,3,0.0,0.0,0.0,0.0,5.0,6.0,7.0,8.0,9.0,10.0,0.0,0.0
5,4,200,10,5,0.0,0.0,0.0,0.0,5.0,6.0,7.0,8.0,9.0,10.0,11.0,0.0
2,3,120,18,3,0.0,0.0,0.0,0.0,5.0,6.0,7.0,8.0,0.0,0.0,0.0,0.0
5,3,120,12,3,0.0,0.0,0.0,0.0,5.0,6.0,7.0,8.0,0.0,0.0,0.0,0.0
5,4,180,12,3,0.0,0.0,0.0,4.0,5.0,6.0,7.0,8.0,9.0,0.0,0.0,0.0
2,3,120,8,7,0.0,0.0,0.0,0.0,5.0,6.0,7.0,8.0,0.0,0.0,0.0,0.0
5,3,120,6,4,0.0,0.0,0.0,0.0,5.0,6.0,7.0,8.0,0.0,0.0,0.0,0.0
2,2,180,16,3,0.0,0.0,0.0,0.0,5.0,6.0,7.0,8.0,9.0,10.0,0.0,0.0
2,2,180,12,2,0.0,0.0,0.0,0.0,5.0,6.0,7.0,8.0,9.0,10.0,0.0,0.0
2,4,150,16,5,0.0,0.0,0.0,0.0,5.0,6.0,7.0,8.0,9.0,0.0,0.0,0.0
5,5,150,10,2,0.0,0.0,0.0,0.0,5.0,6.0,7.0,8.0,9.0,0.0,0.0,0.0
5,3,150,13,2,0.0,0.0,0.0,0.0,5.0,6.0,7.0,8.0,9.0,0.0,0.0,0.0
5,5,150,3,2,0.0,0.0,0.0,0.0,5.0,6.0,7.0,8.0,9.0,0.0,0.0,0.0
5,3,150,8,2,0.0,0.0,0.0,0.0,5.0,6.0,7.0,8.0,9.0,0.0,0.0,0.0
5,5,120,8,1,0.0,0.0,0.0,0.0,0.0,0.0,7.0,8.0,9.0,10.0,0.0,0.0
5,3,120,2,1,0.0,0.0,0.0,0.0,0.0,0.0,7.0,8.0,9.0,10.0,0.0,0.0
2,3,180,11,8,0.0,0.0,0.0,0.0,5.0,6.0,7.0,8.0,9.0,10.0,0.0,0.0
2,5,180,7,1,0.0,0.0,0.0,4.0,5.0,6.0,7.0,8.0,9.0,0.0,0.0,0.0
5,3,210,10,3,0.0,0.0,0.0,4.0,5.0,6.0,7.0,8.0,9.0,10.0,0.0,0.0
5,4,180,7,6,0.0,0.0,0.0,0.0,5.0,6.0,7.0,8.0,9.0,10.0,0.0,0.0
5,4,180,4,6,0.0,0.0,0.0,0.0,5.0,6.0,7.0,8.0,9.0,10.0,0.0,0.0
5,4,180,5,10,0.0,0.0,0.0,0.0,5.0,6.0,7.0,8.0,9.0,10.0,0.0,0.0
2,3,105,8,5,0.0,0.0,0.0,4.0,5.0,6.0,7.0,8.0,0.0,0.0,0.0,0.0
2,2,105,12,5,0.0,0.0,0.0,4.0,5.0,6.0,7.0,8.0,0.0,0.0,0.0,0.0
5,4,180,12,3,0.0,0.0,0.0,4.0,5.0,6.0,7.0,8.0,9.0,0.0,0.0,0.0
5,3,180,12,3,0.0,0.0,0.0,4.0,5.0,6.0,7.0,8.0,9.0,0.0,0.0,0.0
5,3,180,8,1,0.0,0.0,0.0,0.0,5.0,6.0,7.0,8.0,9.0,10.0,0.0,0.0
5,4,180,7,9,0.0,0.0,0.0,0.0,5.0,6.0,7.0,8.0,9.0,10.0,0.0,0.0
5,3,180,4,9,0.0,0.0,0.0,0.0,5.0,6.0,7.0,8.0,9.0,10.0,0.0,0.0
5,4,180,3,1,0.0,0.0,0.0,0.0,5.0,6.0,7.0,8.0,9.0,10.0,0.0,0.0
5,3,180,8,2,0.0,0.0,0.0,0.0,5.0,6.0,7.0,8.0,9.0,10.0,0.0,0.0
5,3,180,6,8,0.0,0.0,0.0,0.0,5.0,6.0,7.0,8.0,9.0,10.0,0.0,0.0
5,5,60,2,15,0.0,0.0,0.0,0.0,0.0,0.0,7.0,8.0,0.0,0.0,0.0,0.0
5,4,180,12,5,0.0,0.0,0.0,0.0,5.0,6.0,7.0,8.0,9.0,10.0,0.0,0.0
5,3,135,8,6,0.0,0.0,0.0,0.0,5.0,6.0,7.0,8.0,9.0,0.0,0.0,0.0
5,3,135,8,6,0.0,0.0,0.0,0.0,5.0,6.0,7.0,8.0,9.0,0.0,0.0,0.0
5,3,135,8,6,0.0,0.0,0.0,0.0,5.0,6.0,7.0,8.0,9.0,0.0,0.0,0.0
5,5,135,6,6,0.0,0.0,0.0,0.0,5.0,6.0,7.0,8.0,9.0,0.0,0.0,0.0
5,3,135,8,6,0.0,0.0,0.0,0.0,5.0,6.0,7.0,8.0,9.0,0.0,0.0,0.0
3,6,150,12,2,0.0,0.0,0.0,0.0,5.0,6.0,7.0,8.0,9.0,10.0,0.0,0.0
3,6,210,24,1,0.0,0.0,0.0,4.0,5.0,6.0,7.0,8.0,9.0,10.0,0.0,0.0
3,6,210,24,6,0.0,0.0,0.0,0.0,5.0,6.0,7.0,8.0,9.0,10.0,11.0,0.0
2,3,240,12,6,0.0,0.0,3.0,4.0,5.0,6.0,7.0,8.0,9.0,10.0,0.0,0.0
5,3,240,12,6,0.0,0.0,3.0,4.0,5.0,6.0,7.0,8.0,9.0,10.0,0.0,0.0
5,4,90,5,1,0.0,0.0,0.0,0.0,0.0,0.0,7.0,8.0,9.0,0.0,0.0,0.0
5,5,150,2,1,0.0,0.0,0.0,0.0,5.0,6.0,7.0,8.0,9.0,0.0,0.0,0.0
5,5,150,9,1,0.0,0.0,0.0,0.0,5.0,6.0,7.0,8.0,9.0,0.0,0.0,0.0
5,5,150,9,1,0.0,0.0,0.0,0.0,5.0,6.0,7.0,8.0,9.0,0.0,0.0,0.0
5,5,150,2,1,0.0,0.0,0.0,0.0,5.0,6.0,7.0,8.0,9.0,0.0,0.0,0.0
5,4,150,9,1,0.0,0.0,0.0,0.0,5.0,6.0,7.0,8.0,9.0,0.0,0.0,0.0
5,3,60,12,4,0.0,0.0,0.0,0.0,0.0,0.0,7.0,8.0,0.0,0.0,0.0,0.0
5,5,120,3,5,0.0,0.0,0.0,0.0,5.0,6.0,7.0,8.0,0.0,0.0,0.0,0.0
3,6,120,10,10,0.0,0.0,0.0,0.0,5.0,6.0,7.0,8.0,0.0,0.0,0.0,0.0
2,3,180,10,3,0.0,0.0,0.0,0.0,5.0,6.0,7.0,8.0,9.0,10.0,0.0,0.0
5,3,180,8,6,0.0,0.0,0.0,0.0,5.0,6.0,7.0,8.0,9.0,10.0,0.0,0.0
7,9,180,15,3,0.0,0.0,0.0,0.0,5.0,6.0,7.0,8.0,9.0,10.0,0.0,0.0
5,3,180,12,1,0.0,0.0,0.0,0.0,5.0,6.0,7.0,8.0,9.0,10.0,0.0,0.0
5,3,180,12,1,0.0,0.0,0.0,0.0,5.0,6.0,7.0,8.0,9.0,10.0,0.0,0.0
5,5,210,24,6,0.0,0.0,3.0,0.0,5.0,6.0,7.0,8.0,9.0,10.0,0.0,0.0
5,3,210,12,3,0.0,0.0,0.0,4.0,5.0,6.0,7.0,8.0,9.0,10.0,0.0,0.0
5,3,180,6,3,0.0,0.0,0.0,0.0,5.0,6.0,7.0,8.0,9.0,10.0,0.0,0.0
5,4,60,1,3,0.0,0.0,0.0,0.0,0.0,6.0,7.0,0.0,0.0,0.0,0.0,0.0
5,3,180,8,2,0.0,0.0,0.0,0.0,5.0,6.0,7.0,8.0,9.0,10.0,0.0,0.0
5,5,180,8,2,0.0,0.0,0.0,0.0,5.0,6.0,7.0,8.0,9.0,10.0,0.0,0.0
6,3,120,1,5,0.0,0.0,0.0,0.0,5.0,6.0,7.0,8.0,0.0,0.0,0.0,0.0
5,3,120,8,5,0.0,0.0,0.0,0.0,5.0,6.0,7.0,8.0,0.0,0.0,0.0,0.0
5,3,120,3,5,0.0,0.0,0.0,0.0,5.0,6.0,7.0,8.0,0.0,0.0,0.0,0.0
5,5,120,2,5,0.0,0.0,0.0,0.0,5.0,6.0,7.0,8.0,0.0,0.0,0.0,0.0
5,4,180,12,3,0.0,0.0,0.0,0.0,5.0,6.0,7.0,8.0,9.0,10.0,0.0,0.0
5,4,180,12,4,0.0,0.0,0.0,0.0,5.0,6.0,7.0,8.0,9.0,10.0,0.0,0.0
5,3,210,17,3,0.0,0.0,0.0,4.0,5.0,6.0,7.0,8.0,9.0,10.0,0.0,0.0
5,5,180,18,4,0.0,0.0,0.0,0.0,5.0,6.0,7.0,8.0,9.0,10.0,0.0,0.0
5,3,210,18,4,0.0,0.0,3.0,4.0,5.0,6.0,7.0,8.0,9.0,0.0,0.0,0.0
3,6,180,18,7,0.0,0.0,0.0,0.0,5.0,6.0,7.0,8.0,9.0,10.0,0.0,0.0
5,5,180,18,8,0.0,0.0,0.0,0.0,5.0,6.0,7.0,8.0,9.0,10.0,0.0,0.0
5,3,180,16,5,0.0,0.0,0.0,0.0,5.0,6.0,7.0,8.0,9.0,10.0,0.0,0.0
5,3,180,8,5,0.0,0.0,0.0,0.0,5.0,6.0,7.0,8.0,9.0,10.0,0.0,0.0
3,6,180,3,5,0.0,0.0,0.0,0.0,5.0,6.0,7.0,8.0,9.0,10.0,0.0,0.0
5,3,240,6,4,0.0,0.0,3.0,4.0,5.0,6.0,7.0,8.0,9.0,10.0,0.0,0.0
5,3,180,2,4,0.0,0.0,0.0,0.0,5.0,6.0,7.0,8.0,9.0,10.0,0.0,0.0
2,4,180,18,5,0.0,0.0,0.0,0.0,5.0,6.0,7.0,8.0,9.0,10.0,0.0,0.0
2,3,180,18,5,0.0,0.0,0.0,0.0,5.0,6.0,7.0,8.0,9.0,10.0,0.0,0.0
2,3,180,17,6,0.0,0.0,0.0,0.0,5.0,6.0,7.0,8.0,9.0,10.0,0.0,0.0
5,3,160,2,10,0.0,0.0,0.0,0.0,5.0,6.0,7.0,8.0,9.0,10.0,0.0,0.0
2,4,210,18,10,0.0,0.0,0.0,4.0,5.0,6.0,7.0,8.0,9.0,10.0,0.0,0.0
5,3,160,18,5,0.0,0.0,0.0,0.0,5.0,6.0,7.0,8.0,9.0,10.0,0.0,0.0
5,4,180,2,4,0.0,0.0,0.0,0.0,5.0,6.0,7.0,8.0,9.0,10.0,0.0,0.0
3,6,150,10,15,0.0,0.0,0.0,0.0,5.0,6.0,7.0,8.0,9.0,0.0,0.0,0.0
5,5,180,10,5,0.0,0.0,0.0,0.0,5.0,6.0,7.0,8.0,9.0,10.0,0.0,0.0
5,5,180,10,5,0.0,0.0,0.0,0.0,5.0,6.0,7.0,8.0,9.0,10.0,0.0,0.0
5,3,180,10,5,0.0,0.0,0.0,0.0,5.0,6.0,7.0,8.0,9.0,10.0,0.0,0.0
3,6,180,15,2,0.0,0.0,0.0,0.0,5.0,6.0,7.0,8.0,9.0,10.0,0.0,0.0
3,6,180,15,8,0.0,0.0,0.0,0.0,5.0,6.0,7.0,8.0,9.0,10.0,0.0,0.0
5,4,180,6,4,0.0,0.0,0.0,0.0,5.0,6.0,7.0,8.0,9.0,10.0,0.0,0.0
5,4,180,18,5,0.0,0.0,0.0,0.0,5.0,6.0,7.0,8.0,9.0,10.0,0.0,0.0
5,4,180,6,5,0.0,0.0,0.0,0.0,5.0,6.0,7.0,8.0,9.0,10.0,0.0,0.0
4,4,180,6,7,0.0,0.0,0.0,0.0,5.0,6.0,7.0,8.0,9.0,10.0,0.0,0.0
5,3,90,18,4,0.0,0.0,0.0,0.0,0.0,0.0,7.0,8.0,9.0,0.0,0.0,0.0
2,4,180,20,3,0.0,0.0,0.0,0.0,5.0,6.0,7.0,8.0,9.0,10.0,0.0,0.0
5,4,180,12,4,0.0,0.0,0.0,0.0,5.0,6.0,7.0,8.0,9.0,10.0,0.0,0.0
5,3,180,9,2,0.0,0.0,0.0,0.0,5.0,6.0,7.0,8.0,9.0,10.0,0.0,0.0
2,3,180,9,2,0.0,0.0,0.0,0.0,5.0,6.0,7.0,8.0,9.0,10.0,0.0,0.0
5,3,210,16,3,0.0,0.0,3.0,4.0,5.0,6.0,7.0,8.0,9.0,0.0,0.0,0.0
4,1,150,11,12,0.0,0.0,0.0,0.0,0.0,6.0,7.0,8.0,9.0,10.0,0.0,0.0
4,1,180,12,1,0.0,0.0,0.0,0.0,5.0,6.0,7.0,8.0,9.0,10.0,0.0,0.0
5,3,210,16,1,0.0,0.0,0.0,0.0,5.0,6.0,7.0,8.0,9.0,10.0,11.0,0.0
5,3,150,12,4,0.0,0.0,0.0,0.0,5.0,6.0,7.0,8.0,9.0,0.0,0.0,0.0
5,9,165,18,1,0.0,0.0,0.0,0.0,5.0,6.0,7.0,8.0,9.0,10.0,0.0,0.0
4,5,210,15,10,0.0,0.0,0.0,4.0,5.0,6.0,7.0,8.0,9.0,10.0,0.0,0.0
5,3,150,18,8,0.0,0.0,0.0,0.0,5.0,6.0,7.0,8.0,9.0,0.0,0.0,0.0
2,3,105,10,3,0.0,0.0,0.0,0.0,0.0,6.0,7.0,8.0,9.0,0.0,0.0,0.0
5,2,180,8,1,0.0,0.0,0.0,0.0,5.0,6.0,7.0,8.0,9.0,10.0,0.0,0.0
5,5,300,20,7,0.0,2.0,3.0,4.0,5.0,6.0,7.0,8.0,9.0,10.0,11.0,0.0
5,5,300,18,7,0.0,2.0,3.0,4.0,5.0,6.0,7.0,8.0,9.0,10.0,11.0,0.0
5,3,300,20,3,0.0,2.0,3.0,4.0,5.0,6.0,7.0,8.0,9.0,10.0,11.0,0.0
2,3,150,24,3,0.0,0.0,0.0,0.0,5.0,6.0,7.0,8.0,9.0,0.0,0.0,0.0
2,3,150,13,3,0.0,0.0,0.0,0.0,5.0,6.0,7.0,8.0,9.0,0.0,0.0,0.0
5,4,150,3,2,0.0,0.0,0.0,0.0,5.0,6.0,7.0,8.0,9.0,0.0,0.0,0.0
5,4,130,24,7,0.0,0.0,0.0,0.0,5.0,6.0,7.0,8.0,9.0,0.0,0.0,0.0
5,4,130,12,4,0.0,0.0,0.0,0.0,5.0,6.0,7.0,8.0,9.0,10.0,0.0,0.0
4,1,180,12,15,0.0,0.0,0.0,0.0,5.0,6.0,7.0,8.0,9.0,10.0,0.0,0.0
5,3,160,6,1,0.0,0.0,0.0,0.0,5.0,6.0,7.0,8.0,9.0,10.0,0.0,0.0
5,3,150,8,1,0.0,0.0,0.0,0.0,5.0,6.0,7.0,8.0,9.0,10.0,0.0,0.0
5,3,180,6,1,0.0,0.0,0.0,0.0,5.0,6.0,7.0,8.0,9.0,10.0,0.0,0.0
4,9,180,24,15,0.0,0.0,0.0,0.0,5.0,6.0,7.0,8.0,9.0,10.0,0.0,0.0
5,3,180,12,4,0.0,0.0,0.0,0.0,5.0,6.0,7.0,8.0,9.0,10.0,0.0,0.0
3,6,140,3,2,0.0,0.0,0.0,0.0,5.0,6.0,7.0,8.0,9.0,10.0,0.0,0.0
3,6,210,10,2,0.0,0.0,0.0,0.0,5.0,6.0,7.0,8.0,9.0,10.0,11.0,0.0
5,3,180,18,5,0.0,0.0,0.0,0.0,5.0,6.0,7.0,8.0,9.0,10.0,0.0,0.0
5,3,180,15,3,0.0,0.0,0.0,0.0,5.0,6.0,7.0,8.0,9.0,10.0,0.0,0.0
5,6,180,7,6,0.0,0.0,0.0,0.0,5.0,6.0,7.0,8.0,9.0,10.0,0.0,0.0
2,3,180,4,4,0.0,0.0,0.0,0.0,5.0,6.0,7.0,8.0,9.0,10.0,0.0,0.0
5,3,180,20,6,0.0,0.0,0.0,0.0,5.0,6.0,7.0,8.0,9.0,10.0,0.0,0.0
5,3,120,14,3,0.0,0.0,0.0,0.0,5.0,6.0,7.0,8.0,0.0,0.0,0.0,0.0
5,3,120,12,4,0.0,0.0,0.0,0.0,5.0,6.0,7.0,8.0,0.0,0.0,0.0,0.0
4,2,210,8,10,0.0,0.0,0.0,4.0,5.0,6.0,7.0,8.0,9.0,10.0,0.0,0.0
5,3,150,7,2,0.0,0.0,0.0,4.0,5.0,6.0,7.0,8.0,0.0,0.0,0.0,0.0
5,5,135,8,99,0.0,0.0,0.0,0.0,5.0,6.0,7.0,8.0,9.0,0.0,0.0,0.0
5,3,135,8,99,0.0,0.0,0.0,0.0,5.0,6.0,7.0,8.0,9.0,0.0,0.0,0.0
5,5,135,8,99,0.0,0.0,0.0,0.0,5.0,6.0,7.0,8.0,9.0,0.0,0.0,0.0
5,3,180,8,3,0.0,0.0,0.0,0.0,5.0,6.0,7.0,8.0,9.0,10.0,0.0,0.0
5,5,180,6,3,0.0,0.0,0.0,0.0,5.0,6.0,7.0,8.0,9.0,10.0,0.0,0.0
2,3,180,8,3,0.0,0.0,0.0,0.0,5.0,6.0,7.0,8.0,9.0,10.0,0.0,0.0
5,3,120,15,3,0.0,0.0,0.0,0.0,0.0,0.0,7.0,8.0,9.0,10.0,0.0,0.0
5,3,150,4,3,0.0,0.0,0.0,0.0,5.0,6.0,7.0,8.0,9.0,10.0,0.0,0.0
5,3,180,15,4,0.0,0.0,0.0,0.0,5.0,6.0,7.0,8.0,9.0,10.0,0.0,0.0
5,3,80,15,4,0.0,0.0,0.0,0.0,5.0,6.0,7.0,8.0,9.0,10.0,0.0,0.0
5,3,180,16,4,0.0,0.0,0.0,0.0,5.0,6.0,7.0,8.0,9.0,10.0,0.0,0.0
5,3,180,24,10,0.0,0.0,0.0,0.0,5.0,6.0,7.0,8.0,9.0,10.0,0.0,0.0
5,5,180,3,5,0.0,0.0,0.0,0.0,5.0,6.0,7.0,8.0,9.0,10.0,0.0,0.0
5,5,120,2,2,0.0,0.0,0.0,0.0,0.0,6.0,7.0,8.0,9.0,0.0,0.0,0.0
5,3,210,3,5,0.0,0.0,0.0,4.0,5.0,6.0,7.0,8.0,9.0,10.0,0.0,0.0
5,3,210,6,5,0.0,0.0,0.0,4.0,5.0,6.0,7.0,8.0,9.0,10.0,0.0,0.0
5,3,210,7,5,0.0,0.0,0.0,4.0,5.0,6.0,7.0,8.0,9.0,10.0,0.0,0.0
5,3,210,7,5,0.0,0.0,0.0,4.0,5.0,6.0,7.0,8.0,9.0,10.0,0.0,0.0
5,3,150,1,99,0.0,0.0,0.0,0.0,0.0,0.0,0.0,8.0,9.0,10.0,11.0,12.0
5,3,180,10,1,0.0,0.0,0.0,0.0,5.0,6.0,7.0,8.0,9.0,10.0,0.0,0.0
2,3,150,4,10,0.0,0.0,0.0,4.0,5.0,6.0,7.0,8.0,0.0,0.0,0.0,0.0
5,3,150,12,4,0.0,0.0,0.0,0.0,5.0,6.0,7.0,8.0,9.0,10.0,0.0,0.0
2,3,180,16,9,0.0,0.0,0.0,0.0,5.0,6.0,7.0,8.0,9.0,10.0,0.0,0.0
4,1,180,8,1,0.0,0.0,0.0,0.0,5.0,6.0,7.0,8.0,9.0,10.0,0.0,0.0
5,4,120,5,2,0.0,0.0,0.0,0.0,0.0,6.0,7.0,8.0,9.0,0.0,0.0,0.0
2,3,150,24,4,0.0,0.0,0.0,0.0,5.0,6.0,7.0,8.0,9.0,0.0,0.0,0.0
5,3,150,8,2,0.0,0.0,0.0,0.0,5.0,6.0,7.0,8.0,9.0,0.0,0.0,0.0
5,3,120,8,4,0.0,0.0,0.0,0.0,5.0,6.0,7.0,8.0,9.0,10.0,0.0,0.0
2,4,140,6,5,0.0,0.0,0.0,0.0,5.0,6.0,7.0,8.0,9.0,10.0,0.0,0.0
5,3,210,18,3,0.0,0.0,0.0,4.0,5.0,6.0,7.0,8.0,9.0,10.0,0.0,0.0
5,3,240,10,3,0.0,0.0,0.0,4.0,5.0,6.0,7.0,8.0,9.0,10.0,11.0,0.0
5,5,180,4,3,0.0,0.0,0.0,0.0,5.0,6.0,7.0,8.0,9.0,10.0,0.0,0.0
5,3,210,18,3,0.0,0.0,0.0,4.0,5.0,6.0,7.0,8.0,9.0,10.0,0.0,0.0
5,1,180,5,7,0.0,0.0,0.0,0.0,5.0,6.0,7.0,8.0,9.0,10.0,0.0,0.0
5,5,180,8,10,0.0,0.0,0.0,0.0,5.0,6.0,7.0,8.0,9.0,10.0,0.0,0.0
5,3,180,5,7,0.0,0.0,0.0,0.0,5.0,6.0,7.0,8.0,9.0,10.0,0.0,0.0
5,3,150,13,99,0.0,0.0,0.0,0.0,0.0,6.0,7.0,8.0,9.0,10.0,0.0,0.0
5,5,180,4,1,0.0,0.0,0.0,0.0,5.0,6.0,7.0,8.0,9.0,10.0,0.0,0.0
5,4,90,1,8,0.0,0.0,0.0,0.0,0.0,6.0,7.0,8.0,0.0,0.0,0.0,0.0
2,3,120,8,8,0.0,0.0,0.0,0.0,0.0,6.0,7.0,8.0,9.0,0.0,0.0,0.0
5,3,150,12,4,0.0,0.0,0.0,0.0,5.0,6.0,7.0,8.0,9.0,0.0,0.0,0.0
3,6,210,20,7,0.0,0.0,0.0,4.0,5.0,6.0,7.0,8.0,9.0,10.0,0.0,0.0
5,3,240,8,2,0.0,0.0,3.0,4.0,5.0,6.0,7.0,8.0,9.0,10.0,0.0,0.0
5,5,210,4,1,0.0,0.0,0.0,0.0,5.0,6.0,7.0,8.0,9.0,10.0,11.0,0.0
5,5,210,8,1,0.0,0.0,0.0,0.0,5.0,6.0,7.0,8.0,9.0,10.0,11.0,0.0
2,3,20,12,3,0.0,0.0,0.0,0.0,5.0,6.0,7.0,8.0,0.0,0.0,0.0,0.0
2,5,150,9,1,0.0,0.0,0.0,0.0,5.0,6.0,7.0,8.0,9.0,0.0,0.0,0.0
2,5,150,9,10,0.0,0.0,0.0,0.0,5.0,6.0,7.0,8.0,9.0,0.0,0.0,0.0
5,3,180,12,1,0.0,0.0,0.0,0.0,5.0,6.0,7.0,8.0,9.0,10.0,0.0,0.0
4,3,210,24,5,0.0,0.0,3.0,4.0,5.0,6.0,7.0,8.0,9.0,0.0,0.0,0.0
5,3,180,10,4,0.0,0.0,0.0,0.0,5.0,6.0,7.0,8.0,9.0,10.0,0.0,0.0
5,5,150,7,2,0.0,0.0,0.0,0.0,5.0,6.0,7.0,8.0,9.0,0.0,0.0,0.0
2,3,150,10,8,0.0,0.0,0.0,0.0,5.0,6.0,7.0,8.0,9.0,0.0,0.0,0.0
5,3,135,10,5,0.0,0.0,0.0,0.0,5.0,6.0,7.0,8.0,9.0,0.0,0.0,0.0
2,1,150,10,7,0.0,0.0,0.0,0.0,5.0,6.0,7.0,8.0,9.0,0.0,0.0,0.0
5,3,240,6,3,0.0,0.0,0.0,4.0,5.0,6.0,7.0,8.0,9.0,10.0,11.0,0.0
5,3,150,12,3,0.0,0.0,0.0,0.0,0.0,6.0,7.0,8.0,9.0,10.0,0.0,0.0
5,3,150,11,5,0.0,0.0,0.0,0.0,5.0,6.0,7.0,8.0,9.0,10.0,0.0,0.0
5,3,20,9,3,0.0,0.0,0.0,0.0,5.0,6.0,7.0,8.0,9.0,0.0,0.0,0.0
5,3,150,12,7,0.0,0.0,0.0,0.0,0.0,6.0,7.0,8.0,9.0,10.0,0.0,0.0
5,3,60,1,5,0.0,0.0,0.0,0.0,0.0,6.0,7.0,0.0,0.0,0.0,0.0,0.0
5,3,180,12,4,0.0,0.0,0.0,0.0,5.0,6.0,7.0,8.0,9.0,10.0,0.0,0.0
2,2,180,8,3,0.0,0.0,0.0,0.0,5.0,6.0,7.0,8.0,9.0,10.0,0.0,0.0
2,4,180,13,3,0.0,0.0,0.0,0.0,5.0,6.0,7.0,8.0,9.0,10.0,0.0,0.0
4,3,160,18,1,0.0,0.0,0.0,0.0,5.0,6.0,7.0,8.0,9.0,10.0,0.0,0.0
5,3,150,12,3,0.0,0.0,0.0,0.0,5.0,6.0,7.0,8.0,9.0,0.0,0.0,0.0
5,5,150,6,2,0.0,0.0,0.0,0.0,5.0,6.0,7.0,8.0,9.0,0.0,0.0,0.0
5,4,180,8,4,0.0,0.0,0.0,0.0,5.0,6.0,7.0,8.0,9.0,10.0,11.0,0.0
5,3,180,10,4,0.0,0.0,0.0,0.0,5.0,6.0,7.0,8.0,9.0,10.0,11.0,0.0
5,5,240,9,9,0.0,0.0,0.0,4.0,5.0,6.0,7.0,8.0,9.0,10.0,11.0,0.0
5,3,240,12,6,0.0,0.0,0.0,4.0,5.0,6.0,7.0,8.0,9.0,10.0,11.0,0.0
5,4,32,10,3,0.0,0.0,0.0,4.0,5.0,6.0,7.0,8.0,9.0,10.0,11.0,0.0
5,3,240,10,8,0.0,0.0,0.0,4.0,5.0,6.0,7.0,8.0,9.0,10.0,11.0,0.0
5,4,210,5,1,0.0,0.0,0.0,0.0,5.0,6.0,7.0,8.0,9.0,10.0,11.0,0.0
5,4,90,12,5,0.0,0.0,0.0,0.0,0.0,6.0,7.0,8.0,0.0,0.0,0.0,0.0
5,3,210,7,7,0.0,0.0,0.0,0.0,5.0,6.0,7.0,8.0,9.0,10.0,11.0,0.0
5,3,210,7,5,0.0,0.0,0.0,0.0,5.0,6.0,7.0,8.0,9.0,10.0,11.0,0.0
5,5,210,6,9,0.0,0.0,0.0,0.0,5.0,6.0,7.0,8.0,9.0,10.0,11.0,0.0
5,3,180,18,2,0.0,0.0,0.0,0.0,5.0,6.0,7.0,8.0,9.0,10.0,0.0,0.0
5,3,180,18,3,0.0,0.0,0.0,0.0,5.0,6.0,7.0,8.0,9.0,10.0,0.0,0.0
5,3,180,12,5,0.0,0.0,0.0,0.0,5.0,6.0,7.0,8.0,9.0,10.0,0.0,0.0
2,4,115,7,6,0.0,0.0,0.0,0.0,0.0,6.0,7.0,8.0,9.0,0.0,0.0,0.0
5,3,115,6,2,0.0,0.0,0.0,0.0,5.0,6.0,7.0,8.0,9.0,0.0,0.0,0.0
5,5,300,15,6,0.0,2.0,3.0,4.0,5.0,6.0,7.0,8.0,9.0,10.0,11.0,0.0
5,4,300,8,4,0.0,2.0,3.0,4.0,5.0,6.0,7.0,8.0,9.0,10.0,11.0,0.0
2,4,180,4,8,0.0,0.0,0.0,0.0,5.0,6.0,7.0,8.0,9.0,10.0,0.0,0.0
5,3,180,10,6,0.0,0.0,0.0,0.0,5.0,6.0,7.0,8.0,9.0,10.0,0.0,0.0
5,5,180,10,2,0.0,0.0,0.0,0.0,5.0,6.0,7.0,8.0,9.0,10.0,0.0,0.0
5,3,150,7,5,0.0,0.0,0.0,0.0,5.0,6.0,7.0,8.0,9.0,0.0,0.0,0.0
5,3,180,7,5,0.0,0.0,0.0,0.0,5.0,6.0,7.0,8.0,9.0,10.0,0.0,0.0
2,3,180,12,7,0.0,0.0,0.0,0.0,5.0,6.0,7.0,8.0,9.0,10.0,0.0,0.0
5,3,180,10,3,0.0,0.0,0.0,0.0,5.0,6.0,7.0,8.0,9.0,10.0,0.0,0.0
2,3,180,4,10,0.0,0.0,0.0,0.0,5.0,6.0,7.0,8.0,9.0,10.0,0.0,0.0
4,1,180,8,18,0.0,0.0,0.0,0.0,5.0,6.0,7.0,8.0,9.0,10.0,0.0,0.0
2,3,240,12,10,0.0,0.0,3.0,4.0,5.0,6.0,7.0,8.0,9.0,10.0,0.0,0.0
2,3,240,12,1,0.0,0.0,0.0,4.0,5.0,6.0,7.0,8.0,9.0,10.0,11.0,0.0
2,5,180,12,7,0.0,0.0,0.0,4.0,5.0,6.0,7.0,8.0,9.0,0.0,0.0,0.0
5,3,210,12,3,0.0,0.0,0.0,0.0,5.0,6.0,7.0,8.0,9.0,10.0,11.0,0.0
5,3,120,2,3,0.0,0.0,0.0,0.0,0.0,6.0,7.0,8.0,9.0,0.0,0.0,0.0
5,3,180,14,3,0.0,0.0,0.0,0.0,5.0,6.0,7.0,8.0,9.0,10.0,0.0,0.0
5,5,150,10,2,0.0,0.0,0.0,0.0,5.0,6.0,7.0,8.0,9.0,0.0,0.0,0.0
5,5,150,10,1,0.0,0.0,0.0,0.0,5.0,6.0,7.0,8.0,9.0,0.0,0.0,0.0
7,3,180,4,4,0.0,0.0,0.0,0.0,5.0,6.0,7.0,8.0,9.0,10.0,0.0,0.0
5,3,180,8,5,0.0,0.0,0.0,0.0,5.0,6.0,7.0,8.0,9.0,10.0,0.0,0.0
5,3,180,8,5,0.0,0.0,0.0,0.0,5.0,6.0,7.0,8.0,9.0,10.0,0.0,0.0
5,3,180,20,10,0.0,0.0,0.0,0.0,5.0,6.0,7.0,8.0,9.0,10.0,0.0,0.0
5,3,180,8,8,0.0,0.0,0.0,0.0,5.0,6.0,7.0,8.0,9.0,10.0,0.0,0.0
5,3,180,8,8,0.0,0.0,0.0,0.0,5.0,6.0,7.0,8.0,9.0,10.0,0.0,0.0
2,3,120,6,1,0.0,0.0,0.0,0.0,0.0,0.0,7.0,8.0,9.0,10.0,0.0,0.0
2,3,90,4,7,0.0,0.0,0.0,0.0,0.0,6.0,7.0,8.0,0.0,0.0,0.0,0.0
5,5,90,3,7,0.0,0.0,0.0,0.0,0.0,6.0,7.0,8.0,0.0,0.0,0.0,0.0
5,3,180,6,6,0.0,0.0,0.0,0.0,5.0,6.0,7.0,8.0,9.0,10.0,0.0,0.0
5,3,180,6,3,0.0,0.0,0.0,0.0,5.0,6.0,7.0,8.0,9.0,10.0,0.0,0.0
5,3,180,6,3,0.0,0.0,0.0,0.0,5.0,6.0,7.0,8.0,9.0,10.0,0.0,0.0
5,5,150,1,3,0.0,0.0,0.0,0.0,0.0,6.0,7.0,8.0,9.0,10.0,0.0,0.0
2,3,180,6,6,0.0,0.0,0.0,0.0,5.0,6.0,7.0,8.0,9.0,10.0,0.0,0.0
5,4,180,19,1,0.0,0.0,0.0,0.0,5.0,6.0,7.0,8.0,9.0,10.0,0.0,0.0
5,3,180,7,2,0.0,0.0,0.0,0.0,5.0,6.0,7.0,8.0,9.0,10.0,0.0,0.0
5,4,120,8,4,0.0,0.0,0.0,0.0,0.0,6.0,7.0,8.0,9.0,0.0,0.0,0.0
5,4,120,8,4,0.0,0.0,0.0,0.0,0.0,6.0,7.0,8.0,9.0,10.0,0.0,0.0
5,3,270,7,5,0.0,2.0,3.0,4.0,5.0,6.0,7.0,8.0,9.0,10.0,11.0,0.0
5,3,270,7,5,0.0,0.0,3.0,4.0,5.0,6.0,7.0,8.0,9.0,10.0,11.0,0.0
5,3,250,4,5,0.0,0.0,3.0,4.0,5.0,6.0,7.0,8.0,9.0,10.0,11.0,0.0
5,5,120,4,7,0.0,0.0,0.0,0.0,0.0,6.0,7.0,8.0,9.0,0.0,0.0,0.0
5,3,120,4,8,0.0,0.0,0.0,0.0,0.0,6.0,7.0,8.0,9.0,0.0,0.0,0.0
5,5,120,12,5,0.0,0.0,0.0,0.0,0.0,6.0,7.0,8.0,9.0,0.0,0.0,0.0
5,3,150,15,3,0.0,0.0,0.0,0.0,5.0,6.0,7.0,8.0,9.0,0.0,0.0,0.0
5,3,210,14,8,0.0,0.0,0.0,4.0,5.0,6.0,7.0,8.0,9.0,10.0,0.0,0.0
2,2,210,5,15,0.0,0.0,0.0,4.0,5.0,6.0,7.0,8.0,9.0,10.0,0.0,0.0
5,3,210,16,8,0.0,0.0,0.0,4.0,5.0,6.0,7.0,8.0,9.0,10.0,0.0,0.0
5,3,165,18,6,0.0,0.0,0.0,0.0,5.0,6.0,7.0,8.0,9.0,10.0,0.0,0.0
5,3,150,18,1,0.0,0.0,0.0,0.0,0.0,6.0,7.0,8.0,9.0,10.0,0.0,0.0
4,1,180,3,17,0.0,0.0,0.0,0.0,5.0,6.0,7.0,8.0,9.0,10.0,0.0,0.0
2,4,150,8,3,0.0,0.0,0.0,0.0,5.0,6.0,7.0,8.0,9.0,0.0,0.0,0.0
5,5,150,4,4,0.0,0.0,0.0,0.0,5.0,6.0,7.0,8.0,9.0,0.0,0.0,0.0
5,9,150,10,6,0.0,0.0,0.0,0.0,5.0,6.0,7.0,8.0,9.0,0.0,0.0,0.0
5,3,120,9,4,0.0,0.0,0.0,0.0,0.0,6.0,7.0,8.0,9.0,0.0,0.0,0.0
5,3,120,9,4,0.0,0.0,0.0,0.0,0.0,6.0,7.0,8.0,9.0,0.0,0.0,0.0
5,4,120,7,3,0.0,0.0,0.0,0.0,0.0,6.0,7.0,8.0,9.0,0.0,0.0,0.0
5,5,180,6,10,0.0,0.0,0.0,0.0,5.0,6.0,7.0,8.0,9.0,10.0,0.0,0.0
5,4,180,8,3,0.0,0.0,0.0,0.0,5.0,6.0,7.0,8.0,9.0,10.0,0.0,0.0
2,5,120,6,18,0.0,0.0,0.0,0.0,0.0,0.0,7.0,8.0,9.0,10.0,0.0,0.0
5,2,180,8,7,0.0,0.0,0.0,0.0,5.0,6.0,7.0,8.0,9.0,10.0,0.0,0.0
5,2,180,8,10,0.0,0.0,0.0,0.0,5.0,6.0,7.0,8.0,9.0,10.0,0.0,0.0
5,4,210,12,9,0.0,0.0,0.0,0.0,5.0,6.0,7.0,8.0,9.0,10.0,11.0,0.0
5,3,180,12,10,0.0,0.0,0.0,0.0,5.0,6.0,7.0,8.0,9.0,10.0,0.0,0.0
5,3,180,12,9,0.0,0.0,0.0,0.0,5.0,6.0,7.0,8.0,9.0,10.0,0.0,0.0
2,5,165,16,2,0.0,0.0,0.0,4.0,5.0,6.0,7.0,8.0,9.0,0.0,0.0,0.0
4,1,210,24,2,0.0,0.0,0.0,4.0,5.0,6.0,7.0,8.0,9.0,10.0,0.0,0.0
4,1,365,16,6,1.0,2.0,3.0,4.0,5.0,6.0,7.0,8.0,9.0,10.0,11.0,12.0
2,5,150,6,2,0.0,0.0,0.0,0.0,5.0,6.0,7.0,8.0,9.0,0.0,0.0,0.0
5,5,120,2,4,0.0,0.0,0.0,0.0,5.0,6.0,7.0,8.0,0.0,0.0,0.0,0.0
5,3,200,15,2,0.0,0.0,0.0,4.0,5.0,6.0,7.0,8.0,9.0,10.0,0.0,0.0
7,9,90,6,5,0.0,0.0,0.0,0.0,0.0,0.0,0.0,0.0,9.0,10.0,11.0,0.0
2,2,120,1,5,0.0,0.0,0.0,0.0,0.0,6.0,7.0,8.0,9.0,0.0,0.0,0.0
2,2,240,1,5,0.0,0.0,0.0,4.0,5.0,6.0,7.0,8.0,9.0,10.0,11.0,0.0
5,4,240,2,4,0.0,0.0,0.0,4.0,5.0,6.0,7.0,8.0,9.0,10.0,11.0,0.0
5,4,60,5,4,0.0,0.0,0.0,0.0,0.0,6.0,7.0,0.0,0.0,0.0,0.0,0.0
5,3,60,8,2,0.0,0.0,0.0,0.0,0.0,6.0,7.0,0.0,0.0,0.0,0.0,0.0
5,3,240,8,14,0.0,0.0,0.0,4.0,5.0,6.0,7.0,8.0,9.0,10.0,11.0,0.0
5,3,240,16,14,0.0,0.0,0.0,4.0,5.0,6.0,7.0,8.0,9.0,10.0,11.0,0.0
5,5,240,8,8,0.0,0.0,0.0,4.0,5.0,6.0,7.0,8.0,9.0,10.0,11.0,0.0
2,3,210,9,16,0.0,0.0,0.0,4.0,5.0,6.0,7.0,8.0,9.0,10.0,0.0,0.0
5,5,210,5,4,0.0,0.0,0.0,4.0,5.0,6.0,7.0,8.0,9.0,10.0,0.0,0.0
5,3,180,24,8,0.0,0.0,0.0,0.0,5.0,6.0,7.0,8.0,9.0,10.0,0.0,0.0
5,3,180,24,7,0.0,0.0,0.0,0.0,5.0,6.0,7.0,8.0,9.0,10.0,0.0,0.0
5,4,180,24,2,0.0,0.0,0.0,0.0,5.0,6.0,7.0,8.0,9.0,10.0,0.0,0.0
2,3,210,4,1,0.0,0.0,0.0,4.0,5.0,6.0,7.0,8.0,9.0,10.0,0.0,0.0
2,3,120,15,5,0.0,0.0,0.0,0.0,5.0,6.0,7.0,8.0,0.0,0.0,0.0,0.0
2,5,120,5,10,0.0,0.0,0.0,0.0,5.0,6.0,7.0,8.0,0.0,0.0,0.0,0.0
5,3,150,9,5,0.0,0.0,0.0,0.0,5.0,6.0,7.0,8.0,9.0,0.0,0.0,0.0
5,5,150,1,6,0.0,0.0,0.0,0.0,5.0,6.0,7.0,8.0,9.0,0.0,0.0,0.0
5,3,150,9,5,0.0,0.0,0.0,0.0,5.0,6.0,7.0,8.0,9.0,0.0,0.0,0.0
5,3,150,9,5,0.0,0.0,0.0,0.0,5.0,6.0,7.0,8.0,9.0,0.0,0.0,0.0
5,5,150,2,3,0.0,0.0,0.0,0.0,5.0,6.0,7.0,8.0,9.0,0.0,0.0,0.0
5,3,180,24,3,0.0,0.0,0.0,0.0,5.0,6.0,7.0,8.0,9.0,10.0,0.0,0.0
5,3,180,24,3,0.0,0.0,0.0,0.0,5.0,6.0,7.0,8.0,9.0,10.0,0.0,0.0
6,3,240,7,99,0.0,0.0,0.0,4.0,5.0,6.0,7.0,8.0,9.0,10.0,11.0,0.0
6,3,240,7,99,0.0,0.0,0.0,4.0,5.0,6.0,7.0,8.0,9.0,10.0,11.0,0.0
6,4,150,3,3,0.0,0.0,0.0,0.0,0.0,0.0,7.0,8.0,9.0,10.0,11.0,0.0
5,5,120,10,5,0.0,0.0,0.0,0.0,5.0,6.0,7.0,8.0,0.0,0.0,0.0,0.0
5,5,120,10,6,0.0,0.0,0.0,0.0,5.0,6.0,7.0,8.0,0.0,0.0,0.0,0.0
5,5,120,10,8,0.0,0.0,0.0,0.0,5.0,6.0,7.0,8.0,0.0,0.0,0.0,0.0
5,5,120,10,8,0.0,0.0,0.0,0.0,5.0,6.0,7.0,8.0,0.0,0.0,0.0,0.0
5,4,180,12,7,0.0,0.0,0.0,0.0,5.0,6.0,7.0,8.0,9.0,10.0,0.0,0.0
5,3,180,7,9,0.0,0.0,0.0,0.0,5.0,6.0,7.0,8.0,9.0,10.0,0.0,0.0
5,3,180,7,2,0.0,0.0,0.0,0.0,5.0,6.0,7.0,8.0,9.0,10.0,0.0,0.0
5,5,180,2,4,0.0,0.0,0.0,0.0,5.0,6.0,7.0,8.0,9.0,10.0,0.0,0.0
5,3,120,10,4,0.0,0.0,0.0,0.0,0.0,0.0,7.0,8.0,9.0,10.0,0.0,0.0
5,3,120,11,1,0.0,0.0,0.0,0.0,0.0,0.0,7.0,8.0,9.0,10.0,0.0,0.0
5,5,180,2,1,0.0,2.0,3.0,4.0,5.0,6.0,7.0,0.0,0.0,0.0,0.0,0.0
5,3,180,12,1,0.0,0.0,0.0,0.0,5.0,6.0,7.0,8.0,9.0,10.0,0.0,0.0
5,3,120,1,4,0.0,0.0,0.0,0.0,0.0,6.0,7.0,8.0,9.0,0.0,0.0,0.0
5,3,120,3,4,0.0,0.0,0.0,0.0,0.0,6.0,7.0,8.0,9.0,0.0,0.0,0.0
5,3,240,5,8,0.0,0.0,3.0,4.0,5.0,6.0,7.0,8.0,9.0,10.0,0.0,0.0
5,3,240,5,5,0.0,0.0,3.0,4.0,5.0,6.0,7.0,8.0,9.0,10.0,0.0,0.0
5,3,240,4,1,0.0,0.0,3.0,4.0,5.0,6.0,7.0,8.0,9.0,10.0,0.0,0.0
5,5,240,10,3,0.0,0.0,3.0,4.0,5.0,6.0,7.0,8.0,9.0,10.0,0.0,0.0
5,3,210,3,5,0.0,0.0,0.0,4.0,5.0,6.0,7.0,8.0,9.0,10.0,0.0,0.0
5,3,210,3,5,0.0,0.0,0.0,4.0,5.0,6.0,7.0,8.0,9.0,10.0,0.0,0.0
3,6,240,10,13,0.0,0.0,0.0,4.0,5.0,6.0,7.0,8.0,9.0,10.0,11.0,0.0
5,5,180,6,13,0.0,0.0,0.0,0.0,5.0,6.0,7.0,8.0,9.0,10.0,0.0,0.0
5,3,180,5,3,0.0,0.0,0.0,0.0,5.0,6.0,7.0,8.0,9.0,10.0,0.0,0.0
5,3,180,5,3,0.0,0.0,0.0,0.0,5.0,6.0,7.0,8.0,9.0,10.0,0.0,0.0
5,5,180,8,2,0.0,0.0,0.0,0.0,5.0,6.0,7.0,8.0,9.0,10.0,0.0,0.0
5,3,180,10,4,0.0,0.0,0.0,0.0,5.0,6.0,7.0,8.0,9.0,10.0,0.0,0.0
5,3,180,10,13,0.0,0.0,0.0,0.0,5.0,6.0,7.0,8.0,9.0,10.0,0.0,0.0
5,3,185,8,13,0.0,0.0,0.0,4.0,5.0,6.0,7.0,8.0,9.0,10.0,0.0,0.0
5,5,180,3,4,0.0,0.0,0.0,0.0,5.0,6.0,7.0,8.0,9.0,10.0,0.0,0.0
5,3,180,8,4,0.0,0.0,0.0,0.0,5.0,6.0,7.0,8.0,9.0,10.0,0.0,0.0
5,3,180,8,4,0.0,0.0,0.0,0.0,5.0,6.0,7.0,8.0,9.0,10.0,0.0,0.0
5,3,180,8,4,0.0,0.0,0.0,0.0,5.0,6.0,7.0,8.0,9.0,10.0,0.0,0.0
2,3,180,12,3,0.0,0.0,0.0,0.0,5.0,6.0,7.0,8.0,9.0,10.0,0.0,0.0
2,3,180,12,4,0.0,0.0,0.0,0.0,5.0,6.0,7.0,8.0,9.0,10.0,0.0,0.0
5,3,180,12,3,0.0,0.0,0.0,0.0,5.0,6.0,7.0,8.0,9.0,10.0,0.0,0.0
2,3,180,12,3,0.0,0.0,0.0,0.0,5.0,6.0,7.0,8.0,9.0,10.0,0.0,0.0
2,3,210,12,5,0.0,0.0,0.0,4.0,5.0,6.0,7.0,8.0,9.0,10.0,0.0,0.0
4,4,150,18,12,0.0,0.0,0.0,0.0,5.0,6.0,7.0,8.0,9.0,0.0,0.0,0.0
5,3,180,10,2,0.0,0.0,0.0,0.0,5.0,6.0,7.0,8.0,9.0,10.0,0.0,0.0
5,4,180,5,6,0.0,0.0,0.0,0.0,5.0,6.0,7.0,8.0,9.0,10.0,0.0,0.0
5,3,180,12,3,0.0,0.0,0.0,0.0,5.0,6.0,7.0,8.0,9.0,10.0,0.0,0.0
5,3,180,14,4,0.0,0.0,0.0,4.0,5.0,6.0,7.0,8.0,9.0,0.0,0.0,0.0
5,3,120,6,7,0.0,0.0,0.0,0.0,0.0,6.0,7.0,8.0,9.0,0.0,0.0,0.0
5,3,150,4,5,0.0,0.0,0.0,0.0,5.0,6.0,7.0,8.0,9.0,0.0,0.0,0.0
5,4,180,6,5,0.0,0.0,0.0,0.0,5.0,6.0,7.0,8.0,9.0,10.0,0.0,0.0
5,3,90,3,5,0.0,0.0,0.0,0.0,5.0,6.0,7.0,0.0,0.0,0.0,0.0,0.0
5,4,180,8,5,0.0,0.0,0.0,0.0,5.0,6.0,7.0,8.0,9.0,10.0,0.0,0.0
5,3,180,12,1,0.0,0.0,0.0,4.0,5.0,6.0,7.0,8.0,9.0,0.0,0.0,0.0
5,3,180,5,1,0.0,0.0,0.0,4.0,5.0,6.0,7.0,8.0,9.0,0.0,0.0,0.0
5,3,180,4,1,0.0,0.0,0.0,4.0,5.0,6.0,7.0,8.0,9.0,0.0,0.0,0.0
5,3,180,12,3,0.0,0.0,0.0,0.0,5.0,6.0,7.0,8.0,9.0,10.0,0.0,0.0
2,6,195,16,3,0.0,0.0,0.0,0.0,5.0,6.0,7.0,8.0,9.0,10.0,11.0,0.0
2,3,180,8,1,0.0,0.0,0.0,0.0,0.0,6.0,7.0,8.0,9.0,10.0,11.0,0.0
5,4,180,24,2,0.0,0.0,0.0,0.0,5.0,6.0,7.0,8.0,9.0,10.0,0.0,0.0
5,4,210,5,4,0.0,0.0,0.0,4.0,5.0,6.0,7.0,8.0,9.0,10.0,0.0,0.0
5,4,210,5,4,0.0,0.0,0.0,4.0,5.0,6.0,7.0,8.0,9.0,10.0,0.0,0.0
5,4,120,5,6,0.0,0.0,0.0,0.0,5.0,6.0,7.0,8.0,0.0,0.0,0.0,0.0
2,3,90,12,4,0.0,0.0,0.0,0.0,0.0,0.0,7.0,8.0,9.0,0.0,0.0,0.0
4,9,210,8,2,0.0,0.0,3.0,4.0,5.0,6.0,7.0,8.0,9.0,0.0,0.0,0.0
2,1,210,7,3,0.0,0.0,3.0,4.0,5.0,6.0,7.0,8.0,9.0,0.0,0.0,0.0
4,2,180,6,9,0.0,0.0,0.0,0.0,5.0,6.0,7.0,8.0,9.0,10.0,0.0,0.0
5,3,210,8,1,0.0,0.0,0.0,0.0,5.0,6.0,7.0,8.0,9.0,10.0,11.0,0.0
2,1,190,20,1,0.0,0.0,0.0,0.0,5.0,6.0,7.0,8.0,9.0,10.0,11.0,0.0
5,3,190,14,1,0.0,0.0,0.0,0.0,5.0,6.0,7.0,8.0,9.0,10.0,11.0,0.0
2,3,180,8,1,0.0,0.0,0.0,0.0,5.0,6.0,7.0,8.0,9.0,10.0,0.0,0.0
2,5,360,9,6,1.0,2.0,3.0,4.0,5.0,6.0,7.0,8.0,9.0,10.0,11.0,12.0
2,3,180,16,1,0.0,0.0,0.0,4.0,5.0,6.0,7.0,8.0,9.0,0.0,0.0,0.0
2,2,270,12,7,0.0,0.0,0.0,4.0,5.0,6.0,7.0,8.0,9.0,10.0,11.0,12.0
5,4,180,24,2,0.0,0.0,0.0,0.0,5.0,6.0,7.0,8.0,9.0,10.0,0.0,0.0
2,3,90,4,1,0.0,0.0,0.0,0.0,0.0,6.0,7.0,8.0,0.0,0.0,0.0,0.0
2,3,60,2,4,0.0,0.0,0.0,0.0,0.0,0.0,7.0,8.0,0.0,0.0,0.0,0.0
5,5,180,5,2,0.0,0.0,0.0,0.0,5.0,6.0,7.0,8.0,9.0,10.0,0.0,0.0
5,3,180,9,4,0.0,0.0,0.0,0.0,5.0,6.0,7.0,8.0,9.0,10.0,0.0,0.0
2,3,240,10,7,0.0,0.0,3.0,4.0,5.0,6.0,7.0,8.0,9.0,10.0,0.0,0.0
5,3,90,8,1,0.0,0.0,0.0,0.0,0.0,0.0,7.0,8.0,9.0,0.0,0.0,0.0
5,3,90,8,1,0.0,0.0,0.0,0.0,0.0,6.0,7.0,8.0,0.0,0.0,0.0,0.0
5,3,180,6,1,0.0,0.0,0.0,0.0,5.0,6.0,7.0,8.0,9.0,10.0,0.0,0.0
5,3,180,6,2,0.0,0.0,0.0,0.0,5.0,6.0,7.0,8.0,9.0,10.0,0.0,0.0
2,3,210,24,5,0.0,0.0,0.0,4.0,5.0,6.0,7.0,8.0,9.0,10.0,0.0,0.0
2,3,180,12,5,0.0,0.0,0.0,4.0,5.0,6.0,7.0,8.0,9.0,0.0,0.0,0.0
5,4,180,12,4,0.0,0.0,0.0,0.0,5.0,6.0,7.0,8.0,9.0,10.0,0.0,0.0
2,5,180,18,10,0.0,0.0,0.0,0.0,5.0,6.0,7.0,8.0,9.0,10.0,0.0,0.0
2,4,180,5,1,0.0,0.0,0.0,0.0,5.0,6.0,7.0,8.0,9.0,10.0,0.0,0.0
2,4,180,9,1,0.0,0.0,0.0,0.0,5.0,6.0,7.0,8.0,9.0,10.0,0.0,0.0
2,3,180,12,4,0.0,0.0,0.0,0.0,5.0,6.0,7.0,8.0,9.0,10.0,0.0,0.0
5,3,150,7,1,0.0,0.0,0.0,0.0,0.0,6.0,7.0,8.0,9.0,10.0,0.0,0.0
5,3,150,8,1,0.0,0.0,0.0,0.0,0.0,6.0,7.0,8.0,9.0,10.0,0.0,0.0
5,3,150,3,1,0.0,0.0,0.0,0.0,0.0,6.0,7.0,8.0,9.0,10.0,0.0,0.0
2,2,180,12,8,0.0,0.0,0.0,0.0,5.0,6.0,7.0,8.0,9.0,10.0,0.0,0.0
5,4,180,5,2,0.0,0.0,0.0,0.0,5.0,6.0,7.0,8.0,9.0,10.0,0.0,0.0
2,3,210,20,8,0.0,0.0,0.0,4.0,5.0,6.0,7.0,8.0,9.0,10.0,0.0,0.0
5,3,120,9,4,0.0,0.0,0.0,0.0,0.0,0.0,7.0,8.0,9.0,10.0,0.0,0.0
5,3,150,12,4,0.0,0.0,0.0,0.0,0.0,6.0,7.0,8.0,9.0,10.0,0.0,0.0
2,3,180,15,5,0.0,0.0,0.0,0.0,5.0,6.0,7.0,8.0,9.0,10.0,0.0,0.0
5,3,180,17,1,0.0,0.0,0.0,0.0,5.0,6.0,7.0,8.0,9.0,10.0,0.0,0.0
5,3,150,10,5,0.0,0.0,0.0,4.0,5.0,6.0,0.0,8.0,9.0,0.0,0.0,0.0
5,3,210,5,3,0.0,0.0,0.0,0.0,5.0,6.0,7.0,8.0,9.0,10.0,11.0,0.0
5,3,210,6,3,0.0,0.0,0.0,0.0,5.0,6.0,7.0,8.0,9.0,10.0,11.0,0.0
2,4,180,18,8,0.0,0.0,0.0,0.0,5.0,6.0,7.0,8.0,9.0,10.0,0.0,0.0
5,3,210,12,4,0.0,0.0,0.0,4.0,5.0,6.0,7.0,8.0,9.0,10.0,0.0,0.0
5,4,210,16,3,0.0,0.0,0.0,4.0,5.0,6.0,7.0,8.0,9.0,10.0,0.0,0.0
5,4,180,12,5,0.0,0.0,0.0,0.0,5.0,6.0,7.0,8.0,9.0,10.0,0.0,0.0
2,3,180,6,7,0.0,0.0,0.0,0.0,5.0,6.0,7.0,8.0,9.0,10.0,0.0,0.0
2,3,180,18,4,0.0,0.0,0.0,0.0,5.0,6.0,7.0,8.0,9.0,10.0,0.0,0.0
4,1,180,20,2,0.0,0.0,0.0,0.0,5.0,6.0,7.0,8.0,9.0,10.0,0.0,0.0
5,3,150,16,4,0.0,0.0,0.0,0.0,5.0,6.0,7.0,8.0,9.0,0.0,0.0,0.0
5,3,150,12,4,0.0,0.0,0.0,0.0,5.0,6.0,7.0,8.0,9.0,0.0,0.0,0.0
2,1,150,12,6,0.0,0.0,0.0,0.0,5.0,6.0,7.0,8.0,9.0,0.0,0.0,0.0
5,4,120,8,10,0.0,0.0,0.0,0.0,5.0,6.0,7.0,8.0,0.0,0.0,0.0,0.0
5,4,120,12,10,0.0,0.0,0.0,0.0,5.0,6.0,7.0,8.0,0.0,0.0,0.0,0.0
5,4,120,12,10,0.0,0.0,0.0,0.0,5.0,6.0,7.0,8.0,0.0,0.0,0.0,0.0
5,5,120,4,10,0.0,0.0,0.0,0.0,5.0,6.0,7.0,8.0,0.0,0.0,0.0,0.0
2,3,120,5,1,0.0,0.0,0.0,0.0,5.0,6.0,7.0,8.0,9.0,0.0,0.0,0.0
2,1,135,10,3,0.0,0.0,0.0,0.0,5.0,6.0,7.0,8.0,9.0,0.0,0.0,0.0
4,1,120,13,7,0.0,0.0,0.0,0.0,0.0,0.0,0.0,8.0,9.0,10.0,11.0,0.0
4,1,90,12,1,0.0,0.0,0.0,0.0,0.0,0.0,7.0,8.0,9.0,0.0,0.0,0.0
5,5,120,12,1,0.0,0.0,0.0,0.0,0.0,0.0,7.0,8.0,9.0,10.0,0.0,0.0
5,3,180,16,3,0.0,0.0,0.0,0.0,5.0,6.0,7.0,8.0,9.0,10.0,0.0,0.0
5,3,180,18,3,0.0,0.0,3.0,4.0,5.0,6.0,7.0,8.0,0.0,0.0,0.0,0.0
5,3,180,18,3,0.0,0.0,3.0,4.0,5.0,6.0,7.0,8.0,0.0,0.0,0.0,0.0
5,2,180,18,3,0.0,0.0,3.0,4.0,5.0,6.0,7.0,8.0,0.0,0.0,0.0,0.0
5,2,180,18,3,0.0,0.0,3.0,4.0,5.0,6.0,7.0,8.0,0.0,0.0,0.0,0.0
4,2,210,18,10,0.0,0.0,0.0,4.0,5.0,6.0,7.0,8.0,9.0,10.0,0.0,0.0
5,3,180,16,10,0.0,0.0,0.0,0.0,5.0,6.0,7.0,8.0,9.0,10.0,0.0,0.0
5,3,180,20,7,0.0,0.0,0.0,0.0,5.0,6.0,7.0,8.0,9.0,10.0,0.0,0.0
2,3,180,18,6,0.0,0.0,0.0,0.0,5.0,6.0,7.0,8.0,9.0,10.0,0.0,0.0
2,3,150,12,11,0.0,0.0,0.0,0.0,0.0,6.0,7.0,8.0,9.0,10.0,0.0,0.0
2,4,150,12,6,0.0,0.0,0.0,0.0,0.0,6.0,7.0,8.0,9.0,10.0,0.0,0.0
4,3,180,12,16,0.0,0.0,0.0,0.0,5.0,6.0,7.0,8.0,9.0,10.0,0.0,0.0
5,5,180,4,1,0.0,0.0,0.0,0.0,5.0,6.0,7.0,8.0,9.0,10.0,0.0,0.0
5,3,180,7,6,0.0,0.0,0.0,0.0,5.0,6.0,7.0,8.0,9.0,10.0,0.0,0.0
5,3,180,5,6,0.0,0.0,0.0,0.0,5.0,6.0,7.0,8.0,9.0,10.0,0.0,0.0
5,4,180,6,6,0.0,0.0,0.0,0.0,5.0,6.0,7.0,8.0,9.0,10.0,0.0,0.0
2,3,180,3,12,0.0,0.0,0.0,0.0,5.0,6.0,7.0,8.0,9.0,10.0,0.0,0.0
2,3,90,3,5,0.0,0.0,0.0,0.0,0.0,6.0,7.0,8.0,0.0,0.0,0.0,0.0
5,3,150,4,5,0.0,0.0,0.0,0.0,5.0,6.0,7.0,8.0,9.0,0.0,0.0,0.0
2,3,150,12,5,0.0,0.0,0.0,0.0,5.0,6.0,7.0,8.0,9.0,0.0,0.0,0.0
5,5,150,12,3,0.0,0.0,0.0,0.0,5.0,6.0,7.0,8.0,9.0,0.0,0.0,0.0
5,1,120,8,1,0.0,0.0,0.0,0.0,0.0,6.0,7.0,8.0,9.0,0.0,0.0,0.0
5,1,120,16,1,0.0,0.0,0.0,0.0,0.0,6.0,7.0,8.0,9.0,0.0,0.0,0.0
5,3,210,11,4,0.0,0.0,0.0,4.0,5.0,6.0,7.0,8.0,9.0,10.0,0.0,0.0
5,3,180,16,8,0.0,0.0,0.0,0.0,5.0,6.0,7.0,8.0,9.0,10.0,0.0,0.0
2,3,150,12,4,0.0,0.0,0.0,0.0,0.0,6.0,7.0,8.0,9.0,10.0,0.0,0.0
1,9,30,2,1,0.0,0.0,0.0,0.0,5.0,0.0,0.0,0.0,0.0,0.0,0.0,0.0
4,9,120,6,4,0.0,0.0,0.0,0.0,0.0,6.0,7.0,8.0,9.0,0.0,0.0,0.0
5,3,180,4,2,0.0,0.0,0.0,4.0,5.0,6.0,7.0,8.0,9.0,0.0,0.0,0.0
4,1,180,8,2,0.0,0.0,0.0,4.0,5.0,6.0,7.0,8.0,9.0,0.0,0.0,0.0
5,3,150,10,1,0.0,0.0,0.0,0.0,5.0,6.0,7.0,8.0,9.0,0.0,0.0,0.0
4,9,150,24,18,0.0,0.0,0.0,0.0,5.0,6.0,7.0,8.0,9.0,0.0,0.0,0.0
4,1,120,12,6,0.0,0.0,0.0,0.0,5.0,6.0,7.0,8.0,0.0,0.0,0.0,0.0
4,1,60,4,9,0.0,0.0,0.0,0.0,0.0,0.0,7.0,8.0,0.0,0.0,0.0,0.0
5,9,90,24,2,0.0,0.0,0.0,0.0,0.0,6.0,7.0,8.0,0.0,0.0,0.0,0.0
5,3,150,4,1,0.0,0.0,0.0,0.0,5.0,6.0,7.0,8.0,9.0,0.0,0.0,0.0
4,4,60,12,4,0.0,0.0,0.0,0.0,0.0,6.0,7.0,0.0,0.0,0.0,0.0,0.0
4,2,120,8,2,0.0,0.0,0.0,0.0,5.0,6.0,7.0,8.0,9.0,10.0,0.0,0.0
4,2,120,4,15,0.0,0.0,0.0,0.0,0.0,6.0,7.0,8.0,9.0,0.0,0.0,0.0
4,1,150,4,14,0.0,0.0,0.0,0.0,5.0,6.0,7.0,8.0,9.0,0.0,0.0,0.0
4,2,180,8,1,0.0,0.0,0.0,0.0,5.0,6.0,7.0,8.0,9.0,10.0,0.0,0.0
4,1,180,24,5,0.0,0.0,0.0,0.0,5.0,6.0,7.0,8.0,9.0,10.0,0.0,0.0
4,1,60,8,5,0.0,0.0,0.0,0.0,0.0,0.0,7.0,8.0,0.0,0.0,0.0,0.0
4,1,30,10,7,0.0,0.0,0.0,0.0,0.0,6.0,7.0,8.0,0.0,0.0,0.0,0.0
4,2,70,2,4,0.0,0.0,0.0,0.0,0.0,6.0,7.0,8.0,0.0,0.0,0.0,0.0
4,1,90,20,8,0.0,0.0,0.0,0.0,0.0,6.0,7.0,8.0,0.0,0.0,0.0,0.0
2,3,120,8,3,0.0,0.0,0.0,0.0,0.0,6.0,7.0,8.0,9.0,0.0,0.0,0.0
5,4,120,3,4,0.0,0.0,0.0,0.0,0.0,6.0,7.0,8.0,9.0,0.0,0.0,0.0
4,2,90,5,10,0.0,0.0,0.0,0.0,0.0,6.0,7.0,8.0,0.0,0.0,0.0,0.0
1,1,90,6,1,0.0,0.0,0.0,0.0,0.0,6.0,7.0,8.0,0.0,0.0,0.0,0.0
2,3,90,5,1,0.0,0.0,0.0,0.0,0.0,6.0,7.0,8.0,0.0,0.0,0.0,0.0
3,9,210,8,8,0.0,0.0,0.0,4.0,5.0,6.0,7.0,8.0,9.0,10.0,0.0,0.0
3,9,210,2,8,0.0,0.0,0.0,4.0,5.0,6.0,7.0,8.0,9.0,10.0,0.0,0.0
5,5,180,8,1,0.0,0.0,0.0,0.0,5.0,6.0,7.0,8.0,9.0,10.0,0.0,0.0
5,5,180,6,1,0.0,0.0,0.0,0.0,5.0,6.0,7.0,8.0,9.0,10.0,0.0,0.0
5,5,180,7,1,0.0,0.0,0.0,0.0,5.0,6.0,7.0,8.0,9.0,10.0,0.0,0.0
5,5,180,6,1,0.0,0.0,0.0,0.0,5.0,6.0,7.0,8.0,9.0,10.0,0.0,0.0
5,5,180,8,2,0.0,0.0,0.0,0.0,5.0,6.0,7.0,8.0,9.0,10.0,0.0,0.0
3,9,180,20,99,0.0,0.0,0.0,0.0,5.0,6.0,7.0,8.0,9.0,10.0,0.0,0.0
2,3,60,5,2,0.0,0.0,0.0,0.0,0.0,6.0,7.0,0.0,0.0,0.0,0.0,0.0
4,1,90,10,7,0.0,0.0,0.0,0.0,0.0,0.0,7.0,8.0,9.0,0.0,0.0,0.0
4,3,60,3,10,0.0,0.0,0.0,0.0,0.0,6.0,7.0,8.0,0.0,0.0,0.0,0.0
4,2,87,5,3,0.0,0.0,0.0,0.0,0.0,6.0,7.0,8.0,0.0,0.0,0.0,0.0
2,1,150,4,5,0.0,0.0,0.0,0.0,5.0,6.0,7.0,8.0,9.0,0.0,0.0,0.0
2,3,30,2,1,0.0,0.0,0.0,0.0,5.0,0.0,0.0,0.0,0.0,0.0,0.0,0.0
5,3,210,6,5,0.0,0.0,0.0,4.0,5.0,6.0,7.0,8.0,9.0,10.0,0.0,0.0
5,3,240,24,5,0.0,0.0,3.0,4.0,5.0,6.0,7.0,8.0,9.0,10.0,0.0,0.0
2,1,180,24,1,0.0,0.0,0.0,4.0,5.0,6.0,7.0,8.0,9.0,0.0,0.0,0.0
2,3,180,12,5,0.0,0.0,0.0,0.0,5.0,6.0,7.0,8.0,9.0,10.0,0.0,0.0
2,2,90,15,5,0.0,0.0,0.0,0.0,0.0,6.0,7.0,8.0,0.0,0.0,0.0,0.0
5,3,180,19,1,0.0,0.0,0.0,0.0,5.0,6.0,7.0,8.0,9.0,10.0,0.0,0.0
2,3,180,12,8,0.0,0.0,0.0,0.0,0.0,6.0,7.0,8.0,9.0,10.0,11.0,0.0
5,3,180,12,1,0.0,0.0,0.0,0.0,5.0,6.0,7.0,8.0,9.0,10.0,0.0,0.0
3,6,180,12,5,0.0,0.0,0.0,0.0,5.0,6.0,7.0,8.0,9.0,10.0,0.0,0.0
5,3,180,12,4,0.0,0.0,0.0,0.0,5.0,6.0,7.0,8.0,9.0,10.0,0.0,0.0
5,3,180,12,6,0.0,0.0,0.0,0.0,5.0,6.0,7.0,8.0,9.0,10.0,0.0,0.0
4,2,60,8,5,0.0,0.0,0.0,0.0,0.0,0.0,7.0,8.0,0.0,0.0,0.0,0.0
2,3,90,8,2,0.0,0.0,0.0,0.0,0.0,6.0,7.0,8.0,0.0,0.0,0.0,0.0
2,3,150,11,1,0.0,0.0,0.0,4.0,5.0,6.0,7.0,8.0,0.0,0.0,0.0,0.0
2,3,150,11,2,0.0,0.0,0.0,4.0,5.0,6.0,7.0,8.0,0.0,0.0,0.0,0.0
5,3,120,3,3,0.0,0.0,0.0,0.0,5.0,6.0,7.0,8.0,0.0,0.0,0.0,0.0
2,2,90,10,1,0.0,0.0,0.0,0.0,0.0,6.0,7.0,8.0,0.0,0.0,0.0,0.0
2,5,60,11,3,0.0,0.0,0.0,0.0,0.0,0.0,7.0,8.0,0.0,0.0,0.0,0.0
2,2,60,20,8,0.0,0.0,0.0,0.0,0.0,0.0,7.0,8.0,0.0,0.0,0.0,0.0
2,1,90,5,1,0.0,0.0,0.0,0.0,0.0,6.0,7.0,8.0,0.0,0.0,0.0,0.0
5,3,180,8,5,0.0,0.0,0.0,4.0,5.0,6.0,7.0,8.0,9.0,0.0,0.0,0.0
5,3,180,8,5,0.0,0.0,0.0,4.0,5.0,6.0,7.0,8.0,9.0,0.0,0.0,0.0
5,3,180,8,5,0.0,0.0,0.0,4.0,5.0,6.0,7.0,8.0,9.0,0.0,0.0,0.0
5,3,180,16,5,0.0,0.0,0.0,4.0,5.0,6.0,7.0,8.0,9.0,0.0,0.0,0.0
2,3,180,7,99,0.0,0.0,0.0,0.0,5.0,6.0,7.0,8.0,9.0,10.0,0.0,0.0
2,4,180,4,99,0.0,0.0,0.0,0.0,5.0,6.0,7.0,8.0,9.0,10.0,0.0,0.0
5,5,180,16,3,0.0,0.0,0.0,0.0,5.0,6.0,7.0,8.0,9.0,10.0,0.0,0.0
5,2,180,6,6,0.0,0.0,0.0,0.0,5.0,6.0,7.0,8.0,9.0,10.0,0.0,0.0
5,2,180,6,6,0.0,0.0,0.0,0.0,5.0,6.0,7.0,8.0,9.0,10.0,0.0,0.0
5,5,180,4,1,0.0,0.0,0.0,0.0,5.0,6.0,7.0,8.0,9.0,10.0,0.0,0.0
2,3,90,9,10,0.0,0.0,0.0,0.0,0.0,6.0,7.0,8.0,9.0,0.0,0.0,0.0
4,1,150,12,5,0.0,0.0,0.0,0.0,5.0,6.0,7.0,8.0,9.0,0.0,0.0,0.0
2,1,90,12,2,0.0,0.0,0.0,0.0,0.0,6.0,7.0,8.0,0.0,0.0,0.0,0.0
5,5,165,2,1,0.0,0.0,0.0,4.0,5.0,6.0,7.0,8.0,9.0,0.0,0.0,0.0
5,3,170,8,1,0.0,0.0,0.0,4.0,5.0,6.0,7.0,8.0,9.0,0.0,0.0,0.0
5,3,180,10,1,0.0,0.0,0.0,4.0,5.0,6.0,7.0,8.0,9.0,0.0,0.0,0.0
2,5,150,18,7,0.0,0.0,0.0,0.0,5.0,6.0,7.0,8.0,9.0,0.0,0.0,0.0
5,3,180,8,1,0.0,0.0,0.0,4.0,5.0,6.0,7.0,8.0,9.0,0.0,0.0,0.0
5,3,150,12,4,0.0,0.0,0.0,0.0,5.0,6.0,7.0,8.0,9.0,0.0,0.0,0.0
4,3,150,18,1,0.0,0.0,0.0,0.0,5.0,6.0,7.0,8.0,9.0,0.0,0.0,0.0
5,5,210,8,1,0.0,0.0,0.0,4.0,5.0,6.0,7.0,8.0,9.0,10.0,0.0,0.0
5,5,210,8,1,0.0,0.0,0.0,4.0,5.0,6.0,7.0,8.0,9.0,10.0,0.0,0.0
2,3,150,18,5,0.0,0.0,0.0,0.0,5.0,6.0,7.0,8.0,9.0,0.0,0.0,0.0
5,3,120,8,10,0.0,0.0,0.0,0.0,0.0,6.0,7.0,8.0,9.0,0.0,0.0,0.0
5,3,120,8,8,0.0,0.0,0.0,0.0,0.0,6.0,7.0,8.0,9.0,0.0,0.0,0.0
5,3,120,8,6,0.0,0.0,0.0,0.0,0.0,6.0,7.0,8.0,9.0,0.0,0.0,0.0
2,4,90,12,11,0.0,0.0,0.0,0.0,0.0,6.0,7.0,8.0,0.0,0.0,0.0,0.0
2,1,210,10,8,0.0,0.0,0.0,4.0,5.0,6.0,7.0,8.0,9.0,10.0,0.0,0.0
5,4,120,12,1,0.0,0.0,0.0,0.0,5.0,6.0,7.0,8.0,0.0,0.0,0.0,0.0
5,3,180,8,4,0.0,0.0,0.0,4.0,5.0,6.0,7.0,8.0,9.0,0.0,0.0,0.0
4,3,180,13,20,0.0,0.0,3.0,4.0,5.0,6.0,7.0,8.0,9.0,0.0,0.0,0.0
5,2,180,9,2,0.0,0.0,0.0,4.0,5.0,6.0,7.0,8.0,9.0,0.0,0.0,0.0
5,2,180,8,2,0.0,0.0,0.0,4.0,5.0,6.0,7.0,8.0,9.0,0.0,0.0,0.0
5,2,180,8,2,0.0,0.0,0.0,4.0,5.0,6.0,7.0,8.0,9.0,0.0,0.0,0.0
5,2,180,12,2,0.0,0.0,0.0,4.0,5.0,6.0,7.0,8.0,9.0,10.0,0.0,0.0
5,4,90,10,4,0.0,0.0,0.0,0.0,0.0,6.0,7.0,8.0,0.0,0.0,0.0,0.0
5,4,120,8,2,0.0,0.0,0.0,0.0,5.0,6.0,7.0,8.0,0.0,0.0,0.0,0.0
5,5,180,24,10,0.0,0.0,0.0,4.0,5.0,6.0,7.0,8.0,9.0,0.0,0.0,0.0
5,4,240,8,6,0.0,0.0,0.0,4.0,5.0,6.0,7.0,8.0,9.0,10.0,11.0,0.0
5,5,180,10,2,0.0,0.0,0.0,0.0,5.0,6.0,7.0,8.0,9.0,10.0,0.0,0.0
5,3,180,8,1,0.0,0.0,0.0,0.0,5.0,6.0,7.0,8.0,9.0,10.0,0.0,0.0
4,1,180,5,1,0.0,0.0,0.0,0.0,5.0,6.0,7.0,8.0,9.0,10.0,0.0,0.0
2,3,270,8,4,0.0,0.0,0.0,4.0,5.0,6.0,7.0,8.0,9.0,10.0,11.0,12.0
2,2,270,8,1,0.0,0.0,0.0,4.0,5.0,6.0,7.0,8.0,9.0,10.0,11.0,12.0
2,3,180,8,1,0.0,0.0,0.0,0.0,5.0,6.0,7.0,8.0,9.0,10.0,0.0,0.0
5,5,210,5,4,0.0,0.0,0.0,4.0,5.0,6.0,7.0,8.0,9.0,10.0,0.0,0.0
2,3,180,18,5,0.0,0.0,0.0,0.0,5.0,6.0,7.0,8.0,9.0,10.0,0.0,0.0
5,4,180,8,1,0.0,0.0,0.0,0.0,5.0,6.0,7.0,8.0,9.0,10.0,0.0,0.0
2,3,180,8,5,0.0,0.0,0.0,0.0,5.0,6.0,7.0,8.0,9.0,10.0,0.0,0.0
4,2,90,8,2,0.0,0.0,0.0,0.0,0.0,6.0,7.0,8.0,0.0,0.0,0.0,0.0
4,1,90,8,10,0.0,0.0,0.0,0.0,0.0,6.0,7.0,8.0,0.0,0.0,0.0,0.0
4,9,130,12,5,0.0,0.0,0.0,0.0,5.0,6.0,7.0,8.0,9.0,0.0,0.0,0.0
4,2,120,6,5,0.0,0.0,0.0,0.0,0.0,6.0,7.0,8.0,9.0,0.0,0.0,0.0
4,9,120,2,3,0.0,0.0,0.0,0.0,0.0,6.0,7.0,8.0,9.0,0.0,0.0,0.0
7,9,90,5,4,0.0,0.0,0.0,0.0,0.0,0.0,7.0,8.0,9.0,0.0,0.0,0.0
4,2,135,3,10,0.0,0.0,0.0,0.0,5.0,6.0,7.0,8.0,9.0,0.0,0.0,0.0
4,3,90,8,3,0.0,0.0,0.0,0.0,5.0,6.0,7.0,0.0,0.0,0.0,0.0,0.0
4,3,90,8,3,0.0,0.0,0.0,0.0,5.0,6.0,7.0,0.0,0.0,0.0,0.0,0.0
5,4,6,1,5,0.0,0.0,0.0,0.0,0.0,0.0,7.0,8.0,0.0,0.0,0.0,0.0
5,5,8,2,2,0.0,0.0,0.0,0.0,0.0,0.0,7.0,8.0,0.0,0.0,0.0,0.0
4,3,90,5,5,0.0,0.0,0.0,0.0,0.0,6.0,7.0,8.0,0.0,0.0,0.0,0.0
4,3,60,4,3,0.0,0.0,0.0,0.0,0.0,0.0,0.0,0.0,0.0,10.0,11.0,0.0
4,4,110,15,8,0.0,0.0,0.0,0.0,5.0,6.0,7.0,8.0,9.0,0.0,0.0,0.0
4,3,60,12,2,0.0,0.0,0.0,0.0,0.0,6.0,7.0,8.0,9.0,0.0,0.0,0.0
4,1,120,20,2,0.0,0.0,0.0,0.0,0.0,6.0,7.0,8.0,9.0,0.0,0.0,0.0
4,3,120,8,7,0.0,0.0,0.0,0.0,5.0,6.0,7.0,8.0,0.0,0.0,0.0,0.0
4,1,150,24,1,0.0,0.0,0.0,0.0,5.0,6.0,7.0,8.0,9.0,0.0,0.0,0.0
5,3,150,24,10,0.0,0.0,0.0,0.0,5.0,6.0,7.0,8.0,9.0,0.0,0.0,0.0
5,3,150,2,3,0.0,0.0,0.0,0.0,5.0,6.0,7.0,8.0,9.0,0.0,0.0,0.0
5,5,120,10,5,0.0,0.0,0.0,0.0,5.0,6.0,7.0,8.0,0.0,0.0,0.0,0.0
5,5,120,6,3,0.0,0.0,0.0,0.0,5.0,6.0,7.0,8.0,0.0,0.0,0.0,0.0
2,1,105,12,7,0.0,0.0,0.0,0.0,0.0,6.0,7.0,8.0,9.0,0.0,0.0,0.0
7,2,125,16,10,0.0,0.0,0.0,0.0,0.0,6.0,7.0,8.0,9.0,10.0,0.0,0.0
5,3,180,12,1,0.0,0.0,0.0,0.0,5.0,6.0,7.0,8.0,9.0,10.0,0.0,0.0
5,5,180,15,1,0.0,0.0,0.0,0.0,5.0,6.0,7.0,8.0,9.0,10.0,0.0,0.0
5,3,180,12,5,0.0,0.0,0.0,0.0,5.0,6.0,7.0,8.0,9.0,10.0,0.0,0.0
2,1,120,12,3,0.0,0.0,0.0,0.0,5.0,6.0,7.0,8.0,0.0,0.0,0.0,0.0
2,1,120,12,3,0.0,0.0,0.0,0.0,5.0,6.0,7.0,8.0,0.0,0.0,0.0,0.0
2,1,120,16,7,0.0,0.0,0.0,0.0,5.0,6.0,7.0,8.0,0.0,0.0,0.0,0.0
4,3,150,24,10,0.0,0.0,0.0,0.0,5.0,6.0,7.0,8.0,9.0,0.0,0.0,0.0
4,2,150,12,10,0.0,0.0,0.0,0.0,5.0,6.0,7.0,8.0,9.0,0.0,0.0,0.0
5,3,105,24,1,0.0,0.0,0.0,0.0,0.0,6.0,7.0,8.0,9.0,0.0,0.0,0.0
4,1,90,12,1,0.0,0.0,0.0,0.0,0.0,6.0,7.0,8.0,0.0,0.0,0.0,0.0
2,1,90,10,1,0.0,0.0,0.0,0.0,0.0,6.0,7.0,8.0,0.0,0.0,0.0,0.0
2,3,90,10,6,0.0,0.0,0.0,0.0,0.0,6.0,7.0,8.0,0.0,0.0,0.0,0.0
2,3,90,10,1,0.0,0.0,0.0,0.0,0.0,6.0,7.0,8.0,0.0,0.0,0.0,0.0
5,3,90,12,1,0.0,0.0,0.0,0.0,0.0,6.0,7.0,8.0,0.0,0.0,0.0,0.0
2,3,90,16,11,0.0,0.0,0.0,0.0,0.0,6.0,7.0,8.0,0.0,0.0,0.0,0.0
5,4,90,8,4,0.0,0.0,0.0,0.0,0.0,6.0,7.0,8.0,0.0,0.0,0.0,0.0
5,3,90,12,4,0.0,0.0,0.0,0.0,0.0,6.0,7.0,8.0,0.0,0.0,0.0,0.0
5,3,90,24,3,0.0,0.0,0.0,0.0,0.0,6.0,7.0,8.0,0.0,0.0,0.0,0.0
2,5,180,7,8,0.0,0.0,0.0,0.0,5.0,6.0,7.0,8.0,9.0,10.0,0.0,0.0
5,6,180,8,6,0.0,0.0,0.0,0.0,5.0,6.0,7.0,8.0,9.0,10.0,0.0,0.0
2,2,180,2,7,0.0,0.0,0.0,0.0,5.0,6.0,7.0,8.0,9.0,10.0,0.0,0.0
5,3,135,6,6,0.0,0.0,0.0,0.0,5.0,6.0,7.0,8.0,9.0,0.0,0.0,0.0
5,3,135,6,6,0.0,0.0,0.0,0.0,5.0,6.0,7.0,8.0,9.0,0.0,0.0,0.0
5,3,135,6,6,0.0,0.0,0.0,0.0,5.0,6.0,7.0,8.0,9.0,0.0,0.0,0.0
5,5,135,4,6,0.0,0.0,0.0,0.0,5.0,6.0,7.0,8.0,9.0,0.0,0.0,0.0
5,4,150,5,6,0.0,0.0,0.0,0.0,5.0,6.0,7.0,8.0,9.0,0.0,0.0,0.0
5,3,60,10,12,0.0,0.0,0.0,0.0,0.0,6.0,7.0,0.0,0.0,0.0,0.0,0.0
5,3,150,0,12,0.0,0.0,0.0,0.0,5.0,6.0,7.0,8.0,9.0,0.0,0.0,0.0
5,5,90,17,2,0.0,0.0,0.0,0.0,0.0,0.0,0.0,8.0,9.0,10.0,0.0,0.0
2,4,120,2,2,0.0,0.0,0.0,0.0,5.0,6.0,7.0,8.0,0.0,0.0,0.0,0.0
5,4,135,8,5,0.0,0.0,0.0,0.0,5.0,6.0,7.0,8.0,9.0,0.0,0.0,0.0
4,3,150,18,6,0.0,0.0,0.0,0.0,5.0,6.0,7.0,8.0,9.0,0.0,0.0,0.0
2,3,180,20,11,0.0,0.0,0.0,0.0,5.0,6.0,7.0,8.0,9.0,10.0,0.0,0.0
4,2,60,4,6,0.0,0.0,0.0,0.0,0.0,0.0,7.0,8.0,0.0,0.0,0.0,0.0
5,3,150,2,2,0.0,0.0,0.0,0.0,5.0,6.0,7.0,8.0,9.0,0.0,0.0,0.0
3,6,150,2,4,0.0,0.0,0.0,0.0,5.0,6.0,7.0,8.0,9.0,0.0,0.0,0.0
3,6,135,8,5,0.0,0.0,0.0,4.0,5.0,6.0,7.0,8.0,9.0,10.0,0.0,0.0
2,2,150,7,4,0.0,0.0,0.0,0.0,5.0,6.0,7.0,8.0,9.0,0.0,0.0,0.0
5,5,180,5,2,0.0,0.0,0.0,0.0,5.0,6.0,7.0,8.0,9.0,10.0,0.0,0.0
5,5,180,1,6,0.0,0.0,0.0,0.0,5.0,6.0,7.0,8.0,9.0,10.0,0.0,0.0
2,2,150,5,3,0.0,0.0,0.0,0.0,5.0,6.0,7.0,8.0,9.0,0.0,0.0,0.0
5,3,90,8,8,0.0,0.0,0.0,0.0,0.0,6.0,7.0,8.0,0.0,0.0,0.0,0.0
5,3,90,8,7,0.0,0.0,0.0,0.0,0.0,6.0,7.0,8.0,0.0,0.0,0.0,0.0
2,3,120,8,6,0.0,0.0,0.0,0.0,5.0,6.0,7.0,8.0,0.0,0.0,0.0,0.0
2,5,120,3,8,0.0,0.0,0.0,0.0,0.0,6.0,7.0,8.0,9.0,0.0,0.0,0.0
5,5,120,4,2,0.0,0.0,0.0,0.0,0.0,6.0,7.0,8.0,9.0,0.0,0.0,0.0
5,5,120,6,2,0.0,0.0,0.0,0.0,0.0,6.0,7.0,8.0,9.0,0.0,0.0,0.0
5,3,90,6,1,0.0,0.0,0.0,0.0,0.0,6.0,7.0,8.0,0.0,0.0,0.0,0.0
2,3,90,5,4,0.0,0.0,0.0,0.0,0.0,6.0,7.0,8.0,0.0,0.0,0.0,0.0
4,2,150,24,4,0.0,0.0,0.0,0.0,5.0,6.0,7.0,8.0,9.0,0.0,0.0,0.0
5,5,180,8,1,0.0,0.0,0.0,0.0,5.0,6.0,7.0,8.0,9.0,10.0,0.0,0.0
5,4,180,6,3,0.0,0.0,0.0,0.0,5.0,6.0,7.0,8.0,9.0,10.0,0.0,0.0
5,3,120,5,4,0.0,0.0,0.0,0.0,5.0,6.0,7.0,8.0,0.0,0.0,0.0,0.0
5,3,120,3,6,0.0,0.0,0.0,0.0,0.0,6.0,7.0,8.0,9.0,0.0,0.0,0.0
2,3,120,5,5,0.0,0.0,0.0,0.0,0.0,6.0,7.0,8.0,9.0,0.0,0.0,0.0
4,2,210,18,3,0.0,0.0,0.0,4.0,5.0,6.0,7.0,8.0,9.0,10.0,0.0,0.0
5,3,210,18,6,0.0,0.0,0.0,4.0,5.0,6.0,7.0,8.0,9.0,10.0,0.0,0.0
4,3,150,18,6,0.0,0.0,0.0,0.0,5.0,6.0,7.0,8.0,9.0,0.0,0.0,0.0
4,3,180,20,12,0.0,0.0,0.0,0.0,5.0,6.0,7.0,8.0,9.0,10.0,0.0,0.0
2,3,240,18,6,0.0,0.0,0.0,4.0,5.0,6.0,7.0,8.0,9.0,10.0,11.0,0.0
4,3,150,8,3,0.0,0.0,0.0,0.0,5.0,6.0,7.0,8.0,9.0,0.0,0.0,0.0
2,3,270,20,5,0.0,2.0,3.0,4.0,5.0,6.0,7.0,8.0,9.0,10.0,0.0,0.0
4,3,180,24,2,0.0,0.0,0.0,0.0,5.0,6.0,7.0,8.0,9.0,10.0,0.0,0.0
5,5,240,24,1,0.0,0.0,0.0,4.0,5.0,6.0,7.0,8.0,9.0,10.0,11.0,0.0
5,3,240,11,1,0.0,0.0,0.0,4.0,5.0,6.0,7.0,8.0,9.0,10.0,11.0,0.0
4,1,210,13,10,0.0,0.0,3.0,4.0,5.0,6.0,7.0,8.0,9.0,0.0,0.0,0.0
5,3,240,5,4,0.0,0.0,0.0,4.0,5.0,6.0,7.0,8.0,9.0,10.0,11.0,0.0
2,5,210,12,3,0.0,0.0,0.0,4.0,5.0,6.0,7.0,8.0,9.0,10.0,11.0,0.0
2,5,210,24,3,0.0,0.0,0.0,4.0,5.0,6.0,7.0,8.0,9.0,10.0,11.0,0.0
2,3,150,8,2,0.0,0.0,0.0,0.0,0.0,6.0,7.0,8.0,9.0,10.0,0.0,0.0
4,3,135,12,5,0.0,0.0,0.0,0.0,5.0,6.0,7.0,8.0,9.0,0.0,0.0,0.0
2,3,165,15,1,0.0,0.0,0.0,4.0,5.0,6.0,7.0,8.0,9.0,0.0,0.0,0.0
2,3,165,16,2,0.0,0.0,0.0,4.0,5.0,6.0,7.0,8.0,9.0,0.0,0.0,0.0
4,3,150,9,2,0.0,0.0,0.0,0.0,5.0,6.0,7.0,8.0,9.0,0.0,0.0,0.0
2,3,120,8,99,0.0,0.0,0.0,0.0,0.0,6.0,7.0,8.0,9.0,0.0,0.0,0.0
2,2,120,8,20,0.0,0.0,0.0,0.0,0.0,6.0,7.0,8.0,9.0,0.0,0.0,0.0
5,5,120,16,20,0.0,0.0,0.0,0.0,0.0,6.0,7.0,8.0,9.0,0.0,0.0,0.0
2,5,120,7,12,0.0,0.0,0.0,0.0,5.0,6.0,7.0,8.0,0.0,0.0,0.0,0.0
4,2,90,7,5,0.0,0.0,0.0,0.0,0.0,6.0,7.0,8.0,0.0,0.0,0.0,0.0
5,3,120,2,5,0.0,0.0,0.0,0.0,0.0,6.0,7.0,8.0,9.0,0.0,0.0,0.0
4,2,120,1,15,0.0,0.0,0.0,0.0,5.0,6.0,7.0,8.0,0.0,0.0,0.0,0.0
4,1,180,4,2,0.0,0.0,0.0,0.0,5.0,6.0,7.0,8.0,9.0,10.0,0.0,0.0
5,3,240,4,2,1.0,2.0,0.0,0.0,0.0,0.0,7.0,8.0,9.0,10.0,11.0,12.0
5,3,90,1,5,0.0,0.0,0.0,0.0,0.0,6.0,7.0,8.0,0.0,0.0,0.0,0.0
5,3,90,1,5,0.0,0.0,0.0,0.0,0.0,6.0,7.0,8.0,0.0,0.0,0.0,0.0
2,3,120,12,4,0.0,0.0,0.0,0.0,0.0,6.0,7.0,8.0,9.0,0.0,0.0,0.0
2,3,150,5,15,0.0,0.0,0.0,0.0,0.0,6.0,7.0,8.0,9.0,10.0,0.0,0.0
4,1,100,6,6,0.0,0.0,0.0,0.0,0.0,0.0,7.0,8.0,9.0,10.0,0.0,0.0
5,3,150,8,2,0.0,0.0,0.0,0.0,5.0,6.0,7.0,8.0,9.0,0.0,0.0,0.0
5,3,150,8,2,0.0,0.0,0.0,0.0,5.0,6.0,7.0,8.0,9.0,0.0,0.0,0.0
5,3,150,16,8,0.0,0.0,0.0,0.0,5.0,6.0,7.0,8.0,9.0,0.0,0.0,0.0
2,3,180,12,2,0.0,0.0,0.0,0.0,5.0,6.0,7.0,8.0,9.0,10.0,0.0,0.0
2,3,150,3,5,0.0,0.0,0.0,0.0,5.0,6.0,7.0,8.0,9.0,0.0,0.0,0.0
4,1,200,12,2,0.0,0.0,0.0,4.0,5.0,6.0,7.0,8.0,9.0,10.0,0.0,0.0
5,3,120,2,1,0.0,0.0,0.0,0.0,0.0,6.0,7.0,8.0,9.0,0.0,0.0,0.0
2,3,60,8,3,0.0,0.0,0.0,0.0,0.0,0.0,7.0,8.0,0.0,0.0,0.0,0.0
5,2,120,12,2,0.0,0.0,0.0,0.0,5.0,6.0,7.0,8.0,0.0,0.0,0.0,0.0
2,3,120,15,2,0.0,0.0,0.0,0.0,5.0,6.0,7.0,8.0,0.0,0.0,0.0,0.0
4,9,165,24,3,0.0,0.0,0.0,0.0,5.0,6.0,7.0,8.0,9.0,10.0,0.0,0.0
2,3,150,18,1,0.0,0.0,0.0,0.0,5.0,6.0,7.0,8.0,9.0,0.0,0.0,0.0
2,3,135,20,7,0.0,0.0,0.0,0.0,5.0,6.0,7.0,8.0,9.0,0.0,0.0,0.0
2,2,30,1,5,0.0,0.0,0.0,0.0,0.0,0.0,0.0,8.0,0.0,0.0,0.0,0.0
2,3,150,14,10,0.0,0.0,0.0,0.0,5.0,6.0,7.0,8.0,9.0,0.0,0.0,0.0
5,3,90,12,4,0.0,0.0,0.0,0.0,0.0,0.0,7.0,8.0,9.0,0.0,0.0,0.0
2,3,90,12,6,0.0,0.0,0.0,0.0,0.0,0.0,7.0,8.0,9.0,0.0,0.0,0.0
5,3,90,12,4,0.0,0.0,0.0,0.0,0.0,0.0,7.0,8.0,9.0,0.0,0.0,0.0
5,4,240,15,3,0.0,0.0,0.0,4.0,5.0,6.0,7.0,8.0,9.0,10.0,11.0,12.0
4,3,120,17,2,0.0,0.0,0.0,0.0,5.0,6.0,7.0,8.0,0.0,0.0,0.0,0.0
2,3,120,24,4,0.0,0.0,0.0,0.0,5.0,6.0,7.0,8.0,0.0,0.0,0.0,0.0
4,1,150,20,7,0.0,0.0,0.0,0.0,5.0,6.0,7.0,8.0,9.0,0.0,0.0,0.0
4,2,120,11,15,0.0,0.0,0.0,0.0,0.0,6.0,7.0,8.0,9.0,0.0,0.0,0.0
2,3,180,12,3,0.0,0.0,0.0,0.0,5.0,6.0,7.0,8.0,9.0,10.0,0.0,0.0
2,3,180,5,5,0.0,0.0,0.0,0.0,5.0,6.0,7.0,8.0,9.0,10.0,0.0,0.0
5,3,120,18,3,0.0,0.0,0.0,0.0,0.0,0.0,7.0,8.0,9.0,10.0,0.0,0.0
4,3,180,20,3,0.0,0.0,0.0,0.0,5.0,6.0,7.0,8.0,9.0,10.0,0.0,0.0
2,3,210,12,4,0.0,0.0,0.0,4.0,5.0,6.0,7.0,8.0,9.0,10.0,0.0,0.0
5,3,180,10,3,0.0,0.0,0.0,0.0,5.0,6.0,7.0,8.0,9.0,10.0,0.0,0.0
2,4,180,18,7,0.0,0.0,0.0,0.0,5.0,6.0,7.0,8.0,9.0,10.0,0.0,0.0
4,4,180,18,6,0.0,0.0,0.0,0.0,5.0,6.0,7.0,8.0,9.0,10.0,0.0,0.0
4,4,180,18,5,0.0,0.0,0.0,0.0,5.0,6.0,7.0,8.0,9.0,10.0,0.0,0.0
4,4,180,18,5,0.0,0.0,0.0,0.0,5.0,6.0,7.0,8.0,9.0,10.0,0.0,0.0
4,2,90,24,2,0.0,0.0,0.0,0.0,0.0,6.0,7.0,8.0,0.0,0.0,0.0,0.0
5,4,180,18,3,0.0,0.0,0.0,0.0,5.0,6.0,7.0,8.0,9.0,10.0,0.0,0.0
2,5,90,7,9,0.0,0.0,0.0,0.0,0.0,6.0,7.0,8.0,0.0,0.0,0.0,0.0
2,4,180,8,4,0.0,0.0,0.0,0.0,5.0,6.0,7.0,8.0,9.0,10.0,0.0,0.0
2,3,180,8,3,0.0,0.0,0.0,0.0,5.0,6.0,7.0,8.0,9.0,10.0,0.0,0.0
5,3,150,10,2,0.0,0.0,0.0,0.0,5.0,6.0,7.0,8.0,9.0,0.0,0.0,0.0
5,3,150,8,4,0.0,0.0,0.0,0.0,5.0,6.0,7.0,8.0,9.0,0.0,0.0,0.0
5,5,150,8,2,0.0,0.0,0.0,0.0,5.0,6.0,7.0,8.0,9.0,0.0,0.0,0.0
5,3,120,7,5,0.0,0.0,0.0,0.0,0.0,6.0,7.0,8.0,9.0,0.0,0.0,0.0
5,4,120,6,5,0.0,0.0,0.0,0.0,0.0,6.0,7.0,8.0,9.0,0.0,0.0,0.0
2,3,80,10,5,0.0,0.0,0.0,0.0,0.0,0.0,7.0,8.0,9.0,10.0,0.0,0.0
4,1,120,4,2,0.0,0.0,0.0,0.0,5.0,6.0,7.0,8.0,0.0,0.0,0.0,0.0
7,4,90,12,3,0.0,0.0,0.0,0.0,0.0,6.0,7.0,8.0,0.0,0.0,0.0,0.0
4,9,105,8,2,0.0,0.0,0.0,0.0,0.0,6.0,7.0,8.0,9.0,0.0,0.0,0.0
4,1,150,24,2,0.0,0.0,0.0,0.0,5.0,6.0,7.0,8.0,9.0,0.0,0.0,0.0
4,3,120,24,12,0.0,0.0,0.0,0.0,5.0,6.0,7.0,8.0,0.0,0.0,0.0,0.0
4,3,150,12,1,0.0,0.0,0.0,4.0,5.0,6.0,7.0,8.0,0.0,0.0,0.0,0.0
4,3,120,24,15,0.0,0.0,0.0,0.0,0.0,6.0,7.0,8.0,9.0,0.0,0.0,0.0
4,2,60,12,10,0.0,0.0,0.0,0.0,0.0,0.0,7.0,8.0,0.0,0.0,0.0,0.0
5,3,75,12,5,0.0,0.0,0.0,0.0,0.0,0.0,7.0,8.0,9.0,0.0,0.0,0.0
5,3,3,2,1,0.0,0.0,0.0,0.0,0.0,0.0,7.0,0.0,0.0,0.0,0.0,0.0
4,2,50,4,10,0.0,0.0,0.0,0.0,0.0,6.0,7.0,8.0,0.0,0.0,0.0,0.0
5,3,160,19,1,0.0,0.0,0.0,4.0,5.0,6.0,7.0,8.0,9.0,0.0,0.0,0.0
4,9,120,20,5,0.0,0.0,0.0,0.0,5.0,6.0,7.0,8.0,0.0,0.0,0.0,0.0
4,1,150,8,3,0.0,0.0,0.0,0.0,5.0,6.0,7.0,8.0,9.0,0.0,0.0,0.0
5,3,90,21,6,0.0,0.0,0.0,0.0,0.0,6.0,7.0,8.0,0.0,0.0,0.0,0.0
5,5,240,7,1,0.0,0.0,0.0,4.0,5.0,6.0,7.0,8.0,9.0,10.0,11.0,0.0
2,3,120,2,1,0.0,0.0,0.0,0.0,5.0,6.0,7.0,8.0,0.0,0.0,0.0,0.0
2,1,120,3,13,0.0,0.0,0.0,0.0,5.0,6.0,7.0,8.0,0.0,0.0,0.0,0.0
2,1,120,3,13,0.0,0.0,0.0,0.0,5.0,6.0,7.0,8.0,0.0,0.0,0.0,0.0
2,3,120,6,8,0.0,0.0,0.0,0.0,5.0,6.0,7.0,8.0,0.0,0.0,0.0,0.0
5,3,120,3,1,0.0,0.0,0.0,0.0,5.0,6.0,7.0,8.0,0.0,0.0,0.0,0.0
5,3,120,3,1,0.0,0.0,0.0,0.0,5.0,6.0,7.0,8.0,0.0,0.0,0.0,0.0
2,2,180,8,99,0.0,0.0,0.0,0.0,5.0,6.0,7.0,8.0,9.0,10.0,0.0,0.0
5,4,180,6,2,0.0,0.0,0.0,4.0,5.0,6.0,7.0,8.0,9.0,0.0,0.0,0.0
5,4,165,6,3,0.0,0.0,0.0,4.0,5.0,6.0,7.0,8.0,9.0,0.0,0.0,0.0
5,4,180,6,2,0.0,0.0,0.0,4.0,5.0,6.0,7.0,8.0,9.0,0.0,0.0,0.0
4,9,20,0,99,0.0,0.0,0.0,0.0,5.0,0.0,0.0,0.0,0.0,0.0,0.0,0.0
4,1,210,24,5,0.0,0.0,0.0,4.0,5.0,6.0,7.0,8.0,9.0,10.0,0.0,0.0
4,2,180,8,7,0.0,0.0,0.0,0.0,5.0,6.0,7.0,8.0,9.0,10.0,0.0,0.0
2,3,180,7,1,0.0,0.0,0.0,0.0,5.0,6.0,7.0,8.0,9.0,10.0,0.0,0.0
4,1,270,17,4,0.0,0.0,3.0,4.0,5.0,6.0,7.0,8.0,9.0,10.0,11.0,0.0
4,2,130,24,7,0.0,0.0,0.0,0.0,5.0,6.0,7.0,8.0,9.0,0.0,0.0,0.0
4,2,180,8,4,0.0,0.0,0.0,4.0,5.0,6.0,7.0,8.0,9.0,0.0,0.0,0.0
4,1,130,24,17,0.0,0.0,0.0,0.0,5.0,6.0,7.0,8.0,9.0,0.0,0.0,0.0
5,5,180,24,2,0.0,0.0,0.0,0.0,5.0,6.0,7.0,8.0,9.0,10.0,0.0,0.0
5,5,180,24,2,0.0,0.0,0.0,0.0,5.0,6.0,7.0,8.0,9.0,10.0,0.0,0.0
2,5,180,24,4,0.0,0.0,0.0,0.0,5.0,6.0,7.0,8.0,9.0,10.0,0.0,0.0
2,2,150,12,3,0.0,0.0,0.0,0.0,0.0,6.0,7.0,8.0,9.0,10.0,0.0,0.0
2,3,150,18,3,0.0,0.0,0.0,0.0,5.0,6.0,7.0,8.0,9.0,0.0,0.0,0.0
2,3,150,18,3,0.0,0.0,0.0,0.0,5.0,6.0,7.0,8.0,9.0,0.0,0.0,0.0
5,3,130,13,1,0.0,0.0,0.0,0.0,5.0,6.0,7.0,8.0,9.0,0.0,0.0,0.0
2,2,120,12,3,0.0,0.0,0.0,0.0,5.0,6.0,7.0,8.0,0.0,0.0,0.0,0.0
5,3,150,8,5,0.0,0.0,0.0,0.0,5.0,6.0,7.0,8.0,9.0,0.0,0.0,0.0
5,3,150,8,5,0.0,0.0,0.0,0.0,5.0,6.0,7.0,8.0,9.0,0.0,0.0,0.0
5,2,120,12,3,0.0,0.0,0.0,0.0,5.0,6.0,7.0,8.0,0.0,0.0,0.0,0.0
5,3,120,12,3,0.0,0.0,0.0,0.0,5.0,6.0,7.0,8.0,0.0,0.0,0.0,0.0
1,1,120,6,1,0.0,0.0,0.0,0.0,5.0,6.0,7.0,8.0,0.0,0.0,0.0,0.0
1,4,120,12,1,0.0,0.0,0.0,0.0,5.0,6.0,7.0,8.0,0.0,0.0,0.0,0.0
5,3,180,10,3,0.0,0.0,0.0,0.0,5.0,6.0,7.0,8.0,9.0,10.0,0.0,0.0
2,3,90,5,4,0.0,0.0,0.0,0.0,0.0,6.0,7.0,8.0,0.0,0.0,0.0,0.0
2,3,90,5,2,0.0,0.0,0.0,0.0,0.0,6.0,7.0,8.0,0.0,0.0,0.0,0.0
2,3,30,8,1,0.0,0.0,0.0,0.0,0.0,0.0,0.0,8.0,0.0,0.0,0.0,0.0
2,3,60,16,1,0.0,0.0,0.0,0.0,0.0,0.0,7.0,8.0,0.0,0.0,0.0,0.0
5,3,180,11,2,0.0,0.0,3.0,4.0,5.0,6.0,7.0,8.0,0.0,0.0,0.0,0.0
5,3,180,13,1,0.0,0.0,3.0,4.0,5.0,6.0,7.0,8.0,0.0,0.0,0.0,0.0
2,3,180,12,1,0.0,0.0,0.0,0.0,5.0,6.0,7.0,8.0,9.0,10.0,0.0,0.0
2,3,180,12,1,0.0,0.0,0.0,0.0,5.0,6.0,7.0,8.0,9.0,10.0,0.0,0.0
5,3,180,12,3,0.0,0.0,0.0,0.0,5.0,6.0,7.0,8.0,9.0,10.0,0.0,0.0
2,3,130,24,3,0.0,0.0,0.0,0.0,5.0,6.0,7.0,8.0,9.0,0.0,0.0,0.0
5,5,165,8,4,0.0,0.0,0.0,0.0,5.0,6.0,7.0,8.0,9.0,10.0,0.0,0.0
4,3,90,8,10,0.0,0.0,0.0,0.0,0.0,6.0,7.0,8.0,0.0,0.0,0.0,0.0
4,4,180,20,4,0.0,0.0,0.0,0.0,5.0,6.0,7.0,8.0,9.0,10.0,0.0,0.0
2,1,210,3,2,0.0,0.0,0.0,4.0,5.0,6.0,7.0,8.0,9.0,10.0,0.0,0.0
2,1,210,3,1,0.0,0.0,0.0,4.0,5.0,6.0,7.0,8.0,9.0,10.0,0.0,0.0
3,6,120,8,9,0.0,0.0,0.0,0.0,5.0,6.0,7.0,8.0,0.0,0.0,0.0,0.0
4,2,180,4,2,0.0,0.0,0.0,4.0,5.0,6.0,7.0,8.0,9.0,0.0,0.0,0.0
4,2,180,5,6,0.0,0.0,0.0,4.0,5.0,6.0,7.0,8.0,9.0,0.0,0.0,0.0
4,3,180,6,2,0.0,0.0,0.0,0.0,5.0,6.0,7.0,8.0,9.0,10.0,0.0,0.0
4,1,90,3,4,0.0,0.0,0.0,0.0,0.0,6.0,7.0,8.0,0.0,0.0,0.0,0.0
4,2,180,18,4,0.0,0.0,0.0,0.0,5.0,6.0,7.0,8.0,9.0,10.0,0.0,0.0
4,4,180,18,1,0.0,0.0,0.0,0.0,5.0,6.0,7.0,8.0,9.0,10.0,0.0,0.0
4,5,180,12,27,0.0,0.0,0.0,4.0,5.0,6.0,7.0,8.0,9.0,0.0,0.0,0.0
4,3,180,12,9,0.0,0.0,0.0,4.0,5.0,6.0,7.0,8.0,9.0,0.0,0.0,0.0
4,1,120,14,6,0.0,0.0,0.0,0.0,5.0,6.0,7.0,8.0,0.0,0.0,0.0,0.0
4,1,120,7,2,0.0,0.0,0.0,0.0,5.0,6.0,7.0,8.0,0.0,0.0,0.0,0.0
4,1,120,4,3,0.0,0.0,0.0,0.0,5.0,6.0,7.0,8.0,0.0,0.0,0.0,0.0
7,5,120,5,15,0.0,0.0,0.0,0.0,5.0,6.0,7.0,8.0,0.0,0.0,0.0,0.0
4,1,150,10,7,0.0,0.0,0.0,4.0,5.0,6.0,7.0,8.0,0.0,0.0,0.0,0.0
4,3,225,15,3,0.0,0.0,3.0,4.0,5.0,6.0,7.0,8.0,9.0,10.0,0.0,0.0
4,1,180,3,4,0.0,0.0,0.0,4.0,5.0,6.0,7.0,8.0,9.0,0.0,0.0,0.0
4,5,150,16,10,0.0,0.0,0.0,4.0,5.0,6.0,7.0,8.0,0.0,0.0,0.0,0.0
2,3,150,24,6,0.0,0.0,0.0,0.0,5.0,6.0,7.0,8.0,9.0,0.0,0.0,0.0
2,2,150,6,1,0.0,0.0,0.0,0.0,5.0,6.0,7.0,8.0,9.0,0.0,0.0,0.0
2,2,150,6,11,0.0,0.0,0.0,0.0,5.0,6.0,7.0,8.0,9.0,0.0,0.0,0.0
5,3,180,6,10,0.0,0.0,0.0,0.0,5.0,6.0,7.0,8.0,9.0,10.0,0.0,0.0
5,3,180,5,10,0.0,0.0,0.0,0.0,5.0,6.0,7.0,8.0,9.0,10.0,0.0,0.0
2,3,180,18,4,0.0,0.0,0.0,0.0,5.0,6.0,7.0,8.0,9.0,10.0,0.0,0.0
5,3,100,6,2,0.0,0.0,0.0,0.0,5.0,6.0,7.0,8.0,9.0,0.0,0.0,0.0
2,2,90,4,1,0.0,0.0,0.0,0.0,5.0,6.0,0.0,0.0,9.0,0.0,0.0,0.0
5,5,300,24,4,1.0,2.0,3.0,4.0,5.0,6.0,7.0,8.0,9.0,10.0,0.0,0.0
2,2,150,7,5,0.0,0.0,0.0,0.0,0.0,6.0,7.0,8.0,9.0,10.0,0.0,0.0
2,5,150,3,5,0.0,0.0,0.0,0.0,0.0,6.0,7.0,8.0,9.0,10.0,0.0,0.0
2,2,150,7,5,0.0,0.0,0.0,0.0,0.0,6.0,7.0,8.0,9.0,10.0,0.0,0.0
5,3,150,7,1,0.0,0.0,0.0,0.0,5.0,6.0,7.0,8.0,9.0,0.0,0.0,0.0
5,3,180,1,2,0.0,0.0,0.0,4.0,5.0,6.0,7.0,8.0,9.0,0.0,0.0,0.0
2,2,150,12,1,0.0,0.0,0.0,0.0,5.0,6.0,7.0,8.0,9.0,0.0,0.0,0.0
2,1,150,24,2,0.0,0.0,0.0,0.0,5.0,6.0,7.0,8.0,9.0,10.0,0.0,0.0
3,6,90,24,3,0.0,0.0,0.0,0.0,0.0,6.0,7.0,8.0,0.0,0.0,0.0,0.0
2,3,210,18,3,0.0,0.0,0.0,0.0,5.0,6.0,7.0,8.0,9.0,10.0,11.0,0.0
2,3,210,18,5,0.0,0.0,0.0,0.0,5.0,6.0,7.0,8.0,9.0,10.0,11.0,0.0
2,3,240,18,5,0.0,0.0,3.0,4.0,5.0,6.0,7.0,8.0,9.0,10.0,0.0,0.0
2,1,150,7,1,0.0,0.0,0.0,0.0,5.0,6.0,7.0,8.0,9.0,10.0,0.0,0.0
5,3,180,2,1,0.0,0.0,0.0,4.0,5.0,6.0,7.0,8.0,9.0,0.0,0.0,0.0
2,2,180,24,4,0.0,0.0,0.0,4.0,5.0,6.0,7.0,8.0,9.0,0.0,0.0,0.0
5,3,180,7,1,0.0,0.0,0.0,4.0,5.0,6.0,7.0,8.0,9.0,0.0,0.0,0.0
5,5,200,20,8,0.0,0.0,3.0,4.0,5.0,6.0,7.0,8.0,9.0,10.0,0.0,0.0
5,3,210,12,7,0.0,0.0,3.0,4.0,5.0,6.0,7.0,8.0,9.0,10.0,0.0,0.0
5,3,210,20,3,0.0,0.0,0.0,4.0,5.0,6.0,7.0,8.0,9.0,10.0,0.0,0.0
5,3,180,9,1,0.0,0.0,0.0,0.0,5.0,6.0,7.0,8.0,9.0,10.0,0.0,0.0
2,3,180,8,12,0.0,0.0,0.0,0.0,5.0,6.0,7.0,8.0,9.0,10.0,0.0,0.0
2,3,90,12,2,0.0,0.0,0.0,0.0,0.0,0.0,7.0,8.0,9.0,0.0,0.0,0.0
4,1,90,3,1,0.0,0.0,0.0,0.0,0.0,0.0,7.0,8.0,9.0,0.0,0.0,0.0
2,4,90,10,3,0.0,0.0,0.0,0.0,0.0,0.0,7.0,8.0,9.0,0.0,0.0,0.0
3,5,120,6,3,0.0,0.0,0.0,0.0,5.0,6.0,7.0,8.0,0.0,0.0,0.0,0.0
5,3,120,12,1,0.0,0.0,0.0,0.0,0.0,0.0,7.0,8.0,9.0,10.0,0.0,0.0
2,3,90,10,6,0.0,0.0,0.0,0.0,0.0,0.0,7.0,8.0,9.0,0.0,0.0,0.0
2,3,120,8,5,0.0,0.0,0.0,0.0,0.0,6.0,7.0,8.0,9.0,0.0,0.0,0.0
2,3,120,8,2,0.0,0.0,0.0,0.0,0.0,6.0,7.0,8.0,9.0,0.0,0.0,0.0
5,3,180,8,1,0.0,0.0,0.0,0.0,5.0,6.0,7.0,8.0,9.0,10.0,0.0,0.0
5,3,180,12,10,0.0,0.0,0.0,0.0,5.0,6.0,7.0,8.0,9.0,10.0,0.0,0.0
2,4,120,12,1,0.0,0.0,0.0,0.0,0.0,6.0,7.0,8.0,9.0,0.0,0.0,0.0
2,3,180,5,12,0.0,0.0,0.0,0.0,5.0,6.0,7.0,8.0,9.0,10.0,0.0,0.0
5,3,180,5,2,0.0,0.0,0.0,0.0,5.0,6.0,7.0,8.0,9.0,10.0,0.0,0.0
4,1,90,1,3,0.0,0.0,0.0,0.0,0.0,6.0,7.0,8.0,0.0,0.0,0.0,0.0
2,3,120,12,6,0.0,0.0,0.0,0.0,0.0,6.0,7.0,8.0,9.0,0.0,0.0,0.0
5,4,90,8,2,0.0,0.0,0.0,0.0,0.0,6.0,7.0,8.0,0.0,0.0,0.0,0.0
5,3,90,8,2,0.0,0.0,0.0,0.0,0.0,0.0,7.0,8.0,9.0,0.0,0.0,0.0
4,1,120,5,1,0.0,0.0,0.0,0.0,0.0,6.0,7.0,8.0,9.0,0.0,0.0,0.0
2,3,180,20,10,0.0,0.0,0.0,0.0,0.0,6.0,7.0,8.0,9.0,10.0,11.0,0.0
4,1,180,5,1,0.0,0.0,0.0,0.0,5.0,6.0,7.0,8.0,9.0,10.0,0.0,0.0
2,3,150,6,9,0.0,0.0,0.0,0.0,5.0,6.0,7.0,8.0,9.0,0.0,0.0,0.0
4,2,150,12,3,0.0,0.0,0.0,0.0,5.0,6.0,7.0,8.0,9.0,0.0,0.0,0.0
4,1,270,15,3,0.0,0.0,3.0,4.0,5.0,6.0,7.0,8.0,9.0,10.0,11.0,0.0
4,2,180,12,10,0.0,0.0,0.0,4.0,5.0,6.0,7.0,8.0,9.0,0.0,0.0,0.0
2,5,60,18,1,0.0,0.0,0.0,0.0,0.0,0.0,0.0,8.0,9.0,0.0,0.0,0.0
2,3,30,20,1,0.0,0.0,0.0,0.0,0.0,0.0,0.0,8.0,0.0,0.0,0.0,0.0
2,1,120,7,4,0.0,0.0,0.0,0.0,0.0,6.0,7.0,8.0,9.0,0.0,0.0,0.0
2,1,150,7,2,0.0,0.0,0.0,0.0,5.0,6.0,7.0,8.0,9.0,0.0,0.0,0.0
2,3,75,7,7,0.0,0.0,0.0,0.0,0.0,0.0,7.0,8.0,9.0,0.0,0.0,0.0
4,1,180,5,14,0.0,0.0,0.0,0.0,5.0,6.0,7.0,8.0,9.0,10.0,0.0,0.0
2,3,120,11,1,0.0,0.0,0.0,0.0,0.0,6.0,7.0,8.0,9.0,0.0,0.0,0.0
2,4,180,13,7,0.0,0.0,0.0,0.0,5.0,6.0,7.0,8.0,9.0,10.0,0.0,0.0
4,1,240,13,10,0.0,0.0,0.0,4.0,5.0,6.0,7.0,8.0,9.0,10.0,11.0,0.0
5,4,150,4,1,0.0,0.0,0.0,0.0,0.0,6.0,7.0,8.0,9.0,10.0,0.0,0.0
2,3,150,11,1,0.0,0.0,0.0,0.0,0.0,6.0,7.0,8.0,9.0,10.0,0.0,0.0
2,1,120,16,5,0.0,0.0,0.0,0.0,0.0,6.0,7.0,8.0,9.0,0.0,0.0,0.0
4,9,135,21,3,0.0,0.0,0.0,0.0,5.0,6.0,7.0,8.0,9.0,0.0,0.0,0.0
4,2,135,19,6,0.0,0.0,0.0,0.0,5.0,6.0,7.0,8.0,9.0,0.0,0.0,0.0
2,3,120,15,1,0.0,0.0,0.0,0.0,0.0,6.0,7.0,8.0,9.0,0.0,0.0,0.0
2,3,150,12,3,0.0,0.0,0.0,0.0,0.0,6.0,7.0,8.0,9.0,10.0,0.0,0.0
4,4,150,12,9,0.0,0.0,0.0,0.0,0.0,0.0,0.0,8.0,9.0,10.0,11.0,12.0
2,3,150,10,4,0.0,0.0,0.0,0.0,0.0,6.0,7.0,8.0,9.0,10.0,0.0,0.0
2,4,180,11,15,0.0,0.0,0.0,0.0,5.0,6.0,7.0,8.0,9.0,10.0,0.0,0.0
2,3,180,18,8,0.0,0.0,0.0,0.0,5.0,6.0,7.0,8.0,9.0,10.0,0.0,0.0
2,3,210,20,13,0.0,0.0,0.0,0.0,5.0,6.0,7.0,8.0,9.0,10.0,11.0,0.0
6,4,90,2,1,0.0,0.0,0.0,0.0,0.0,0.0,7.0,8.0,9.0,0.0,0.0,0.0
6,4,180,12,1,0.0,0.0,0.0,4.0,5.0,6.0,7.0,8.0,9.0,0.0,0.0,0.0
2,1,30,12,1,0.0,0.0,0.0,0.0,0.0,0.0,0.0,0.0,0.0,10.0,0.0,0.0
2,2,90,5,1,0.0,0.0,0.0,0.0,0.0,6.0,7.0,8.0,0.0,0.0,0.0,0.0
4,3,150,7,3,0.0,0.0,0.0,0.0,5.0,6.0,7.0,8.0,9.0,0.0,0.0,0.0
5,5,150,7,3,0.0,0.0,0.0,0.0,5.0,6.0,7.0,8.0,9.0,0.0,0.0,0.0
2,5,3,2,4,0.0,0.0,0.0,0.0,0.0,0.0,0.0,8.0,0.0,0.0,0.0,0.0
2,3,90,8,4,0.0,0.0,0.0,0.0,0.0,6.0,7.0,8.0,0.0,0.0,0.0,0.0
4,1,210,12,2,0.0,0.0,0.0,4.0,5.0,6.0,7.0,8.0,9.0,10.0,0.0,0.0
2,2,210,8,5,0.0,0.0,0.0,4.0,5.0,6.0,7.0,8.0,9.0,10.0,0.0,0.0
2,3,180,16,3,0.0,0.0,0.0,4.0,5.0,6.0,7.0,8.0,9.0,0.0,0.0,0.0
5,1,60,12,2,0.0,0.0,0.0,0.0,0.0,0.0,7.0,8.0,0.0,0.0,0.0,0.0
6,3,165,10,1,0.0,0.0,0.0,0.0,5.0,6.0,7.0,8.0,9.0,10.0,0.0,0.0
2,2,165,10,2,0.0,0.0,0.0,0.0,5.0,6.0,7.0,8.0,9.0,10.0,0.0,0.0
5,4,210,10,4,0.0,0.0,0.0,0.0,5.0,6.0,7.0,8.0,9.0,10.0,11.0,0.0
5,4,210,8,4,0.0,0.0,0.0,0.0,5.0,6.0,7.0,8.0,9.0,10.0,11.0,0.0
2,3,120,10,4,0.0,0.0,0.0,0.0,0.0,6.0,7.0,8.0,9.0,0.0,0.0,0.0
5,3,45,24,3,0.0,0.0,0.0,0.0,0.0,0.0,7.0,8.0,9.0,10.0,0.0,0.0
2,1,90,12,3,0.0,0.0,0.0,0.0,0.0,0.0,7.0,8.0,9.0,0.0,0.0,0.0
2,1,120,8,15,0.0,0.0,0.0,0.0,0.0,6.0,7.0,8.0,9.0,0.0,0.0,0.0
2,2,90,8,4,0.0,0.0,0.0,0.0,0.0,6.0,7.0,8.0,0.0,0.0,0.0,0.0
2,4,180,4,4,0.0,0.0,0.0,0.0,5.0,6.0,7.0,8.0,9.0,10.0,0.0,0.0
2,2,120,9,2,0.0,0.0,0.0,0.0,0.0,0.0,7.0,8.0,9.0,10.0,0.0,0.0
2,2,120,8,2,0.0,0.0,0.0,0.0,0.0,0.0,7.0,8.0,9.0,10.0,0.0,0.0
2,3,170,18,8,0.0,0.0,0.0,0.0,5.0,6.0,7.0,8.0,9.0,10.0,0.0,0.0
2,3,150,12,1,0.0,0.0,0.0,0.0,0.0,6.0,7.0,8.0,9.0,10.0,0.0,0.0
5,1,140,12,10,0.0,0.0,0.0,0.0,0.0,6.0,7.0,8.0,9.0,10.0,0.0,0.0
5,3,140,18,1,0.0,0.0,0.0,0.0,0.0,6.0,7.0,8.0,9.0,10.0,0.0,0.0
2,5,80,12,7,0.0,0.0,0.0,0.0,5.0,6.0,7.0,8.0,9.0,10.0,0.0,0.0
2,1,180,8,3,0.0,0.0,0.0,0.0,5.0,6.0,7.0,8.0,9.0,10.0,0.0,0.0
2,3,180,10,2,0.0,0.0,0.0,0.0,5.0,6.0,7.0,8.0,9.0,10.0,0.0,0.0
2,4,180,22,4,0.0,0.0,0.0,0.0,5.0,6.0,7.0,8.0,9.0,10.0,0.0,0.0
4,9,150,6,15,0.0,0.0,0.0,0.0,5.0,6.0,7.0,8.0,9.0,0.0,0.0,0.0
2,3,180,21,7,0.0,0.0,0.0,0.0,5.0,6.0,7.0,8.0,9.0,10.0,0.0,0.0
5,3,135,12,4,0.0,0.0,0.0,0.0,0.0,6.0,7.0,8.0,9.0,10.0,0.0,0.0
5,3,90,2,2,0.0,0.0,0.0,0.0,0.0,0.0,7.0,8.0,9.0,0.0,0.0,0.0
2,3,10,10,2,0.0,0.0,0.0,4.0,0.0,0.0,0.0,0.0,0.0,0.0,0.0,0.0
4,3,180,11,10,0.0,0.0,0.0,0.0,5.0,6.0,7.0,8.0,9.0,10.0,0.0,0.0
5,3,210,24,1,0.0,0.0,0.0,4.0,5.0,6.0,7.0,8.0,9.0,10.0,0.0,0.0
4,3,195,10,3,0.0,0.0,0.0,4.0,5.0,6.0,7.0,8.0,9.0,10.0,0.0,0.0
4,3,150,12,10,0.0,0.0,0.0,0.0,5.0,6.0,7.0,8.0,9.0,0.0,0.0,0.0
5,3,90,12,1,0.0,0.0,0.0,0.0,5.0,6.0,7.0,8.0,9.0,10.0,0.0,0.0
4,1,120,10,10,0.0,0.0,0.0,0.0,5.0,6.0,7.0,8.0,0.0,0.0,0.0,0.0
5,3,120,6,3,0.0,0.0,0.0,0.0,5.0,6.0,7.0,8.0,0.0,0.0,0.0,0.0
5,3,120,12,2,0.0,0.0,0.0,0.0,0.0,6.0,7.0,8.0,9.0,0.0,0.0,0.0
5,5,180,12,15,0.0,0.0,0.0,0.0,5.0,6.0,7.0,8.0,9.0,10.0,0.0,0.0
5,3,120,18,2,0.0,0.0,0.0,0.0,0.0,6.0,7.0,8.0,9.0,0.0,0.0,0.0
2,3,120,19,2,0.0,0.0,0.0,0.0,0.0,6.0,7.0,8.0,9.0,0.0,0.0,0.0
4,1,150,12,22,0.0,0.0,0.0,0.0,5.0,6.0,7.0,8.0,9.0,0.0,0.0,0.0
4,1,120,12,15,0.0,0.0,0.0,0.0,0.0,6.0,7.0,8.0,9.0,0.0,0.0,0.0
5,3,90,12,4,0.0,0.0,0.0,0.0,0.0,6.0,7.0,8.0,0.0,0.0,0.0,0.0
1,1,130,7,2,0.0,0.0,0.0,0.0,5.0,6.0,7.0,8.0,9.0,0.0,0.0,0.0
4,1,130,8,13,0.0,0.0,0.0,0.0,5.0,6.0,7.0,8.0,9.0,0.0,0.0,0.0
4,1,210,8,4,0.0,0.0,0.0,4.0,5.0,6.0,7.0,8.0,9.0,10.0,0.0,0.0
5,3,150,8,1,0.0,0.0,0.0,0.0,5.0,6.0,7.0,8.0,9.0,0.0,0.0,0.0
4,1,150,5,9,0.0,0.0,0.0,0.0,5.0,6.0,7.0,8.0,9.0,0.0,0.0,0.0
4,1,150,7,6,0.0,0.0,0.0,0.0,5.0,6.0,7.0,8.0,9.0,0.0,0.0,0.0
2,3,150,10,5,0.0,0.0,0.0,4.0,5.0,6.0,7.0,8.0,0.0,0.0,0.0,0.0
4,1,150,12,1,0.0,0.0,0.0,0.0,5.0,6.0,7.0,8.0,9.0,0.0,0.0,0.0
4,1,30,10,1,0.0,0.0,0.0,0.0,0.0,6.0,0.0,0.0,0.0,0.0,0.0,0.0
4,1,40,20,1,0.0,0.0,0.0,0.0,5.0,6.0,0.0,0.0,0.0,0.0,0.0,0.0
4,1,150,10,2,0.0,0.0,0.0,0.0,5.0,6.0,7.0,8.0,9.0,0.0,0.0,0.0
4,2,60,8,1,0.0,0.0,0.0,0.0,0.0,0.0,7.0,8.0,0.0,0.0,0.0,0.0
4,3,270,22,10,0.0,2.0,3.0,4.0,5.0,6.0,7.0,8.0,9.0,10.0,0.0,0.0
2,3,135,9,3,0.0,0.0,0.0,0.0,5.0,6.0,7.0,8.0,9.0,0.0,0.0,0.0
5,3,150,16,3,0.0,0.0,0.0,0.0,5.0,6.0,7.0,8.0,9.0,0.0,0.0,0.0
4,1,150,8,10,0.0,0.0,0.0,0.0,5.0,6.0,7.0,8.0,9.0,0.0,0.0,0.0
5,4,180,9,3,0.0,0.0,0.0,0.0,5.0,6.0,7.0,8.0,9.0,10.0,0.0,0.0
5,5,210,8,1,0.0,0.0,0.0,4.0,5.0,6.0,7.0,8.0,9.0,10.0,0.0,0.0
4,1,210,15,8,0.0,0.0,0.0,4.0,5.0,6.0,7.0,8.0,9.0,10.0,0.0,0.0
2,3,120,12,3,0.0,0.0,0.0,0.0,5.0,6.0,7.0,8.0,0.0,0.0,0.0,0.0
5,5,150,24,4,0.0,0.0,0.0,4.0,5.0,6.0,7.0,8.0,0.0,0.0,0.0,0.0
5,5,150,12,1,0.0,0.0,0.0,4.0,5.0,6.0,7.0,8.0,0.0,0.0,0.0,0.0
4,1,90,15,10,0.0,0.0,0.0,0.0,0.0,0.0,7.0,8.0,9.0,0.0,0.0,0.0
4,1,120,5,12,0.0,0.0,0.0,0.0,5.0,6.0,7.0,8.0,0.0,0.0,0.0,0.0
5,3,180,17,1,0.0,0.0,0.0,0.0,5.0,6.0,7.0,8.0,9.0,10.0,0.0,0.0
4,1,60,16,6,0.0,0.0,0.0,0.0,0.0,0.0,0.0,8.0,9.0,0.0,0.0,0.0
4,1,150,6,8,0.0,0.0,0.0,0.0,5.0,6.0,7.0,8.0,9.0,0.0,0.0,0.0
2,1,150,6,1,0.0,0.0,0.0,4.0,5.0,6.0,7.0,8.0,0.0,0.0,0.0,0.0
5,5,200,6,3,0.0,0.0,0.0,4.0,5.0,6.0,7.0,8.0,9.0,10.0,0.0,0.0
5,3,365,9,6,1.0,2.0,3.0,4.0,5.0,6.0,7.0,8.0,9.0,10.0,11.0,12.0
2,3,365,8,2,1.0,2.0,3.0,4.0,5.0,6.0,7.0,8.0,9.0,10.0,11.0,12.0
2,3,365,8,3,1.0,2.0,3.0,4.0,5.0,6.0,7.0,8.0,9.0,10.0,11.0,12.0
5,3,210,7,2,0.0,0.0,3.0,4.0,5.0,6.0,7.0,8.0,9.0,0.0,0.0,0.0
5,4,210,7,1,0.0,0.0,3.0,4.0,5.0,6.0,7.0,8.0,9.0,0.0,0.0,0.0
5,3,360,8,6,1.0,2.0,3.0,4.0,5.0,6.0,7.0,8.0,9.0,10.0,11.0,12.0
5,3,360,6,3,1.0,2.0,3.0,4.0,5.0,6.0,7.0,8.0,9.0,10.0,11.0,12.0
5,3,90,2,2,0.0,0.0,0.0,4.0,5.0,6.0,0.0,0.0,0.0,0.0,0.0,0.0
5,3,90,2,2,0.0,0.0,3.0,4.0,5.0,0.0,0.0,0.0,0.0,0.0,0.0,0.0
5,3,360,4,4,1.0,2.0,3.0,4.0,5.0,6.0,7.0,8.0,9.0,10.0,11.0,12.0
2,9,120,5,8,0.0,0.0,3.0,4.0,5.0,6.0,0.0,0.0,0.0,0.0,0.0,0.0
5,3,120,4,1,0.0,0.0,0.0,4.0,5.0,6.0,7.0,0.0,0.0,0.0,0.0,0.0
5,3,150,4,2,0.0,0.0,3.0,4.0,5.0,6.0,7.0,0.0,0.0,0.0,0.0,0.0
2,4,300,6,8,0.0,2.0,3.0,4.0,5.0,6.0,7.0,8.0,9.0,10.0,11.0,0.0
5,1,365,12,5,1.0,2.0,3.0,4.0,5.0,6.0,7.0,8.0,9.0,10.0,11.0,12.0
5,1,120,6,3,0.0,0.0,3.0,4.0,5.0,6.0,0.0,0.0,0.0,0.0,0.0,0.0
5,1,365,12,5,1.0,2.0,3.0,4.0,5.0,6.0,7.0,8.0,9.0,10.0,11.0,12.0
5,3,300,4,3,0.0,2.0,3.0,4.0,5.0,6.0,7.0,8.0,9.0,10.0,11.0,0.0
5,3,270,5,1,0.0,0.0,3.0,4.0,5.0,6.0,7.0,8.0,9.0,10.0,11.0,0.0
2,3,270,5,6,0.0,0.0,3.0,4.0,5.0,6.0,7.0,8.0,9.0,10.0,11.0,0.0
2,1,180,2,1,0.0,0.0,0.0,4.0,5.0,6.0,7.0,8.0,9.0,0.0,0.0,0.0
5,3,240,4,5,0.0,0.0,3.0,4.0,5.0,6.0,7.0,8.0,9.0,10.0,0.0,0.0
5,5,240,3,1,0.0,0.0,3.0,4.0,5.0,6.0,7.0,8.0,9.0,10.0,0.0,0.0
5,3,300,12,1,0.0,2.0,3.0,4.0,5.0,6.0,7.0,8.0,9.0,10.0,11.0,0.0
5,3,365,5,3,1.0,2.0,3.0,4.0,5.0,6.0,7.0,8.0,9.0,10.0,11.0,12.0
5,3,365,2,2,1.0,2.0,3.0,4.0,5.0,6.0,7.0,8.0,9.0,10.0,11.0,12.0
5,3,3,5,2,0.0,0.0,0.0,0.0,0.0,0.0,0.0,0.0,0.0,0.0,0.0,12.0
2,3,300,10,3,0.0,2.0,3.0,4.0,5.0,6.0,7.0,8.0,9.0,10.0,11.0,0.0
5,3,300,4,2,0.0,2.0,3.0,4.0,5.0,6.0,7.0,8.0,9.0,10.0,11.0,0.0
2,3,300,10,1,0.0,2.0,3.0,4.0,5.0,6.0,7.0,8.0,9.0,10.0,11.0,0.0
6,3,365,10,1,1.0,2.0,3.0,4.0,5.0,6.0,7.0,8.0,9.0,10.0,11.0,12.0
6,4,365,14,1,1.0,2.0,3.0,4.0,5.0,6.0,7.0,8.0,9.0,10.0,11.0,12.0
6,5,120,2,4,0.0,0.0,0.0,4.0,5.0,6.0,7.0,0.0,0.0,0.0,0.0,0.0
2,3,365,2,10,1.0,2.0,3.0,4.0,5.0,6.0,7.0,8.0,9.0,10.0,11.0,12.0
2,3,365,2,10,1.0,2.0,3.0,4.0,5.0,6.0,7.0,8.0,9.0,10.0,11.0,12.0
5,4,365,3,6,1.0,2.0,3.0,4.0,5.0,6.0,7.0,8.0,9.0,10.0,11.0,12.0
5,3,365,8,3,1.0,2.0,3.0,4.0,5.0,6.0,7.0,8.0,9.0,10.0,11.0,12.0
5,5,365,8,12,1.0,2.0,3.0,4.0,5.0,6.0,7.0,8.0,9.0,10.0,11.0,12.0
5,4,300,8,10,0.0,0.0,3.0,4.0,5.0,6.0,7.0,8.0,9.0,10.0,11.0,12.0
5,2,360,3,4,1.0,2.0,3.0,4.0,5.0,6.0,7.0,8.0,9.0,10.0,11.0,12.0
5,2,360,4,2,1.0,2.0,3.0,4.0,5.0,6.0,7.0,8.0,9.0,10.0,11.0,12.0
5,3,365,8,3,1.0,2.0,3.0,4.0,5.0,6.0,7.0,8.0,9.0,10.0,11.0,12.0
5,3,365,5,3,1.0,2.0,3.0,4.0,5.0,6.0,7.0,8.0,9.0,10.0,11.0,12.0
2,3,365,8,1,1.0,2.0,3.0,4.0,5.0,6.0,7.0,8.0,9.0,10.0,11.0,12.0
2,3,300,1,1,1.0,2.0,3.0,4.0,5.0,6.0,7.0,8.0,9.0,10.0,0.0,0.0
2,1,90,3,8,0.0,0.0,0.0,4.0,5.0,6.0,0.0,0.0,0.0,0.0,0.0,0.0
2,3,360,8,3,1.0,2.0,3.0,4.0,5.0,6.0,7.0,8.0,9.0,10.0,11.0,12.0
2,2,360,8,1,1.0,2.0,3.0,4.0,5.0,6.0,7.0,8.0,9.0,10.0,11.0,12.0
2,3,360,5,2,1.0,2.0,3.0,4.0,5.0,6.0,7.0,8.0,9.0,10.0,11.0,12.0
2,9,90,2,5,0.0,0.0,0.0,4.0,5.0,6.0,0.0,0.0,0.0,0.0,0.0,0.0
2,3,90,4,5,0.0,0.0,0.0,4.0,5.0,6.0,0.0,0.0,0.0,0.0,0.0,0.0
5,3,330,2,3,1.0,2.0,3.0,4.0,5.0,6.0,7.0,8.0,9.0,10.0,11.0,0.0
5,4,300,5,3,0.0,2.0,3.0,4.0,5.0,6.0,7.0,8.0,9.0,10.0,11.0,0.0
2,4,270,5,4,0.0,2.0,3.0,4.0,5.0,6.0,7.0,8.0,9.0,10.0,0.0,0.0
5,4,270,5,2,0.0,2.0,3.0,4.0,5.0,6.0,7.0,8.0,9.0,10.0,0.0,0.0
5,4,270,5,3,0.0,2.0,3.0,4.0,5.0,6.0,7.0,8.0,9.0,10.0,0.0,0.0
5,3,365,7,3,1.0,2.0,3.0,4.0,5.0,6.0,7.0,8.0,9.0,10.0,11.0,12.0
2,3,365,7,1,1.0,2.0,3.0,4.0,5.0,6.0,7.0,8.0,9.0,10.0,11.0,12.0
2,2,20,3,5,0.0,0.0,0.0,0.0,5.0,0.0,7.0,0.0,0.0,0.0,0.0,0.0
5,3,365,7,3,1.0,2.0,3.0,4.0,5.0,6.0,7.0,8.0,9.0,10.0,11.0,12.0
2,2,365,9,2,1.0,2.0,3.0,4.0,5.0,6.0,7.0,8.0,9.0,10.0,11.0,12.0
5,3,270,7,6,0.0,2.0,3.0,4.0,5.0,6.0,7.0,8.0,9.0,10.0,0.0,0.0
5,3,270,6,2,0.0,2.0,3.0,4.0,5.0,6.0,7.0,8.0,9.0,10.0,0.0,0.0
2,4,365,6,1,1.0,2.0,3.0,4.0,5.0,6.0,7.0,8.0,9.0,10.0,11.0,12.0
5,5,365,8,2,1.0,2.0,3.0,4.0,5.0,6.0,7.0,8.0,9.0,10.0,11.0,12.0
5,4,365,12,2,1.0,2.0,3.0,4.0,5.0,6.0,7.0,8.0,9.0,10.0,11.0,12.0
2,3,365,3,2,1.0,2.0,3.0,4.0,5.0,6.0,7.0,8.0,9.0,10.0,11.0,12.0
5,3,365,3,3,1.0,2.0,3.0,4.0,5.0,6.0,7.0,8.0,9.0,10.0,11.0,12.0
2,1,325,4,6,0.0,2.0,3.0,4.0,5.0,6.0,7.0,8.0,9.0,10.0,11.0,12.0
5,2,365,3,19,1.0,2.0,3.0,4.0,5.0,6.0,7.0,8.0,9.0,10.0,11.0,12.0
6,2,365,4,3,1.0,2.0,3.0,4.0,5.0,6.0,7.0,8.0,9.0,10.0,11.0,12.0
5,9,365,3,5,1.0,2.0,3.0,4.0,5.0,6.0,7.0,8.0,9.0,10.0,11.0,12.0
2,3,365,3,10,1.0,2.0,3.0,4.0,5.0,6.0,7.0,8.0,9.0,10.0,11.0,12.0
2,9,365,3,5,1.0,2.0,3.0,4.0,5.0,6.0,7.0,8.0,9.0,10.0,11.0,12.0
2,9,365,3,3,1.0,2.0,3.0,4.0,5.0,6.0,7.0,8.0,9.0,10.0,11.0,12.0
5,3,365,4,3,1.0,2.0,3.0,4.0,5.0,6.0,7.0,8.0,9.0,10.0,11.0,12.0
2,2,300,10,2,0.0,2.0,3.0,4.0,5.0,6.0,7.0,8.0,9.0,10.0,11.0,0.0
5,4,300,8,3,0.0,2.0,3.0,4.0,5.0,6.0,7.0,8.0,9.0,10.0,11.0,0.0
5,4,250,15,1,0.0,2.0,3.0,4.0,5.0,6.0,7.0,8.0,9.0,10.0,0.0,0.0
5,3,120,4,8,0.0,0.0,3.0,4.0,5.0,6.0,0.0,0.0,0.0,0.0,0.0,0.0
5,3,270,8,1,0.0,2.0,3.0,4.0,5.0,6.0,7.0,8.0,9.0,10.0,0.0,0.0
5,3,365,8,3,1.0,2.0,3.0,4.0,5.0,6.0,7.0,8.0,9.0,10.0,11.0,12.0
5,3,365,7,2,1.0,2.0,3.0,4.0,5.0,6.0,7.0,8.0,9.0,10.0,11.0,12.0
2,4,365,8,8,1.0,2.0,3.0,4.0,5.0,6.0,7.0,8.0,9.0,10.0,11.0,12.0
5,5,365,8,6,1.0,2.0,3.0,4.0,5.0,6.0,7.0,8.0,9.0,10.0,11.0,12.0
2,2,300,4,5,0.0,2.0,3.0,4.0,5.0,6.0,7.0,8.0,9.0,10.0,11.0,0.0
2,3,365,7,1,1.0,2.0,3.0,4.0,5.0,6.0,7.0,8.0,9.0,10.0,11.0,12.0
6,5,150,10,2,0.0,0.0,3.0,4.0,5.0,6.0,7.0,0.0,0.0,0.0,0.0,0.0
6,5,150,2,2,0.0,0.0,3.0,4.0,5.0,6.0,7.0,0.0,0.0,0.0,0.0,0.0
6,5,150,9,4,0.0,0.0,3.0,4.0,5.0,6.0,7.0,0.0,0.0,0.0,0.0,0.0
6,5,150,9,4,0.0,0.0,3.0,4.0,5.0,6.0,7.0,0.0,0.0,0.0,0.0,0.0
5,2,210,6,4,0.0,2.0,3.0,4.0,5.0,6.0,7.0,8.0,0.0,0.0,0.0,0.0
5,2,200,7,1,0.0,2.0,3.0,4.0,5.0,6.0,7.0,0.0,9.0,10.0,0.0,0.0
5,3,300,9,2,0.0,2.0,3.0,4.0,5.0,6.0,7.0,8.0,9.0,10.0,11.0,0.0
5,3,365,14,1,1.0,2.0,3.0,4.0,5.0,6.0,7.0,8.0,9.0,10.0,11.0,12.0
2,4,365,8,4,1.0,2.0,3.0,4.0,5.0,6.0,7.0,8.0,9.0,10.0,11.0,12.0
5,4,365,6,2,1.0,2.0,3.0,4.0,5.0,6.0,7.0,8.0,9.0,10.0,11.0,12.0
2,9,120,6,11,0.0,0.0,3.0,4.0,5.0,6.0,0.0,0.0,0.0,0.0,0.0,0.0
2,3,365,6,4,1.0,2.0,3.0,4.0,5.0,6.0,7.0,8.0,9.0,10.0,11.0,12.0
2,3,300,6,4,0.0,2.0,3.0,4.0,5.0,6.0,7.0,8.0,9.0,10.0,11.0,0.0
5,4,360,6,1,1.0,2.0,3.0,4.0,5.0,6.0,7.0,8.0,9.0,10.0,11.0,12.0
5,4,150,3,3,0.0,0.0,3.0,4.0,5.0,6.0,7.0,0.0,0.0,0.0,0.0,0.0
2,3,360,3,3,1.0,2.0,3.0,4.0,5.0,6.0,7.0,8.0,9.0,10.0,11.0,12.0
5,1,365,8,5,1.0,2.0,3.0,4.0,5.0,6.0,7.0,8.0,9.0,10.0,11.0,12.0
2,2,365,8,12,1.0,2.0,3.0,4.0,5.0,6.0,7.0,8.0,9.0,10.0,11.0,12.0
5,9,120,5,2,0.0,0.0,3.0,4.0,5.0,6.0,0.0,0.0,0.0,0.0,0.0,0.0
5,3,365,8,1,1.0,2.0,3.0,4.0,5.0,6.0,7.0,8.0,9.0,10.0,11.0,12.0
2,3,150,7,8,0.0,0.0,3.0,4.0,5.0,6.0,7.0,0.0,0.0,0.0,0.0,0.0
5,3,100,3,4,0.0,0.0,3.0,4.0,5.0,6.0,0.0,0.0,0.0,0.0,0.0,0.0
5,3,300,5,3,1.0,2.0,3.0,4.0,5.0,6.0,7.0,8.0,9.0,10.0,0.0,0.0
5,5,360,3,2,1.0,2.0,3.0,4.0,5.0,6.0,7.0,8.0,9.0,10.0,11.0,12.0
5,5,360,8,2,1.0,2.0,3.0,4.0,5.0,6.0,7.0,8.0,9.0,10.0,11.0,12.0
2,3,200,8,6,0.0,0.0,0.0,4.0,5.0,6.0,7.0,8.0,9.0,10.0,0.0,0.0
5,1,260,10,10,0.0,0.0,3.0,4.0,5.0,6.0,7.0,8.0,9.0,10.0,11.0,0.0
5,1,260,10,4,0.0,0.0,3.0,4.0,5.0,6.0,7.0,8.0,9.0,10.0,11.0,0.0
5,3,365,8,4,1.0,2.0,3.0,4.0,5.0,6.0,7.0,8.0,9.0,10.0,11.0,12.0
5,3,365,10,1,1.0,2.0,3.0,4.0,5.0,6.0,7.0,8.0,9.0,10.0,11.0,12.0
5,3,365,8,2,1.0,2.0,3.0,4.0,5.0,6.0,7.0,8.0,9.0,10.0,11.0,12.0
2,3,365,8,5,1.0,2.0,3.0,4.0,5.0,6.0,7.0,8.0,9.0,10.0,11.0,12.0
5,3,365,8,3,1.0,2.0,3.0,4.0,5.0,6.0,7.0,8.0,9.0,10.0,11.0,12.0
2,3,365,7,7,1.0,2.0,3.0,4.0,5.0,6.0,7.0,8.0,9.0,10.0,11.0,12.0
5,3,365,8,4,1.0,2.0,3.0,4.0,5.0,6.0,7.0,8.0,9.0,10.0,11.0,12.0
2,3,365,8,4,1.0,2.0,3.0,4.0,5.0,6.0,7.0,8.0,9.0,10.0,11.0,12.0
5,9,365,9,1,1.0,2.0,3.0,4.0,5.0,6.0,7.0,8.0,9.0,10.0,11.0,12.0
2,9,300,6,8,0.0,2.0,3.0,4.0,5.0,6.0,7.0,8.0,9.0,10.0,11.0,12.0
5,2,4,9,2,0.0,0.0,0.0,0.0,0.0,0.0,7.0,0.0,0.0,0.0,0.0,12.0
5,2,365,9,2,1.0,2.0,3.0,4.0,5.0,6.0,7.0,8.0,9.0,10.0,11.0,12.0
5,9,365,5,8,1.0,2.0,3.0,4.0,5.0,6.0,7.0,8.0,9.0,10.0,11.0,12.0
5,3,365,6,4,1.0,2.0,3.0,4.0,5.0,6.0,7.0,8.0,9.0,10.0,11.0,12.0
5,3,365,6,4,1.0,2.0,3.0,4.0,5.0,6.0,7.0,8.0,9.0,10.0,11.0,12.0
2,3,240,8,4,0.0,2.0,3.0,4.0,5.0,6.0,7.0,8.0,9.0,10.0,0.0,0.0
5,3,300,8,2,0.0,2.0,3.0,4.0,5.0,6.0,7.0,8.0,9.0,10.0,11.0,0.0
5,3,300,4,4,0.0,2.0,3.0,4.0,5.0,6.0,7.0,8.0,9.0,10.0,11.0,0.0
2,3,180,7,14,0.0,0.0,3.0,4.0,5.0,6.0,7.0,8.0,0.0,0.0,0.0,0.0
2,3,365,6,3,1.0,2.0,3.0,4.0,5.0,6.0,7.0,8.0,9.0,10.0,11.0,12.0
5,3,365,6,4,1.0,2.0,3.0,4.0,5.0,6.0,7.0,8.0,9.0,10.0,11.0,12.0
2,3,365,1,1,1.0,2.0,3.0,4.0,5.0,6.0,7.0,8.0,9.0,10.0,11.0,12.0
2,3,365,12,8,1.0,2.0,3.0,4.0,5.0,6.0,7.0,8.0,9.0,10.0,11.0,12.0
2,3,330,6,13,1.0,2.0,3.0,4.0,5.0,6.0,7.0,8.0,9.0,10.0,11.0,0.0
5,9,90,2,7,0.0,0.0,3.0,4.0,5.0,0.0,0.0,0.0,0.0,0.0,0.0,0.0
2,9,90,5,5,0.0,0.0,3.0,4.0,5.0,0.0,0.0,0.0,0.0,0.0,0.0,0.0
2,9,120,5,1,0.0,0.0,3.0,4.0,5.0,6.0,0.0,0.0,0.0,0.0,0.0,0.0
5,3,365,8,1,1.0,2.0,3.0,4.0,5.0,6.0,7.0,8.0,9.0,10.0,11.0,12.0
2,9,365,6,5,1.0,2.0,3.0,4.0,5.0,6.0,7.0,8.0,9.0,10.0,11.0,12.0
2,3,180,5,7,0.0,0.0,3.0,4.0,5.0,0.0,7.0,8.0,0.0,10.0,0.0,0.0
2,3,120,2,7,0.0,0.0,0.0,4.0,5.0,6.0,7.0,0.0,0.0,0.0,0.0,0.0
5,3,210,6,4,0.0,0.0,3.0,4.0,5.0,6.0,7.0,8.0,9.0,0.0,0.0,0.0
5,3,365,7,3,1.0,2.0,3.0,4.0,5.0,6.0,7.0,8.0,9.0,10.0,11.0,12.0
5,3,365,7,5,1.0,2.0,3.0,4.0,5.0,6.0,7.0,8.0,9.0,10.0,11.0,12.0
2,1,300,6,5,0.0,2.0,3.0,4.0,5.0,6.0,7.0,8.0,9.0,10.0,11.0,0.0
5,4,210,8,2,0.0,2.0,3.0,4.0,5.0,6.0,7.0,8.0,0.0,0.0,0.0,0.0
2,1,360,5,2,1.0,2.0,3.0,4.0,5.0,6.0,7.0,8.0,9.0,10.0,11.0,12.0
2,9,300,1,1,0.0,2.0,3.0,4.0,5.0,6.0,7.0,8.0,9.0,10.0,11.0,0.0
2,3,360,4,3,1.0,2.0,3.0,4.0,5.0,6.0,7.0,8.0,9.0,10.0,11.0,12.0
5,4,120,6,1,0.0,0.0,3.0,4.0,5.0,6.0,0.0,0.0,0.0,0.0,0.0,0.0
2,9,365,4,4,1.0,2.0,3.0,4.0,5.0,6.0,7.0,8.0,9.0,10.0,11.0,12.0
2,3,300,8,3,0.0,2.0,3.0,4.0,5.0,6.0,7.0,8.0,9.0,10.0,11.0,0.0
2,3,300,8,3,0.0,2.0,3.0,4.0,5.0,6.0,7.0,8.0,9.0,10.0,11.0,0.0
5,3,330,5,5,1.0,2.0,3.0,4.0,5.0,6.0,7.0,8.0,9.0,10.0,11.0,0.0
5,3,330,6,3,0.0,2.0,3.0,4.0,5.0,6.0,7.0,8.0,9.0,10.0,11.0,12.0
5,5,360,6,2,1.0,2.0,3.0,4.0,5.0,6.0,7.0,8.0,9.0,10.0,11.0,12.0
5,3,150,6,4,0.0,0.0,3.0,4.0,5.0,6.0,7.0,0.0,0.0,0.0,0.0,0.0
5,3,150,5,6,0.0,0.0,3.0,4.0,5.0,6.0,7.0,0.0,0.0,0.0,0.0,0.0
2,2,360,6,3,1.0,2.0,3.0,4.0,5.0,6.0,7.0,8.0,9.0,10.0,11.0,12.0
2,3,360,4,4,1.0,2.0,3.0,4.0,5.0,6.0,7.0,8.0,9.0,10.0,11.0,12.0
2,2,240,2,2,0.0,0.0,3.0,4.0,5.0,6.0,7.0,8.0,9.0,10.0,0.0,0.0
5,3,150,5,4,0.0,0.0,3.0,4.0,5.0,6.0,7.0,0.0,0.0,0.0,0.0,0.0
2,3,365,7,8,1.0,2.0,3.0,4.0,5.0,6.0,7.0,8.0,9.0,10.0,11.0,12.0
5,3,150,5,4,0.0,0.0,3.0,4.0,5.0,6.0,7.0,0.0,0.0,0.0,0.0,0.0
6,9,300,8,5,0.0,0.0,3.0,4.0,5.0,6.0,7.0,8.0,9.0,10.0,11.0,12.0
6,9,300,8,8,0.0,0.0,3.0,4.0,5.0,6.0,7.0,8.0,9.0,10.0,11.0,12.0
2,1,365,7,6,1.0,2.0,3.0,4.0,5.0,6.0,7.0,8.0,9.0,10.0,11.0,12.0
2,3,210,12,2,0.0,2.0,3.0,4.0,5.0,6.0,7.0,8.0,0.0,0.0,0.0,0.0
5,4,365,6,2,1.0,2.0,3.0,4.0,5.0,6.0,7.0,8.0,9.0,10.0,11.0,12.0
2,3,365,8,2,1.0,2.0,3.0,4.0,5.0,6.0,7.0,8.0,9.0,10.0,11.0,12.0
5,3,60,3,1,0.0,0.0,3.0,4.0,5.0,0.0,0.0,0.0,0.0,0.0,0.0,0.0
5,3,300,6,2,0.0,2.0,3.0,4.0,5.0,6.0,7.0,8.0,9.0,10.0,11.0,0.0
5,2,365,7,1,1.0,2.0,3.0,4.0,5.0,6.0,7.0,8.0,9.0,10.0,11.0,12.0
2,3,365,6,4,1.0,2.0,3.0,4.0,5.0,6.0,7.0,8.0,9.0,10.0,11.0,12.0
5,3,365,8,4,1.0,2.0,3.0,4.0,5.0,6.0,7.0,8.0,9.0,10.0,11.0,12.0
5,9,365,3,5,1.0,2.0,3.0,4.0,5.0,6.0,7.0,8.0,9.0,10.0,11.0,12.0
5,3,365,8,1,1.0,2.0,3.0,4.0,5.0,6.0,7.0,8.0,9.0,10.0,11.0,12.0
2,9,150,3,6,0.0,2.0,3.0,4.0,5.0,6.0,0.0,0.0,0.0,0.0,0.0,0.0
5,9,150,3,2,0.0,2.0,3.0,4.0,5.0,6.0,0.0,0.0,0.0,0.0,0.0,0.0
2,3,365,4,3,1.0,2.0,3.0,4.0,5.0,6.0,7.0,8.0,9.0,10.0,11.0,12.0
2,3,365,4,5,1.0,2.0,3.0,4.0,5.0,6.0,7.0,8.0,9.0,10.0,11.0,12.0
5,4,120,8,6,0.0,0.0,3.0,4.0,5.0,6.0,7.0,8.0,9.0,10.0,0.0,0.0
6,5,120,10,5,0.0,0.0,3.0,4.0,5.0,6.0,7.0,8.0,9.0,10.0,0.0,0.0
5,9,144,4,2,1.0,2.0,3.0,4.0,5.0,6.0,7.0,8.0,9.0,10.0,11.0,12.0
5,3,200,5,2,0.0,0.0,3.0,4.0,5.0,6.0,7.0,8.0,9.0,0.0,0.0,0.0
2,3,90,2,3,0.0,0.0,3.0,4.0,5.0,0.0,0.0,0.0,0.0,0.0,0.0,0.0
5,4,365,8,6,1.0,2.0,3.0,4.0,5.0,6.0,7.0,8.0,9.0,10.0,11.0,12.0
5,1,180,5,4,0.0,0.0,3.0,4.0,5.0,6.0,7.0,8.0,0.0,0.0,0.0,0.0
5,3,365,2,3,1.0,2.0,3.0,4.0,5.0,6.0,7.0,8.0,9.0,10.0,11.0,12.0
5,4,120,3,3,0.0,0.0,3.0,4.0,5.0,6.0,0.0,0.0,0.0,0.0,0.0,0.0
5,3,150,3,3,0.0,2.0,3.0,4.0,5.0,6.0,0.0,0.0,0.0,0.0,0.0,0.0
5,3,250,8,3,1.0,2.0,3.0,4.0,5.0,6.0,7.0,8.0,9.0,10.0,11.0,12.0
5,3,250,8,2,1.0,2.0,3.0,4.0,5.0,6.0,7.0,8.0,9.0,10.0,11.0,12.0
5,2,365,5,2,1.0,2.0,3.0,4.0,5.0,6.0,7.0,8.0,9.0,10.0,11.0,12.0
5,3,210,5,3,1.0,2.0,3.0,4.0,5.0,6.0,7.0,8.0,0.0,0.0,0.0,0.0
2,3,180,4,6,0.0,0.0,3.0,4.0,5.0,6.0,7.0,8.0,0.0,0.0,0.0,0.0
5,4,240,6,6,0.0,0.0,3.0,4.0,5.0,6.0,7.0,8.0,9.0,10.0,0.0,0.0
2,3,270,6,6,0.0,2.0,3.0,4.0,5.0,6.0,7.0,8.0,9.0,10.0,0.0,0.0
2,1,270,4,7,0.0,2.0,3.0,4.0,5.0,6.0,7.0,8.0,9.0,10.0,0.0,0.0
2,9,270,6,4,0.0,0.0,3.0,4.0,5.0,6.0,7.0,8.0,9.0,10.0,11.0,0.0
5,9,330,8,5,1.0,2.0,3.0,4.0,5.0,6.0,7.0,8.0,9.0,10.0,11.0,0.0
2,1,60,3,5,0.0,0.0,3.0,0.0,5.0,0.0,0.0,0.0,0.0,0.0,0.0,0.0
5,3,300,3,4,0.0,2.0,3.0,4.0,5.0,6.0,7.0,8.0,9.0,10.0,11.0,0.0
2,2,150,3,5,0.0,2.0,3.0,4.0,5.0,6.0,0.0,0.0,0.0,0.0,0.0,0.0
2,3,150,3,8,0.0,2.0,3.0,4.0,5.0,6.0,0.0,0.0,0.0,0.0,0.0,0.0
5,3,360,8,2,1.0,2.0,3.0,4.0,5.0,6.0,7.0,8.0,9.0,10.0,11.0,12.0
5,4,300,4,3,0.0,2.0,3.0,4.0,5.0,6.0,7.0,8.0,9.0,10.0,11.0,0.0
5,3,200,7,1,0.0,0.0,3.0,4.0,5.0,6.0,7.0,8.0,9.0,0.0,0.0,0.0
2,3,200,5,2,1.0,2.0,3.0,4.0,5.0,6.0,7.0,0.0,0.0,0.0,0.0,0.0
5,2,300,3,3,0.0,2.0,3.0,4.0,5.0,6.0,7.0,8.0,9.0,10.0,11.0,0.0
5,3,300,3,3,1.0,2.0,3.0,4.0,5.0,6.0,7.0,8.0,9.0,10.0,0.0,0.0
5,3,300,3,4,0.0,2.0,3.0,4.0,5.0,6.0,7.0,8.0,9.0,10.0,11.0,0.0
5,5,120,4,1,0.0,0.0,3.0,4.0,5.0,6.0,0.0,0.0,0.0,0.0,0.0,0.0
2,2,120,8,2,0.0,0.0,3.0,4.0,5.0,6.0,0.0,0.0,0.0,0.0,0.0,0.0
5,3,360,4,5,1.0,2.0,3.0,4.0,5.0,6.0,7.0,8.0,9.0,10.0,11.0,12.0
2,3,270,2,3,0.0,2.0,3.0,4.0,5.0,6.0,7.0,8.0,9.0,10.0,0.0,0.0
5,9,270,8,11,0.0,2.0,3.0,4.0,5.0,6.0,7.0,8.0,9.0,10.0,0.0,0.0
2,3,120,2,3,0.0,2.0,3.0,4.0,5.0,0.0,0.0,0.0,0.0,0.0,0.0,0.0
2,3,120,1,3,0.0,2.0,3.0,4.0,5.0,0.0,0.0,0.0,0.0,0.0,0.0,0.0
2,1,120,3,4,0.0,2.0,3.0,4.0,5.0,0.0,0.0,0.0,0.0,0.0,0.0,0.0
5,4,300,6,3,0.0,2.0,3.0,4.0,5.0,6.0,7.0,8.0,9.0,10.0,11.0,0.0
5,4,365,10,2,1.0,2.0,3.0,4.0,5.0,6.0,7.0,8.0,9.0,10.0,11.0,12.0
2,4,240,2,3,0.0,0.0,3.0,4.0,5.0,6.0,7.0,8.0,9.0,10.0,0.0,0.0
5,3,365,5,3,1.0,2.0,3.0,4.0,5.0,6.0,7.0,8.0,9.0,10.0,11.0,12.0
5,3,365,8,5,1.0,2.0,3.0,4.0,5.0,6.0,7.0,8.0,9.0,10.0,11.0,12.0
5,3,365,8,2,1.0,2.0,3.0,4.0,5.0,6.0,7.0,8.0,9.0,10.0,11.0,12.0
2,3,240,6,15,0.0,0.0,3.0,4.0,5.0,6.0,7.0,8.0,9.0,10.0,0.0,0.0
5,3,120,8,7,0.0,0.0,3.0,4.0,5.0,6.0,0.0,0.0,0.0,0.0,0.0,0.0
2,3,300,4,10,0.0,2.0,3.0,4.0,5.0,6.0,7.0,8.0,9.0,10.0,11.0,0.0
5,3,220,1,5,0.0,2.0,3.0,4.0,5.0,6.0,7.0,8.0,9.0,0.0,0.0,0.0
5,4,365,5,5,1.0,2.0,3.0,4.0,5.0,6.0,7.0,8.0,9.0,10.0,11.0,12.0
5,3,365,5,1,1.0,2.0,3.0,4.0,5.0,6.0,7.0,8.0,9.0,10.0,11.0,12.0
5,4,180,5,4,0.0,0.0,3.0,4.0,5.0,6.0,7.0,8.0,0.0,0.0,0.0,0.0
5,4,180,5,5,0.0,0.0,3.0,4.0,5.0,6.0,7.0,8.0,0.0,0.0,0.0,0.0
5,5,120,3,3,0.0,0.0,3.0,4.0,5.0,6.0,0.0,0.0,0.0,0.0,0.0,0.0
6,4,365,5,8,1.0,2.0,3.0,4.0,5.0,6.0,7.0,8.0,9.0,10.0,11.0,12.0
6,4,365,5,2,1.0,2.0,3.0,4.0,5.0,6.0,7.0,8.0,9.0,10.0,11.0,12.0
5,3,210,7,5,0.0,0.0,3.0,4.0,5.0,6.0,7.0,8.0,9.0,0.0,0.0,0.0
2,9,120,6,5,0.0,0.0,3.0,4.0,5.0,6.0,0.0,0.0,0.0,0.0,0.0,0.0
5,3,365,12,6,1.0,2.0,3.0,4.0,5.0,6.0,7.0,8.0,9.0,10.0,11.0,12.0
5,3,365,12,5,1.0,2.0,3.0,4.0,5.0,6.0,7.0,8.0,9.0,10.0,11.0,12.0
2,9,365,7,6,1.0,2.0,3.0,4.0,5.0,6.0,7.0,8.0,9.0,10.0,11.0,12.0
2,2,240,3,2,0.0,0.0,3.0,4.0,5.0,6.0,7.0,8.0,9.0,10.0,0.0,0.0
2,3,330,5,1,1.0,2.0,3.0,4.0,5.0,6.0,7.0,8.0,9.0,10.0,11.0,0.0
5,3,365,7,5,1.0,2.0,3.0,4.0,5.0,6.0,7.0,8.0,9.0,10.0,11.0,12.0
2,3,365,7,4,1.0,2.0,3.0,4.0,5.0,6.0,7.0,8.0,9.0,10.0,11.0,12.0
2,9,365,9,2,1.0,2.0,3.0,4.0,5.0,6.0,7.0,8.0,9.0,10.0,11.0,12.0
2,3,240,10,8,0.0,0.0,3.0,4.0,5.0,6.0,7.0,8.0,9.0,10.0,0.0,0.0
2,3,210,10,4,0.0,0.0,3.0,4.0,5.0,6.0,7.0,8.0,9.0,0.0,0.0,0.0
5,9,270,3,4,0.0,2.0,3.0,4.0,5.0,6.0,7.0,8.0,9.0,10.0,0.0,0.0
2,3,180,8,2,1.0,2.0,3.0,4.0,5.0,6.0,7.0,8.0,9.0,10.0,11.0,12.0
2,3,360,3,3,1.0,2.0,3.0,4.0,5.0,6.0,7.0,8.0,9.0,10.0,11.0,12.0
5,4,360,2,10,1.0,2.0,3.0,4.0,5.0,6.0,7.0,8.0,9.0,10.0,11.0,12.0
2,3,360,3,7,1.0,2.0,3.0,4.0,5.0,6.0,7.0,8.0,9.0,10.0,11.0,12.0
5,2,300,8,2,0.0,0.0,3.0,4.0,5.0,6.0,7.0,8.0,9.0,10.0,11.0,12.0
2,3,360,7,3,1.0,2.0,3.0,4.0,5.0,6.0,7.0,8.0,9.0,10.0,11.0,12.0
2,2,150,3,3,0.0,0.0,0.0,4.0,5.0,6.0,7.0,8.0,0.0,0.0,0.0,0.0
2,3,180,4,1,0.0,2.0,3.0,4.0,5.0,6.0,7.0,0.0,0.0,0.0,0.0,0.0
5,9,365,12,4,1.0,2.0,3.0,4.0,5.0,6.0,7.0,8.0,9.0,10.0,11.0,12.0
2,1,365,6,3,1.0,2.0,3.0,4.0,5.0,6.0,7.0,8.0,9.0,10.0,11.0,12.0
2,5,180,3,5,0.0,0.0,3.0,4.0,5.0,6.0,7.0,8.0,0.0,0.0,0.0,0.0
5,5,180,5,5,0.0,0.0,3.0,4.0,5.0,6.0,7.0,8.0,0.0,0.0,0.0,0.0
5,2,270,2,3,0.0,2.0,3.0,4.0,5.0,6.0,7.0,8.0,9.0,10.0,11.0,0.0
5,3,365,8,3,1.0,2.0,3.0,4.0,5.0,6.0,7.0,8.0,9.0,10.0,11.0,12.0
5,4,200,5,4,0.0,0.0,3.0,4.0,5.0,6.0,7.0,8.0,9.0,0.0,0.0,0.0
5,4,270,8,8,0.0,0.0,3.0,4.0,5.0,6.0,7.0,8.0,9.0,10.0,11.0,0.0
5,3,60,3,1,0.0,0.0,0.0,4.0,5.0,0.0,0.0,0.0,0.0,0.0,0.0,0.0
2,2,285,8,9,0.0,2.0,3.0,4.0,5.0,6.0,7.0,8.0,9.0,10.0,11.0,0.0
2,3,365,3,10,1.0,2.0,3.0,4.0,5.0,6.0,7.0,8.0,9.0,10.0,11.0,12.0
2,3,365,6,7,1.0,2.0,3.0,4.0,5.0,6.0,7.0,8.0,9.0,10.0,11.0,12.0
2,3,200,5,3,1.0,2.0,3.0,4.0,5.0,6.0,7.0,8.0,9.0,0.0,0.0,0.0
5,3,360,6,2,1.0,2.0,3.0,4.0,5.0,6.0,7.0,8.0,9.0,10.0,11.0,12.0
2,2,240,3,3,0.0,2.0,3.0,4.0,5.0,6.0,7.0,8.0,9.0,0.0,0.0,0.0
2,2,300,2,6,0.0,2.0,3.0,4.0,5.0,6.0,7.0,8.0,9.0,10.0,11.0,0.0
5,2,300,8,8,0.0,2.0,3.0,4.0,5.0,6.0,7.0,8.0,9.0,10.0,11.0,0.0
2,2,300,8,10,0.0,2.0,3.0,4.0,5.0,6.0,7.0,8.0,9.0,10.0,11.0,0.0
5,3,300,5,1,0.0,2.0,3.0,4.0,5.0,6.0,7.0,8.0,9.0,10.0,11.0,0.0
5,3,300,5,4,0.0,2.0,3.0,4.0,5.0,6.0,7.0,8.0,9.0,10.0,11.0,0.0
2,3,210,12,4,1.0,2.0,3.0,4.0,5.0,6.0,7.0,0.0,0.0,0.0,0.0,0.0
2,9,90,5,2,0.0,0.0,0.0,4.0,5.0,6.0,0.0,0.0,0.0,0.0,0.0,0.0
2,2,180,3,9,0.0,0.0,3.0,4.0,5.0,6.0,7.0,8.0,0.0,0.0,0.0,0.0
5,9,365,5,3,1.0,2.0,3.0,4.0,5.0,6.0,7.0,8.0,9.0,10.0,11.0,12.0
2,3,90,5,5,0.0,0.0,0.0,4.0,5.0,6.0,0.0,0.0,0.0,0.0,0.0,0.0
2,3,365,7,4,1.0,2.0,3.0,4.0,5.0,6.0,7.0,8.0,9.0,10.0,11.0,12.0
2,3,365,7,4,1.0,2.0,3.0,4.0,5.0,6.0,7.0,8.0,9.0,10.0,11.0,12.0
2,4,365,8,4,1.0,2.0,3.0,4.0,5.0,6.0,7.0,8.0,9.0,10.0,11.0,12.0
2,9,365,7,2,1.0,2.0,3.0,4.0,5.0,6.0,7.0,8.0,9.0,10.0,11.0,12.0
5,3,365,6,1,1.0,2.0,3.0,4.0,5.0,6.0,7.0,8.0,9.0,10.0,11.0,12.0
5,3,365,7,3,1.0,2.0,3.0,4.0,5.0,6.0,7.0,8.0,9.0,10.0,11.0,12.0
5,3,365,4,2,1.0,2.0,3.0,4.0,5.0,6.0,7.0,8.0,9.0,10.0,11.0,12.0
2,3,365,5,3,1.0,2.0,3.0,4.0,5.0,6.0,7.0,8.0,9.0,10.0,11.0,12.0
2,2,365,7,2,1.0,2.0,3.0,4.0,5.0,6.0,7.0,8.0,9.0,10.0,11.0,12.0
2,5,365,7,10,1.0,2.0,3.0,4.0,5.0,6.0,7.0,8.0,9.0,10.0,11.0,12.0
6,3,365,8,5,1.0,2.0,3.0,4.0,5.0,6.0,7.0,8.0,9.0,10.0,11.0,12.0
6,3,365,9,1,1.0,2.0,3.0,4.0,5.0,6.0,7.0,8.0,9.0,10.0,11.0,12.0
5,4,365,6,1,1.0,2.0,3.0,4.0,5.0,6.0,7.0,8.0,9.0,10.0,11.0,12.0
5,4,365,6,4,1.0,2.0,3.0,4.0,5.0,6.0,7.0,8.0,9.0,10.0,11.0,12.0
2,4,365,8,5,1.0,2.0,3.0,4.0,5.0,6.0,7.0,8.0,9.0,10.0,11.0,12.0
1,3,365,6,4,1.0,2.0,3.0,4.0,5.0,6.0,7.0,8.0,9.0,10.0,11.0,12.0
2,9,365,8,3,1.0,2.0,3.0,4.0,5.0,6.0,7.0,8.0,9.0,10.0,11.0,12.0
2,3,365,5,2,1.0,2.0,3.0,4.0,5.0,6.0,7.0,8.0,9.0,10.0,11.0,12.0
2,9,365,6,2,1.0,2.0,3.0,4.0,5.0,6.0,7.0,8.0,9.0,10.0,11.0,12.0
2,9,365,6,6,1.0,2.0,3.0,4.0,5.0,6.0,7.0,8.0,9.0,10.0,11.0,12.0
5,3,365,2,5,1.0,2.0,3.0,4.0,5.0,6.0,7.0,8.0,9.0,10.0,11.0,12.0
5,3,365,10,2,1.0,2.0,3.0,4.0,5.0,6.0,7.0,8.0,9.0,10.0,11.0,12.0
5,9,300,8,5,0.0,2.0,3.0,4.0,5.0,6.0,7.0,8.0,9.0,10.0,11.0,0.0
5,3,365,4,3,1.0,2.0,3.0,4.0,5.0,6.0,7.0,8.0,9.0,10.0,11.0,12.0
5,3,180,3,4,0.0,0.0,3.0,4.0,5.0,6.0,7.0,8.0,0.0,0.0,0.0,0.0
2,9,300,6,2,1.0,2.0,3.0,4.0,5.0,6.0,7.0,8.0,9.0,10.0,11.0,12.0
5,9,300,6,2,1.0,2.0,3.0,4.0,5.0,6.0,7.0,8.0,9.0,10.0,11.0,12.0
2,1,250,6,1,0.0,2.0,3.0,4.0,5.0,6.0,7.0,8.0,9.0,10.0,0.0,0.0
2,3,240,6,5,0.0,0.0,3.0,4.0,5.0,6.0,7.0,8.0,9.0,10.0,0.0,0.0
5,3,365,5,1,1.0,2.0,3.0,4.0,5.0,6.0,7.0,8.0,9.0,10.0,11.0,12.0
2,2,365,3,1,1.0,2.0,3.0,4.0,5.0,6.0,7.0,8.0,9.0,10.0,11.0,12.0
5,3,180,4,1,0.0,0.0,3.0,4.0,5.0,6.0,7.0,8.0,0.0,0.0,0.0,0.0
2,2,90,5,10,0.0,0.0,3.0,4.0,5.0,0.0,0.0,0.0,0.0,0.0,0.0,0.0
6,3,365,2,1,1.0,2.0,3.0,4.0,5.0,6.0,7.0,8.0,9.0,10.0,11.0,12.0
5,3,300,7,4,1.0,2.0,3.0,4.0,5.0,6.0,7.0,8.0,9.0,10.0,11.0,12.0
2,1,330,5,4,1.0,2.0,3.0,4.0,5.0,6.0,7.0,8.0,9.0,10.0,11.0,0.0
2,3,300,5,1,0.0,2.0,3.0,4.0,5.0,6.0,7.0,8.0,9.0,10.0,11.0,0.0
2,2,300,2,3,0.0,2.0,3.0,4.0,5.0,6.0,7.0,8.0,9.0,10.0,11.0,0.0
2,3,120,6,3,0.0,0.0,3.0,4.0,5.0,6.0,0.0,0.0,0.0,0.0,0.0,0.0
2,2,120,5,4,0.0,0.0,3.0,4.0,5.0,6.0,0.0,0.0,0.0,0.0,0.0,0.0
5,3,360,0,1,1.0,2.0,3.0,4.0,5.0,6.0,7.0,8.0,9.0,10.0,11.0,12.0
5,4,330,2,2,1.0,2.0,3.0,4.0,5.0,6.0,7.0,8.0,9.0,10.0,11.0,0.0
2,1,300,4,8,0.0,2.0,3.0,4.0,5.0,6.0,7.0,8.0,9.0,10.0,11.0,0.0
5,5,330,5,1,1.0,2.0,3.0,4.0,5.0,6.0,7.0,8.0,9.0,10.0,11.0,0.0
5,9,365,6,2,1.0,2.0,3.0,4.0,5.0,6.0,7.0,8.0,9.0,10.0,11.0,12.0
2,9,365,6,3,1.0,2.0,3.0,4.0,5.0,6.0,7.0,8.0,9.0,10.0,11.0,12.0
5,3,180,6,5,0.0,0.0,3.0,4.0,5.0,6.0,7.0,8.0,0.0,0.0,0.0,0.0
5,3,365,8,2,1.0,2.0,3.0,4.0,5.0,6.0,7.0,8.0,9.0,10.0,11.0,12.0
5,3,365,8,3,1.0,2.0,3.0,4.0,5.0,6.0,7.0,8.0,9.0,10.0,11.0,12.0
2,3,365,5,1,1.0,2.0,3.0,4.0,5.0,6.0,7.0,8.0,9.0,10.0,11.0,12.0
2,3,365,8,2,1.0,2.0,3.0,4.0,5.0,6.0,7.0,8.0,9.0,10.0,11.0,12.0
5,3,365,8,8,1.0,2.0,3.0,4.0,5.0,6.0,7.0,8.0,9.0,10.0,11.0,12.0
6,3,365,8,8,1.0,2.0,3.0,4.0,5.0,6.0,7.0,8.0,9.0,10.0,11.0,12.0
5,3,365,8,10,1.0,2.0,3.0,4.0,5.0,6.0,7.0,8.0,9.0,10.0,11.0,12.0
2,2,365,9,5,1.0,2.0,3.0,4.0,5.0,6.0,7.0,8.0,9.0,10.0,11.0,12.0
5,3,300,8,3,0.0,2.0,3.0,4.0,5.0,6.0,7.0,8.0,9.0,10.0,11.0,0.0
5,3,300,3,3,0.0,2.0,3.0,4.0,5.0,6.0,7.0,8.0,9.0,10.0,11.0,0.0
5,3,300,8,3,0.0,2.0,3.0,4.0,5.0,6.0,7.0,8.0,9.0,10.0,11.0,0.0
5,3,150,4,8,0.0,0.0,3.0,4.0,5.0,6.0,7.0,0.0,0.0,0.0,0.0,0.0
2,1,150,5,7,0.0,0.0,3.0,4.0,5.0,6.0,7.0,0.0,0.0,0.0,0.0,0.0
5,3,365,11,1,1.0,2.0,3.0,4.0,5.0,6.0,7.0,8.0,9.0,10.0,11.0,12.0
2,1,270,10,99,0.0,0.0,3.0,4.0,5.0,6.0,7.0,8.0,9.0,10.0,11.0,0.0
2,3,146,8,1,1.0,2.0,3.0,4.0,0.0,0.0,0.0,0.0,0.0,0.0,0.0,12.0
5,9,270,4,2,0.0,2.0,3.0,4.0,5.0,6.0,7.0,8.0,9.0,10.0,0.0,0.0
2,1,210,3,4,0.0,2.0,3.0,4.0,5.0,6.0,7.0,8.0,0.0,0.0,0.0,0.0
2,1,365,8,3,1.0,2.0,3.0,4.0,5.0,6.0,7.0,8.0,9.0,10.0,11.0,12.0
2,3,365,5,10,1.0,2.0,3.0,4.0,5.0,6.0,7.0,8.0,9.0,10.0,11.0,12.0
5,3,365,8,1,1.0,2.0,3.0,4.0,5.0,6.0,7.0,8.0,9.0,10.0,11.0,12.0
5,3,365,8,1,1.0,2.0,3.0,4.0,5.0,6.0,7.0,8.0,9.0,10.0,11.0,12.0
2,2,365,6,1,1.0,2.0,3.0,4.0,5.0,6.0,7.0,8.0,9.0,10.0,11.0,12.0
2,3,210,1,4,0.0,0.0,3.0,4.0,5.0,6.0,7.0,8.0,9.0,0.0,0.0,0.0
6,3,120,4,1,0.0,0.0,3.0,4.0,5.0,6.0,0.0,0.0,0.0,0.0,0.0,0.0
5,3,365,3,6,1.0,2.0,3.0,4.0,5.0,6.0,7.0,8.0,9.0,10.0,11.0,12.0
5,3,365,3,2,1.0,2.0,3.0,4.0,5.0,6.0,7.0,8.0,9.0,10.0,11.0,12.0
5,2,300,2,3,0.0,2.0,3.0,4.0,5.0,6.0,7.0,8.0,9.0,10.0,11.0,0.0
2,3,300,6,6,1.0,2.0,3.0,4.0,5.0,6.0,7.0,8.0,9.0,10.0,11.0,12.0
2,3,365,10,15,1.0,2.0,3.0,4.0,5.0,6.0,7.0,8.0,9.0,10.0,11.0,12.0
2,1,365,8,5,1.0,2.0,3.0,4.0,5.0,6.0,7.0,8.0,9.0,10.0,11.0,12.0
2,3,365,15,7,1.0,2.0,3.0,4.0,5.0,6.0,7.0,8.0,9.0,10.0,11.0,12.0
2,2,365,15,2,1.0,2.0,3.0,4.0,5.0,6.0,7.0,8.0,9.0,10.0,11.0,12.0
2,3,270,6,1,0.0,0.0,3.0,4.0,5.0,6.0,7.0,8.0,9.0,10.0,11.0,0.0
2,4,365,7,4,1.0,2.0,3.0,4.0,5.0,6.0,7.0,8.0,9.0,10.0,11.0,12.0
2,4,365,7,2,1.0,2.0,3.0,4.0,5.0,6.0,7.0,8.0,9.0,10.0,11.0,12.0
2,3,365,8,3,1.0,2.0,3.0,4.0,5.0,6.0,7.0,8.0,9.0,10.0,11.0,12.0
5,9,120,4,3,0.0,0.0,3.0,4.0,5.0,6.0,0.0,0.0,0.0,0.0,0.0,0.0
5,3,365,6,2,1.0,2.0,3.0,4.0,5.0,6.0,7.0,8.0,9.0,10.0,11.0,12.0
2,3,365,6,4,1.0,2.0,3.0,4.0,5.0,6.0,7.0,8.0,9.0,10.0,11.0,12.0
5,2,50,3,1,0.0,2.0,3.0,4.0,5.0,0.0,0.0,0.0,0.0,0.0,0.0,0.0
2,3,120,6,3,0.0,0.0,3.0,4.0,5.0,6.0,0.0,0.0,0.0,0.0,0.0,0.0
5,3,90,4,2,0.0,0.0,0.0,4.0,5.0,6.0,0.0,0.0,0.0,0.0,0.0,0.0
2,3,330,6,5,0.0,2.0,3.0,4.0,5.0,6.0,7.0,8.0,9.0,10.0,11.0,12.0
2,3,300,10,4,1.0,2.0,3.0,4.0,5.0,6.0,7.0,8.0,9.0,10.0,0.0,0.0
2,3,300,10,4,1.0,2.0,3.0,4.0,5.0,6.0,7.0,8.0,9.0,10.0,0.0,0.0
2,2,300,1,13,0.0,2.0,3.0,4.0,5.0,6.0,7.0,8.0,9.0,10.0,11.0,0.0
2,2,300,4,10,0.0,2.0,3.0,4.0,5.0,6.0,7.0,8.0,9.0,10.0,11.0,0.0
2,1,300,4,8,0.0,2.0,3.0,4.0,5.0,6.0,7.0,8.0,9.0,10.0,11.0,0.0
2,2,360,6,5,1.0,2.0,3.0,4.0,5.0,6.0,7.0,8.0,9.0,10.0,11.0,12.0
5,4,330,6,6,1.0,2.0,3.0,4.0,5.0,6.0,7.0,8.0,9.0,10.0,11.0,0.0
2,3,330,5,2,1.0,2.0,3.0,4.0,5.0,6.0,7.0,8.0,9.0,10.0,11.0,0.0
5,3,330,6,5,1.0,2.0,3.0,4.0,5.0,6.0,7.0,8.0,9.0,10.0,11.0,0.0
2,2,300,8,7,1.0,2.0,3.0,4.0,5.0,6.0,7.0,8.0,9.0,10.0,0.0,0.0
2,1,270,2,11,0.0,2.0,3.0,4.0,5.0,6.0,7.0,8.0,9.0,10.0,0.0,0.0
5,3,270,3,4,0.0,2.0,3.0,4.0,5.0,6.0,7.0,8.0,9.0,10.0,0.0,0.0
5,3,270,3,4,0.0,2.0,3.0,4.0,5.0,6.0,7.0,8.0,9.0,10.0,0.0,0.0
5,1,300,8,4,0.0,2.0,3.0,4.0,5.0,6.0,7.0,8.0,9.0,10.0,11.0,0.0
2,4,300,10,3,0.0,2.0,3.0,4.0,5.0,6.0,7.0,8.0,9.0,10.0,11.0,0.0
2,1,90,2,1,0.0,0.0,3.0,4.0,5.0,0.0,0.0,0.0,0.0,0.0,0.0,0.0
2,3,365,4,2,1.0,2.0,3.0,4.0,5.0,6.0,7.0,8.0,9.0,10.0,11.0,12.0
2,3,150,4,4,0.0,2.0,3.0,4.0,5.0,6.0,0.0,0.0,0.0,0.0,0.0,0.0
5,4,180,9,3,0.0,2.0,3.0,4.0,5.0,6.0,7.0,8.0,9.0,10.0,0.0,0.0
5,2,250,7,3,0.0,0.0,3.0,4.0,5.0,6.0,7.0,8.0,9.0,10.0,11.0,0.0
2,2,180,6,5,0.0,0.0,3.0,4.0,5.0,6.0,7.0,8.0,0.0,0.0,0.0,0.0
2,3,365,8,3,1.0,2.0,3.0,4.0,5.0,6.0,7.0,8.0,9.0,10.0,11.0,12.0
2,3,365,8,3,1.0,2.0,3.0,4.0,5.0,6.0,7.0,8.0,9.0,10.0,11.0,12.0
2,3,90,6,4,0.0,0.0,3.0,4.0,5.0,0.0,0.0,0.0,0.0,0.0,0.0,0.0
2,3,365,6,5,1.0,2.0,3.0,4.0,5.0,6.0,7.0,8.0,9.0,10.0,11.0,12.0
2,3,365,6,6,1.0,2.0,3.0,4.0,5.0,6.0,7.0,8.0,9.0,10.0,11.0,12.0
2,3,365,6,4,1.0,2.0,3.0,4.0,5.0,6.0,7.0,8.0,9.0,10.0,11.0,12.0
5,1,240,5,10,0.0,2.0,3.0,4.0,5.0,6.0,7.0,8.0,9.0,0.0,0.0,0.0
2,2,90,2,2,0.0,0.0,3.0,4.0,5.0,0.0,0.0,0.0,0.0,0.0,0.0,0.0
2,3,365,6,2,1.0,2.0,3.0,4.0,5.0,6.0,7.0,8.0,9.0,10.0,11.0,12.0
2,3,365,8,2,1.0,2.0,3.0,4.0,5.0,6.0,7.0,8.0,9.0,10.0,11.0,12.0
2,4,365,4,1,1.0,2.0,3.0,4.0,5.0,6.0,7.0,8.0,9.0,10.0,11.0,12.0
2,3,365,6,3,1.0,2.0,3.0,4.0,5.0,6.0,7.0,8.0,9.0,10.0,11.0,12.0
2,4,365,4,2,1.0,2.0,3.0,4.0,5.0,6.0,7.0,8.0,9.0,10.0,11.0,12.0
2,4,365,7,3,1.0,2.0,3.0,4.0,5.0,6.0,7.0,8.0,9.0,10.0,11.0,12.0
5,4,365,4,1,1.0,2.0,3.0,4.0,5.0,6.0,7.0,8.0,9.0,10.0,11.0,12.0
5,3,150,1,3,0.0,0.0,0.0,4.0,5.0,6.0,7.0,8.0,0.0,0.0,0.0,0.0
5,3,60,1,4,0.0,0.0,0.0,4.0,5.0,0.0,0.0,0.0,0.0,0.0,0.0,0.0
5,3,10,2,4,0.0,0.0,0.0,0.0,0.0,0.0,7.0,0.0,0.0,0.0,0.0,0.0
2,3,240,3,1,0.0,0.0,3.0,4.0,5.0,6.0,7.0,8.0,9.0,10.0,0.0,0.0
2,1,90,3,4,0.0,0.0,3.0,4.0,5.0,0.0,0.0,0.0,0.0,0.0,0.0,0.0
5,3,300,6,7,0.0,2.0,3.0,4.0,5.0,6.0,7.0,8.0,9.0,10.0,11.0,0.0
5,9,48,6,3,1.0,2.0,3.0,4.0,5.0,6.0,7.0,8.0,9.0,10.0,11.0,12.0
2,2,365,7,3,1.0,2.0,3.0,4.0,5.0,6.0,7.0,8.0,9.0,10.0,11.0,12.0
5,4,365,5,10,1.0,2.0,3.0,4.0,5.0,6.0,7.0,8.0,9.0,10.0,11.0,12.0
5,4,365,6,4,1.0,2.0,3.0,4.0,5.0,6.0,7.0,8.0,9.0,10.0,11.0,12.0
5,4,365,6,4,1.0,2.0,3.0,4.0,5.0,6.0,7.0,8.0,9.0,10.0,11.0,12.0
2,3,180,6,2,0.0,2.0,3.0,4.0,5.0,6.0,7.0,0.0,0.0,0.0,0.0,0.0
5,3,200,5,2,0.0,2.0,3.0,4.0,5.0,6.0,7.0,8.0,0.0,0.0,0.0,0.0
5,3,60,3,2,0.0,0.0,0.0,0.0,5.0,6.0,0.0,0.0,0.0,0.0,0.0,0.0
2,3,360,4,7,1.0,2.0,3.0,4.0,5.0,6.0,7.0,8.0,9.0,10.0,11.0,12.0
5,3,360,4,3,1.0,2.0,3.0,4.0,5.0,6.0,7.0,8.0,9.0,10.0,11.0,12.0
5,3,60,4,1,0.0,2.0,3.0,0.0,0.0,0.0,0.0,0.0,0.0,0.0,0.0,0.0
2,9,300,9,5,0.0,0.0,3.0,4.0,5.0,6.0,7.0,8.0,9.0,10.0,11.0,12.0
2,3,150,4,2,0.0,0.0,3.0,4.0,5.0,6.0,7.0,0.0,0.0,0.0,0.0,0.0
2,9,150,5,5,0.0,0.0,3.0,4.0,5.0,6.0,7.0,0.0,0.0,0.0,0.0,0.0
5,1,180,8,3,0.0,0.0,3.0,4.0,5.0,6.0,7.0,8.0,0.0,0.0,0.0,0.0
5,3,300,5,2,0.0,2.0,3.0,4.0,5.0,6.0,7.0,8.0,9.0,10.0,11.0,0.0
2,2,210,5,2,0.0,2.0,3.0,4.0,5.0,6.0,7.0,8.0,0.0,0.0,0.0,0.0
5,3,360,6,1,1.0,2.0,3.0,4.0,5.0,6.0,7.0,8.0,9.0,10.0,11.0,12.0
2,2,180,11,5,0.0,2.0,3.0,4.0,5.0,6.0,7.0,0.0,0.0,0.0,0.0,0.0
2,2,180,6,1,0.0,0.0,3.0,4.0,5.0,6.0,7.0,8.0,0.0,0.0,0.0,0.0
2,9,365,9,1,1.0,2.0,3.0,4.0,5.0,6.0,7.0,8.0,9.0,10.0,11.0,12.0
2,9,365,10,2,1.0,2.0,3.0,4.0,5.0,6.0,7.0,8.0,9.0,10.0,11.0,12.0
5,9,330,8,1,1.0,2.0,3.0,4.0,5.0,6.0,7.0,8.0,9.0,10.0,11.0,0.0
2,3,360,9,15,1.0,2.0,3.0,4.0,5.0,6.0,7.0,8.0,9.0,10.0,11.0,12.0
2,3,360,4,3,1.0,2.0,3.0,4.0,5.0,6.0,7.0,8.0,9.0,10.0,11.0,12.0
2,1,300,3,2,0.0,2.0,3.0,4.0,5.0,6.0,7.0,8.0,9.0,10.0,11.0,0.0
2,3,300,3,4,0.0,2.0,3.0,4.0,5.0,6.0,7.0,8.0,9.0,10.0,11.0,0.0
2,1,200,4,2,0.0,0.0,3.0,4.0,5.0,6.0,7.0,8.0,9.0,0.0,0.0,0.0
5,3,90,2,5,1.0,2.0,3.0,4.0,5.0,6.0,7.0,8.0,9.0,10.0,11.0,12.0
2,3,150,4,2,0.0,0.0,3.0,4.0,5.0,6.0,7.0,0.0,0.0,0.0,0.0,0.0
2,1,365,6,6,1.0,2.0,3.0,4.0,5.0,6.0,7.0,8.0,9.0,10.0,11.0,12.0
5,3,180,8,3,0.0,0.0,3.0,4.0,5.0,6.0,7.0,8.0,0.0,0.0,0.0,0.0
2,9,11,3,1,0.0,0.0,0.0,4.0,5.0,0.0,0.0,0.0,0.0,0.0,0.0,0.0
5,2,150,6,4,1.0,2.0,3.0,4.0,5.0,6.0,7.0,8.0,9.0,10.0,0.0,0.0
2,3,120,4,1,0.0,0.0,3.0,4.0,5.0,6.0,0.0,0.0,0.0,0.0,0.0,0.0
2,3,300,7,3,0.0,2.0,3.0,4.0,5.0,6.0,7.0,8.0,9.0,10.0,11.0,0.0
2,1,300,3,1,1.0,2.0,3.0,4.0,5.0,6.0,7.0,8.0,9.0,10.0,11.0,12.0
2,3,71,2,5,0.0,0.0,3.0,4.0,5.0,6.0,0.0,0.0,0.0,0.0,0.0,0.0
2,3,210,7,3,0.0,0.0,3.0,4.0,5.0,6.0,7.0,8.0,9.0,0.0,0.0,0.0
5,3,210,7,3,0.0,0.0,3.0,4.0,5.0,6.0,7.0,8.0,9.0,0.0,0.0,0.0
5,4,80,1,1,0.0,2.0,3.0,4.0,5.0,0.0,0.0,0.0,0.0,0.0,0.0,0.0
5,4,50,1,1,0.0,2.0,3.0,4.0,5.0,0.0,0.0,0.0,0.0,0.0,0.0,0.0
5,3,150,3,1,0.0,0.0,0.0,0.0,5.0,6.0,7.0,8.0,9.0,0.0,0.0,0.0
2,3,30,6,3,0.0,0.0,0.0,0.0,0.0,6.0,0.0,0.0,0.0,0.0,0.0,0.0
5,3,3,1,2,0.0,0.0,0.0,0.0,0.0,0.0,0.0,8.0,0.0,0.0,0.0,0.0
6,3,60,3,2,0.0,0.0,0.0,0.0,5.0,6.0,0.0,0.0,0.0,0.0,0.0,0.0
6,4,150,12,3,0.0,0.0,0.0,0.0,5.0,6.0,7.0,8.0,9.0,0.0,0.0,0.0
5,3,90,8,8,0.0,0.0,0.0,0.0,0.0,6.0,7.0,8.0,0.0,0.0,0.0,0.0
2,2,120,6,10,0.0,0.0,0.0,0.0,5.0,6.0,7.0,8.0,0.0,0.0,0.0,0.0
6,3,180,3,1,0.0,0.0,0.0,0.0,5.0,6.0,7.0,8.0,9.0,10.0,0.0,0.0
5,3,210,7,1,0.0,0.0,3.0,4.0,5.0,6.0,7.0,8.0,9.0,0.0,0.0,0.0
2,3,60,3,1,0.0,0.0,0.0,0.0,0.0,0.0,0.0,8.0,9.0,10.0,0.0,0.0
5,3,60,6,6,0.0,0.0,0.0,0.0,0.0,6.0,7.0,0.0,0.0,0.0,0.0,0.0
5,3,60,6,6,0.0,0.0,0.0,0.0,0.0,6.0,7.0,0.0,0.0,0.0,0.0,0.0
5,3,180,5,5,0.0,0.0,0.0,4.0,5.0,6.0,7.0,8.0,9.0,0.0,0.0,0.0
5,3,150,3,7,0.0,0.0,3.0,4.0,5.0,6.0,7.0,0.0,0.0,0.0,0.0,0.0
5,3,80,3,8,0.0,0.0,0.0,0.0,5.0,6.0,7.0,8.0,9.0,10.0,0.0,0.0
5,3,150,5,2,0.0,0.0,0.0,0.0,5.0,6.0,7.0,8.0,9.0,0.0,0.0,0.0
2,2,150,5,6,0.0,0.0,0.0,0.0,5.0,6.0,7.0,8.0,9.0,0.0,0.0,0.0
5,3,120,4,3,0.0,0.0,0.0,0.0,5.0,6.0,7.0,8.0,0.0,0.0,0.0,0.0
6,4,210,3,4,0.0,0.0,3.0,4.0,5.0,6.0,7.0,8.0,9.0,0.0,0.0,0.0
6,4,120,4,1,0.0,0.0,0.0,0.0,5.0,6.0,7.0,8.0,0.0,0.0,0.0,0.0
6,5,120,2,1,0.0,0.0,0.0,0.0,5.0,6.0,7.0,8.0,0.0,0.0,0.0,0.0
5,3,135,4,8,0.0,0.0,0.0,0.0,5.0,6.0,7.0,8.0,9.0,0.0,0.0,0.0
5,4,180,7,2,0.0,0.0,0.0,0.0,5.0,6.0,7.0,8.0,9.0,10.0,0.0,0.0
5,4,180,2,2,0.0,0.0,0.0,4.0,5.0,6.0,7.0,8.0,9.0,10.0,0.0,0.0
5,5,210,8,4,0.0,0.0,0.0,4.0,5.0,6.0,7.0,8.0,9.0,10.0,0.0,0.0
2,3,210,8,10,0.0,0.0,0.0,4.0,5.0,6.0,7.0,8.0,9.0,10.0,0.0,0.0
2,3,225,6,5,0.0,0.0,3.0,4.0,5.0,6.0,7.0,8.0,9.0,10.0,0.0,0.0
2,3,225,4,6,0.0,0.0,3.0,4.0,5.0,6.0,7.0,8.0,9.0,10.0,0.0,0.0
5,3,180,2,1,0.0,0.0,0.0,4.0,5.0,6.0,7.0,8.0,9.0,0.0,0.0,0.0
1,3,180,7,2,0.0,0.0,0.0,4.0,5.0,6.0,7.0,8.0,9.0,0.0,0.0,0.0
2,2,150,6,8,0.0,0.0,0.0,0.0,5.0,6.0,7.0,8.0,9.0,0.0,0.0,0.0
5,3,90,7,1,0.0,0.0,0.0,0.0,0.0,6.0,7.0,8.0,0.0,0.0,0.0,0.0
5,5,90,7,4,0.0,0.0,0.0,0.0,0.0,6.0,7.0,8.0,0.0,0.0,0.0,0.0
5,5,90,7,2,0.0,0.0,0.0,0.0,0.0,6.0,7.0,8.0,0.0,0.0,0.0,0.0
6,4,60,8,2,0.0,0.0,0.0,0.0,0.0,0.0,7.0,8.0,0.0,0.0,0.0,0.0
6,4,60,8,3,0.0,0.0,0.0,0.0,0.0,0.0,7.0,8.0,0.0,0.0,0.0,0.0
5,3,150,4,1,0.0,0.0,0.0,0.0,0.0,6.0,7.0,8.0,9.0,10.0,0.0,0.0
6,3,180,1,1,0.0,0.0,0.0,4.0,5.0,6.0,7.0,8.0,9.0,0.0,0.0,0.0
6,3,180,1,10,0.0,0.0,0.0,4.0,5.0,6.0,7.0,8.0,9.0,0.0,0.0,0.0
5,3,150,9,3,0.0,0.0,0.0,4.0,5.0,6.0,7.0,8.0,0.0,0.0,0.0,0.0
3,3,150,3,1,0.0,0.0,0.0,4.0,5.0,6.0,7.0,8.0,0.0,0.0,0.0,0.0
5,3,150,2,4,0.0,0.0,0.0,0.0,0.0,6.0,7.0,8.0,9.0,10.0,0.0,0.0
5,6,120,2,2,0.0,0.0,0.0,0.0,0.0,6.0,7.0,8.0,9.0,10.0,0.0,0.0
5,3,180,4,1,0.0,0.0,0.0,0.0,5.0,6.0,7.0,8.0,9.0,10.0,0.0,0.0
5,3,150,8,2,0.0,0.0,0.0,0.0,5.0,6.0,7.0,8.0,9.0,0.0,0.0,0.0
5,3,150,8,4,0.0,0.0,0.0,4.0,5.0,6.0,7.0,8.0,0.0,0.0,0.0,0.0
2,1,180,3,2,0.0,0.0,3.0,4.0,5.0,6.0,7.0,8.0,0.0,0.0,0.0,0.0
5,3,120,4,1,0.0,0.0,0.0,4.0,5.0,6.0,7.0,0.0,0.0,0.0,0.0,0.0
6,3,210,8,2,0.0,0.0,3.0,4.0,5.0,6.0,7.0,8.0,9.0,0.0,0.0,0.0
5,9,90,3,1,0.0,0.0,0.0,0.0,0.0,6.0,7.0,8.0,0.0,0.0,0.0,0.0
6,3,150,3,1,0.0,0.0,0.0,0.0,5.0,6.0,7.0,8.0,9.0,0.0,0.0,0.0
2,5,60,4,5,0.0,0.0,0.0,0.0,0.0,6.0,7.0,8.0,9.0,0.0,0.0,0.0
5,3,180,7,6,0.0,0.0,0.0,4.0,5.0,6.0,7.0,8.0,9.0,10.0,0.0,0.0
5,3,150,8,99,0.0,0.0,0.0,4.0,5.0,6.0,7.0,8.0,0.0,0.0,0.0,0.0
5,3,999,8,99,0.0,0.0,0.0,4.0,5.0,6.0,7.0,8.0,9.0,0.0,0.0,0.0
5,3,150,3,1,0.0,0.0,0.0,0.0,5.0,6.0,7.0,8.0,9.0,0.0,0.0,0.0
5,3,150,6,1,0.0,0.0,0.0,0.0,5.0,6.0,7.0,8.0,9.0,0.0,0.0,0.0
2,9,80,4,1,0.0,0.0,0.0,0.0,5.0,6.0,7.0,8.0,0.0,0.0,0.0,0.0
5,3,240,7,3,0.0,0.0,3.0,4.0,5.0,6.0,7.0,8.0,9.0,10.0,0.0,0.0
6,3,210,12,1,0.0,0.0,0.0,4.0,5.0,6.0,7.0,8.0,9.0,10.0,0.0,0.0
6,5,210,12,5,0.0,0.0,0.0,4.0,5.0,6.0,7.0,8.0,9.0,10.0,0.0,0.0
6,3,210,12,1,0.0,0.0,0.0,4.0,5.0,6.0,7.0,8.0,9.0,10.0,0.0,0.0
5,3,300,8,2,0.0,2.0,3.0,4.0,5.0,6.0,7.0,8.0,9.0,10.0,11.0,0.0
5,3,300,8,2,0.0,2.0,3.0,4.0,5.0,6.0,7.0,8.0,9.0,10.0,11.0,0.0
5,3,300,8,2,0.0,2.0,3.0,4.0,5.0,6.0,7.0,8.0,9.0,10.0,11.0,0.0
5,5,210,7,3,0.0,0.0,3.0,4.0,5.0,6.0,7.0,8.0,9.0,0.0,0.0,0.0
5,3,210,7,3,0.0,0.0,3.0,4.0,5.0,6.0,7.0,8.0,9.0,0.0,0.0,0.0
5,3,210,7,3,0.0,0.0,3.0,4.0,5.0,6.0,7.0,8.0,9.0,0.0,0.0,0.0
5,5,210,7,3,0.0,0.0,3.0,4.0,5.0,6.0,7.0,8.0,9.0,0.0,0.0,0.0
5,3,210,7,3,0.0,0.0,3.0,4.0,5.0,6.0,7.0,8.0,9.0,0.0,0.0,0.0
5,3,240,10,4,0.0,0.0,0.0,4.0,5.0,6.0,7.0,8.0,9.0,10.0,11.0,0.0
5,3,120,10,6,0.0,0.0,0.0,0.0,0.0,0.0,7.0,8.0,9.0,10.0,0.0,0.0
5,3,90,3,4,0.0,0.0,0.0,0.0,0.0,6.0,7.0,8.0,0.0,0.0,0.0,0.0
5,3,90,2,3,0.0,0.0,0.0,4.0,5.0,6.0,0.0,0.0,0.0,0.0,0.0,0.0
2,3,200,24,2,0.0,0.0,3.0,4.0,5.0,6.0,7.0,8.0,9.0,10.0,0.0,0.0
5,1,150,1,1,0.0,0.0,0.0,0.0,5.0,6.0,7.0,8.0,9.0,0.0,0.0,0.0
2,9,100,3,4,0.0,0.0,0.0,0.0,5.0,6.0,7.0,8.0,0.0,0.0,0.0,0.0
2,9,100,10,3,0.0,0.0,0.0,0.0,5.0,6.0,7.0,8.0,0.0,0.0,0.0,0.0
1,1,60,3,1,0.0,0.0,0.0,0.0,5.0,6.0,0.0,0.0,0.0,0.0,0.0,0.0
2,1,240,6,1,0.0,0.0,3.0,4.0,5.0,6.0,7.0,8.0,9.0,10.0,0.0,0.0
5,4,120,12,1,0.0,0.0,0.0,0.0,5.0,6.0,7.0,8.0,0.0,0.0,0.0,0.0
5,4,120,12,1,0.0,0.0,0.0,0.0,5.0,6.0,7.0,8.0,0.0,0.0,0.0,0.0
6,3,120,2,1,0.0,0.0,0.0,0.0,5.0,6.0,7.0,8.0,0.0,0.0,0.0,0.0
5,9,180,11,1,0.0,0.0,0.0,4.0,5.0,6.0,7.0,8.0,9.0,0.0,0.0,0.0
2,2,150,5,4,0.0,0.0,0.0,0.0,5.0,6.0,7.0,8.0,9.0,0.0,0.0,0.0
5,2,40,1,3,0.0,0.0,0.0,0.0,0.0,0.0,7.0,8.0,0.0,0.0,0.0,0.0
5,3,150,1,4,0.0,0.0,0.0,0.0,5.0,6.0,7.0,8.0,9.0,0.0,0.0,0.0
5,4,120,7,2,0.0,0.0,0.0,0.0,0.0,6.0,7.0,8.0,9.0,0.0,0.0,0.0
5,3,60,2,1,0.0,0.0,0.0,0.0,0.0,0.0,7.0,8.0,0.0,0.0,0.0,0.0
2,2,60,7,1,0.0,0.0,0.0,0.0,0.0,0.0,7.0,8.0,0.0,0.0,0.0,0.0
5,4,150,5,5,0.0,0.0,3.0,4.0,5.0,6.0,7.0,8.0,9.0,0.0,0.0,0.0
2,2,150,5,6,0.0,0.0,3.0,4.0,5.0,6.0,7.0,8.0,9.0,0.0,0.0,0.0
5,3,240,6,3,0.0,0.0,3.0,4.0,5.0,6.0,7.0,8.0,9.0,10.0,0.0,0.0
5,5,180,8,2,0.0,0.0,0.0,0.0,5.0,6.0,7.0,8.0,9.0,10.0,0.0,0.0
5,5,180,8,3,0.0,0.0,0.0,0.0,5.0,6.0,7.0,8.0,9.0,10.0,0.0,0.0
2,9,210,14,4,0.0,2.0,3.0,4.0,5.0,6.0,7.0,8.0,0.0,0.0,0.0,0.0
5,3,240,6,3,0.0,0.0,0.0,4.0,5.0,6.0,7.0,8.0,9.0,10.0,11.0,12.0
2,3,90,8,2,0.0,0.0,0.0,4.0,5.0,6.0,7.0,8.0,9.0,0.0,0.0,0.0
5,3,30,12,4,0.0,0.0,0.0,0.0,0.0,6.0,7.0,8.0,0.0,0.0,0.0,0.0
5,3,30,12,6,0.0,0.0,0.0,0.0,0.0,6.0,7.0,8.0,0.0,0.0,0.0,0.0
5,2,120,8,3,0.0,0.0,0.0,0.0,5.0,6.0,7.0,8.0,0.0,0.0,0.0,0.0
2,3,90,10,3,0.0,0.0,0.0,0.0,0.0,0.0,7.0,8.0,9.0,0.0,0.0,0.0
5,3,235,3,2,0.0,0.0,3.0,4.0,5.0,6.0,7.0,8.0,9.0,10.0,0.0,0.0
5,3,265,4,3,0.0,0.0,3.0,4.0,5.0,6.0,7.0,8.0,9.0,10.0,11.0,0.0
5,3,150,3,1,0.0,0.0,0.0,0.0,5.0,6.0,7.0,8.0,9.0,0.0,0.0,0.0
5,3,120,7,5,0.0,0.0,0.0,0.0,0.0,0.0,7.0,8.0,9.0,10.0,0.0,0.0
5,3,120,6,2,0.0,0.0,0.0,0.0,5.0,6.0,7.0,8.0,0.0,0.0,0.0,0.0
5,3,120,6,2,0.0,0.0,0.0,0.0,5.0,6.0,7.0,8.0,0.0,0.0,0.0,0.0
5,3,90,6,2,0.0,0.0,0.0,0.0,0.0,6.0,7.0,8.0,0.0,0.0,0.0,0.0
2,3,90,10,5,0.0,0.0,0.0,0.0,0.0,6.0,7.0,8.0,0.0,0.0,0.0,0.0
6,5,210,12,6,0.0,0.0,0.0,4.0,5.0,6.0,7.0,8.0,9.0,10.0,0.0,0.0
6,5,210,12,4,0.0,0.0,0.0,4.0,5.0,6.0,7.0,8.0,9.0,10.0,0.0,0.0
6,5,210,12,1,0.0,0.0,0.0,4.0,5.0,6.0,7.0,8.0,9.0,10.0,0.0,0.0
2,2,60,12,1,0.0,0.0,0.0,0.0,0.0,6.0,7.0,0.0,0.0,0.0,0.0,0.0
2,1,90,7,11,0.0,0.0,0.0,0.0,0.0,6.0,7.0,8.0,0.0,0.0,0.0,0.0
5,9,90,5,3,0.0,0.0,0.0,0.0,0.0,6.0,7.0,8.0,0.0,0.0,0.0,0.0
5,5,90,10,5,0.0,0.0,0.0,0.0,0.0,6.0,7.0,8.0,0.0,0.0,0.0,0.0
2,3,120,12,2,0.0,0.0,0.0,0.0,0.0,6.0,7.0,8.0,9.0,0.0,0.0,0.0
2,9,150,6,6,0.0,0.0,0.0,4.0,5.0,6.0,7.0,8.0,9.0,10.0,0.0,0.0
2,3,120,2,3,0.0,0.0,0.0,4.0,5.0,6.0,7.0,0.0,0.0,0.0,0.0,0.0
5,3,180,15,99,0.0,0.0,3.0,4.0,5.0,6.0,7.0,8.0,0.0,0.0,0.0,0.0
2,1,60,1,1,0.0,0.0,0.0,0.0,0.0,6.0,7.0,8.0,0.0,0.0,0.0,0.0
5,3,120,10,4,0.0,0.0,0.0,0.0,5.0,6.0,7.0,8.0,0.0,0.0,0.0,0.0
5,3,120,10,1,0.0,0.0,0.0,0.0,5.0,6.0,7.0,8.0,0.0,0.0,0.0,0.0
5,3,120,10,1,0.0,0.0,0.0,0.0,5.0,6.0,7.0,8.0,0.0,0.0,0.0,0.0
2,1,180,9,6,0.0,0.0,0.0,4.0,5.0,6.0,7.0,8.0,9.0,0.0,0.0,0.0
5,3,200,12,3,0.0,0.0,0.0,4.0,5.0,6.0,7.0,8.0,9.0,10.0,0.0,0.0
5,9,150,8,3,0.0,0.0,0.0,0.0,5.0,6.0,7.0,8.0,9.0,0.0,0.0,0.0
2,9,150,8,2,0.0,0.0,0.0,0.0,5.0,6.0,7.0,8.0,9.0,0.0,0.0,0.0
5,9,150,8,3,0.0,0.0,0.0,0.0,5.0,6.0,7.0,8.0,9.0,0.0,0.0,0.0
2,9,120,10,2,0.0,0.0,0.0,0.0,5.0,6.0,7.0,8.0,0.0,0.0,0.0,0.0
2,9,120,10,2,0.0,0.0,0.0,0.0,5.0,6.0,7.0,8.0,0.0,0.0,0.0,0.0
5,3,150,8,2,0.0,0.0,0.0,4.0,5.0,6.0,7.0,8.0,0.0,0.0,0.0,0.0
2,1,150,6,4,0.0,0.0,0.0,4.0,5.0,6.0,7.0,8.0,0.0,0.0,0.0,0.0
2,1,90,5,1,0.0,0.0,0.0,0.0,0.0,6.0,7.0,8.0,0.0,0.0,0.0,0.0
5,3,180,8,3,0.0,0.0,3.0,4.0,5.0,6.0,7.0,8.0,0.0,0.0,0.0,0.0
2,2,120,10,1,0.0,0.0,0.0,0.0,5.0,6.0,7.0,8.0,9.0,0.0,0.0,0.0
2,1,120,12,1,0.0,0.0,0.0,0.0,5.0,6.0,7.0,8.0,0.0,0.0,0.0,0.0
2,3,120,10,1,0.0,0.0,0.0,0.0,5.0,6.0,7.0,8.0,0.0,0.0,0.0,0.0
2,3,60,8,2,0.0,0.0,0.0,0.0,0.0,0.0,7.0,8.0,0.0,0.0,0.0,0.0
2,1,270,5,1,0.0,2.0,3.0,4.0,5.0,6.0,7.0,8.0,9.0,10.0,0.0,0.0
2,3,200,11,2,0.0,0.0,3.0,4.0,5.0,6.0,7.0,8.0,9.0,10.0,11.0,0.0
2,1,180,11,99,0.0,0.0,0.0,4.0,5.0,6.0,7.0,8.0,9.0,0.0,0.0,0.0
5,9,180,8,4,0.0,0.0,0.0,4.0,5.0,6.0,7.0,8.0,9.0,0.0,0.0,0.0
2,1,180,9,8,0.0,0.0,0.0,4.0,5.0,6.0,7.0,8.0,9.0,0.0,0.0,0.0
2,1,300,4,2,1.0,2.0,3.0,4.0,5.0,6.0,7.0,8.0,9.0,10.0,11.0,0.0
2,1,999,4,3,0.0,0.0,0.0,0.0,5.0,6.0,7.0,8.0,9.0,0.0,0.0,0.0
5,4,150,10,2,0.0,0.0,0.0,4.0,5.0,6.0,7.0,8.0,0.0,0.0,0.0,0.0
1,3,150,10,5,0.0,0.0,0.0,4.0,5.0,6.0,7.0,8.0,0.0,0.0,0.0,0.0
2,1,150,6,9,0.0,0.0,0.0,4.0,5.0,6.0,7.0,8.0,0.0,0.0,0.0,0.0
2,1,120,14,1,0.0,0.0,0.0,0.0,5.0,6.0,7.0,8.0,0.0,0.0,0.0,0.0
2,3,240,24,1,0.0,0.0,3.0,4.0,5.0,6.0,7.0,8.0,9.0,10.0,0.0,0.0
2,3,240,24,3,0.0,0.0,3.0,4.0,5.0,6.0,7.0,8.0,9.0,10.0,0.0,0.0
2,1,210,10,1,0.0,0.0,0.0,4.0,5.0,6.0,7.0,8.0,9.0,10.0,0.0,0.0
5,3,180,3,3,0.0,0.0,0.0,0.0,5.0,6.0,7.0,8.0,9.0,10.0,0.0,0.0
2,3,180,3,3,0.0,0.0,0.0,0.0,5.0,6.0,7.0,8.0,9.0,10.0,0.0,0.0
5,3,300,3,99,0.0,2.0,3.0,4.0,5.0,6.0,7.0,8.0,9.0,10.0,11.0,0.0
2,1,120,0,2,0.0,0.0,0.0,0.0,5.0,6.0,7.0,8.0,0.0,0.0,0.0,0.0
4,1,120,8,2,0.0,0.0,0.0,0.0,5.0,6.0,7.0,8.0,0.0,0.0,0.0,0.0
5,3,210,16,1,0.0,0.0,3.0,4.0,5.0,6.0,7.0,8.0,9.0,0.0,0.0,0.0
2,3,210,16,3,0.0,0.0,3.0,4.0,5.0,6.0,7.0,8.0,9.0,0.0,0.0,0.0
6,5,140,8,2,0.0,0.0,0.0,4.0,5.0,6.0,7.0,8.0,9.0,10.0,0.0,0.0
2,1,150,8,1,0.0,0.0,3.0,4.0,5.0,6.0,7.0,8.0,9.0,10.0,11.0,0.0
2,3,270,16,5,0.0,0.0,3.0,4.0,5.0,6.0,7.0,8.0,9.0,10.0,11.0,0.0
4,9,210,8,1,0.0,0.0,0.0,4.0,5.0,6.0,7.0,8.0,9.0,10.0,0.0,0.0
2,3,270,12,6,0.0,0.0,3.0,4.0,5.0,6.0,7.0,8.0,9.0,10.0,11.0,0.0
5,3,180,8,6,0.0,0.0,0.0,0.0,5.0,6.0,7.0,8.0,9.0,10.0,0.0,0.0
5,3,180,8,6,0.0,0.0,0.0,0.0,5.0,6.0,7.0,8.0,9.0,10.0,11.0,0.0
5,9,60,12,2,0.0,0.0,0.0,0.0,0.0,0.0,7.0,8.0,0.0,0.0,0.0,0.0
2,9,60,8,6,0.0,0.0,0.0,0.0,0.0,0.0,7.0,8.0,0.0,0.0,0.0,0.0
2,9,180,12,3,0.0,0.0,0.0,4.0,5.0,6.0,7.0,8.0,9.0,0.0,0.0,0.0
2,1,270,24,2,0.0,2.0,3.0,4.0,5.0,6.0,7.0,8.0,9.0,10.0,11.0,12.0
2,1,270,8,2,0.0,0.0,0.0,4.0,5.0,6.0,7.0,8.0,9.0,10.0,11.0,12.0
5,3,120,10,3,0.0,0.0,0.0,4.0,5.0,6.0,7.0,8.0,0.0,0.0,0.0,0.0
2,9,120,4,1,0.0,0.0,0.0,0.0,0.0,6.0,7.0,8.0,9.0,0.0,0.0,0.0
2,3,240,13,4,0.0,0.0,3.0,4.0,5.0,6.0,7.0,8.0,9.0,10.0,0.0,0.0
2,3,240,3,1,0.0,0.0,3.0,4.0,5.0,6.0,7.0,8.0,9.0,10.0,0.0,0.0
2,1,120,8,4,0.0,0.0,0.0,0.0,5.0,6.0,7.0,8.0,0.0,0.0,0.0,0.0
2,3,180,5,7,0.0,0.0,0.0,4.0,5.0,6.0,7.0,8.0,9.0,0.0,0.0,0.0
2,3,180,5,5,0.0,0.0,0.0,4.0,5.0,6.0,7.0,8.0,9.0,0.0,0.0,0.0
2,2,270,8,1,0.0,0.0,3.0,4.0,5.0,6.0,7.0,8.0,9.0,10.0,11.0,0.0
2,1,210,10,3,0.0,0.0,0.0,4.0,5.0,6.0,7.0,8.0,9.0,10.0,0.0,0.0
2,2,180,4,99,0.0,0.0,0.0,4.0,5.0,6.0,7.0,8.0,9.0,0.0,0.0,0.0
2,3,1,5,1,0.0,0.0,0.0,0.0,0.0,0.0,0.0,0.0,0.0,0.0,11.0,0.0
5,4,150,8,4,0.0,0.0,0.0,0.0,5.0,6.0,7.0,8.0,9.0,0.0,0.0,0.0
3,9,90,5,18,0.0,0.0,0.0,0.0,0.0,0.0,7.0,8.0,9.0,0.0,0.0,0.0
6,3,120,4,2,0.0,0.0,0.0,0.0,0.0,6.0,7.0,8.0,9.0,0.0,0.0,0.0
2,1,200,6,5,0.0,0.0,0.0,4.0,5.0,6.0,7.0,8.0,9.0,10.0,0.0,0.0
5,9,120,9,4,0.0,0.0,0.0,0.0,0.0,6.0,7.0,8.0,9.0,0.0,0.0,0.0
4,1,180,8,1,0.0,0.0,0.0,4.0,5.0,6.0,7.0,8.0,9.0,0.0,0.0,0.0
3,4,150,12,15,0.0,0.0,0.0,0.0,5.0,6.0,7.0,8.0,9.0,0.0,0.0,0.0
3,9,240,24,13,0.0,0.0,3.0,4.0,5.0,6.0,7.0,8.0,9.0,10.0,0.0,0.0
5,3,120,8,2,0.0,0.0,0.0,0.0,5.0,6.0,7.0,8.0,0.0,0.0,0.0,0.0
5,3,90,10,2,0.0,0.0,0.0,0.0,0.0,6.0,7.0,8.0,0.0,0.0,0.0,0.0
6,5,60,4,3,0.0,0.0,0.0,0.0,0.0,6.0,7.0,8.0,0.0,0.0,0.0,0.0
6,4,60,4,3,0.0,0.0,0.0,0.0,5.0,6.0,7.0,0.0,0.0,0.0,0.0,0.0
5,5,240,5,3,0.0,2.0,3.0,4.0,5.0,6.0,7.0,8.0,9.0,0.0,0.0,0.0
2,3,270,15,5,0.0,2.0,3.0,4.0,5.0,6.0,7.0,8.0,9.0,10.0,0.0,0.0
2,2,250,8,1,0.0,2.0,3.0,4.0,5.0,6.0,7.0,8.0,9.0,10.0,11.0,0.0
2,2,120,3,4,0.0,0.0,0.0,0.0,5.0,6.0,7.0,8.0,0.0,0.0,0.0,0.0
5,3,60,8,6,0.0,0.0,0.0,0.0,0.0,0.0,7.0,8.0,0.0,0.0,0.0,0.0
5,4,120,10,3,0.0,0.0,0.0,0.0,5.0,6.0,7.0,8.0,0.0,0.0,0.0,0.0
5,4,120,10,3,0.0,0.0,0.0,0.0,5.0,6.0,7.0,8.0,0.0,0.0,0.0,0.0
5,3,120,8,5,0.0,0.0,0.0,0.0,5.0,6.0,7.0,8.0,0.0,0.0,0.0,0.0
5,3,180,24,9,0.0,0.0,0.0,0.0,5.0,6.0,7.0,8.0,9.0,10.0,0.0,0.0
2,9,180,24,7,0.0,0.0,0.0,0.0,5.0,6.0,7.0,8.0,9.0,10.0,0.0,0.0
5,3,60,2,5,0.0,0.0,0.0,0.0,0.0,0.0,7.0,8.0,0.0,0.0,0.0,0.0
5,5,60,4,5,0.0,0.0,0.0,0.0,0.0,0.0,7.0,8.0,0.0,0.0,0.0,0.0
5,5,240,18,3,0.0,2.0,3.0,4.0,5.0,6.0,7.0,8.0,9.0,0.0,0.0,0.0
2,9,90,6,6,0.0,0.0,0.0,0.0,0.0,6.0,7.0,8.0,0.0,0.0,0.0,0.0
2,9,90,16,2,0.0,0.0,0.0,0.0,0.0,0.0,0.0,8.0,9.0,10.0,0.0,0.0
5,9,120,5,5,0.0,0.0,0.0,0.0,0.0,0.0,7.0,8.0,9.0,10.0,0.0,0.0
2,3,270,1,1,0.0,0.0,3.0,4.0,5.0,6.0,7.0,8.0,9.0,10.0,11.0,0.0
2,3,180,12,1,0.0,0.0,0.0,0.0,5.0,6.0,7.0,8.0,9.0,10.0,0.0,0.0
4,9,120,14,2,0.0,0.0,0.0,0.0,5.0,6.0,7.0,8.0,0.0,0.0,0.0,0.0
5,3,180,8,3,0.0,0.0,0.0,0.0,5.0,6.0,7.0,8.0,9.0,10.0,0.0,0.0
5,3,240,12,2,0.0,2.0,3.0,4.0,5.0,6.0,7.0,8.0,9.0,0.0,0.0,0.0
2,1,240,12,5,0.0,2.0,3.0,4.0,5.0,6.0,7.0,8.0,9.0,0.0,0.0,0.0
5,3,210,10,5,0.0,0.0,3.0,4.0,5.0,6.0,7.0,8.0,9.0,10.0,0.0,0.0
2,3,120,12,6,0.0,0.0,0.0,0.0,0.0,6.0,7.0,8.0,9.0,0.0,0.0,0.0
2,2,120,1,3,0.0,0.0,0.0,0.0,5.0,6.0,7.0,8.0,0.0,0.0,0.0,0.0
2,3,120,3,6,0.0,0.0,0.0,0.0,5.0,6.0,7.0,8.0,0.0,0.0,0.0,0.0
2,1,300,3,3,1.0,2.0,3.0,4.0,5.0,6.0,7.0,8.0,9.0,10.0,0.0,0.0
6,3,120,5,3,0.0,0.0,0.0,0.0,5.0,6.0,7.0,8.0,0.0,0.0,0.0,0.0
2,9,150,9,6,0.0,0.0,3.0,4.0,5.0,6.0,7.0,0.0,0.0,0.0,0.0,0.0
2,3,120,6,1,0.0,0.0,0.0,0.0,5.0,6.0,7.0,8.0,0.0,0.0,0.0,0.0
2,2,90,8,3,0.0,0.0,0.0,0.0,0.0,0.0,7.0,8.0,9.0,0.0,0.0,0.0
2,1,180,12,3,0.0,0.0,0.0,4.0,5.0,6.0,7.0,8.0,9.0,0.0,0.0,0.0
4,3,240,8,5,0.0,0.0,3.0,4.0,5.0,6.0,7.0,8.0,9.0,10.0,0.0,0.0
5,5,210,6,3,1.0,2.0,3.0,4.0,5.0,6.0,7.0,0.0,0.0,0.0,0.0,0.0
2,1,7,8,1,0.0,0.0,0.0,0.0,5.0,0.0,0.0,0.0,0.0,0.0,0.0,0.0
5,3,210,3,4,0.0,0.0,0.0,4.0,5.0,6.0,7.0,8.0,9.0,10.0,0.0,0.0
2,1,150,3,1,0.0,0.0,0.0,4.0,5.0,6.0,7.0,8.0,9.0,0.0,0.0,0.0
2,9,80,6,3,0.0,0.0,0.0,0.0,5.0,6.0,7.0,8.0,0.0,0.0,0.0,0.0
2,2,120,7,1,0.0,0.0,0.0,0.0,0.0,6.0,7.0,8.0,9.0,0.0,0.0,0.0
5,3,330,8,3,0.0,2.0,3.0,4.0,5.0,6.0,7.0,8.0,9.0,10.0,11.0,12.0
2,5,60,7,8,0.0,0.0,0.0,0.0,0.0,0.0,7.0,8.0,0.0,0.0,0.0,0.0
2,2,100,3,8,0.0,0.0,0.0,0.0,5.0,6.0,7.0,8.0,0.0,0.0,0.0,0.0
5,3,150,8,5,0.0,0.0,0.0,0.0,5.0,6.0,7.0,8.0,9.0,0.0,0.0,0.0
5,3,150,10,5,0.0,0.0,0.0,0.0,5.0,6.0,7.0,8.0,9.0,0.0,0.0,0.0
5,3,150,8,5,0.0,0.0,0.0,0.0,5.0,6.0,7.0,8.0,9.0,0.0,0.0,0.0
5,3,150,8,2,0.0,0.0,0.0,0.0,5.0,6.0,7.0,8.0,9.0,0.0,0.0,0.0
5,3,150,8,2,0.0,0.0,0.0,0.0,5.0,6.0,7.0,8.0,9.0,0.0,0.0,0.0
5,3,150,8,1,0.0,0.0,0.0,0.0,5.0,6.0,7.0,8.0,9.0,0.0,0.0,0.0
2,3,270,12,4,0.0,2.0,3.0,4.0,5.0,6.0,7.0,8.0,9.0,10.0,0.0,0.0
2,1,60,8,2,0.0,0.0,0.0,0.0,0.0,0.0,7.0,8.0,0.0,0.0,0.0,0.0
2,3,60,4,2,0.0,0.0,0.0,0.0,0.0,0.0,7.0,8.0,0.0,0.0,0.0,0.0
3,1,60,2,6,0.0,0.0,0.0,0.0,0.0,0.0,7.0,8.0,0.0,0.0,0.0,0.0
5,3,150,8,1,0.0,0.0,0.0,0.0,5.0,6.0,7.0,8.0,9.0,0.0,0.0,0.0
5,9,365,12,2,1.0,2.0,3.0,4.0,5.0,6.0,7.0,8.0,9.0,10.0,11.0,12.0
5,3,210,5,6,0.0,0.0,3.0,4.0,5.0,6.0,7.0,8.0,9.0,0.0,0.0,0.0
5,3,210,5,6,0.0,0.0,3.0,4.0,5.0,6.0,7.0,8.0,9.0,0.0,0.0,0.0
5,3,210,5,6,0.0,0.0,3.0,4.0,5.0,6.0,7.0,8.0,9.0,0.0,0.0,0.0
5,9,150,8,1,0.0,0.0,0.0,0.0,5.0,6.0,7.0,8.0,9.0,0.0,0.0,0.0
5,5,150,7,8,0.0,0.0,0.0,0.0,5.0,6.0,7.0,8.0,9.0,0.0,0.0,0.0
5,3,300,10,2,0.0,0.0,3.0,4.0,5.0,6.0,7.0,8.0,9.0,10.0,11.0,12.0
2,3,300,15,20,0.0,0.0,3.0,4.0,5.0,6.0,7.0,8.0,9.0,10.0,11.0,12.0
5,3,300,10,6,0.0,0.0,3.0,4.0,5.0,6.0,7.0,8.0,9.0,10.0,11.0,12.0
5,3,180,7,1,0.0,0.0,0.0,4.0,5.0,6.0,7.0,8.0,9.0,10.0,0.0,0.0
2,2,240,4,2,0.0,0.0,3.0,4.0,5.0,6.0,7.0,8.0,9.0,10.0,0.0,0.0
5,9,90,1,4,0.0,0.0,0.0,0.0,0.0,6.0,7.0,8.0,0.0,0.0,0.0,0.0
2,3,120,8,1,0.0,0.0,0.0,0.0,5.0,6.0,7.0,8.0,0.0,0.0,0.0,0.0
2,3,120,18,4,0.0,0.0,0.0,0.0,5.0,6.0,7.0,8.0,0.0,0.0,0.0,0.0
2,3,120,12,1,0.0,0.0,0.0,0.0,5.0,6.0,7.0,8.0,0.0,0.0,0.0,0.0
6,3,200,4,1,0.0,2.0,3.0,4.0,5.0,6.0,7.0,8.0,9.0,10.0,11.0,0.0
5,3,150,8,6,0.0,0.0,0.0,0.0,5.0,6.0,7.0,8.0,9.0,0.0,0.0,0.0
5,3,90,6,7,0.0,0.0,0.0,4.0,5.0,6.0,0.0,0.0,0.0,0.0,0.0,0.0
2,2,90,10,3,0.0,0.0,0.0,0.0,5.0,6.0,7.0,8.0,0.0,0.0,0.0,0.0
2,1,90,4,2,0.0,0.0,0.0,0.0,0.0,0.0,7.0,8.0,9.0,0.0,0.0,0.0
2,9,180,5,2,0.0,0.0,0.0,4.0,5.0,6.0,7.0,8.0,9.0,0.0,0.0,0.0
2,2,120,1,2,0.0,0.0,0.0,0.0,5.0,6.0,7.0,8.0,0.0,0.0,0.0,0.0
2,3,180,10,2,0.0,0.0,0.0,4.0,5.0,6.0,7.0,8.0,9.0,10.0,0.0,0.0
2,2,60,6,3,0.0,0.0,0.0,0.0,0.0,0.0,7.0,8.0,0.0,0.0,0.0,0.0
2,2,60,6,3,0.0,0.0,0.0,0.0,0.0,0.0,7.0,8.0,0.0,0.0,0.0,0.0
2,1,60,6,20,0.0,0.0,0.0,4.0,5.0,0.0,0.0,0.0,0.0,0.0,0.0,0.0
2,2,60,1,1,0.0,0.0,0.0,0.0,0.0,6.0,7.0,8.0,0.0,0.0,0.0,0.0
5,9,240,10,5,0.0,0.0,3.0,4.0,5.0,6.0,7.0,8.0,9.0,10.0,0.0,0.0
2,3,150,8,3,0.0,0.0,0.0,4.0,5.0,6.0,7.0,8.0,0.0,0.0,0.0,0.0
5,3,60,3,1,0.0,0.0,0.0,0.0,0.0,6.0,7.0,0.0,0.0,0.0,0.0,0.0
2,1,210,8,1,0.0,0.0,3.0,4.0,5.0,6.0,7.0,8.0,9.0,0.0,0.0,0.0
5,3,150,10,6,0.0,0.0,0.0,0.0,5.0,6.0,7.0,8.0,9.0,0.0,0.0,0.0
5,3,150,8,2,0.0,0.0,0.0,0.0,5.0,6.0,7.0,8.0,9.0,0.0,0.0,0.0
5,3,240,12,4,0.0,0.0,3.0,4.0,5.0,6.0,7.0,8.0,9.0,10.0,0.0,0.0
5,3,240,12,6,0.0,0.0,3.0,4.0,5.0,6.0,7.0,8.0,9.0,10.0,0.0,0.0
5,6,270,5,7,0.0,2.0,3.0,4.0,5.0,6.0,7.0,8.0,9.0,10.0,0.0,0.0
6,6,62,4,3,0.0,0.0,0.0,4.0,5.0,6.0,7.0,8.0,9.0,0.0,0.0,0.0
5,3,180,9,2,0.0,0.0,0.0,4.0,5.0,6.0,7.0,8.0,9.0,0.0,0.0,0.0
5,4,180,8,3,0.0,0.0,0.0,4.0,5.0,6.0,7.0,8.0,9.0,0.0,0.0,0.0
5,4,200,6,2,0.0,0.0,0.0,4.0,5.0,6.0,7.0,8.0,9.0,10.0,0.0,0.0
5,4,200,6,2,0.0,0.0,0.0,4.0,5.0,6.0,7.0,8.0,9.0,10.0,0.0,0.0
5,4,200,6,2,0.0,0.0,0.0,4.0,5.0,6.0,7.0,8.0,9.0,10.0,0.0,0.0
5,5,100,2,7,0.0,0.0,0.0,0.0,0.0,6.0,7.0,8.0,9.0,10.0,0.0,0.0
5,3,150,8,5,0.0,0.0,3.0,4.0,5.0,6.0,7.0,8.0,9.0,10.0,0.0,0.0
5,3,200,12,5,0.0,0.0,0.0,0.0,5.0,6.0,7.0,8.0,9.0,10.0,11.0,0.0
2,1,200,12,8,0.0,0.0,0.0,0.0,5.0,6.0,7.0,8.0,9.0,10.0,11.0,0.0
6,4,210,5,3,0.0,0.0,0.0,0.0,5.0,6.0,7.0,8.0,9.0,10.0,11.0,0.0
5,3,120,8,4,0.0,0.0,0.0,0.0,5.0,6.0,7.0,8.0,9.0,0.0,0.0,0.0
5,3,120,8,4,0.0,0.0,0.0,0.0,5.0,6.0,7.0,8.0,9.0,0.0,0.0,0.0
5,3,120,8,4,0.0,0.0,0.0,0.0,5.0,6.0,7.0,8.0,9.0,0.0,0.0,0.0
5,3,100,2,2,0.0,0.0,0.0,0.0,5.0,6.0,7.0,8.0,9.0,0.0,0.0,0.0
5,3,240,5,3,0.0,0.0,3.0,4.0,5.0,6.0,7.0,8.0,9.0,10.0,0.0,0.0
6,3,120,10,1,0.0,0.0,0.0,0.0,5.0,6.0,7.0,8.0,0.0,0.0,0.0,0.0
6,3,120,10,3,0.0,0.0,0.0,0.0,5.0,6.0,7.0,8.0,0.0,0.0,0.0,0.0
5,3,150,9,4,0.0,0.0,3.0,4.0,5.0,6.0,7.0,0.0,0.0,0.0,0.0,0.0
5,3,120,4,1,0.0,0.0,0.0,0.0,5.0,6.0,7.0,8.0,0.0,0.0,0.0,0.0
5,3,365,6,4,1.0,2.0,3.0,4.0,5.0,6.0,7.0,8.0,9.0,10.0,11.0,12.0
5,3,365,6,6,1.0,2.0,3.0,4.0,5.0,6.0,7.0,8.0,9.0,10.0,11.0,12.0
5,3,90,3,3,0.0,0.0,0.0,4.0,5.0,0.0,0.0,8.0,0.0,0.0,0.0,0.0
5,3,90,10,2,0.0,0.0,0.0,0.0,5.0,6.0,7.0,0.0,0.0,0.0,0.0,0.0
2,1,24,12,7,0.0,0.0,0.0,0.0,0.0,0.0,7.0,8.0,0.0,0.0,0.0,0.0
2,2,270,11,8,1.0,2.0,3.0,4.0,5.0,6.0,7.0,8.0,9.0,0.0,0.0,0.0
5,3,180,12,5,0.0,0.0,0.0,0.0,0.0,6.0,7.0,8.0,9.0,10.0,11.0,0.0
5,2,120,3,2,0.0,0.0,0.0,0.0,5.0,6.0,7.0,8.0,0.0,0.0,0.0,0.0
2,2,120,1,4,0.0,0.0,0.0,0.0,5.0,6.0,7.0,8.0,0.0,0.0,0.0,0.0
2,1,120,8,1,0.0,0.0,0.0,0.0,0.0,6.0,7.0,8.0,9.0,0.0,0.0,0.0
5,5,5,8,5,0.0,0.0,0.0,0.0,0.0,0.0,7.0,8.0,9.0,0.0,0.0,0.0
2,1,150,12,2,0.0,0.0,3.0,4.0,5.0,6.0,7.0,0.0,0.0,0.0,0.0,0.0
2,1,240,12,4,0.0,0.0,3.0,4.0,5.0,6.0,7.0,8.0,9.0,10.0,0.0,0.0
5,4,120,4,3,0.0,0.0,0.0,0.0,5.0,6.0,7.0,8.0,0.0,0.0,0.0,0.0
2,2,150,10,2,0.0,0.0,0.0,0.0,5.0,6.0,7.0,8.0,9.0,0.0,0.0,0.0
5,5,270,1,2,0.0,0.0,3.0,4.0,5.0,6.0,7.0,8.0,9.0,10.0,11.0,0.0
5,4,270,1,1,0.0,0.0,3.0,4.0,5.0,6.0,7.0,8.0,9.0,10.0,11.0,0.0
5,3,270,10,1,0.0,0.0,3.0,4.0,5.0,6.0,7.0,8.0,9.0,10.0,11.0,0.0
2,9,150,8,2,0.0,0.0,0.0,0.0,5.0,6.0,7.0,8.0,9.0,0.0,0.0,0.0
5,9,240,12,7,0.0,0.0,3.0,4.0,5.0,6.0,7.0,8.0,9.0,10.0,11.0,0.0
5,9,240,12,4,0.0,0.0,3.0,4.0,5.0,6.0,7.0,8.0,9.0,10.0,0.0,0.0
6,5,240,12,4,0.0,0.0,3.0,4.0,5.0,6.0,7.0,8.0,9.0,10.0,11.0,0.0
2,3,300,8,99,0.0,0.0,3.0,4.0,5.0,6.0,7.0,8.0,9.0,10.0,11.0,12.0
2,3,300,8,99,0.0,0.0,3.0,4.0,5.0,6.0,7.0,8.0,9.0,10.0,11.0,12.0
2,3,300,8,99,0.0,0.0,3.0,4.0,5.0,6.0,7.0,8.0,9.0,10.0,11.0,12.0
2,3,300,8,99,0.0,0.0,3.0,4.0,5.0,6.0,7.0,8.0,9.0,10.0,11.0,12.0
5,3,270,8,5,0.0,2.0,3.0,4.0,5.0,6.0,7.0,8.0,9.0,10.0,11.0,0.0
5,3,210,12,5,0.0,0.0,0.0,4.0,5.0,6.0,7.0,8.0,9.0,10.0,0.0,0.0
5,3,210,12,5,0.0,0.0,0.0,4.0,5.0,6.0,7.0,8.0,9.0,10.0,0.0,0.0
2,9,999,8,99,0.0,0.0,3.0,4.0,5.0,6.0,7.0,8.0,9.0,10.0,0.0,0.0
2,1,60,7,1,0.0,0.0,0.0,0.0,0.0,6.0,7.0,0.0,0.0,0.0,0.0,0.0
2,2,90,7,4,0.0,0.0,0.0,0.0,5.0,6.0,7.0,0.0,0.0,0.0,0.0,0.0
5,3,90,9,1,0.0,0.0,0.0,0.0,5.0,6.0,7.0,0.0,0.0,0.0,0.0,0.0
2,9,150,6,3,0.0,0.0,0.0,0.0,5.0,6.0,7.0,8.0,9.0,0.0,0.0,0.0
2,1,150,2,1,0.0,0.0,0.0,4.0,5.0,6.0,7.0,8.0,9.0,0.0,0.0,0.0
2,2,210,9,2,0.0,0.0,0.0,4.0,5.0,6.0,7.0,8.0,9.0,10.0,0.0,0.0
2,1,180,8,8,0.0,0.0,0.0,4.0,5.0,6.0,7.0,8.0,9.0,10.0,0.0,0.0
2,1,120,4,2,0.0,0.0,0.0,0.0,5.0,6.0,7.0,8.0,0.0,0.0,0.0,0.0
5,3,240,8,7,0.0,0.0,3.0,4.0,5.0,6.0,7.0,8.0,9.0,10.0,11.0,0.0
2,1,180,6,4,0.0,0.0,3.0,4.0,5.0,6.0,7.0,8.0,0.0,0.0,0.0,0.0
5,3,150,3,6,0.0,0.0,0.0,0.0,5.0,6.0,7.0,8.0,9.0,0.0,0.0,0.0
2,3,120,8,10,0.0,0.0,0.0,0.0,5.0,6.0,7.0,8.0,0.0,0.0,0.0,0.0
6,3,240,4,5,0.0,0.0,3.0,4.0,5.0,6.0,7.0,8.0,9.0,10.0,0.0,0.0
6,3,240,4,5,0.0,0.0,3.0,4.0,5.0,6.0,7.0,8.0,9.0,10.0,0.0,0.0
2,1,240,9,4,0.0,0.0,3.0,4.0,5.0,6.0,7.0,8.0,9.0,10.0,0.0,0.0
2,3,240,8,2,0.0,0.0,0.0,4.0,5.0,6.0,7.0,8.0,9.0,10.0,11.0,0.0
2,1,150,4,1,0.0,0.0,0.0,4.0,5.0,6.0,7.0,8.0,9.0,0.0,0.0,0.0
2,2,150,4,1,0.0,0.0,0.0,4.0,5.0,6.0,7.0,8.0,9.0,0.0,0.0,0.0
2,3,180,8,3,0.0,0.0,0.0,0.0,5.0,6.0,7.0,8.0,9.0,10.0,0.0,0.0
5,3,180,12,2,0.0,0.0,0.0,4.0,5.0,6.0,7.0,8.0,9.0,0.0,0.0,0.0
2,1,240,8,9,0.0,0.0,3.0,4.0,5.0,6.0,7.0,8.0,9.0,10.0,0.0,0.0
5,3,90,4,1,0.0,0.0,0.0,0.0,0.0,6.0,7.0,8.0,0.0,0.0,0.0,0.0
2,3,120,10,8,0.0,0.0,0.0,0.0,5.0,6.0,7.0,8.0,0.0,0.0,0.0,0.0
2,1,150,5,4,0.0,0.0,3.0,4.0,5.0,6.0,7.0,0.0,0.0,0.0,0.0,0.0
2,1,260,4,4,0.0,2.0,3.0,4.0,5.0,6.0,7.0,8.0,9.0,10.0,0.0,0.0
6,3,260,5,2,0.0,2.0,3.0,4.0,5.0,6.0,7.0,8.0,9.0,10.0,0.0,0.0
5,3,120,8,1,0.0,0.0,0.0,0.0,5.0,6.0,7.0,8.0,0.0,0.0,0.0,0.0
2,1,180,7,1,0.0,0.0,0.0,4.0,5.0,6.0,7.0,8.0,9.0,0.0,0.0,0.0
5,5,240,6,6,0.0,0.0,0.0,4.0,5.0,6.0,7.0,8.0,9.0,10.0,11.0,0.0
2,9,120,4,3,0.0,0.0,0.0,0.0,0.0,6.0,7.0,8.0,9.0,0.0,0.0,0.0
2,1,90,13,2,0.0,0.0,0.0,0.0,5.0,6.0,7.0,0.0,0.0,0.0,0.0,0.0
2,2,90,6,3,0.0,0.0,0.0,0.0,5.0,6.0,7.0,8.0,0.0,0.0,0.0,0.0
2,3,180,8,4,0.0,0.0,3.0,4.0,5.0,6.0,7.0,8.0,0.0,0.0,0.0,0.0
5,3,180,6,3,1.0,2.0,3.0,0.0,0.0,0.0,0.0,0.0,9.0,10.0,11.0,12.0
5,4,180,14,1,1.0,2.0,3.0,0.0,0.0,0.0,0.0,0.0,9.0,10.0,11.0,12.0
5,3,180,6,3,1.0,2.0,3.0,0.0,0.0,0.0,0.0,0.0,9.0,10.0,11.0,12.0
5,3,180,14,3,1.0,2.0,3.0,0.0,0.0,0.0,0.0,0.0,9.0,10.0,11.0,12.0
5,3,8,0,1,0.0,0.0,0.0,0.0,5.0,0.0,0.0,0.0,0.0,0.0,0.0,0.0
6,4,120,4,4,0.0,0.0,0.0,4.0,5.0,6.0,7.0,8.0,9.0,0.0,0.0,0.0
2,3,180,10,5,0.0,0.0,3.0,4.0,5.0,6.0,7.0,8.0,0.0,0.0,0.0,0.0
6,3,90,4,1,0.0,0.0,0.0,0.0,0.0,6.0,7.0,8.0,0.0,0.0,0.0,0.0
9,9,180,3,5,0.0,0.0,0.0,4.0,5.0,6.0,7.0,8.0,9.0,0.0,0.0,0.0
5,9,180,3,5,0.0,0.0,0.0,4.0,5.0,6.0,7.0,8.0,9.0,0.0,0.0,0.0
6,3,120,6,1,0.0,0.0,0.0,0.0,0.0,0.0,7.0,8.0,9.0,10.0,0.0,0.0
5,3,180,2,5,0.0,0.0,3.0,4.0,5.0,6.0,7.0,8.0,0.0,0.0,0.0,0.0
5,2,240,1,7,0.0,0.0,3.0,4.0,5.0,6.0,7.0,8.0,9.0,10.0,0.0,0.0
5,3,240,5,1,0.0,0.0,3.0,4.0,5.0,6.0,7.0,8.0,9.0,10.0,0.0,0.0
5,3,120,8,2,0.0,0.0,0.0,0.0,0.0,6.0,7.0,8.0,9.0,0.0,0.0,0.0
5,5,210,7,2,0.0,0.0,0.0,4.0,5.0,6.0,7.0,8.0,9.0,10.0,0.0,0.0
5,5,210,7,2,0.0,0.0,0.0,4.0,5.0,6.0,7.0,8.0,9.0,10.0,0.0,0.0
5,3,240,4,6,0.0,0.0,0.0,4.0,5.0,6.0,7.0,8.0,9.0,10.0,11.0,0.0
5,3,120,2,2,0.0,0.0,0.0,0.0,5.0,6.0,7.0,8.0,9.0,0.0,0.0,0.0
5,3,305,2,1,1.0,2.0,3.0,4.0,5.0,6.0,7.0,8.0,9.0,10.0,11.0,12.0
2,2,120,6,13,0.0,0.0,0.0,0.0,0.0,6.0,7.0,8.0,9.0,0.0,0.0,0.0
2,2,120,6,8,0.0,0.0,0.0,0.0,0.0,6.0,7.0,8.0,9.0,0.0,0.0,0.0
6,4,60,8,4,0.0,0.0,0.0,0.0,0.0,6.0,7.0,8.0,0.0,0.0,0.0,0.0
2,1,90,3,8,0.0,0.0,0.0,0.0,5.0,6.0,7.0,0.0,0.0,0.0,0.0,0.0
2,1,30,3,2,0.0,0.0,0.0,0.0,0.0,0.0,0.0,0.0,0.0,0.0,11.0,12.0
5,3,180,2,1,0.0,0.0,3.0,4.0,5.0,6.0,7.0,8.0,9.0,0.0,0.0,0.0
5,3,300,3,1,1.0,2.0,3.0,4.0,5.0,6.0,7.0,8.0,9.0,10.0,11.0,12.0
5,3,200,8,2,0.0,0.0,0.0,4.0,5.0,6.0,7.0,8.0,9.0,10.0,0.0,0.0
5,3,150,3,4,0.0,0.0,0.0,0.0,5.0,6.0,7.0,8.0,9.0,0.0,0.0,0.0
6,3,105,12,1,1.0,2.0,3.0,0.0,0.0,0.0,0.0,0.0,0.0,0.0,11.0,0.0
6,3,105,4,1,1.0,2.0,3.0,0.0,0.0,0.0,0.0,0.0,0.0,0.0,11.0,0.0
6,3,105,12,1,1.0,2.0,3.0,0.0,0.0,0.0,0.0,0.0,0.0,0.0,11.0,0.0
5,3,240,10,3,0.0,0.0,3.0,4.0,5.0,6.0,7.0,8.0,9.0,10.0,0.0,0.0
5,3,240,10,1,0.0,0.0,3.0,4.0,5.0,6.0,7.0,8.0,9.0,10.0,0.0,0.0
5,3,150,6,6,0.0,0.0,0.0,0.0,5.0,6.0,7.0,8.0,9.0,0.0,0.0,0.0
5,3,150,6,4,0.0,0.0,0.0,0.0,5.0,6.0,7.0,8.0,9.0,0.0,0.0,0.0
6,3,200,4,1,0.0,0.0,3.0,4.0,5.0,6.0,7.0,8.0,9.0,0.0,0.0,0.0
6,3,210,12,1,0.0,0.0,3.0,4.0,5.0,6.0,7.0,8.0,9.0,0.0,0.0,0.0
2,1,300,4,8,0.0,2.0,3.0,4.0,5.0,6.0,7.0,8.0,9.0,10.0,11.0,0.0
5,3,150,6,99,0.0,0.0,0.0,4.0,5.0,6.0,7.0,8.0,0.0,0.0,0.0,0.0
5,3,150,6,99,0.0,0.0,0.0,4.0,5.0,6.0,7.0,8.0,0.0,0.0,0.0,0.0
5,3,150,6,99,0.0,0.0,0.0,4.0,5.0,6.0,7.0,8.0,0.0,0.0,0.0,0.0
5,3,150,6,99,0.0,0.0,0.0,4.0,5.0,6.0,7.0,8.0,0.0,0.0,0.0,0.0
5,3,180,8,1,0.0,0.0,0.0,4.0,5.0,6.0,7.0,8.0,9.0,0.0,0.0,0.0
5,5,90,2,99,0.0,0.0,0.0,0.0,0.0,0.0,0.0,8.0,9.0,10.0,0.0,0.0
5,3,90,8,99,0.0,0.0,0.0,0.0,0.0,0.0,0.0,8.0,9.0,10.0,0.0,0.0
5,3,90,8,99,0.0,0.0,0.0,0.0,0.0,0.0,0.0,8.0,9.0,10.0,0.0,0.0
5,5,90,8,99,0.0,0.0,0.0,0.0,0.0,0.0,0.0,8.0,9.0,10.0,0.0,0.0
5,5,180,3,3,0.0,0.0,0.0,0.0,5.0,6.0,7.0,8.0,9.0,10.0,0.0,0.0
5,5,210,1,3,0.0,0.0,0.0,4.0,5.0,6.0,7.0,8.0,9.0,10.0,0.0,0.0
5,5,210,4,3,0.0,0.0,0.0,4.0,5.0,6.0,7.0,8.0,9.0,10.0,0.0,0.0
5,5,180,1,3,0.0,0.0,0.0,4.0,5.0,6.0,7.0,8.0,9.0,10.0,0.0,0.0
5,5,210,8,3,0.0,0.0,0.0,4.0,5.0,6.0,7.0,8.0,9.0,10.0,0.0,0.0
6,3,210,3,1,0.0,0.0,0.0,0.0,5.0,6.0,7.0,8.0,9.0,10.0,11.0,0.0
6,4,210,8,2,0.0,0.0,0.0,0.0,5.0,6.0,7.0,8.0,9.0,10.0,11.0,0.0
6,4,210,8,4,0.0,0.0,0.0,0.0,5.0,6.0,7.0,8.0,9.0,10.0,11.0,0.0
5,3,60,2,10,0.0,0.0,0.0,0.0,0.0,0.0,7.0,8.0,0.0,0.0,0.0,0.0
5,3,180,8,3,0.0,0.0,0.0,4.0,5.0,6.0,7.0,8.0,9.0,0.0,0.0,0.0
6,9,100,0,2,0.0,0.0,0.0,0.0,5.0,6.0,7.0,8.0,9.0,0.0,0.0,0.0
5,4,150,6,3,0.0,0.0,0.0,4.0,5.0,6.0,7.0,8.0,0.0,0.0,0.0,0.0
5,3,180,3,2,0.0,0.0,0.0,0.0,5.0,6.0,7.0,8.0,9.0,10.0,0.0,0.0
6,9,30,3,1,0.0,2.0,0.0,0.0,0.0,0.0,0.0,0.0,0.0,0.0,11.0,0.0
6,9,30,3,1,0.0,2.0,0.0,0.0,0.0,0.0,0.0,0.0,0.0,0.0,11.0,0.0
2,1,150,3,2,0.0,0.0,0.0,0.0,5.0,6.0,7.0,8.0,9.0,0.0,0.0,0.0
2,1,240,8,5,0.0,0.0,3.0,4.0,5.0,6.0,7.0,8.0,9.0,10.0,0.0,0.0
5,3,200,4,5,0.0,0.0,0.0,0.0,5.0,6.0,7.0,8.0,9.0,10.0,11.0,0.0
5,3,200,4,5,0.0,0.0,0.0,0.0,5.0,6.0,7.0,8.0,9.0,10.0,11.0,0.0
5,3,120,2,6,0.0,0.0,0.0,4.0,5.0,6.0,7.0,0.0,0.0,0.0,0.0,0.0
2,3,180,3,9,0.0,0.0,0.0,0.0,5.0,6.0,7.0,8.0,9.0,10.0,0.0,0.0
5,3,120,5,1,0.0,0.0,3.0,4.0,5.0,6.0,7.0,8.0,9.0,10.0,0.0,0.0
2,1,150,9,7,0.0,0.0,0.0,4.0,5.0,6.0,7.0,8.0,9.0,10.0,0.0,0.0
2,9,999,4,3,0.0,0.0,0.0,4.0,5.0,6.0,7.0,8.0,0.0,0.0,0.0,0.0
2,9,999,6,3,0.0,0.0,0.0,4.0,5.0,6.0,7.0,8.0,0.0,0.0,0.0,0.0
2,3,150,10,13,0.0,0.0,0.0,0.0,5.0,6.0,7.0,8.0,9.0,0.0,0.0,0.0
2,3,36,8,10,0.0,0.0,0.0,4.0,5.0,6.0,7.0,8.0,9.0,0.0,0.0,0.0
5,3,150,3,4,0.0,0.0,0.0,0.0,5.0,6.0,7.0,8.0,9.0,0.0,0.0,0.0
2,3,150,5,5,0.0,0.0,0.0,0.0,5.0,6.0,7.0,8.0,9.0,0.0,0.0,0.0
2,3,150,5,5,0.0,0.0,0.0,0.0,5.0,6.0,7.0,8.0,9.0,0.0,0.0,0.0
5,4,180,8,6,0.0,0.0,0.0,4.0,5.0,6.0,7.0,8.0,9.0,0.0,0.0,0.0
6,4,150,4,6,0.0,0.0,0.0,4.0,5.0,6.0,7.0,8.0,9.0,0.0,0.0,0.0
5,4,180,4,6,0.0,0.0,3.0,4.0,5.0,6.0,7.0,8.0,9.0,10.0,0.0,0.0
2,1,15,6,1,0.0,0.0,0.0,4.0,0.0,0.0,0.0,0.0,0.0,0.0,0.0,0.0
5,9,90,2,8,0.0,0.0,0.0,0.0,0.0,0.0,7.0,8.0,9.0,0.0,0.0,0.0
2,1,240,8,15,0.0,0.0,3.0,4.0,5.0,6.0,7.0,8.0,9.0,10.0,0.0,0.0
2,1,240,8,15,0.0,0.0,3.0,4.0,5.0,6.0,7.0,8.0,9.0,10.0,0.0,0.0
2,3,120,8,10,0.0,0.0,0.0,0.0,5.0,6.0,7.0,8.0,0.0,0.0,0.0,0.0
6,3,40,4,3,0.0,0.0,0.0,4.0,5.0,6.0,7.0,8.0,9.0,10.0,0.0,0.0
6,3,40,4,3,0.0,0.0,0.0,4.0,5.0,6.0,7.0,8.0,9.0,10.0,0.0,0.0
5,3,90,1,2,0.0,0.0,0.0,0.0,0.0,6.0,7.0,8.0,0.0,0.0,0.0,0.0
2,2,90,2,15,0.0,0.0,0.0,0.0,0.0,6.0,7.0,8.0,0.0,0.0,0.0,0.0
2,3,90,1,5,0.0,0.0,0.0,0.0,0.0,6.0,7.0,8.0,0.0,0.0,0.0,0.0
2,9,150,7,7,0.0,0.0,0.0,4.0,5.0,6.0,7.0,8.0,9.0,10.0,0.0,0.0
5,3,90,4,5,0.0,0.0,0.0,0.0,5.0,6.0,7.0,0.0,0.0,0.0,0.0,0.0
5,3,100,5,2,0.0,0.0,0.0,4.0,5.0,6.0,7.0,8.0,9.0,10.0,0.0,0.0
5,3,30,6,6,0.0,0.0,0.0,0.0,0.0,0.0,7.0,8.0,0.0,0.0,0.0,0.0
6,3,60,4,1,0.0,0.0,0.0,0.0,0.0,0.0,0.0,8.0,9.0,0.0,0.0,0.0
2,2,210,2,3,0.0,0.0,3.0,4.0,5.0,6.0,7.0,8.0,9.0,0.0,0.0,0.0
2,2,210,2,3,0.0,0.0,3.0,4.0,5.0,6.0,7.0,8.0,9.0,0.0,0.0,0.0
6,4,120,1,2,0.0,0.0,0.0,0.0,5.0,6.0,7.0,8.0,0.0,0.0,0.0,0.0
6,4,999,99,99,0.0,0.0,0.0,0.0,5.0,6.0,7.0,8.0,9.0,10.0,11.0,0.0
5,1,16,4,4,0.0,0.0,0.0,0.0,5.0,6.0,0.0,0.0,0.0,0.0,0.0,0.0
5,1,7,5,1,0.0,0.0,0.0,0.0,0.0,0.0,7.0,0.0,0.0,0.0,0.0,0.0
5,4,180,8,8,0.0,0.0,0.0,4.0,5.0,6.0,7.0,8.0,9.0,0.0,0.0,0.0
2,3,90,5,7,0.0,0.0,0.0,0.0,0.0,6.0,7.0,8.0,0.0,0.0,0.0,0.0
5,3,170,3,1,0.0,2.0,3.0,4.0,5.0,6.0,7.0,8.0,9.0,10.0,11.0,12.0
5,3,170,3,6,0.0,2.0,3.0,4.0,5.0,6.0,7.0,8.0,9.0,10.0,11.0,12.0
2,1,999,8,12,0.0,0.0,3.0,4.0,5.0,6.0,7.0,8.0,9.0,10.0,0.0,0.0
5,3,180,8,4,0.0,0.0,0.0,4.0,5.0,6.0,7.0,8.0,9.0,0.0,0.0,0.0
2,4,210,10,4,0.0,0.0,3.0,4.0,5.0,6.0,7.0,8.0,9.0,0.0,0.0,0.0
5,3,180,10,2,0.0,0.0,3.0,4.0,5.0,6.0,7.0,8.0,0.0,0.0,0.0,0.0
6,4,90,4,1,0.0,0.0,0.0,0.0,5.0,6.0,7.0,0.0,0.0,0.0,0.0,0.0
6,3,90,10,5,0.0,0.0,0.0,0.0,5.0,6.0,7.0,0.0,0.0,0.0,0.0,0.0
5,9,200,5,1,0.0,2.0,3.0,4.0,5.0,6.0,7.0,8.0,9.0,10.0,0.0,0.0
5,3,90,5,1,0.0,0.0,0.0,0.0,0.0,6.0,7.0,8.0,0.0,0.0,0.0,0.0
6,3,120,2,3,0.0,0.0,0.0,0.0,5.0,6.0,7.0,8.0,0.0,0.0,0.0,0.0
6,3,120,2,3,0.0,0.0,0.0,0.0,5.0,6.0,7.0,8.0,0.0,0.0,0.0,0.0
6,5,210,5,1,0.0,0.0,0.0,4.0,5.0,6.0,7.0,8.0,9.0,10.0,0.0,0.0
6,3,180,6,1,0.0,0.0,0.0,0.0,5.0,6.0,7.0,8.0,9.0,10.0,0.0,0.0
6,3,180,6,1,0.0,0.0,0.0,0.0,5.0,6.0,7.0,8.0,9.0,10.0,0.0,0.0
5,3,150,6,5,0.0,0.0,0.0,4.0,5.0,6.0,7.0,8.0,0.0,0.0,0.0,0.0
5,3,50,6,5,0.0,0.0,0.0,4.0,5.0,6.0,7.0,8.0,0.0,0.0,0.0,0.0
5,3,150,6,5,0.0,0.0,0.0,4.0,5.0,6.0,7.0,8.0,0.0,0.0,0.0,0.0
5,3,150,6,5,0.0,0.0,0.0,4.0,5.0,6.0,7.0,8.0,0.0,0.0,0.0,0.0
5,4,240,8,2,0.0,0.0,3.0,4.0,5.0,6.0,7.0,8.0,9.0,10.0,0.0,0.0
5,5,240,6,4,0.0,0.0,3.0,4.0,5.0,6.0,7.0,8.0,9.0,10.0,0.0,0.0
6,3,120,1,1,0.0,0.0,0.0,0.0,5.0,6.0,7.0,8.0,0.0,0.0,0.0,0.0
6,5,120,2,2,0.0,0.0,0.0,0.0,5.0,6.0,7.0,8.0,0.0,0.0,0.0,0.0
6,3,120,2,3,0.0,0.0,0.0,0.0,5.0,6.0,7.0,8.0,0.0,0.0,0.0,0.0
5,3,90,6,7,0.0,0.0,0.0,0.0,0.0,6.0,7.0,8.0,0.0,0.0,0.0,0.0
2,3,270,10,14,0.0,0.0,3.0,4.0,5.0,6.0,7.0,8.0,9.0,10.0,11.0,0.0
5,3,120,9,1,0.0,0.0,0.0,0.0,5.0,6.0,7.0,8.0,0.0,0.0,0.0,0.0
5,4,120,9,2,0.0,0.0,0.0,0.0,0.0,6.0,7.0,8.0,9.0,0.0,0.0,0.0
5,3,120,9,5,0.0,0.0,0.0,0.0,5.0,6.0,7.0,8.0,0.0,0.0,0.0,0.0
5,3,120,9,4,0.0,0.0,0.0,0.0,5.0,6.0,7.0,8.0,9.0,0.0,0.0,0.0
1,9,90,5,1,0.0,0.0,0.0,0.0,0.0,0.0,0.0,8.0,9.0,10.0,0.0,0.0
5,3,150,8,2,0.0,0.0,0.0,0.0,5.0,6.0,7.0,8.0,9.0,0.0,0.0,0.0
6,4,90,10,4,0.0,0.0,0.0,0.0,5.0,6.0,7.0,0.0,0.0,0.0,0.0,0.0
4,6,4,10,1,0.0,0.0,0.0,0.0,5.0,6.0,7.0,0.0,0.0,0.0,0.0,0.0
2,3,120,8,8,0.0,0.0,0.0,0.0,5.0,6.0,7.0,8.0,0.0,0.0,0.0,0.0
2,3,90,2,8,0.0,0.0,0.0,0.0,5.0,6.0,7.0,0.0,0.0,0.0,0.0,0.0
5,2,30,6,1,0.0,0.0,3.0,0.0,0.0,0.0,0.0,0.0,0.0,0.0,0.0,0.0
5,9,206,8,7,0.0,0.0,3.0,4.0,5.0,6.0,7.0,8.0,9.0,0.0,0.0,0.0
6,1,270,6,1,0.0,0.0,3.0,4.0,5.0,6.0,7.0,8.0,9.0,10.0,11.0,0.0
5,3,150,9,1,0.0,0.0,0.0,0.0,5.0,6.0,7.0,8.0,9.0,0.0,0.0,0.0
6,4,120,6,1,0.0,0.0,0.0,0.0,0.0,6.0,7.0,8.0,9.0,0.0,0.0,0.0
5,3,180,8,8,0.0,0.0,0.0,4.0,5.0,6.0,7.0,8.0,9.0,0.0,0.0,0.0
6,5,180,5,1,0.0,0.0,0.0,4.0,5.0,6.0,7.0,8.0,9.0,0.0,0.0,0.0
6,5,180,8,2,0.0,0.0,0.0,4.0,5.0,6.0,7.0,8.0,9.0,0.0,0.0,0.0
5,3,120,1,4,0.0,0.0,0.0,4.0,5.0,6.0,7.0,0.0,0.0,0.0,0.0,0.0
6,3,120,6,3,0.0,0.0,0.0,0.0,0.0,6.0,7.0,8.0,9.0,0.0,0.0,0.0
2,2,90,9,10,0.0,0.0,3.0,4.0,5.0,0.0,0.0,0.0,0.0,0.0,0.0,0.0
5,4,330,11,4,1.0,2.0,3.0,4.0,5.0,6.0,7.0,8.0,9.0,10.0,11.0,0.0
5,5,60,5,6,0.0,0.0,0.0,0.0,0.0,6.0,7.0,0.0,0.0,0.0,0.0,0.0
5,3,120,4,1,0.0,0.0,0.0,0.0,5.0,6.0,7.0,8.0,0.0,0.0,0.0,0.0
6,5,180,4,3,0.0,0.0,0.0,4.0,5.0,6.0,7.0,8.0,9.0,0.0,0.0,0.0
6,5,60,1,3,0.0,0.0,0.0,0.0,0.0,6.0,7.0,0.0,0.0,0.0,0.0,0.0
5,9,120,3,5,0.0,0.0,0.0,0.0,0.0,6.0,7.0,8.0,9.0,0.0,0.0,0.0
2,1,180,2,4,0.0,0.0,0.0,4.0,5.0,6.0,7.0,8.0,9.0,0.0,0.0,0.0
2,3,210,4,1,0.0,0.0,0.0,4.0,5.0,6.0,7.0,8.0,9.0,10.0,0.0,0.0
2,2,150,6,5,0.0,0.0,0.0,0.0,5.0,6.0,7.0,8.0,9.0,0.0,0.0,0.0
2,1,200,5,10,0.0,0.0,3.0,4.0,5.0,6.0,7.0,8.0,9.0,10.0,11.0,0.0
2,1,120,4,2,0.0,0.0,0.0,0.0,5.0,6.0,7.0,8.0,0.0,0.0,0.0,0.0
2,3,60,4,2,0.0,0.0,0.0,0.0,5.0,6.0,0.0,0.0,0.0,0.0,0.0,0.0
5,3,180,2,1,0.0,0.0,3.0,4.0,5.0,6.0,7.0,8.0,0.0,0.0,0.0,0.0
2,3,30,3,2,0.0,0.0,0.0,0.0,0.0,6.0,0.0,0.0,0.0,0.0,0.0,0.0
2,3,60,12,2,0.0,0.0,0.0,0.0,5.0,6.0,0.0,0.0,0.0,0.0,0.0,0.0
2,2,300,6,11,1.0,2.0,3.0,4.0,5.0,6.0,7.0,8.0,9.0,10.0,0.0,0.0
5,3,300,15,1,1.0,2.0,3.0,4.0,5.0,6.0,7.0,8.0,9.0,10.0,0.0,0.0
2,9,90,4,10,0.0,0.0,0.0,0.0,0.0,6.0,7.0,8.0,0.0,0.0,0.0,0.0
5,3,90,4,1,0.0,0.0,0.0,0.0,5.0,6.0,7.0,0.0,0.0,0.0,0.0,0.0
5,1,210,6,5,0.0,2.0,3.0,4.0,5.0,6.0,7.0,8.0,0.0,0.0,0.0,0.0
2,2,90,11,4,0.0,0.0,0.0,4.0,0.0,0.0,7.0,8.0,9.0,0.0,0.0,0.0
5,9,180,8,4,0.0,0.0,0.0,4.0,5.0,6.0,7.0,8.0,9.0,0.0,0.0,0.0
2,1,210,10,2,0.0,0.0,0.0,4.0,5.0,6.0,7.0,8.0,9.0,10.0,0.0,0.0
2,2,210,8,1,0.0,0.0,0.0,4.0,5.0,6.0,7.0,8.0,9.0,10.0,0.0,0.0
2,3,30,6,1,0.0,0.0,3.0,4.0,5.0,6.0,7.0,8.0,9.0,0.0,0.0,0.0
5,4,360,10,5,1.0,2.0,3.0,4.0,5.0,6.0,7.0,8.0,9.0,10.0,11.0,12.0
2,1,120,4,5,0.0,0.0,0.0,0.0,5.0,6.0,7.0,8.0,0.0,0.0,0.0,0.0
2,1,90,8,3,0.0,0.0,0.0,4.0,5.0,6.0,0.0,0.0,0.0,0.0,0.0,0.0
2,2,60,8,2,0.0,0.0,0.0,0.0,0.0,0.0,7.0,8.0,0.0,0.0,0.0,0.0
2,2,60,8,2,0.0,0.0,0.0,0.0,0.0,0.0,7.0,8.0,0.0,0.0,0.0,0.0
2,3,90,2,3,0.0,0.0,0.0,0.0,5.0,6.0,7.0,0.0,0.0,0.0,0.0,0.0
2,3,240,8,3,0.0,0.0,3.0,4.0,5.0,6.0,7.0,8.0,9.0,10.0,0.0,0.0
2,1,180,15,3,0.0,0.0,0.0,4.0,5.0,6.0,7.0,8.0,9.0,0.0,0.0,0.0
2,1,120,7,2,0.0,0.0,0.0,4.0,5.0,6.0,7.0,8.0,9.0,0.0,0.0,0.0
2,2,150,10,10,0.0,0.0,0.0,0.0,5.0,6.0,7.0,8.0,9.0,0.0,0.0,0.0
2,1,140,11,5,0.0,0.0,0.0,0.0,5.0,6.0,7.0,8.0,9.0,0.0,0.0,0.0
5,3,150,3,5,0.0,0.0,0.0,4.0,5.0,6.0,7.0,8.0,9.0,0.0,0.0,0.0
2,1,210,12,3,0.0,0.0,0.0,4.0,5.0,6.0,7.0,8.0,9.0,10.0,0.0,0.0
5,3,100,5,2,0.0,0.0,0.0,0.0,5.0,6.0,7.0,8.0,0.0,0.0,0.0,0.0
2,9,300,5,4,0.0,0.0,3.0,4.0,5.0,6.0,7.0,8.0,9.0,10.0,11.0,12.0
5,9,270,5,2,0.0,0.0,3.0,4.0,5.0,6.0,7.0,8.0,9.0,10.0,11.0,0.0
2,1,180,10,99,0.0,0.0,0.0,4.0,5.0,6.0,7.0,8.0,9.0,0.0,0.0,0.0
2,2,60,2,1,0.0,0.0,0.0,0.0,0.0,6.0,7.0,8.0,0.0,0.0,0.0,0.0
5,9,150,10,2,0.0,0.0,0.0,0.0,5.0,6.0,7.0,8.0,9.0,0.0,0.0,0.0
2,1,150,8,8,0.0,0.0,0.0,0.0,0.0,6.0,7.0,8.0,9.0,10.0,0.0,0.0
2,1,150,6,3,0.0,0.0,0.0,0.0,0.0,6.0,7.0,8.0,9.0,10.0,0.0,0.0
2,2,999,6,4,0.0,0.0,0.0,0.0,5.0,6.0,7.0,8.0,9.0,0.0,0.0,0.0
2,4,30,7,15,0.0,0.0,0.0,4.0,5.0,0.0,0.0,0.0,0.0,0.0,0.0,0.0
2,3,150,3,8,0.0,0.0,0.0,4.0,5.0,6.0,7.0,8.0,0.0,0.0,0.0,0.0
5,4,210,10,3,0.0,0.0,0.0,4.0,5.0,6.0,7.0,8.0,9.0,10.0,0.0,0.0
5,4,210,10,3,0.0,0.0,0.0,4.0,5.0,6.0,7.0,8.0,9.0,10.0,0.0,0.0
5,4,210,10,10,0.0,0.0,0.0,4.0,5.0,6.0,7.0,8.0,9.0,10.0,0.0,0.0
5,3,260,8,2,0.0,2.0,3.0,4.0,5.0,6.0,7.0,8.0,9.0,10.0,0.0,0.0
2,1,100,13,3,0.0,0.0,0.0,0.0,5.0,6.0,7.0,8.0,9.0,0.0,0.0,0.0
2,5,150,6,12,0.0,0.0,0.0,0.0,5.0,6.0,7.0,8.0,9.0,0.0,0.0,0.0
2,2,999,6,4,0.0,0.0,0.0,4.0,5.0,6.0,7.0,8.0,0.0,0.0,0.0,0.0
2,1,120,5,7,0.0,0.0,0.0,0.0,5.0,6.0,7.0,8.0,0.0,0.0,0.0,0.0
5,2,150,3,4,0.0,0.0,0.0,4.0,5.0,6.0,7.0,8.0,0.0,0.0,0.0,0.0
5,3,120,8,1,0.0,0.0,0.0,0.0,5.0,6.0,7.0,8.0,0.0,0.0,0.0,0.0
2,1,100,5,5,0.0,0.0,0.0,4.0,5.0,6.0,7.0,8.0,0.0,0.0,0.0,0.0
5,3,100,3,1,0.0,0.0,0.0,0.0,5.0,6.0,7.0,8.0,0.0,0.0,0.0,0.0
2,3,100,6,5,0.0,0.0,0.0,0.0,5.0,6.0,7.0,8.0,0.0,0.0,0.0,0.0
2,3,210,11,4,0.0,0.0,3.0,4.0,5.0,6.0,7.0,8.0,9.0,0.0,0.0,0.0
5,2,200,10,4,0.0,0.0,0.0,4.0,5.0,6.0,7.0,8.0,9.0,10.0,0.0,0.0
5,3,90,1,5,0.0,0.0,3.0,4.0,5.0,0.0,0.0,0.0,0.0,0.0,0.0,0.0
2,1,210,24,1,0.0,0.0,0.0,0.0,5.0,6.0,7.0,8.0,9.0,10.0,11.0,0.0
2,1,30,3,2,0.0,0.0,3.0,4.0,5.0,0.0,0.0,0.0,0.0,0.0,0.0,0.0
2,2,30,4,8,0.0,0.0,0.0,0.0,0.0,0.0,7.0,8.0,0.0,0.0,0.0,0.0
5,4,120,3,12,0.0,0.0,0.0,4.0,5.0,6.0,7.0,0.0,0.0,0.0,0.0,0.0
5,3,150,6,3,0.0,0.0,0.0,0.0,5.0,6.0,7.0,8.0,9.0,0.0,0.0,0.0
2,2,150,6,5,0.0,0.0,0.0,0.0,5.0,6.0,7.0,8.0,9.0,0.0,0.0,0.0
5,9,120,4,1,0.0,0.0,0.0,4.0,5.0,6.0,7.0,0.0,0.0,0.0,0.0,0.0
5,3,120,14,2,0.0,0.0,0.0,0.0,5.0,6.0,7.0,8.0,0.0,0.0,0.0,0.0
5,3,180,5,99,0.0,2.0,3.0,4.0,5.0,6.0,7.0,0.0,0.0,0.0,0.0,0.0
2,9,210,4,3,0.0,2.0,3.0,4.0,5.0,6.0,7.0,8.0,0.0,0.0,0.0,0.0
5,3,90,3,2,0.0,0.0,0.0,0.0,5.0,6.0,7.0,0.0,0.0,0.0,0.0,0.0
5,9,150,5,3,0.0,0.0,0.0,4.0,5.0,6.0,7.0,8.0,0.0,0.0,0.0,0.0
5,9,150,5,3,0.0,0.0,0.0,4.0,5.0,6.0,7.0,8.0,0.0,0.0,0.0,0.0
5,9,150,5,3,0.0,0.0,0.0,4.0,5.0,6.0,7.0,8.0,0.0,0.0,0.0,0.0
2,9,120,5,6,0.0,0.0,0.0,0.0,5.0,6.0,7.0,8.0,0.0,0.0,0.0,0.0
2,3,120,3,6,0.0,0.0,0.0,4.0,5.0,6.0,7.0,0.0,0.0,0.0,0.0,0.0
5,4,240,4,1,0.0,0.0,3.0,4.0,5.0,6.0,7.0,8.0,9.0,10.0,0.0,0.0
5,4,300,7,4,0.0,2.0,3.0,4.0,5.0,6.0,7.0,8.0,9.0,10.0,11.0,0.0
5,3,285,10,1,0.0,2.0,3.0,4.0,5.0,6.0,7.0,8.0,9.0,10.0,11.0,0.0
5,3,60,2,2,0.0,0.0,0.0,4.0,5.0,0.0,0.0,0.0,0.0,0.0,0.0,0.0
5,5,60,2,10,0.0,0.0,0.0,4.0,5.0,0.0,0.0,0.0,0.0,0.0,0.0,0.0
2,1,999,4,5,0.0,0.0,0.0,0.0,5.0,6.0,0.0,0.0,0.0,0.0,0.0,0.0
5,9,360,5,1,1.0,2.0,3.0,4.0,5.0,6.0,7.0,8.0,9.0,10.0,11.0,12.0
6,9,90,6,3,0.0,0.0,0.0,4.0,5.0,6.0,0.0,0.0,0.0,0.0,0.0,0.0
6,9,15,3,99,0.0,0.0,0.0,0.0,0.0,0.0,7.0,0.0,0.0,0.0,0.0,0.0
2,9,240,6,5,0.0,0.0,3.0,4.0,5.0,6.0,7.0,8.0,9.0,10.0,11.0,0.0
6,3,60,11,5,0.0,0.0,0.0,0.0,0.0,0.0,7.0,8.0,0.0,0.0,0.0,0.0
2,4,180,2,10,0.0,0.0,0.0,4.0,5.0,6.0,7.0,8.0,9.0,0.0,0.0,0.0
6,9,210,3,7,0.0,0.0,3.0,4.0,5.0,6.0,7.0,8.0,9.0,0.0,0.0,0.0
6,9,60,4,2,0.0,0.0,0.0,0.0,5.0,6.0,0.0,0.0,0.0,0.0,0.0,0.0
5,4,300,3,1,0.0,2.0,3.0,4.0,5.0,6.0,7.0,8.0,9.0,10.0,11.0,0.0
2,1,4,2,2,0.0,0.0,0.0,4.0,5.0,6.0,0.0,0.0,0.0,0.0,0.0,0.0
6,1,120,4,2,0.0,0.0,0.0,4.0,5.0,6.0,7.0,0.0,0.0,0.0,0.0,0.0
6,1,365,6,1,1.0,2.0,3.0,4.0,5.0,6.0,7.0,8.0,9.0,10.0,11.0,12.0
6,1,120,4,4,0.0,0.0,0.0,4.0,5.0,6.0,7.0,0.0,0.0,0.0,0.0,0.0
5,9,90,3,2,0.0,0.0,0.0,0.0,5.0,6.0,7.0,0.0,0.0,0.0,0.0,0.0
5,9,270,2,6,1.0,2.0,3.0,4.0,5.0,6.0,7.0,8.0,9.0,0.0,0.0,0.0
2,3,210,4,14,0.0,0.0,0.0,4.0,5.0,6.0,7.0,8.0,9.0,10.0,0.0,0.0
2,9,150,9,99,0.0,0.0,0.0,4.0,5.0,6.0,7.0,8.0,9.0,0.0,0.0,0.0
6,3,90,3,1,0.0,0.0,0.0,0.0,5.0,6.0,7.0,0.0,0.0,0.0,0.0,0.0
6,3,90,3,1,0.0,0.0,0.0,0.0,5.0,6.0,7.0,0.0,0.0,0.0,0.0,0.0
6,3,365,4,1,1.0,2.0,3.0,4.0,5.0,6.0,7.0,8.0,9.0,10.0,11.0,12.0
5,9,60,7,5,0.0,0.0,0.0,4.0,5.0,0.0,0.0,0.0,0.0,0.0,0.0,0.0
2,9,270,7,1,0.0,0.0,3.0,4.0,5.0,6.0,7.0,8.0,9.0,10.0,11.0,0.0
5,3,180,8,5,0.0,0.0,3.0,4.0,5.0,6.0,7.0,8.0,0.0,0.0,0.0,0.0
5,9,60,4,6,0.0,0.0,0.0,0.0,5.0,6.0,0.0,0.0,0.0,0.0,0.0,0.0
5,9,40,3,2,0.0,0.0,0.0,4.0,5.0,6.0,7.0,8.0,0.0,0.0,0.0,0.0
2,3,40,3,6,0.0,0.0,0.0,4.0,5.0,6.0,7.0,8.0,0.0,0.0,0.0,0.0
5,4,270,11,8,0.0,2.0,3.0,4.0,5.0,6.0,7.0,8.0,9.0,10.0,0.0,0.0
6,4,300,8,2,0.0,2.0,3.0,4.0,5.0,6.0,7.0,8.0,9.0,10.0,11.0,0.0
6,9,120,2,8,0.0,0.0,0.0,0.0,5.0,6.0,7.0,8.0,0.0,0.0,0.0,0.0
6,9,10,1,1,0.0,0.0,3.0,4.0,5.0,0.0,0.0,0.0,9.0,0.0,0.0,0.0
2,3,330,4,3,1.0,2.0,3.0,4.0,5.0,6.0,7.0,8.0,9.0,10.0,11.0,0.0
2,3,240,8,5,0.0,0.0,3.0,4.0,5.0,6.0,7.0,8.0,9.0,10.0,0.0,0.0
6,9,90,3,7,0.0,0.0,3.0,4.0,5.0,0.0,0.0,0.0,0.0,0.0,0.0,0.0
6,9,30,8,2,0.0,0.0,0.0,4.0,0.0,0.0,0.0,0.0,0.0,0.0,0.0,0.0
5,3,90,3,3,0.0,0.0,0.0,0.0,5.0,6.0,7.0,0.0,0.0,0.0,0.0,0.0
5,9,120,2,1,0.0,0.0,3.0,4.0,5.0,6.0,0.0,0.0,0.0,0.0,0.0,0.0
5,3,90,2,1,0.0,0.0,0.0,4.0,5.0,6.0,0.0,0.0,0.0,0.0,0.0,0.0
5,9,180,2,3,0.0,0.0,3.0,4.0,5.0,6.0,7.0,8.0,0.0,0.0,0.0,0.0
2,9,180,8,6,0.0,0.0,3.0,4.0,5.0,6.0,7.0,8.0,0.0,0.0,0.0,0.0
2,9,20,10,99,0.0,0.0,0.0,4.0,0.0,0.0,0.0,0.0,0.0,0.0,0.0,0.0
5,3,365,8,5,1.0,2.0,3.0,4.0,5.0,6.0,7.0,8.0,9.0,10.0,11.0,12.0
5,9,90,4,5,0.0,0.0,0.0,0.0,5.0,6.0,7.0,0.0,0.0,0.0,0.0,0.0
6,4,120,5,4,0.0,0.0,0.0,4.0,5.0,6.0,7.0,0.0,0.0,0.0,0.0,0.0
6,4,120,4,3,0.0,0.0,0.0,4.0,5.0,6.0,7.0,0.0,0.0,0.0,0.0,0.0
5,5,240,1,1,0.0,0.0,3.0,4.0,5.0,6.0,7.0,8.0,9.0,10.0,0.0,0.0
5,9,60,5,3,0.0,0.0,0.0,4.0,5.0,0.0,0.0,0.0,0.0,0.0,0.0,0.0
2,9,60,7,4,0.0,0.0,0.0,0.0,5.0,6.0,0.0,0.0,0.0,0.0,0.0,0.0
5,9,270,4,6,0.0,2.0,3.0,4.0,5.0,6.0,7.0,8.0,9.0,10.0,0.0,0.0
4,9,240,8,8,0.0,0.0,3.0,4.0,5.0,6.0,7.0,8.0,9.0,10.0,0.0,0.0
5,9,90,10,1,0.0,0.0,0.0,0.0,5.0,6.0,7.0,0.0,0.0,0.0,0.0,0.0
6,9,180,13,1,0.0,0.0,3.0,4.0,5.0,6.0,7.0,8.0,0.0,0.0,0.0,0.0
5,3,60,7,3,0.0,0.0,0.0,4.0,5.0,0.0,0.0,0.0,0.0,0.0,0.0,0.0
5,3,60,0,1,0.0,0.0,0.0,0.0,5.0,6.0,0.0,0.0,0.0,0.0,0.0,0.0
6,4,200,2,4,0.0,0.0,3.0,4.0,5.0,6.0,7.0,8.0,9.0,0.0,0.0,0.0
6,4,200,2,4,0.0,0.0,3.0,4.0,5.0,6.0,7.0,8.0,9.0,0.0,0.0,0.0
5,2,365,10,1,1.0,2.0,3.0,4.0,5.0,6.0,7.0,8.0,9.0,10.0,11.0,12.0
5,3,365,10,1,1.0,2.0,3.0,4.0,5.0,6.0,7.0,8.0,9.0,10.0,11.0,12.0
5,4,60,3,1,0.0,0.0,0.0,0.0,0.0,0.0,7.0,8.0,0.0,0.0,0.0,0.0
3,9,240,2,2,0.0,0.0,3.0,4.0,5.0,6.0,7.0,8.0,9.0,10.0,0.0,0.0
2,1,300,8,3,0.0,2.0,3.0,4.0,5.0,6.0,7.0,8.0,9.0,10.0,11.0,0.0
5,9,60,4,4,0.0,0.0,0.0,4.0,5.0,0.0,0.0,0.0,0.0,0.0,0.0,0.0
6,9,60,4,2,0.0,0.0,0.0,0.0,0.0,6.0,7.0,0.0,0.0,0.0,0.0,0.0
2,1,150,8,4,0.0,0.0,0.0,4.0,5.0,6.0,7.0,8.0,0.0,0.0,0.0,0.0
2,3,60,6,3,0.0,0.0,0.0,0.0,5.0,6.0,0.0,0.0,0.0,0.0,0.0,0.0
5,3,180,1,1,1.0,0.0,0.0,0.0,0.0,0.0,0.0,8.0,9.0,10.0,11.0,12.0
6,9,60,5,1,0.0,2.0,3.0,0.0,0.0,0.0,0.0,0.0,0.0,0.0,0.0,0.0
2,9,60,8,2,0.0,0.0,0.0,4.0,5.0,0.0,0.0,0.0,0.0,0.0,0.0,0.0
6,9,60,2,3,0.0,0.0,0.0,0.0,0.0,0.0,7.0,8.0,0.0,0.0,0.0,0.0
2,9,7,4,1,0.0,0.0,0.0,0.0,0.0,0.0,7.0,0.0,0.0,0.0,0.0,0.0
2,3,240,10,1,1.0,0.0,0.0,0.0,0.0,6.0,7.0,8.0,9.0,10.0,11.0,12.0
2,9,365,14,1,1.0,2.0,3.0,4.0,5.0,6.0,7.0,8.0,9.0,10.0,11.0,12.0
2,3,999,4,1,0.0,0.0,0.0,0.0,5.0,6.0,7.0,0.0,0.0,0.0,0.0,0.0
5,3,60,8,1,0.0,0.0,0.0,0.0,0.0,0.0,7.0,8.0,0.0,0.0,0.0,0.0
5,3,200,10,2,0.0,0.0,3.0,4.0,5.0,6.0,7.0,8.0,9.0,10.0,0.0,0.0
6,3,15,1,1,0.0,0.0,3.0,4.0,5.0,6.0,7.0,8.0,0.0,0.0,0.0,0.0
6,4,15,1,1,0.0,0.0,3.0,0.0,5.0,0.0,7.0,8.0,0.0,0.0,0.0,0.0
6,3,180,8,2,0.0,2.0,3.0,4.0,5.0,6.0,7.0,8.0,9.0,10.0,11.0,0.0
6,3,180,4,2,0.0,2.0,3.0,4.0,5.0,6.0,7.0,8.0,9.0,10.0,11.0,0.0
6,3,180,3,1,0.0,2.0,3.0,4.0,5.0,6.0,7.0,8.0,9.0,10.0,11.0,0.0
5,9,180,2,1,1.0,2.0,3.0,4.0,5.0,6.0,7.0,8.0,9.0,10.0,11.0,12.0
5,3,180,5,10,0.0,0.0,3.0,4.0,5.0,6.0,7.0,8.0,9.0,10.0,0.0,0.0
5,3,180,5,10,0.0,0.0,3.0,4.0,5.0,6.0,7.0,8.0,0.0,0.0,0.0,0.0
5,3,60,1,5,0.0,0.0,0.0,4.0,5.0,0.0,0.0,0.0,0.0,0.0,0.0,0.0
2,3,210,7,10,0.0,0.0,3.0,4.0,5.0,6.0,7.0,8.0,9.0,0.0,0.0,0.0
5,4,210,7,1,0.0,0.0,3.0,4.0,5.0,6.0,7.0,8.0,9.0,0.0,0.0,0.0
5,4,210,4,3,0.0,0.0,3.0,4.0,5.0,6.0,7.0,8.0,9.0,0.0,0.0,0.0
5,3,100,3,10,0.0,0.0,0.0,0.0,5.0,6.0,7.0,8.0,0.0,0.0,0.0,0.0
5,3,100,3,10,0.0,0.0,0.0,0.0,5.0,6.0,7.0,8.0,0.0,0.0,0.0,0.0
5,9,5,1,3,0.0,0.0,0.0,0.0,5.0,0.0,0.0,0.0,0.0,0.0,0.0,0.0
5,2,300,5,3,0.0,2.0,3.0,4.0,5.0,6.0,7.0,8.0,9.0,10.0,11.0,0.0
5,9,200,6,4,0.0,2.0,3.0,4.0,5.0,6.0,7.0,8.0,9.0,10.0,11.0,0.0
2,2,200,3,2,1.0,2.0,3.0,4.0,5.0,6.0,7.0,8.0,9.0,10.0,11.0,12.0
2,2,100,1,2,1.0,2.0,3.0,4.0,5.0,6.0,7.0,8.0,9.0,10.0,11.0,12.0
5,3,300,11,1,0.0,2.0,3.0,4.0,5.0,6.0,7.0,8.0,9.0,10.0,11.0,0.0
5,3,300,11,1,0.0,2.0,3.0,4.0,5.0,6.0,7.0,8.0,9.0,10.0,11.0,0.0
2,9,90,2,6,0.0,0.0,0.0,0.0,5.0,6.0,7.0,0.0,0.0,0.0,0.0,0.0
2,9,365,4,6,1.0,2.0,3.0,4.0,5.0,6.0,7.0,8.0,9.0,10.0,11.0,12.0
5,9,365,6,7,1.0,2.0,3.0,4.0,5.0,6.0,7.0,8.0,9.0,10.0,11.0,12.0
6,3,120,3,1,0.0,2.0,3.0,4.0,5.0,6.0,0.0,0.0,0.0,0.0,0.0,0.0
5,9,200,5,1,0.0,0.0,3.0,4.0,5.0,6.0,7.0,8.0,9.0,10.0,11.0,0.0
5,9,200,5,1,0.0,0.0,3.0,4.0,5.0,6.0,7.0,8.0,9.0,10.0,11.0,0.0
5,9,200,5,1,0.0,0.0,3.0,4.0,5.0,6.0,7.0,8.0,9.0,10.0,11.0,0.0
4,2,70,6,1,0.0,0.0,0.0,0.0,0.0,0.0,7.0,8.0,9.0,10.0,0.0,0.0
2,2,96,10,10,0.0,0.0,3.0,4.0,5.0,6.0,7.0,8.0,9.0,0.0,0.0,0.0
5,3,80,3,10,0.0,0.0,3.0,4.0,5.0,6.0,7.0,8.0,9.0,0.0,0.0,0.0
5,3,180,3,10,0.0,0.0,3.0,4.0,5.0,6.0,7.0,8.0,9.0,0.0,0.0,0.0
6,9,48,2,5,1.0,2.0,3.0,4.0,5.0,6.0,7.0,8.0,9.0,10.0,11.0,12.0
6,9,240,9,4,0.0,2.0,3.0,4.0,5.0,6.0,7.0,8.0,9.0,0.0,0.0,0.0
5,3,365,5,4,1.0,2.0,3.0,4.0,5.0,6.0,7.0,8.0,9.0,10.0,11.0,12.0
5,3,180,4,15,1.0,2.0,3.0,4.0,5.0,6.0,7.0,8.0,9.0,10.0,11.0,0.0
5,4,180,0,1,1.0,2.0,3.0,4.0,5.0,6.0,7.0,8.0,9.0,10.0,11.0,0.0
5,3,90,2,4,0.0,0.0,0.0,4.0,5.0,6.0,0.0,0.0,0.0,0.0,0.0,0.0
5,3,180,2,1,0.0,0.0,3.0,4.0,5.0,6.0,7.0,8.0,0.0,0.0,0.0,0.0
5,3,150,4,4,1.0,2.0,3.0,4.0,5.0,6.0,7.0,8.0,9.0,10.0,11.0,12.0
6,3,200,5,8,1.0,2.0,3.0,4.0,5.0,6.0,7.0,8.0,9.0,10.0,11.0,12.0
6,3,100,4,5,0.0,0.0,0.0,0.0,5.0,6.0,7.0,8.0,9.0,0.0,0.0,0.0
5,4,300,8,3,0.0,2.0,3.0,4.0,5.0,6.0,7.0,8.0,9.0,10.0,11.0,0.0
5,3,365,6,5,1.0,2.0,3.0,4.0,5.0,6.0,7.0,8.0,9.0,10.0,11.0,12.0
5,4,365,8,3,1.0,2.0,3.0,4.0,5.0,6.0,7.0,8.0,9.0,10.0,11.0,12.0
5,5,100,3,1,0.0,0.0,0.0,4.0,5.0,6.0,7.0,8.0,9.0,10.0,0.0,0.0
5,4,365,17,4,1.0,2.0,3.0,4.0,5.0,6.0,7.0,8.0,9.0,10.0,11.0,12.0
5,3,150,4,6,1.0,2.0,3.0,4.0,5.0,6.0,7.0,8.0,9.0,10.0,0.0,0.0
5,9,200,6,4,0.0,0.0,3.0,4.0,5.0,6.0,7.0,8.0,9.0,0.0,0.0,0.0
6,3,270,6,2,0.0,2.0,3.0,4.0,5.0,6.0,7.0,8.0,9.0,10.0,0.0,0.0
6,3,330,8,1,1.0,2.0,3.0,4.0,5.0,6.0,7.0,8.0,9.0,10.0,11.0,12.0
5,3,365,10,99,1.0,2.0,3.0,4.0,5.0,6.0,7.0,8.0,9.0,10.0,11.0,12.0
5,3,365,2,99,1.0,2.0,3.0,4.0,5.0,6.0,7.0,8.0,9.0,10.0,11.0,12.0
6,9,365,7,2,1.0,2.0,3.0,4.0,5.0,6.0,7.0,8.0,9.0,10.0,11.0,12.0
6,9,365,7,2,1.0,2.0,3.0,4.0,5.0,6.0,7.0,8.0,9.0,10.0,11.0,12.0
2,9,60,3,1,0.0,0.0,0.0,4.0,5.0,6.0,0.0,0.0,0.0,0.0,0.0,0.0
2,4,365,10,5,1.0,2.0,3.0,4.0,5.0,6.0,7.0,8.0,9.0,10.0,11.0,12.0
5,3,365,7,2,1.0,2.0,3.0,4.0,5.0,6.0,7.0,8.0,9.0,10.0,11.0,12.0
5,3,180,6,8,0.0,2.0,3.0,4.0,5.0,6.0,7.0,8.0,9.0,10.0,11.0,0.0
5,3,300,3,2,0.0,2.0,3.0,4.0,5.0,6.0,7.0,8.0,9.0,10.0,11.0,0.0
5,3,300,2,2,0.0,2.0,3.0,4.0,5.0,6.0,7.0,8.0,9.0,10.0,11.0,0.0
6,3,105,6,1,0.0,0.0,0.0,0.0,5.0,6.0,7.0,8.0,0.0,0.0,0.0,0.0
6,3,160,9,4,0.0,0.0,0.0,4.0,5.0,6.0,7.0,8.0,9.0,0.0,0.0,0.0
6,3,160,9,2,0.0,0.0,0.0,4.0,5.0,6.0,7.0,8.0,9.0,0.0,0.0,0.0
6,4,180,4,5,0.0,0.0,3.0,4.0,5.0,6.0,7.0,8.0,9.0,0.0,0.0,0.0
6,5,180,5,3,0.0,0.0,3.0,4.0,5.0,6.0,7.0,8.0,0.0,0.0,0.0,0.0
6,4,180,3,2,0.0,0.0,3.0,4.0,5.0,6.0,7.0,8.0,9.0,0.0,0.0,0.0
5,3,300,3,15,0.0,2.0,3.0,4.0,5.0,6.0,7.0,8.0,9.0,10.0,11.0,0.0
6,3,300,3,1,0.0,2.0,3.0,4.0,5.0,6.0,7.0,8.0,9.0,10.0,11.0,0.0
6,3,300,5,1,0.0,2.0,3.0,4.0,5.0,6.0,7.0,8.0,9.0,10.0,11.0,0.0
6,3,300,4,1,0.0,2.0,3.0,4.0,5.0,6.0,7.0,8.0,9.0,10.0,11.0,0.0
5,3,300,3,15,0.0,2.0,3.0,4.0,5.0,6.0,7.0,8.0,9.0,10.0,11.0,0.0
5,3,360,6,7,1.0,2.0,3.0,4.0,5.0,6.0,7.0,8.0,9.0,10.0,11.0,12.0
2,3,365,6,10,1.0,2.0,3.0,4.0,5.0,6.0,7.0,8.0,9.0,10.0,11.0,12.0
5,3,50,1,2,0.0,0.0,0.0,4.0,5.0,6.0,7.0,8.0,0.0,0.0,0.0,0.0
5,3,180,6,4,0.0,0.0,0.0,4.0,5.0,6.0,7.0,8.0,9.0,0.0,0.0,0.0
5,3,180,6,4,0.0,0.0,0.0,4.0,5.0,6.0,7.0,8.0,9.0,0.0,0.0,0.0
5,3,360,1,2,1.0,2.0,3.0,4.0,5.0,6.0,7.0,8.0,9.0,10.0,11.0,12.0
5,3,180,2,2,0.0,0.0,0.0,4.0,5.0,6.0,7.0,8.0,9.0,0.0,0.0,0.0
5,3,360,2,1,1.0,2.0,3.0,4.0,5.0,6.0,7.0,8.0,9.0,10.0,11.0,12.0
6,3,300,6,3,0.0,2.0,3.0,4.0,5.0,6.0,7.0,8.0,9.0,10.0,11.0,0.0
5,3,300,6,1,0.0,2.0,3.0,4.0,5.0,6.0,7.0,8.0,9.0,10.0,11.0,0.0
5,3,365,7,2,1.0,2.0,3.0,4.0,5.0,6.0,7.0,8.0,9.0,10.0,11.0,12.0
5,9,40,2,1,0.0,0.0,0.0,0.0,0.0,0.0,7.0,8.0,9.0,0.0,0.0,0.0
5,3,100,1,1,0.0,0.0,3.0,4.0,5.0,6.0,7.0,8.0,9.0,10.0,0.0,0.0
6,9,365,12,3,1.0,2.0,3.0,4.0,5.0,6.0,7.0,8.0,9.0,10.0,11.0,12.0
5,4,365,6,2,1.0,2.0,3.0,4.0,5.0,6.0,7.0,8.0,9.0,10.0,11.0,12.0
2,3,180,3,15,0.0,0.0,3.0,4.0,5.0,6.0,7.0,8.0,0.0,0.0,0.0,0.0
5,9,180,5,2,0.0,0.0,3.0,4.0,5.0,6.0,7.0,8.0,0.0,0.0,0.0,0.0
5,9,180,5,2,0.0,0.0,3.0,4.0,5.0,6.0,7.0,8.0,0.0,0.0,0.0,0.0
6,9,120,3,2,0.0,0.0,0.0,0.0,5.0,6.0,7.0,8.0,0.0,0.0,0.0,0.0
2,2,80,2,8,0.0,0.0,0.0,0.0,0.0,0.0,7.0,8.0,9.0,10.0,0.0,0.0
5,3,365,9,7,1.0,2.0,3.0,4.0,5.0,6.0,7.0,8.0,9.0,10.0,11.0,12.0
5,9,210,4,2,0.0,0.0,0.0,4.0,5.0,6.0,7.0,8.0,9.0,10.0,0.0,0.0
5,9,210,4,4,0.0,0.0,0.0,4.0,5.0,6.0,7.0,8.0,9.0,10.0,0.0,0.0
6,9,180,5,1,0.0,0.0,0.0,4.0,5.0,6.0,7.0,8.0,9.0,0.0,0.0,0.0
2,1,120,4,15,1.0,2.0,3.0,4.0,5.0,6.0,7.0,8.0,9.0,10.0,11.0,12.0
5,9,365,5,3,1.0,2.0,3.0,4.0,5.0,6.0,7.0,8.0,9.0,10.0,11.0,12.0
5,3,230,3,10,1.0,2.0,3.0,4.0,5.0,6.0,7.0,8.0,9.0,10.0,11.0,12.0
5,9,150,3,2,0.0,0.0,0.0,4.0,5.0,6.0,7.0,8.0,9.0,10.0,0.0,0.0
5,9,365,4,5,1.0,2.0,3.0,4.0,5.0,6.0,7.0,8.0,9.0,10.0,11.0,12.0
2,9,365,5,99,1.0,2.0,3.0,4.0,5.0,6.0,7.0,8.0,9.0,10.0,11.0,12.0
5,9,365,8,99,1.0,2.0,3.0,4.0,5.0,6.0,7.0,8.0,9.0,10.0,11.0,12.0
2,9,165,6,99,0.0,2.0,3.0,4.0,5.0,6.0,7.0,8.0,9.0,10.0,0.0,0.0
6,9,180,3,3,0.0,0.0,3.0,4.0,5.0,6.0,7.0,8.0,0.0,0.0,0.0,0.0
6,2,150,4,1,0.0,0.0,0.0,0.0,5.0,6.0,7.0,8.0,9.0,0.0,0.0,0.0
6,3,365,2,2,1.0,2.0,3.0,4.0,5.0,6.0,7.0,8.0,9.0,10.0,11.0,12.0
5,3,365,1,1,1.0,2.0,3.0,4.0,5.0,6.0,7.0,8.0,9.0,10.0,11.0,12.0
5,3,364,5,5,1.0,2.0,3.0,4.0,5.0,6.0,7.0,8.0,9.0,10.0,11.0,12.0
5,3,260,2,1,0.0,0.0,3.0,4.0,5.0,6.0,7.0,8.0,9.0,10.0,11.0,0.0
6,3,320,5,1,1.0,2.0,3.0,4.0,5.0,6.0,7.0,8.0,9.0,10.0,11.0,0.0
6,3,365,6,1,1.0,2.0,3.0,4.0,5.0,6.0,7.0,8.0,9.0,10.0,11.0,12.0
5,3,320,5,16,1.0,2.0,3.0,4.0,5.0,6.0,7.0,8.0,9.0,10.0,11.0,0.0
6,4,150,2,1,1.0,2.0,3.0,4.0,5.0,6.0,7.0,8.0,9.0,10.0,11.0,12.0
6,4,360,10,1,1.0,2.0,3.0,4.0,5.0,6.0,7.0,8.0,9.0,10.0,11.0,12.0
5,3,300,3,4,0.0,2.0,3.0,4.0,5.0,6.0,7.0,8.0,9.0,10.0,11.0,0.0
5,3,104,3,2,0.0,0.0,0.0,0.0,5.0,6.0,7.0,8.0,0.0,0.0,0.0,0.0
5,3,365,3,8,1.0,2.0,3.0,4.0,5.0,6.0,7.0,8.0,9.0,10.0,11.0,12.0
5,3,96,1,4,1.0,2.0,3.0,4.0,5.0,6.0,7.0,8.0,9.0,10.0,11.0,12.0
5,9,365,6,7,1.0,2.0,3.0,4.0,5.0,6.0,7.0,8.0,9.0,10.0,11.0,12.0
5,9,365,4,5,1.0,2.0,3.0,4.0,5.0,6.0,7.0,8.0,9.0,10.0,11.0,12.0
5,3,240,3,1,0.0,0.0,3.0,4.0,5.0,6.0,7.0,8.0,9.0,10.0,0.0,0.0
5,4,250,3,99,1.0,2.0,3.0,4.0,5.0,6.0,7.0,8.0,9.0,10.0,11.0,12.0
5,4,250,3,99,1.0,2.0,3.0,4.0,5.0,6.0,7.0,8.0,9.0,10.0,11.0,12.0
6,3,200,3,3,1.0,2.0,3.0,4.0,5.0,6.0,7.0,8.0,9.0,10.0,11.0,12.0
5,3,200,3,1,1.0,2.0,3.0,4.0,5.0,6.0,7.0,8.0,9.0,10.0,11.0,12.0
2,1,90,3,3,0.0,0.0,0.0,4.0,5.0,6.0,7.0,0.0,0.0,0.0,0.0,0.0
2,1,275,3,3,0.0,2.0,3.0,4.0,5.0,6.0,7.0,8.0,9.0,10.0,11.0,0.0
5,3,300,6,1,0.0,2.0,3.0,4.0,5.0,6.0,7.0,8.0,9.0,10.0,11.0,0.0
2,1,300,6,3,0.0,2.0,3.0,4.0,5.0,6.0,7.0,8.0,9.0,10.0,11.0,0.0
6,5,365,8,3,1.0,2.0,3.0,4.0,5.0,6.0,7.0,8.0,9.0,10.0,11.0,12.0
5,3,365,2,8,1.0,2.0,3.0,4.0,5.0,6.0,7.0,8.0,9.0,10.0,11.0,12.0
5,3,365,2,8,1.0,2.0,3.0,4.0,5.0,6.0,7.0,8.0,9.0,10.0,11.0,12.0
5,3,200,5,2,0.0,0.0,3.0,4.0,5.0,6.0,7.0,8.0,9.0,10.0,11.0,0.0
5,9,999,99,4,1.0,2.0,3.0,4.0,5.0,6.0,7.0,8.0,9.0,10.0,11.0,12.0
5,1,120,3,1,0.0,0.0,0.0,0.0,5.0,6.0,7.0,8.0,0.0,0.0,0.0,0.0
2,1,120,4,6,0.0,0.0,0.0,0.0,5.0,6.0,7.0,8.0,0.0,0.0,0.0,0.0
2,1,60,1,11,0.0,0.0,0.0,0.0,5.0,6.0,0.0,0.0,0.0,0.0,0.0,0.0
5,3,365,3,10,1.0,2.0,3.0,4.0,5.0,6.0,7.0,8.0,9.0,10.0,11.0,12.0
2,9,90,4,3,0.0,0.0,0.0,4.0,5.0,6.0,0.0,0.0,0.0,0.0,0.0,0.0
5,3,60,3,6,1.0,2.0,3.0,4.0,5.0,6.0,7.0,8.0,9.0,10.0,11.0,12.0
2,9,100,3,10,1.0,2.0,3.0,4.0,5.0,6.0,7.0,8.0,9.0,10.0,11.0,12.0
5,3,365,5,4,1.0,2.0,3.0,4.0,5.0,6.0,7.0,8.0,9.0,10.0,11.0,12.0
5,4,2,8,7,0.0,0.0,0.0,0.0,5.0,0.0,0.0,0.0,0.0,0.0,0.0,0.0
5,3,365,6,7,1.0,2.0,3.0,4.0,5.0,6.0,7.0,8.0,9.0,10.0,11.0,12.0
5,3,120,5,3,0.0,0.0,0.0,4.0,5.0,6.0,7.0,0.0,0.0,0.0,0.0,0.0
5,3,240,5,3,0.0,2.0,3.0,4.0,5.0,6.0,7.0,8.0,9.0,0.0,0.0,0.0
6,3,365,8,2,1.0,2.0,3.0,4.0,5.0,6.0,7.0,8.0,9.0,10.0,11.0,12.0
5,9,365,1,1,1.0,2.0,3.0,4.0,5.0,6.0,7.0,8.0,9.0,10.0,11.0,12.0
5,3,300,10,6,0.0,2.0,3.0,4.0,5.0,6.0,7.0,8.0,9.0,10.0,11.0,0.0
5,9,100,3,3,1.0,2.0,3.0,4.0,5.0,6.0,7.0,8.0,9.0,10.0,11.0,12.0
5,9,350,7,3,1.0,2.0,3.0,4.0,5.0,6.0,7.0,8.0,9.0,10.0,11.0,12.0
5,9,350,7,3,1.0,2.0,3.0,4.0,5.0,6.0,7.0,8.0,9.0,10.0,11.0,12.0
5,4,150,0,7,0.0,0.0,3.0,4.0,5.0,6.0,7.0,8.0,9.0,10.0,11.0,0.0
5,3,365,5,5,1.0,2.0,3.0,4.0,5.0,6.0,7.0,8.0,9.0,10.0,11.0,12.0
5,3,365,8,5,1.0,2.0,3.0,4.0,5.0,6.0,7.0,8.0,9.0,10.0,11.0,12.0
6,9,30,2,1,0.0,0.0,0.0,0.0,0.0,0.0,0.0,8.0,0.0,0.0,0.0,0.0
5,9,335,2,1,1.0,2.0,3.0,4.0,5.0,6.0,7.0,8.0,9.0,10.0,11.0,12.0
5,9,335,2,1,1.0,2.0,3.0,4.0,5.0,6.0,7.0,8.0,9.0,10.0,11.0,12.0
2,3,365,10,4,1.0,2.0,3.0,4.0,5.0,6.0,7.0,8.0,9.0,10.0,11.0,12.0
2,3,365,6,10,1.0,2.0,3.0,4.0,5.0,6.0,7.0,8.0,9.0,10.0,11.0,12.0
5,3,270,6,3,0.0,2.0,3.0,4.0,5.0,6.0,7.0,8.0,9.0,10.0,11.0,0.0
5,3,240,4,3,0.0,2.0,3.0,4.0,5.0,6.0,7.0,8.0,9.0,10.0,11.0,0.0
6,3,200,3,1,0.0,2.0,3.0,4.0,5.0,6.0,7.0,8.0,9.0,10.0,11.0,0.0
5,3,365,9,1,1.0,2.0,3.0,4.0,5.0,6.0,7.0,8.0,9.0,10.0,11.0,12.0
6,3,150,2,3,0.0,0.0,3.0,4.0,5.0,6.0,7.0,8.0,9.0,0.0,0.0,0.0
5,3,210,8,5,0.0,0.0,3.0,4.0,5.0,6.0,7.0,8.0,9.0,0.0,0.0,0.0
5,3,180,3,5,0.0,0.0,0.0,4.0,5.0,6.0,7.0,8.0,9.0,0.0,0.0,0.0
5,3,180,8,2,0.0,0.0,3.0,4.0,5.0,6.0,7.0,8.0,0.0,0.0,0.0,0.0
5,9,365,8,5,1.0,2.0,3.0,4.0,5.0,6.0,7.0,8.0,9.0,10.0,11.0,12.0
5,3,200,4,4,0.0,2.0,3.0,4.0,5.0,6.0,7.0,8.0,9.0,10.0,11.0,0.0
5,9,999,7,6,1.0,2.0,3.0,4.0,5.0,6.0,7.0,8.0,9.0,10.0,11.0,12.0
5,5,150,8,6,0.0,0.0,0.0,0.0,5.0,6.0,7.0,8.0,9.0,0.0,0.0,0.0
5,4,75,6,4,0.0,0.0,0.0,0.0,5.0,6.0,7.0,8.0,9.0,0.0,0.0,0.0
6,3,365,2,3,1.0,2.0,3.0,4.0,5.0,6.0,7.0,8.0,9.0,10.0,11.0,12.0
5,3,200,8,6,0.0,0.0,3.0,4.0,5.0,6.0,7.0,8.0,9.0,0.0,0.0,0.0
5,3,200,8,7,0.0,0.0,3.0,4.0,5.0,6.0,7.0,8.0,9.0,0.0,0.0,0.0
6,9,300,3,1,1.0,2.0,3.0,4.0,5.0,6.0,7.0,8.0,9.0,10.0,11.0,12.0
5,9,24,3,2,1.0,2.0,3.0,4.0,5.0,6.0,7.0,8.0,9.0,10.0,11.0,12.0
5,3,180,5,3,0.0,0.0,0.0,4.0,5.0,6.0,7.0,8.0,9.0,0.0,0.0,0.0
5,3,240,6,7,0.0,0.0,3.0,4.0,5.0,6.0,7.0,8.0,9.0,10.0,0.0,0.0
5,3,360,3,3,1.0,2.0,3.0,4.0,5.0,6.0,7.0,8.0,9.0,10.0,11.0,12.0
5,3,360,3,3,1.0,2.0,3.0,4.0,5.0,6.0,7.0,8.0,9.0,10.0,11.0,12.0
5,3,300,1,1,0.0,2.0,3.0,4.0,5.0,6.0,7.0,8.0,9.0,10.0,11.0,0.0
5,3,300,1,1,0.0,2.0,3.0,4.0,5.0,6.0,7.0,8.0,9.0,10.0,11.0,0.0
5,3,300,4,1,0.0,2.0,3.0,4.0,5.0,6.0,7.0,8.0,9.0,10.0,11.0,0.0
5,4,300,4,1,0.0,2.0,3.0,4.0,5.0,6.0,7.0,8.0,9.0,10.0,11.0,0.0
5,3,270,7,4,0.0,0.0,3.0,4.0,5.0,6.0,7.0,8.0,9.0,10.0,11.0,0.0
1,9,300,3,3,0.0,2.0,3.0,4.0,5.0,6.0,7.0,8.0,9.0,10.0,11.0,0.0
5,9,35,1,1,1.0,2.0,0.0,0.0,0.0,0.0,0.0,0.0,0.0,0.0,0.0,0.0
5,3,240,1,6,0.0,0.0,3.0,4.0,5.0,6.0,7.0,8.0,9.0,10.0,0.0,0.0
5,3,180,3,1,1.0,2.0,3.0,4.0,5.0,6.0,7.0,8.0,9.0,10.0,11.0,0.0
6,3,152,2,3,1.0,2.0,3.0,4.0,5.0,6.0,7.0,8.0,9.0,10.0,11.0,12.0
6,3,208,4,5,1.0,2.0,3.0,4.0,5.0,6.0,7.0,8.0,9.0,10.0,11.0,12.0
5,3,300,3,1,1.0,2.0,3.0,4.0,5.0,6.0,7.0,8.0,9.0,10.0,0.0,0.0
5,3,20,3,1,1.0,2.0,3.0,4.0,5.0,6.0,7.0,8.0,9.0,10.0,0.0,0.0
5,3,300,4,4,1.0,2.0,3.0,4.0,5.0,6.0,7.0,8.0,9.0,10.0,11.0,12.0
5,3,280,1,7,1.0,2.0,3.0,4.0,5.0,6.0,7.0,8.0,9.0,10.0,11.0,12.0
5,3,200,2,3,0.0,0.0,3.0,4.0,5.0,6.0,7.0,8.0,9.0,10.0,11.0,12.0
6,3,180,7,1,0.0,0.0,3.0,4.0,5.0,6.0,7.0,8.0,9.0,10.0,11.0,0.0
6,3,60,8,1,0.0,0.0,3.0,4.0,5.0,6.0,7.0,8.0,9.0,10.0,11.0,0.0
5,5,300,3,3,1.0,2.0,3.0,4.0,5.0,6.0,7.0,8.0,9.0,10.0,11.0,12.0
5,3,104,1,2,1.0,2.0,3.0,4.0,5.0,6.0,7.0,8.0,9.0,10.0,11.0,12.0
5,3,365,5,2,1.0,2.0,3.0,4.0,5.0,6.0,7.0,8.0,9.0,10.0,11.0,12.0
5,3,365,5,4,1.0,2.0,3.0,4.0,5.0,6.0,7.0,8.0,9.0,10.0,11.0,12.0
5,3,340,8,6,1.0,2.0,3.0,4.0,5.0,6.0,7.0,8.0,9.0,10.0,11.0,12.0
5,3,365,9,3,1.0,2.0,3.0,4.0,5.0,6.0,7.0,8.0,9.0,10.0,11.0,12.0
5,9,300,3,2,0.0,2.0,3.0,4.0,5.0,6.0,7.0,8.0,9.0,10.0,11.0,0.0
5,3,365,3,4,1.0,2.0,3.0,4.0,5.0,6.0,7.0,8.0,9.0,10.0,11.0,12.0
6,3,300,8,1,0.0,2.0,3.0,4.0,5.0,6.0,7.0,8.0,9.0,10.0,11.0,0.0
6,3,240,8,4,1.0,2.0,3.0,4.0,5.0,6.0,7.0,8.0,9.0,10.0,11.0,12.0
5,3,290,4,6,1.0,2.0,3.0,4.0,5.0,6.0,7.0,8.0,9.0,10.0,0.0,0.0
5,3,290,4,8,1.0,2.0,3.0,4.0,5.0,6.0,7.0,8.0,9.0,10.0,0.0,0.0
5,5,60,2,4,0.0,0.0,0.0,0.0,0.0,0.0,7.0,8.0,0.0,0.0,0.0,0.0
5,9,150,2,8,0.0,0.0,3.0,4.0,5.0,6.0,7.0,0.0,0.0,0.0,0.0,0.0
5,9,60,1,8,0.0,0.0,3.0,4.0,0.0,0.0,0.0,0.0,0.0,0.0,0.0,0.0
2,3,150,6,10,0.0,0.0,0.0,4.0,5.0,6.0,7.0,8.0,0.0,0.0,0.0,0.0
5,9,30,3,1,0.0,0.0,3.0,0.0,0.0,0.0,0.0,0.0,0.0,0.0,0.0,0.0
5,3,300,7,1,0.0,2.0,3.0,4.0,5.0,6.0,7.0,8.0,9.0,10.0,11.0,0.0
5,3,360,8,10,1.0,2.0,3.0,4.0,5.0,6.0,7.0,8.0,9.0,10.0,11.0,12.0
2,3,300,8,1,0.0,2.0,3.0,4.0,5.0,6.0,7.0,8.0,9.0,10.0,11.0,0.0
5,3,240,1,1,0.0,0.0,3.0,4.0,5.0,6.0,7.0,8.0,9.0,10.0,0.0,0.0
2,9,240,1,1,0.0,0.0,3.0,4.0,5.0,6.0,7.0,8.0,9.0,10.0,0.0,0.0
5,9,75,3,1,0.0,0.0,3.0,4.0,5.0,0.0,0.0,0.0,0.0,0.0,0.0,0.0
5,3,180,5,3,0.0,0.0,3.0,4.0,5.0,6.0,7.0,8.0,9.0,10.0,0.0,0.0
2,9,200,4,1,0.0,2.0,3.0,4.0,5.0,6.0,7.0,8.0,9.0,10.0,11.0,0.0
6,3,250,5,3,1.0,2.0,3.0,4.0,5.0,6.0,7.0,8.0,9.0,10.0,11.0,12.0
6,9,200,5,99,1.0,2.0,3.0,4.0,5.0,6.0,7.0,8.0,9.0,10.0,11.0,12.0
6,9,200,5,99,1.0,2.0,3.0,4.0,5.0,6.0,7.0,8.0,9.0,10.0,11.0,12.0
6,9,200,5,99,1.0,2.0,3.0,4.0,5.0,6.0,7.0,8.0,9.0,10.0,11.0,12.0
5,3,200,3,15,0.0,2.0,3.0,4.0,5.0,6.0,7.0,8.0,9.0,10.0,0.0,0.0
5,3,365,8,13,1.0,2.0,3.0,4.0,5.0,6.0,7.0,8.0,9.0,10.0,11.0,12.0
5,3,365,8,7,1.0,2.0,3.0,4.0,5.0,6.0,7.0,8.0,9.0,10.0,11.0,12.0
5,3,365,8,3,1.0,2.0,3.0,4.0,5.0,6.0,7.0,8.0,9.0,10.0,11.0,12.0
5,3,365,5,1,1.0,2.0,3.0,4.0,5.0,6.0,7.0,8.0,9.0,10.0,11.0,12.0
5,3,365,6,10,1.0,2.0,3.0,4.0,5.0,6.0,7.0,8.0,9.0,10.0,11.0,12.0
5,3,180,6,2,0.0,0.0,3.0,4.0,5.0,6.0,7.0,8.0,0.0,0.0,0.0,0.0
5,3,365,2,6,1.0,2.0,3.0,4.0,5.0,6.0,7.0,8.0,9.0,10.0,11.0,12.0
5,3,365,8,2,1.0,2.0,3.0,4.0,5.0,6.0,7.0,8.0,9.0,10.0,11.0,12.0
5,3,365,4,4,1.0,2.0,3.0,4.0,5.0,6.0,7.0,8.0,9.0,10.0,11.0,12.0
5,3,180,4,5,0.0,0.0,3.0,4.0,5.0,6.0,7.0,8.0,9.0,10.0,11.0,0.0
5,3,365,8,7,1.0,2.0,3.0,4.0,5.0,6.0,7.0,8.0,9.0,10.0,11.0,12.0
2,3,365,3,3,1.0,2.0,3.0,4.0,5.0,6.0,7.0,8.0,9.0,10.0,11.0,12.0
6,4,300,12,1,1.0,2.0,3.0,4.0,5.0,6.0,7.0,8.0,9.0,10.0,11.0,12.0
6,3,300,12,3,1.0,2.0,3.0,4.0,5.0,6.0,7.0,8.0,9.0,10.0,11.0,12.0
6,3,300,12,1,1.0,2.0,3.0,4.0,5.0,6.0,7.0,8.0,9.0,10.0,11.0,12.0
6,4,150,2,3,1.0,2.0,3.0,4.0,5.0,6.0,7.0,8.0,9.0,10.0,11.0,12.0
5,3,365,6,1,1.0,2.0,3.0,4.0,5.0,6.0,7.0,8.0,9.0,10.0,11.0,12.0
5,3,210,3,1,0.0,2.0,3.0,4.0,5.0,6.0,7.0,8.0,0.0,0.0,0.0,0.0
5,3,145,4,3,1.0,2.0,3.0,4.0,5.0,6.0,7.0,8.0,9.0,10.0,11.0,12.0
5,3,124,4,3,1.0,2.0,3.0,4.0,5.0,6.0,7.0,8.0,9.0,10.0,11.0,12.0
2,9,15,2,1,0.0,0.0,0.0,4.0,5.0,6.0,0.0,0.0,0.0,0.0,0.0,0.0
2,9,200,4,2,0.0,0.0,3.0,4.0,5.0,6.0,7.0,8.0,9.0,0.0,0.0,0.0
5,5,365,2,5,1.0,2.0,3.0,4.0,5.0,6.0,7.0,8.0,9.0,10.0,11.0,12.0
6,3,12,3,1,1.0,2.0,0.0,0.0,0.0,0.0,0.0,0.0,0.0,0.0,0.0,0.0
6,9,200,9,1,0.0,2.0,3.0,4.0,5.0,6.0,7.0,8.0,9.0,10.0,0.0,0.0
6,3,200,4,2,0.0,0.0,3.0,4.0,5.0,6.0,7.0,8.0,9.0,10.0,0.0,0.0
5,9,200,5,5,0.0,2.0,3.0,4.0,5.0,6.0,7.0,8.0,9.0,10.0,0.0,0.0
5,3,105,3,4,0.0,0.0,3.0,4.0,5.0,6.0,7.0,8.0,9.0,0.0,0.0,0.0
5,3,45,2,2,0.0,0.0,0.0,0.0,0.0,0.0,7.0,8.0,9.0,0.0,0.0,0.0
5,9,210,3,1,0.0,0.0,3.0,4.0,5.0,6.0,7.0,8.0,9.0,0.0,0.0,0.0
6,9,365,6,1,1.0,2.0,3.0,4.0,5.0,6.0,7.0,8.0,9.0,10.0,11.0,12.0
5,9,60,0,1,0.0,0.0,0.0,0.0,5.0,6.0,0.0,0.0,0.0,0.0,0.0,0.0
6,4,300,6,2,1.0,2.0,3.0,4.0,5.0,6.0,7.0,8.0,9.0,10.0,11.0,12.0
6,4,260,5,2,1.0,2.0,3.0,4.0,5.0,6.0,7.0,8.0,9.0,10.0,11.0,12.0
6,3,210,8,2,0.0,0.0,3.0,4.0,5.0,6.0,7.0,8.0,9.0,0.0,0.0,0.0
5,3,300,4,10,1.0,2.0,3.0,4.0,5.0,6.0,7.0,8.0,9.0,10.0,11.0,12.0
5,3,200,6,2,0.0,0.0,3.0,4.0,5.0,6.0,7.0,8.0,9.0,10.0,0.0,0.0
5,4,200,2,3,0.0,0.0,3.0,4.0,5.0,6.0,7.0,8.0,9.0,10.0,11.0,0.0
5,3,100,2,2,0.0,2.0,3.0,4.0,5.0,6.0,7.0,8.0,9.0,10.0,0.0,0.0
5,4,270,6,2,0.0,0.0,3.0,4.0,5.0,6.0,7.0,8.0,9.0,10.0,11.0,0.0
5,4,270,6,2,0.0,0.0,3.0,4.0,5.0,6.0,7.0,8.0,9.0,10.0,11.0,0.0
5,3,150,4,5,0.0,0.0,0.0,4.0,5.0,6.0,7.0,8.0,0.0,0.0,0.0,0.0
6,3,330,8,2,0.0,2.0,3.0,4.0,5.0,6.0,7.0,8.0,9.0,10.0,11.0,12.0
5,3,150,3,3,1.0,2.0,3.0,4.0,5.0,6.0,7.0,8.0,9.0,10.0,11.0,0.0
6,4,180,4,2,0.0,0.0,0.0,4.0,5.0,6.0,7.0,8.0,9.0,0.0,0.0,0.0
5,3,210,3,3,0.0,0.0,3.0,4.0,5.0,6.0,7.0,8.0,9.0,0.0,0.0,0.0
5,9,150,6,3,0.0,0.0,0.0,4.0,5.0,6.0,7.0,8.0,0.0,0.0,0.0,0.0
2,2,40,3,10,0.0,0.0,0.0,4.0,5.0,0.0,0.0,0.0,0.0,0.0,0.0,0.0
6,3,365,8,1,1.0,2.0,3.0,4.0,5.0,6.0,7.0,8.0,9.0,10.0,11.0,12.0
2,9,60,3,1,0.0,0.0,3.0,4.0,5.0,6.0,7.0,8.0,9.0,10.0,11.0,0.0
6,3,100,1,2,0.0,0.0,3.0,4.0,5.0,6.0,7.0,8.0,9.0,10.0,11.0,0.0
5,3,3,2,1,0.0,0.0,0.0,0.0,0.0,0.0,0.0,0.0,0.0,10.0,0.0,0.0
5,3,180,4,5,0.0,0.0,0.0,4.0,5.0,6.0,7.0,8.0,9.0,0.0,0.0,0.0
5,3,210,2,4,0.0,0.0,3.0,4.0,5.0,6.0,7.0,8.0,9.0,0.0,0.0,0.0
5,3,210,2,4,0.0,0.0,3.0,4.0,5.0,6.0,7.0,8.0,9.0,0.0,0.0,0.0
5,9,60,5,6,0.0,0.0,0.0,4.0,5.0,6.0,0.0,0.0,0.0,0.0,0.0,0.0
5,3,365,7,6,1.0,2.0,3.0,4.0,5.0,6.0,7.0,8.0,9.0,10.0,11.0,12.0
5,3,50,5,3,0.0,0.0,3.0,4.0,5.0,6.0,7.0,0.0,0.0,0.0,0.0,0.0
5,3,150,8,4,1.0,2.0,3.0,4.0,5.0,6.0,7.0,8.0,9.0,10.0,11.0,0.0
5,3,365,15,3,1.0,2.0,3.0,4.0,5.0,6.0,7.0,8.0,9.0,10.0,11.0,12.0
2,9,90,4,1,0.0,2.0,3.0,4.0,0.0,0.0,0.0,0.0,0.0,0.0,0.0,0.0
5,9,182,4,2,0.0,2.0,3.0,4.0,5.0,6.0,7.0,8.0,9.0,10.0,11.0,0.0
5,9,999,2,3,0.0,2.0,3.0,4.0,5.0,6.0,7.0,8.0,9.0,10.0,11.0,0.0
5,3,365,7,2,1.0,2.0,3.0,4.0,5.0,6.0,7.0,8.0,9.0,10.0,11.0,12.0
2,9,365,1,99,1.0,2.0,3.0,4.0,5.0,6.0,7.0,8.0,9.0,10.0,11.0,12.0
2,3,180,5,5,1.0,2.0,3.0,4.0,5.0,6.0,7.0,8.0,9.0,10.0,11.0,12.0
5,9,270,4,4,0.0,0.0,3.0,4.0,5.0,6.0,7.0,8.0,9.0,10.0,11.0,0.0
5,9,80,6,1,0.0,2.0,3.0,4.0,5.0,6.0,7.0,8.0,9.0,10.0,11.0,0.0
2,9,2,2,2,0.0,0.0,0.0,4.0,0.0,0.0,0.0,8.0,0.0,0.0,0.0,0.0
9,9,3,3,8,0.0,0.0,0.0,0.0,5.0,0.0,0.0,0.0,0.0,0.0,0.0,0.0
4,9,150,5,2,0.0,0.0,0.0,4.0,5.0,6.0,7.0,8.0,0.0,0.0,0.0,0.0
6,4,999,8,1,0.0,0.0,0.0,4.0,5.0,6.0,7.0,0.0,0.0,0.0,0.0,0.0
2,9,999,0,10,0.0,0.0,0.0,0.0,5.0,0.0,0.0,0.0,0.0,0.0,0.0,0.0
