folio,foliohog,id_cagua,cagua_tipo,cagua_capa,cagua_adqu,cagua_anio,cagua_mant,cagua_tipo_desc,cagua_adqu_desc,cagua_mant_desc,cagua_capa_desc
1,1,1,7,4,1,6,4,Solar,Nuevo,No le da mantenimiento,De 90 a 110 litros (hasta 6 personas)
2,1,1,7,3,1,2,4,Solar,Nuevo,No le da mantenimiento,De 70 a 80 litros (hasta 4 personas)
3,1,1,1,3,1,15,2,De gas con deposito,Nuevo,Cada año,De 70 a 80 litros (hasta 4 personas)
4,1,1,7,3,1,8,3,Solar,Nuevo,Cada 2 años,De 70 a 80 litros (hasta 4 personas)
5,1,1,7,3,1,3,4,Solar,Nuevo,No le da mantenimiento,De 70 a 80 litros (hasta 4 personas)
7,1,1,7,3,1,2,4,Solar,Nuevo,No le da mantenimiento,De 70 a 80 litros (hasta 4 personas)
9,1,1,1,1,1,10,4,De gas con deposito,Nuevo,No le da mantenimiento,De 38 a 40 litros (hasta 2 personas)
10,1,1,3,0,1,99,4,De gas instantáneo de paso,Nuevo,No le da mantenimiento,
12,1,1,7,9,2,99,4,Solar,Usado,No le da mantenimiento,No sabe
14,1,1,1,9,1,99,4,De gas con deposito,Nuevo,No le da mantenimiento,No sabe
15,1,1,7,9,1,4,4,Solar,Nuevo,No le da mantenimiento,No sabe
16,1,1,4,0,1,2,2,Eléctrico instantáneo de paso,Nuevo,Cada año,
20,1,1,1,2,1,5,4,De gas con deposito,Nuevo,No le da mantenimiento,De 50 a 60 litros (hasta 3 personas)
21,1,1,1,3,1,30,2,De gas con deposito,Nuevo,Cada año,De 70 a 80 litros (hasta 4 personas)
22,1,1,7,2,1,3,1,Solar,Nuevo,Cada 6 meses,De 50 a 60 litros (hasta 3 personas)
23,1,1,1,2,1,15,2,De gas con deposito,Nuevo,Cada año,De 50 a 60 litros (hasta 3 personas)
24,1,1,7,2,1,10,4,Solar,Nuevo,No le da mantenimiento,De 50 a 60 litros (hasta 3 personas)
27,1,1,7,3,1,1,4,Solar,Nuevo,No le da mantenimiento,De 70 a 80 litros (hasta 4 personas)
28,1,1,1,3,1,8,2,De gas con deposito,Nuevo,Cada año,De 70 a 80 litros (hasta 4 personas)
29,1,1,1,3,1,20,3,De gas con deposito,Nuevo,Cada 2 años,De 70 a 80 litros (hasta 4 personas)
32,1,1,1,2,1,6,3,De gas con deposito,Nuevo,Cada 2 años,De 50 a 60 litros (hasta 3 personas)
33,1,1,1,3,2,99,1,De gas con deposito,Usado,Cada 6 meses,De 70 a 80 litros (hasta 4 personas)
34,1,1,7,4,1,2,4,Solar,Nuevo,No le da mantenimiento,De 90 a 110 litros (hasta 6 personas)
36,1,1,1,2,1,20,4,De gas con deposito,Nuevo,No le da mantenimiento,De 50 a 60 litros (hasta 3 personas)
37,1,1,7,5,1,4,3,Solar,Nuevo,Cada 2 años,De 120 a 140 litros (hasta 7 personas)
38,1,1,7,3,1,3,4,Solar,Nuevo,No le da mantenimiento,De 70 a 80 litros (hasta 4 personas)
39,1,1,1,9,1,9,2,De gas con deposito,Nuevo,Cada año,No sabe
40,1,1,1,2,1,22,4,De gas con deposito,Nuevo,No le da mantenimiento,De 50 a 60 litros (hasta 3 personas)
41,1,1,7,9,1,1,4,Solar,Nuevo,No le da mantenimiento,No sabe
42,1,1,1,9,1,3,4,De gas con deposito,Nuevo,No le da mantenimiento,No sabe
43,1,1,1,9,1,2,2,De gas con deposito,Nuevo,Cada año,No sabe
44,1,1,1,1,1,2,1,De gas con deposito,Nuevo,Cada 6 meses,De 38 a 40 litros (hasta 2 personas)
46,1,1,7,1,1,1,4,Solar,Nuevo,No le da mantenimiento,De 38 a 40 litros (hasta 2 personas)
47,1,1,7,4,1,1,4,Solar,Nuevo,No le da mantenimiento,De 90 a 110 litros (hasta 6 personas)
48,1,1,7,9,2,99,4,Solar,Usado,No le da mantenimiento,No sabe
49,1,1,7,5,1,5,4,Solar,Nuevo,No le da mantenimiento,De 120 a 140 litros (hasta 7 personas)
50,1,1,7,6,1,15,3,Solar,Nuevo,Cada 2 años,Más de 140 litros (más de 7 personas)
52,1,1,1,3,1,15,4,De gas con deposito,Nuevo,No le da mantenimiento,De 70 a 80 litros (hasta 4 personas)
53,1,1,1,3,1,15,2,De gas con deposito,Nuevo,Cada año,De 70 a 80 litros (hasta 4 personas)
55,1,1,1,3,2,99,4,De gas con deposito,Usado,No le da mantenimiento,De 70 a 80 litros (hasta 4 personas)
56,1,1,1,2,1,10,1,De gas con deposito,Nuevo,Cada 6 meses,De 50 a 60 litros (hasta 3 personas)
57,1,1,1,3,1,2,4,De gas con deposito,Nuevo,No le da mantenimiento,De 70 a 80 litros (hasta 4 personas)
58,1,1,7,6,1,1,4,Solar,Nuevo,No le da mantenimiento,Más de 140 litros (más de 7 personas)
59,1,1,7,4,1,1,4,Solar,Nuevo,No le da mantenimiento,De 90 a 110 litros (hasta 6 personas)
60,1,1,1,4,1,10,3,De gas con deposito,Nuevo,Cada 2 años,De 90 a 110 litros (hasta 6 personas)
61,1,1,1,3,2,6,2,De gas con deposito,Usado,Cada año,De 70 a 80 litros (hasta 4 personas)
62,1,1,1,1,1,3,1,De gas con deposito,Nuevo,Cada 6 meses,De 38 a 40 litros (hasta 2 personas)
63,1,1,1,2,1,6,4,De gas con deposito,Nuevo,No le da mantenimiento,De 50 a 60 litros (hasta 3 personas)
63,1,2,7,3,1,1,4,Solar,Nuevo,No le da mantenimiento,De 70 a 80 litros (hasta 4 personas)
64,1,2,7,3,1,3,2,Solar,Nuevo,Cada año,De 70 a 80 litros (hasta 4 personas)
64,1,1,1,3,1,3,2,De gas con deposito,Nuevo,Cada año,De 70 a 80 litros (hasta 4 personas)
65,1,1,1,2,1,10,2,De gas con deposito,Nuevo,Cada año,De 50 a 60 litros (hasta 3 personas)
66,1,1,1,3,2,15,1,De gas con deposito,Usado,Cada 6 meses,De 70 a 80 litros (hasta 4 personas)
69,1,1,7,1,1,2,4,Solar,Nuevo,No le da mantenimiento,De 38 a 40 litros (hasta 2 personas)
70,1,1,2,0,1,1,1,De gas de rápida recuperación,Nuevo,Cada 6 meses,
70,1,2,2,0,1,1,1,De gas de rápida recuperación,Nuevo,Cada 6 meses,
77,1,1,1,4,2,99,4,De gas con deposito,Usado,No le da mantenimiento,De 90 a 110 litros (hasta 6 personas)
78,1,1,1,3,2,20,3,De gas con deposito,Usado,Cada 2 años,De 70 a 80 litros (hasta 4 personas)
79,1,1,2,0,2,12,2,De gas de rápida recuperación,Usado,Cada año,
80,1,1,1,3,2,4,1,De gas con deposito,Usado,Cada 6 meses,De 70 a 80 litros (hasta 4 personas)
80,1,2,7,3,2,5,2,Solar,Usado,Cada año,De 70 a 80 litros (hasta 4 personas)
81,1,1,1,1,2,10,2,De gas con deposito,Usado,Cada año,De 38 a 40 litros (hasta 2 personas)
82,1,1,1,3,2,99,4,De gas con deposito,Usado,No le da mantenimiento,De 70 a 80 litros (hasta 4 personas)
83,1,1,1,2,2,99,4,De gas con deposito,Usado,No le da mantenimiento,De 50 a 60 litros (hasta 3 personas)
84,1,1,7,3,1,1,4,Solar,Nuevo,No le da mantenimiento,De 70 a 80 litros (hasta 4 personas)
86,1,1,7,9,2,99,4,Solar,Usado,No le da mantenimiento,No sabe
89,1,1,1,9,2,99,4,De gas con deposito,Usado,No le da mantenimiento,No sabe
90,1,1,1,3,1,5,4,De gas con deposito,Nuevo,No le da mantenimiento,De 70 a 80 litros (hasta 4 personas)
91,1,1,7,3,1,6,4,Solar,Nuevo,No le da mantenimiento,De 70 a 80 litros (hasta 4 personas)
92,1,1,1,3,1,15,1,De gas con deposito,Nuevo,Cada 6 meses,De 70 a 80 litros (hasta 4 personas)
93,1,1,7,4,1,5,4,Solar,Nuevo,No le da mantenimiento,De 90 a 110 litros (hasta 6 personas)
94,1,1,7,3,1,3,1,Solar,Nuevo,Cada 6 meses,De 70 a 80 litros (hasta 4 personas)
95,1,1,1,3,1,20,1,De gas con deposito,Nuevo,Cada 6 meses,De 70 a 80 litros (hasta 4 personas)
96,1,1,1,5,1,2,4,De gas con deposito,Nuevo,No le da mantenimiento,De 120 a 140 litros (hasta 7 personas)
97,1,1,1,4,1,2,1,De gas con deposito,Nuevo,Cada 6 meses,De 90 a 110 litros (hasta 6 personas)
98,1,1,1,3,2,10,4,De gas con deposito,Usado,No le da mantenimiento,De 70 a 80 litros (hasta 4 personas)
99,1,1,7,4,1,3,1,Solar,Nuevo,Cada 6 meses,De 90 a 110 litros (hasta 6 personas)
100,1,1,7,6,1,5,1,Solar,Nuevo,Cada 6 meses,Más de 140 litros (más de 7 personas)
101,1,1,1,9,1,14,1,De gas con deposito,Nuevo,Cada 6 meses,No sabe
102,1,1,7,3,1,6,1,Solar,Nuevo,Cada 6 meses,De 70 a 80 litros (hasta 4 personas)
104,1,2,7,2,1,6,2,Solar,Nuevo,Cada año,De 50 a 60 litros (hasta 3 personas)
104,1,1,1,1,1,12,1,De gas con deposito,Nuevo,Cada 6 meses,De 38 a 40 litros (hasta 2 personas)
105,1,1,7,2,1,10,2,Solar,Nuevo,Cada año,De 50 a 60 litros (hasta 3 personas)
106,1,1,7,3,1,99,4,Solar,Nuevo,No le da mantenimiento,De 70 a 80 litros (hasta 4 personas)
108,1,1,1,3,1,12,4,De gas con deposito,Nuevo,No le da mantenimiento,De 70 a 80 litros (hasta 4 personas)
109,1,1,7,3,1,10,4,Solar,Nuevo,No le da mantenimiento,De 70 a 80 litros (hasta 4 personas)
111,1,1,7,4,1,2,1,Solar,Nuevo,Cada 6 meses,De 90 a 110 litros (hasta 6 personas)
112,1,1,1,3,2,25,2,De gas con deposito,Usado,Cada año,De 70 a 80 litros (hasta 4 personas)
113,1,1,7,3,1,3,4,Solar,Nuevo,No le da mantenimiento,De 70 a 80 litros (hasta 4 personas)
114,1,1,1,9,1,99,4,De gas con deposito,Nuevo,No le da mantenimiento,No sabe
116,1,1,2,0,1,6,4,De gas de rápida recuperación,Nuevo,No le da mantenimiento,
117,1,1,2,0,1,99,1,De gas de rápida recuperación,Nuevo,Cada 6 meses,
118,1,1,2,0,1,5,4,De gas de rápida recuperación,Nuevo,No le da mantenimiento,
121,1,1,3,0,1,1,4,De gas instantáneo de paso,Nuevo,No le da mantenimiento,
122,1,1,3,0,1,5,1,De gas instantáneo de paso,Nuevo,Cada 6 meses,
125,1,1,1,3,2,20,4,De gas con deposito,Usado,No le da mantenimiento,De 70 a 80 litros (hasta 4 personas)
126,1,1,2,0,1,2,2,De gas de rápida recuperación,Nuevo,Cada año,
127,1,1,7,4,1,8,4,Solar,Nuevo,No le da mantenimiento,De 90 a 110 litros (hasta 6 personas)
128,1,1,1,1,1,2,1,De gas con deposito,Nuevo,Cada 6 meses,De 38 a 40 litros (hasta 2 personas)
129,1,1,1,3,1,15,4,De gas con deposito,Nuevo,No le da mantenimiento,De 70 a 80 litros (hasta 4 personas)
130,1,1,7,4,1,12,4,Solar,Nuevo,No le da mantenimiento,De 90 a 110 litros (hasta 6 personas)
131,1,1,1,3,1,7,2,De gas con deposito,Nuevo,Cada año,De 70 a 80 litros (hasta 4 personas)
132,1,1,1,9,1,1,4,De gas con deposito,Nuevo,No le da mantenimiento,No sabe
133,1,1,1,1,2,99,4,De gas con deposito,Usado,No le da mantenimiento,De 38 a 40 litros (hasta 2 personas)
134,1,1,1,4,2,8,4,De gas con deposito,Usado,No le da mantenimiento,De 90 a 110 litros (hasta 6 personas)
135,1,1,2,0,1,5,4,De gas de rápida recuperación,Nuevo,No le da mantenimiento,
136,1,1,7,5,1,10,2,Solar,Nuevo,Cada año,De 120 a 140 litros (hasta 7 personas)
137,1,1,1,1,1,2,1,De gas con deposito,Nuevo,Cada 6 meses,De 38 a 40 litros (hasta 2 personas)
138,1,1,7,4,1,1,1,Solar,Nuevo,Cada 6 meses,De 90 a 110 litros (hasta 6 personas)
140,1,1,7,3,1,7,4,Solar,Nuevo,No le da mantenimiento,De 70 a 80 litros (hasta 4 personas)
141,1,1,7,3,1,4,4,Solar,Nuevo,No le da mantenimiento,De 70 a 80 litros (hasta 4 personas)
143,1,1,1,3,1,10,4,De gas con deposito,Nuevo,No le da mantenimiento,De 70 a 80 litros (hasta 4 personas)
144,1,1,7,3,1,3,4,Solar,Nuevo,No le da mantenimiento,De 70 a 80 litros (hasta 4 personas)
148,1,1,1,1,1,5,2,De gas con deposito,Nuevo,Cada año,De 38 a 40 litros (hasta 2 personas)
149,1,1,1,1,2,99,4,De gas con deposito,Usado,No le da mantenimiento,De 38 a 40 litros (hasta 2 personas)
150,1,1,1,9,1,3,4,De gas con deposito,Nuevo,No le da mantenimiento,No sabe
151,1,1,1,9,2,99,4,De gas con deposito,Usado,No le da mantenimiento,No sabe
153,1,1,1,1,2,2,4,De gas con deposito,Usado,No le da mantenimiento,De 38 a 40 litros (hasta 2 personas)
154,1,1,1,9,1,9,4,De gas con deposito,Nuevo,No le da mantenimiento,No sabe
155,1,1,1,1,2,99,4,De gas con deposito,Usado,No le da mantenimiento,De 38 a 40 litros (hasta 2 personas)
156,1,1,1,9,1,3,1,De gas con deposito,Nuevo,Cada 6 meses,No sabe
157,1,1,1,1,2,99,4,De gas con deposito,Usado,No le da mantenimiento,De 38 a 40 litros (hasta 2 personas)
158,1,1,1,9,1,99,4,De gas con deposito,Nuevo,No le da mantenimiento,No sabe
159,1,1,7,3,1,3,4,Solar,Nuevo,No le da mantenimiento,De 70 a 80 litros (hasta 4 personas)
160,1,1,7,3,1,3,4,Solar,Nuevo,No le da mantenimiento,De 70 a 80 litros (hasta 4 personas)
161,1,1,5,5,1,4,1,Eléctrico con depósito,Nuevo,Cada 6 meses,De 120 a 140 litros (hasta 7 personas)
162,1,1,7,3,1,3,2,Solar,Nuevo,Cada año,De 70 a 80 litros (hasta 4 personas)
163,1,1,1,3,1,2,1,De gas con deposito,Nuevo,Cada 6 meses,De 70 a 80 litros (hasta 4 personas)
165,1,1,1,4,1,10,1,De gas con deposito,Nuevo,Cada 6 meses,De 90 a 110 litros (hasta 6 personas)
166,1,1,7,3,1,2,4,Solar,Nuevo,No le da mantenimiento,De 70 a 80 litros (hasta 4 personas)
168,1,1,7,4,1,3,2,Solar,Nuevo,Cada año,De 90 a 110 litros (hasta 6 personas)
169,1,1,7,4,1,10,3,Solar,Nuevo,Cada 2 años,De 90 a 110 litros (hasta 6 personas)
170,1,1,1,2,1,4,3,De gas con deposito,Nuevo,Cada 2 años,De 50 a 60 litros (hasta 3 personas)
171,1,1,2,0,1,1,4,De gas de rápida recuperación,Nuevo,No le da mantenimiento,
172,1,2,3,0,1,5,4,De gas instantáneo de paso,Nuevo,No le da mantenimiento,
172,1,1,3,0,1,5,4,De gas instantáneo de paso,Nuevo,No le da mantenimiento,
173,1,1,1,3,1,15,1,De gas con deposito,Nuevo,Cada 6 meses,De 70 a 80 litros (hasta 4 personas)
174,1,1,2,0,1,2,1,De gas de rápida recuperación,Nuevo,Cada 6 meses,
174,1,2,7,5,1,5,1,Solar,Nuevo,Cada 6 meses,De 120 a 140 litros (hasta 7 personas)
175,1,1,3,0,2,6,2,De gas instantáneo de paso,Usado,Cada año,
176,1,1,1,3,2,99,4,De gas con deposito,Usado,No le da mantenimiento,De 70 a 80 litros (hasta 4 personas)
177,1,1,1,3,2,6,3,De gas con deposito,Usado,Cada 2 años,De 70 a 80 litros (hasta 4 personas)
178,1,1,7,5,1,4,3,Solar,Nuevo,Cada 2 años,De 120 a 140 litros (hasta 7 personas)
179,1,1,1,4,1,5,2,De gas con deposito,Nuevo,Cada año,De 90 a 110 litros (hasta 6 personas)
179,1,2,7,5,1,4,2,Solar,Nuevo,Cada año,De 120 a 140 litros (hasta 7 personas)
180,1,1,1,1,1,5,1,De gas con deposito,Nuevo,Cada 6 meses,De 38 a 40 litros (hasta 2 personas)
181,1,1,1,1,1,10,1,De gas con deposito,Nuevo,Cada 6 meses,De 38 a 40 litros (hasta 2 personas)
182,1,1,4,0,1,1,4,Eléctrico instantáneo de paso,Nuevo,No le da mantenimiento,
183,1,1,7,1,1,2,4,Solar,Nuevo,No le da mantenimiento,De 38 a 40 litros (hasta 2 personas)
186,1,1,1,1,2,99,4,De gas con deposito,Usado,No le da mantenimiento,De 38 a 40 litros (hasta 2 personas)
187,1,2,7,3,1,5,4,Solar,Nuevo,No le da mantenimiento,De 70 a 80 litros (hasta 4 personas)
187,1,1,3,0,1,5,4,De gas instantáneo de paso,Nuevo,No le da mantenimiento,
188,1,1,1,1,1,8,1,De gas con deposito,Nuevo,Cada 6 meses,De 38 a 40 litros (hasta 2 personas)
189,1,1,7,2,1,4,4,Solar,Nuevo,No le da mantenimiento,De 50 a 60 litros (hasta 3 personas)
190,1,1,7,3,1,7,2,Solar,Nuevo,Cada año,De 70 a 80 litros (hasta 4 personas)
191,1,1,1,3,1,24,1,De gas con deposito,Nuevo,Cada 6 meses,De 70 a 80 litros (hasta 4 personas)
192,1,1,3,0,1,12,2,De gas instantáneo de paso,Nuevo,Cada año,
196,1,1,7,5,1,2,2,Solar,Nuevo,Cada año,De 120 a 140 litros (hasta 7 personas)
197,1,1,1,2,1,18,4,De gas con deposito,Nuevo,No le da mantenimiento,De 50 a 60 litros (hasta 3 personas)
198,1,1,1,3,1,2,2,De gas con deposito,Nuevo,Cada año,De 70 a 80 litros (hasta 4 personas)
200,1,1,1,3,1,15,3,De gas con deposito,Nuevo,Cada 2 años,De 70 a 80 litros (hasta 4 personas)
201,1,1,2,0,1,2,2,De gas de rápida recuperación,Nuevo,Cada año,
202,1,1,1,2,1,7,4,De gas con deposito,Nuevo,No le da mantenimiento,De 50 a 60 litros (hasta 3 personas)
205,1,1,7,9,1,3,4,Solar,Nuevo,No le da mantenimiento,No sabe
206,1,1,1,3,1,6,1,De gas con deposito,Nuevo,Cada 6 meses,De 70 a 80 litros (hasta 4 personas)
207,1,1,7,3,1,2,4,Solar,Nuevo,No le da mantenimiento,De 70 a 80 litros (hasta 4 personas)
208,1,1,7,9,1,99,4,Solar,Nuevo,No le da mantenimiento,No sabe
213,1,1,1,9,1,1,1,De gas con deposito,Nuevo,Cada 6 meses,No sabe
215,1,1,1,9,2,10,1,De gas con deposito,Usado,Cada 6 meses,No sabe
220,1,1,1,3,2,6,1,De gas con deposito,Usado,Cada 6 meses,De 70 a 80 litros (hasta 4 personas)
221,1,2,7,4,1,2,1,Solar,Nuevo,Cada 6 meses,De 90 a 110 litros (hasta 6 personas)
221,1,1,1,4,1,2,4,De gas con deposito,Nuevo,No le da mantenimiento,De 90 a 110 litros (hasta 6 personas)
222,1,1,7,3,1,1,4,Solar,Nuevo,No le da mantenimiento,De 70 a 80 litros (hasta 4 personas)
223,1,1,1,2,1,2,4,De gas con deposito,Nuevo,No le da mantenimiento,De 50 a 60 litros (hasta 3 personas)
224,1,1,1,9,1,10,2,De gas con deposito,Nuevo,Cada año,No sabe
225,1,1,3,0,1,3,2,De gas instantáneo de paso,Nuevo,Cada año,
226,1,1,7,2,1,2,4,Solar,Nuevo,No le da mantenimiento,De 50 a 60 litros (hasta 3 personas)
227,1,1,3,0,2,2,1,De gas instantáneo de paso,Usado,Cada 6 meses,
230,1,1,3,0,1,2,1,De gas instantáneo de paso,Nuevo,Cada 6 meses,
232,1,1,7,3,1,3,4,Solar,Nuevo,No le da mantenimiento,De 70 a 80 litros (hasta 4 personas)
233,1,1,7,2,1,2,2,Solar,Nuevo,Cada año,De 50 a 60 litros (hasta 3 personas)
234,1,1,7,3,1,3,1,Solar,Nuevo,Cada 6 meses,De 70 a 80 litros (hasta 4 personas)
235,1,1,3,0,1,2,1,De gas instantáneo de paso,Nuevo,Cada 6 meses,
236,1,1,7,4,1,5,2,Solar,Nuevo,Cada año,De 90 a 110 litros (hasta 6 personas)
237,1,1,1,3,2,3,3,De gas con deposito,Usado,Cada 2 años,De 70 a 80 litros (hasta 4 personas)
238,1,1,1,1,2,2,4,De gas con deposito,Usado,No le da mantenimiento,De 38 a 40 litros (hasta 2 personas)
239,1,1,7,3,1,3,1,Solar,Nuevo,Cada 6 meses,De 70 a 80 litros (hasta 4 personas)
241,1,1,7,4,1,2,2,Solar,Nuevo,Cada año,De 90 a 110 litros (hasta 6 personas)
242,1,1,7,2,2,5,1,Solar,Usado,Cada 6 meses,De 50 a 60 litros (hasta 3 personas)
244,1,1,1,3,2,99,4,De gas con deposito,Usado,No le da mantenimiento,De 70 a 80 litros (hasta 4 personas)
245,1,1,7,6,1,3,2,Solar,Nuevo,Cada año,Más de 140 litros (más de 7 personas)
246,1,1,1,4,1,12,3,De gas con deposito,Nuevo,Cada 2 años,De 90 a 110 litros (hasta 6 personas)
247,1,1,7,5,1,6,3,Solar,Nuevo,Cada 2 años,De 120 a 140 litros (hasta 7 personas)
250,1,1,2,0,1,2,4,De gas de rápida recuperación,Nuevo,No le da mantenimiento,
251,1,1,7,4,1,1,4,Solar,Nuevo,No le da mantenimiento,De 90 a 110 litros (hasta 6 personas)
252,1,1,1,9,1,5,1,De gas con deposito,Nuevo,Cada 6 meses,No sabe
253,1,1,1,9,2,99,4,De gas con deposito,Usado,No le da mantenimiento,No sabe
254,1,1,7,5,1,2,4,Solar,Nuevo,No le da mantenimiento,De 120 a 140 litros (hasta 7 personas)
255,1,1,7,3,1,5,2,Solar,Nuevo,Cada año,De 70 a 80 litros (hasta 4 personas)
256,1,1,3,0,1,10,2,De gas instantáneo de paso,Nuevo,Cada año,
257,1,1,7,1,1,2,4,Solar,Nuevo,No le da mantenimiento,De 38 a 40 litros (hasta 2 personas)
258,1,1,1,3,1,9,1,De gas con deposito,Nuevo,Cada 6 meses,De 70 a 80 litros (hasta 4 personas)
259,1,1,7,3,1,5,4,Solar,Nuevo,No le da mantenimiento,De 70 a 80 litros (hasta 4 personas)
260,1,1,1,3,1,35,4,De gas con deposito,Nuevo,No le da mantenimiento,De 70 a 80 litros (hasta 4 personas)
261,1,1,3,0,1,99,4,De gas instantáneo de paso,Nuevo,No le da mantenimiento,
262,1,1,1,2,2,5,1,De gas con deposito,Usado,Cada 6 meses,De 50 a 60 litros (hasta 3 personas)
264,1,1,1,1,1,1,4,De gas con deposito,Nuevo,No le da mantenimiento,De 38 a 40 litros (hasta 2 personas)
266,1,1,1,2,1,8,4,De gas con deposito,Nuevo,No le da mantenimiento,De 50 a 60 litros (hasta 3 personas)
267,1,1,7,4,1,1,4,Solar,Nuevo,No le da mantenimiento,De 90 a 110 litros (hasta 6 personas)
268,1,1,3,0,1,2,2,De gas instantáneo de paso,Nuevo,Cada año,
271,1,1,1,4,1,15,1,De gas con deposito,Nuevo,Cada 6 meses,De 90 a 110 litros (hasta 6 personas)
279,1,1,1,3,2,4,4,De gas con deposito,Usado,No le da mantenimiento,De 70 a 80 litros (hasta 4 personas)
280,1,1,1,3,2,99,4,De gas con deposito,Usado,No le da mantenimiento,De 70 a 80 litros (hasta 4 personas)
284,1,1,7,5,1,2,4,Solar,Nuevo,No le da mantenimiento,De 120 a 140 litros (hasta 7 personas)
287,1,1,1,1,2,4,1,De gas con deposito,Usado,Cada 6 meses,De 38 a 40 litros (hasta 2 personas)
301,1,1,1,4,1,6,2,De gas con deposito,Nuevo,Cada año,De 90 a 110 litros (hasta 6 personas)
302,1,1,1,1,1,25,4,De gas con deposito,Nuevo,No le da mantenimiento,De 38 a 40 litros (hasta 2 personas)
303,1,1,1,4,1,5,4,De gas con deposito,Nuevo,No le da mantenimiento,De 90 a 110 litros (hasta 6 personas)
304,1,1,1,3,1,5,1,De gas con deposito,Nuevo,Cada 6 meses,De 70 a 80 litros (hasta 4 personas)
304,1,2,7,1,1,3,4,Solar,Nuevo,No le da mantenimiento,De 38 a 40 litros (hasta 2 personas)
305,1,1,1,1,1,20,4,De gas con deposito,Nuevo,No le da mantenimiento,De 38 a 40 litros (hasta 2 personas)
306,1,1,1,3,1,10,4,De gas con deposito,Nuevo,No le da mantenimiento,De 70 a 80 litros (hasta 4 personas)
307,1,1,7,3,1,2,1,Solar,Nuevo,Cada 6 meses,De 70 a 80 litros (hasta 4 personas)
308,1,1,1,1,1,20,1,De gas con deposito,Nuevo,Cada 6 meses,De 38 a 40 litros (hasta 2 personas)
308,1,2,7,3,1,2,2,Solar,Nuevo,Cada año,De 70 a 80 litros (hasta 4 personas)
309,1,1,1,3,1,2,4,De gas con deposito,Nuevo,No le da mantenimiento,De 70 a 80 litros (hasta 4 personas)
311,1,1,1,2,1,12,4,De gas con deposito,Nuevo,No le da mantenimiento,De 50 a 60 litros (hasta 3 personas)
312,1,2,7,3,1,2,4,Solar,Nuevo,No le da mantenimiento,De 70 a 80 litros (hasta 4 personas)
312,1,1,1,3,1,14,4,De gas con deposito,Nuevo,No le da mantenimiento,De 70 a 80 litros (hasta 4 personas)
313,1,1,7,4,1,2,4,Solar,Nuevo,No le da mantenimiento,De 90 a 110 litros (hasta 6 personas)
314,1,1,7,3,1,1,4,Solar,Nuevo,No le da mantenimiento,De 70 a 80 litros (hasta 4 personas)
316,1,1,7,2,1,7,4,Solar,Nuevo,No le da mantenimiento,De 50 a 60 litros (hasta 3 personas)
317,1,1,1,1,2,2,2,De gas con deposito,Usado,Cada año,De 38 a 40 litros (hasta 2 personas)
318,1,1,7,4,1,4,4,Solar,Nuevo,No le da mantenimiento,De 90 a 110 litros (hasta 6 personas)
328,1,1,7,3,1,4,4,Solar,Nuevo,No le da mantenimiento,De 70 a 80 litros (hasta 4 personas)
332,1,1,1,3,1,10,2,De gas con deposito,Nuevo,Cada año,De 70 a 80 litros (hasta 4 personas)
336,1,1,7,2,1,1,4,Solar,Nuevo,No le da mantenimiento,De 50 a 60 litros (hasta 3 personas)
347,1,1,7,3,2,10,2,Solar,Usado,Cada año,De 70 a 80 litros (hasta 4 personas)
349,1,1,1,3,1,5,1,De gas con deposito,Nuevo,Cada 6 meses,De 70 a 80 litros (hasta 4 personas)
350,1,1,1,3,1,2,2,De gas con deposito,Nuevo,Cada año,De 70 a 80 litros (hasta 4 personas)
351,1,1,7,4,1,10,3,Solar,Nuevo,Cada 2 años,De 90 a 110 litros (hasta 6 personas)
352,1,1,7,3,1,3,4,Solar,Nuevo,No le da mantenimiento,De 70 a 80 litros (hasta 4 personas)
363,1,1,1,3,1,21,1,De gas con deposito,Nuevo,Cada 6 meses,De 70 a 80 litros (hasta 4 personas)
364,1,1,1,3,1,20,1,De gas con deposito,Nuevo,Cada 6 meses,De 70 a 80 litros (hasta 4 personas)
365,1,1,1,3,2,1,4,De gas con deposito,Usado,No le da mantenimiento,De 70 a 80 litros (hasta 4 personas)
367,1,1,7,3,1,2,2,Solar,Nuevo,Cada año,De 70 a 80 litros (hasta 4 personas)
368,1,1,1,3,1,20,1,De gas con deposito,Nuevo,Cada 6 meses,De 70 a 80 litros (hasta 4 personas)
369,1,1,1,3,1,12,1,De gas con deposito,Nuevo,Cada 6 meses,De 70 a 80 litros (hasta 4 personas)
370,1,1,2,0,1,20,2,De gas de rápida recuperación,Nuevo,Cada año,
374,1,1,7,3,1,4,4,Solar,Nuevo,No le da mantenimiento,De 70 a 80 litros (hasta 4 personas)
376,1,1,1,3,1,10,4,De gas con deposito,Nuevo,No le da mantenimiento,De 70 a 80 litros (hasta 4 personas)
379,1,1,7,2,1,2,4,Solar,Nuevo,No le da mantenimiento,De 50 a 60 litros (hasta 3 personas)
382,1,1,7,3,1,1,4,Solar,Nuevo,No le da mantenimiento,De 70 a 80 litros (hasta 4 personas)
383,1,1,1,3,1,20,2,De gas con deposito,Nuevo,Cada año,De 70 a 80 litros (hasta 4 personas)
393,1,1,2,0,2,99,4,De gas de rápida recuperación,Usado,No le da mantenimiento,
394,1,1,1,2,1,2,1,De gas con deposito,Nuevo,Cada 6 meses,De 50 a 60 litros (hasta 3 personas)
395,1,1,1,2,1,7,3,De gas con deposito,Nuevo,Cada 2 años,De 50 a 60 litros (hasta 3 personas)
396,1,1,7,5,1,4,3,Solar,Nuevo,Cada 2 años,De 120 a 140 litros (hasta 7 personas)
398,1,1,7,4,1,2,4,Solar,Nuevo,No le da mantenimiento,De 90 a 110 litros (hasta 6 personas)
401,1,1,7,5,2,3,1,Solar,Usado,Cada 6 meses,De 120 a 140 litros (hasta 7 personas)
402,1,1,7,5,1,5,4,Solar,Nuevo,No le da mantenimiento,De 120 a 140 litros (hasta 7 personas)
404,1,1,1,1,1,3,4,De gas con deposito,Nuevo,No le da mantenimiento,De 38 a 40 litros (hasta 2 personas)
405,1,1,2,0,1,6,4,De gas de rápida recuperación,Nuevo,No le da mantenimiento,
406,1,1,3,0,1,1,4,De gas instantáneo de paso,Nuevo,No le da mantenimiento,
411,1,1,7,3,1,3,4,Solar,Nuevo,No le da mantenimiento,De 70 a 80 litros (hasta 4 personas)
412,1,1,1,2,1,12,1,De gas con deposito,Nuevo,Cada 6 meses,De 50 a 60 litros (hasta 3 personas)
413,1,1,2,0,1,15,4,De gas de rápida recuperación,Nuevo,No le da mantenimiento,
416,1,1,7,3,1,10,4,Solar,Nuevo,No le da mantenimiento,De 70 a 80 litros (hasta 4 personas)
417,1,1,7,4,1,1,4,Solar,Nuevo,No le da mantenimiento,De 90 a 110 litros (hasta 6 personas)
418,1,1,4,0,1,1,1,Eléctrico instantáneo de paso,Nuevo,Cada 6 meses,
420,1,1,7,4,1,10,4,Solar,Nuevo,No le da mantenimiento,De 90 a 110 litros (hasta 6 personas)
424,1,1,1,3,1,10,1,De gas con deposito,Nuevo,Cada 6 meses,De 70 a 80 litros (hasta 4 personas)
426,1,1,7,4,1,3,4,Solar,Nuevo,No le da mantenimiento,De 90 a 110 litros (hasta 6 personas)
427,1,1,1,9,1,10,2,De gas con deposito,Nuevo,Cada año,No sabe
428,1,1,7,3,1,1,4,Solar,Nuevo,No le da mantenimiento,De 70 a 80 litros (hasta 4 personas)
431,1,1,1,2,1,20,3,De gas con deposito,Nuevo,Cada 2 años,De 50 a 60 litros (hasta 3 personas)
432,1,1,7,4,1,2,2,Solar,Nuevo,Cada año,De 90 a 110 litros (hasta 6 personas)
433,1,1,7,2,1,3,2,Solar,Nuevo,Cada año,De 50 a 60 litros (hasta 3 personas)
434,1,1,7,4,1,5,2,Solar,Nuevo,Cada año,De 90 a 110 litros (hasta 6 personas)
435,1,1,1,9,1,99,4,De gas con deposito,Nuevo,No le da mantenimiento,No sabe
444,1,1,7,3,1,3,4,Solar,Nuevo,No le da mantenimiento,De 70 a 80 litros (hasta 4 personas)
446,1,1,1,3,1,6,1,De gas con deposito,Nuevo,Cada 6 meses,De 70 a 80 litros (hasta 4 personas)
451,1,1,7,3,1,1,4,Solar,Nuevo,No le da mantenimiento,De 70 a 80 litros (hasta 4 personas)
455,1,1,2,0,1,3,2,De gas de rápida recuperación,Nuevo,Cada año,
456,1,1,1,3,1,10,2,De gas con deposito,Nuevo,Cada año,De 70 a 80 litros (hasta 4 personas)
457,1,1,1,2,1,1,4,De gas con deposito,Nuevo,No le da mantenimiento,De 50 a 60 litros (hasta 3 personas)
458,1,1,1,3,2,99,4,De gas con deposito,Usado,No le da mantenimiento,De 70 a 80 litros (hasta 4 personas)
459,1,1,1,2,1,2,2,De gas con deposito,Nuevo,Cada año,De 50 a 60 litros (hasta 3 personas)
463,1,1,7,4,1,4,4,Solar,Nuevo,No le da mantenimiento,De 90 a 110 litros (hasta 6 personas)
464,1,1,7,4,2,1,4,Solar,Usado,No le da mantenimiento,De 90 a 110 litros (hasta 6 personas)
466,1,1,7,4,1,4,3,Solar,Nuevo,Cada 2 años,De 90 a 110 litros (hasta 6 personas)
470,1,1,7,3,1,4,2,Solar,Nuevo,Cada año,De 70 a 80 litros (hasta 4 personas)
478,1,1,7,4,1,1,4,Solar,Nuevo,No le da mantenimiento,De 90 a 110 litros (hasta 6 personas)
483,1,1,1,4,1,10,1,De gas con deposito,Nuevo,Cada 6 meses,De 90 a 110 litros (hasta 6 personas)
490,1,1,1,3,1,6,2,De gas con deposito,Nuevo,Cada año,De 70 a 80 litros (hasta 4 personas)
491,1,1,1,9,2,99,4,De gas con deposito,Usado,No le da mantenimiento,No sabe
492,1,1,1,4,1,8,4,De gas con deposito,Nuevo,No le da mantenimiento,De 90 a 110 litros (hasta 6 personas)
494,1,1,7,4,1,5,2,Solar,Nuevo,Cada año,De 90 a 110 litros (hasta 6 personas)
495,1,1,1,4,1,5,3,De gas con deposito,Nuevo,Cada 2 años,De 90 a 110 litros (hasta 6 personas)
496,1,1,1,3,1,10,3,De gas con deposito,Nuevo,Cada 2 años,De 70 a 80 litros (hasta 4 personas)
497,1,1,7,5,1,2,2,Solar,Nuevo,Cada año,De 120 a 140 litros (hasta 7 personas)
498,1,1,1,4,1,5,3,De gas con deposito,Nuevo,Cada 2 años,De 90 a 110 litros (hasta 6 personas)
499,1,1,1,3,2,99,4,De gas con deposito,Usado,No le da mantenimiento,De 70 a 80 litros (hasta 4 personas)
500,1,1,7,3,1,2,2,Solar,Nuevo,Cada año,De 70 a 80 litros (hasta 4 personas)
501,1,2,7,4,1,2,4,Solar,Nuevo,No le da mantenimiento,De 90 a 110 litros (hasta 6 personas)
501,1,1,4,0,1,2,4,Eléctrico instantáneo de paso,Nuevo,No le da mantenimiento,
502,1,1,7,4,1,4,4,Solar,Nuevo,No le da mantenimiento,De 90 a 110 litros (hasta 6 personas)
508,1,1,7,3,1,1,1,Solar,Nuevo,Cada 6 meses,De 70 a 80 litros (hasta 4 personas)
510,1,1,1,3,2,99,4,De gas con deposito,Usado,No le da mantenimiento,De 70 a 80 litros (hasta 4 personas)
514,1,1,1,3,1,13,1,De gas con deposito,Nuevo,Cada 6 meses,De 70 a 80 litros (hasta 4 personas)
522,1,1,7,3,2,99,2,Solar,Usado,Cada año,De 70 a 80 litros (hasta 4 personas)
523,1,1,7,3,1,3,4,Solar,Nuevo,No le da mantenimiento,De 70 a 80 litros (hasta 4 personas)
527,1,1,1,4,1,10,2,De gas con deposito,Nuevo,Cada año,De 90 a 110 litros (hasta 6 personas)
528,1,1,1,3,1,1,1,De gas con deposito,Nuevo,Cada 6 meses,De 70 a 80 litros (hasta 4 personas)
529,1,1,1,3,1,11,2,De gas con deposito,Nuevo,Cada año,De 70 a 80 litros (hasta 4 personas)
530,1,1,4,0,1,5,2,Eléctrico instantáneo de paso,Nuevo,Cada año,
532,1,1,1,3,2,10,4,De gas con deposito,Usado,No le da mantenimiento,De 70 a 80 litros (hasta 4 personas)
534,1,1,1,3,1,12,4,De gas con deposito,Nuevo,No le da mantenimiento,De 70 a 80 litros (hasta 4 personas)
535,1,1,1,3,1,4,4,De gas con deposito,Nuevo,No le da mantenimiento,De 70 a 80 litros (hasta 4 personas)
538,1,1,7,3,1,12,4,Solar,Nuevo,No le da mantenimiento,De 70 a 80 litros (hasta 4 personas)
540,1,1,1,9,1,11,2,De gas con deposito,Nuevo,Cada año,No sabe
544,1,1,1,2,1,1,4,De gas con deposito,Nuevo,No le da mantenimiento,De 50 a 60 litros (hasta 3 personas)
547,1,1,7,3,1,1,4,Solar,Nuevo,No le da mantenimiento,De 70 a 80 litros (hasta 4 personas)
549,1,1,1,3,1,10,2,De gas con deposito,Nuevo,Cada año,De 70 a 80 litros (hasta 4 personas)
550,1,1,1,1,1,5,2,De gas con deposito,Nuevo,Cada año,De 38 a 40 litros (hasta 2 personas)
551,1,1,1,1,1,8,4,De gas con deposito,Nuevo,No le da mantenimiento,De 38 a 40 litros (hasta 2 personas)
553,1,1,1,2,1,9,4,De gas con deposito,Nuevo,No le da mantenimiento,De 50 a 60 litros (hasta 3 personas)
555,1,1,7,9,1,6,4,Solar,Nuevo,No le da mantenimiento,No sabe
556,1,1,7,2,1,6,4,Solar,Nuevo,No le da mantenimiento,De 50 a 60 litros (hasta 3 personas)
569,1,1,7,9,1,1,4,Solar,Nuevo,No le da mantenimiento,No sabe
570,1,1,1,2,1,4,4,De gas con deposito,Nuevo,No le da mantenimiento,De 50 a 60 litros (hasta 3 personas)
571,1,1,1,9,1,7,4,De gas con deposito,Nuevo,No le da mantenimiento,No sabe
573,1,1,1,1,1,10,2,De gas con deposito,Nuevo,Cada año,De 38 a 40 litros (hasta 2 personas)
574,1,1,7,3,1,2,4,Solar,Nuevo,No le da mantenimiento,De 70 a 80 litros (hasta 4 personas)
580,1,1,1,3,1,8,1,De gas con deposito,Nuevo,Cada 6 meses,De 70 a 80 litros (hasta 4 personas)
584,1,1,7,3,2,4,4,Solar,Usado,No le da mantenimiento,De 70 a 80 litros (hasta 4 personas)
588,1,1,1,1,1,10,1,De gas con deposito,Nuevo,Cada 6 meses,De 38 a 40 litros (hasta 2 personas)
589,1,1,1,3,1,9,1,De gas con deposito,Nuevo,Cada 6 meses,De 70 a 80 litros (hasta 4 personas)
590,1,1,3,0,1,5,4,De gas instantáneo de paso,Nuevo,No le da mantenimiento,
591,1,1,2,0,1,1,4,De gas de rápida recuperación,Nuevo,No le da mantenimiento,
592,1,1,1,3,1,4,4,De gas con deposito,Nuevo,No le da mantenimiento,De 70 a 80 litros (hasta 4 personas)
593,1,1,7,9,1,5,4,Solar,Nuevo,No le da mantenimiento,No sabe
594,1,1,7,6,1,2,2,Solar,Nuevo,Cada año,Más de 140 litros (más de 7 personas)
595,1,1,7,4,1,10,1,Solar,Nuevo,Cada 6 meses,De 90 a 110 litros (hasta 6 personas)
596,1,1,6,3,2,40,3,De leña,Usado,Cada 2 años,De 70 a 80 litros (hasta 4 personas)
598,1,1,7,3,1,7,4,Solar,Nuevo,No le da mantenimiento,De 70 a 80 litros (hasta 4 personas)
600,1,1,7,3,1,2,4,Solar,Nuevo,No le da mantenimiento,De 70 a 80 litros (hasta 4 personas)
601,1,1,7,2,1,3,4,Solar,Nuevo,No le da mantenimiento,De 50 a 60 litros (hasta 3 personas)
602,1,1,1,9,2,99,4,De gas con deposito,Usado,No le da mantenimiento,No sabe
603,1,1,7,3,1,1,4,Solar,Nuevo,No le da mantenimiento,De 70 a 80 litros (hasta 4 personas)
605,1,1,7,3,1,3,4,Solar,Nuevo,No le da mantenimiento,De 70 a 80 litros (hasta 4 personas)
607,1,1,7,4,1,1,4,Solar,Nuevo,No le da mantenimiento,De 90 a 110 litros (hasta 6 personas)
608,1,1,7,3,1,3,4,Solar,Nuevo,No le da mantenimiento,De 70 a 80 litros (hasta 4 personas)
610,1,1,7,1,1,4,4,Solar,Nuevo,No le da mantenimiento,De 38 a 40 litros (hasta 2 personas)
613,1,1,1,9,2,50,4,De gas con deposito,Usado,No le da mantenimiento,No sabe
614,1,1,7,3,1,1,1,Solar,Nuevo,Cada 6 meses,De 70 a 80 litros (hasta 4 personas)
616,1,1,2,0,1,6,4,De gas de rápida recuperación,Nuevo,No le da mantenimiento,
617,1,1,7,1,2,99,4,Solar,Usado,No le da mantenimiento,De 38 a 40 litros (hasta 2 personas)
618,1,1,1,3,2,2,1,De gas con deposito,Usado,Cada 6 meses,De 70 a 80 litros (hasta 4 personas)
619,1,1,7,3,1,5,1,Solar,Nuevo,Cada 6 meses,De 70 a 80 litros (hasta 4 personas)
622,1,1,1,2,1,5,4,De gas con deposito,Nuevo,No le da mantenimiento,De 50 a 60 litros (hasta 3 personas)
624,1,1,7,5,1,5,3,Solar,Nuevo,Cada 2 años,De 120 a 140 litros (hasta 7 personas)
627,1,1,7,5,1,1,4,Solar,Nuevo,No le da mantenimiento,De 120 a 140 litros (hasta 7 personas)
628,1,1,7,4,1,1,4,Solar,Nuevo,No le da mantenimiento,De 90 a 110 litros (hasta 6 personas)
635,1,1,1,4,1,5,1,De gas con deposito,Nuevo,Cada 6 meses,De 90 a 110 litros (hasta 6 personas)
636,1,1,1,2,1,2,4,De gas con deposito,Nuevo,No le da mantenimiento,De 50 a 60 litros (hasta 3 personas)
641,1,1,7,2,1,3,2,Solar,Nuevo,Cada año,De 50 a 60 litros (hasta 3 personas)
642,1,1,7,4,1,2,4,Solar,Nuevo,No le da mantenimiento,De 90 a 110 litros (hasta 6 personas)
643,1,1,7,5,1,5,3,Solar,Nuevo,Cada 2 años,De 120 a 140 litros (hasta 7 personas)
645,1,1,7,1,1,2,4,Solar,Nuevo,No le da mantenimiento,De 38 a 40 litros (hasta 2 personas)
646,1,1,7,3,1,2,4,Solar,Nuevo,No le da mantenimiento,De 70 a 80 litros (hasta 4 personas)
652,1,1,7,2,1,3,2,Solar,Nuevo,Cada año,De 50 a 60 litros (hasta 3 personas)
654,1,1,7,3,1,2,4,Solar,Nuevo,No le da mantenimiento,De 70 a 80 litros (hasta 4 personas)
658,1,1,7,2,1,7,4,Solar,Nuevo,No le da mantenimiento,De 50 a 60 litros (hasta 3 personas)
658,1,2,1,3,1,17,4,De gas con deposito,Nuevo,No le da mantenimiento,De 70 a 80 litros (hasta 4 personas)
659,1,1,7,3,1,2,1,Solar,Nuevo,Cada 6 meses,De 70 a 80 litros (hasta 4 personas)
662,1,1,1,3,1,3,1,De gas con deposito,Nuevo,Cada 6 meses,De 70 a 80 litros (hasta 4 personas)
664,1,1,1,9,2,99,2,De gas con deposito,Usado,Cada año,No sabe
665,1,1,1,9,1,12,4,De gas con deposito,Nuevo,No le da mantenimiento,No sabe
666,1,1,7,1,1,3,4,Solar,Nuevo,No le da mantenimiento,De 38 a 40 litros (hasta 2 personas)
668,1,1,7,1,1,3,4,Solar,Nuevo,No le da mantenimiento,De 38 a 40 litros (hasta 2 personas)
670,1,2,3,0,1,8,4,De gas instantáneo de paso,Nuevo,No le da mantenimiento,
670,1,1,7,2,1,1,4,Solar,Nuevo,No le da mantenimiento,De 50 a 60 litros (hasta 3 personas)
671,1,1,7,3,1,3,1,Solar,Nuevo,Cada 6 meses,De 70 a 80 litros (hasta 4 personas)
672,1,1,1,3,1,18,4,De gas con deposito,Nuevo,No le da mantenimiento,De 70 a 80 litros (hasta 4 personas)
673,1,1,1,1,1,10,3,De gas con deposito,Nuevo,Cada 2 años,De 38 a 40 litros (hasta 2 personas)
675,1,1,7,4,1,7,4,Solar,Nuevo,No le da mantenimiento,De 90 a 110 litros (hasta 6 personas)
676,1,1,7,4,1,5,4,Solar,Nuevo,No le da mantenimiento,De 90 a 110 litros (hasta 6 personas)
676,1,2,1,3,1,4,4,De gas con deposito,Nuevo,No le da mantenimiento,De 70 a 80 litros (hasta 4 personas)
678,1,1,7,4,1,1,2,Solar,Nuevo,Cada año,De 90 a 110 litros (hasta 6 personas)
690,1,1,7,3,1,1,4,Solar,Nuevo,No le da mantenimiento,De 70 a 80 litros (hasta 4 personas)
692,1,1,7,3,1,1,4,Solar,Nuevo,No le da mantenimiento,De 70 a 80 litros (hasta 4 personas)
696,1,1,1,3,2,99,1,De gas con deposito,Usado,Cada 6 meses,De 70 a 80 litros (hasta 4 personas)
698,1,1,1,4,1,3,2,De gas con deposito,Nuevo,Cada año,De 90 a 110 litros (hasta 6 personas)
699,1,1,7,4,1,6,1,Solar,Nuevo,Cada 6 meses,De 90 a 110 litros (hasta 6 personas)
700,1,1,7,4,1,5,3,Solar,Nuevo,Cada 2 años,De 90 a 110 litros (hasta 6 personas)
703,1,1,1,6,1,3,2,De gas con deposito,Nuevo,Cada año,Más de 140 litros (más de 7 personas)
704,1,1,7,4,1,1,4,Solar,Nuevo,No le da mantenimiento,De 90 a 110 litros (hasta 6 personas)
705,1,1,7,3,1,3,4,Solar,Nuevo,No le da mantenimiento,De 70 a 80 litros (hasta 4 personas)
706,1,1,5,1,1,4,4,Eléctrico con depósito,Nuevo,No le da mantenimiento,De 38 a 40 litros (hasta 2 personas)
707,1,1,1,1,1,10,1,De gas con deposito,Nuevo,Cada 6 meses,De 38 a 40 litros (hasta 2 personas)
708,1,1,7,3,1,1,4,Solar,Nuevo,No le da mantenimiento,De 70 a 80 litros (hasta 4 personas)
712,1,1,7,3,1,2,4,Solar,Nuevo,No le da mantenimiento,De 70 a 80 litros (hasta 4 personas)
713,1,1,7,3,1,2,4,Solar,Nuevo,No le da mantenimiento,De 70 a 80 litros (hasta 4 personas)
714,1,1,7,4,1,1,4,Solar,Nuevo,No le da mantenimiento,De 90 a 110 litros (hasta 6 personas)
715,1,1,7,4,1,4,2,Solar,Nuevo,Cada año,De 90 a 110 litros (hasta 6 personas)
716,1,1,7,4,1,2,4,Solar,Nuevo,No le da mantenimiento,De 90 a 110 litros (hasta 6 personas)
717,1,1,7,4,1,3,4,Solar,Nuevo,No le da mantenimiento,De 90 a 110 litros (hasta 6 personas)
719,1,1,7,6,1,2,4,Solar,Nuevo,No le da mantenimiento,Más de 140 litros (más de 7 personas)
721,1,1,7,4,1,1,4,Solar,Nuevo,No le da mantenimiento,De 90 a 110 litros (hasta 6 personas)
723,1,1,7,3,1,4,1,Solar,Nuevo,Cada 6 meses,De 70 a 80 litros (hasta 4 personas)
724,1,1,7,2,1,1,4,Solar,Nuevo,No le da mantenimiento,De 50 a 60 litros (hasta 3 personas)
725,1,1,7,3,1,2,1,Solar,Nuevo,Cada 6 meses,De 70 a 80 litros (hasta 4 personas)
726,1,1,7,2,1,2,4,Solar,Nuevo,No le da mantenimiento,De 50 a 60 litros (hasta 3 personas)
727,1,1,7,2,1,3,4,Solar,Nuevo,No le da mantenimiento,De 50 a 60 litros (hasta 3 personas)
728,1,1,7,1,1,2,4,Solar,Nuevo,No le da mantenimiento,De 38 a 40 litros (hasta 2 personas)
729,1,1,7,1,1,2,4,Solar,Nuevo,No le da mantenimiento,De 38 a 40 litros (hasta 2 personas)
730,1,1,1,1,1,4,4,De gas con deposito,Nuevo,No le da mantenimiento,De 38 a 40 litros (hasta 2 personas)
731,1,1,1,2,2,99,4,De gas con deposito,Usado,No le da mantenimiento,De 50 a 60 litros (hasta 3 personas)
732,1,1,1,1,1,15,3,De gas con deposito,Nuevo,Cada 2 años,De 38 a 40 litros (hasta 2 personas)
733,1,1,7,3,1,1,4,Solar,Nuevo,No le da mantenimiento,De 70 a 80 litros (hasta 4 personas)
735,1,1,7,4,1,1,4,Solar,Nuevo,No le da mantenimiento,De 90 a 110 litros (hasta 6 personas)
737,1,1,7,5,1,3,4,Solar,Nuevo,No le da mantenimiento,De 120 a 140 litros (hasta 7 personas)
739,1,1,7,4,1,1,4,Solar,Nuevo,No le da mantenimiento,De 90 a 110 litros (hasta 6 personas)
742,1,1,7,3,1,2,4,Solar,Nuevo,No le da mantenimiento,De 70 a 80 litros (hasta 4 personas)
745,1,1,1,1,2,99,4,De gas con deposito,Usado,No le da mantenimiento,De 38 a 40 litros (hasta 2 personas)
746,1,1,1,9,1,11,2,De gas con deposito,Nuevo,Cada año,No sabe
749,1,1,1,1,2,99,4,De gas con deposito,Usado,No le da mantenimiento,De 38 a 40 litros (hasta 2 personas)
750,1,1,7,3,1,1,4,Solar,Nuevo,No le da mantenimiento,De 70 a 80 litros (hasta 4 personas)
753,1,1,1,3,2,99,4,De gas con deposito,Usado,No le da mantenimiento,De 70 a 80 litros (hasta 4 personas)
754,1,1,7,3,2,2,2,Solar,Usado,Cada año,De 70 a 80 litros (hasta 4 personas)
757,1,1,4,0,1,6,2,Eléctrico instantáneo de paso,Nuevo,Cada año,
759,1,1,2,0,1,2,1,De gas de rápida recuperación,Nuevo,Cada 6 meses,
762,1,1,7,2,1,5,2,Solar,Nuevo,Cada año,De 50 a 60 litros (hasta 3 personas)
763,1,1,7,3,1,2,3,Solar,Nuevo,Cada 2 años,De 70 a 80 litros (hasta 4 personas)
764,1,1,7,3,1,1,4,Solar,Nuevo,No le da mantenimiento,De 70 a 80 litros (hasta 4 personas)
765,1,1,4,0,1,19,2,Eléctrico instantáneo de paso,Nuevo,Cada año,
765,1,2,7,3,1,3,1,Solar,Nuevo,Cada 6 meses,De 70 a 80 litros (hasta 4 personas)
766,1,1,7,3,1,6,4,Solar,Nuevo,No le da mantenimiento,De 70 a 80 litros (hasta 4 personas)
767,1,1,1,3,1,2,2,De gas con deposito,Nuevo,Cada año,De 70 a 80 litros (hasta 4 personas)
767,1,2,7,3,1,3,2,Solar,Nuevo,Cada año,De 70 a 80 litros (hasta 4 personas)
768,1,2,7,4,1,7,4,Solar,Nuevo,No le da mantenimiento,De 90 a 110 litros (hasta 6 personas)
768,1,1,1,4,1,12,2,De gas con deposito,Nuevo,Cada año,De 90 a 110 litros (hasta 6 personas)
771,1,1,1,4,1,1,4,De gas con deposito,Nuevo,No le da mantenimiento,De 90 a 110 litros (hasta 6 personas)
776,1,1,1,9,2,99,1,De gas con deposito,Usado,Cada 6 meses,No sabe
777,1,1,6,4,1,2,4,De leña,Nuevo,No le da mantenimiento,De 90 a 110 litros (hasta 6 personas)
778,1,1,7,9,1,2,4,Solar,Nuevo,No le da mantenimiento,No sabe
779,1,1,7,9,1,1,4,Solar,Nuevo,No le da mantenimiento,No sabe
782,1,1,7,9,1,3,4,Solar,Nuevo,No le da mantenimiento,No sabe
783,1,1,7,3,1,3,1,Solar,Nuevo,Cada 6 meses,De 70 a 80 litros (hasta 4 personas)
785,1,1,7,2,1,1,4,Solar,Nuevo,No le da mantenimiento,De 50 a 60 litros (hasta 3 personas)
786,1,1,7,4,1,4,4,Solar,Nuevo,No le da mantenimiento,De 90 a 110 litros (hasta 6 personas)
788,1,1,7,3,1,1,4,Solar,Nuevo,No le da mantenimiento,De 70 a 80 litros (hasta 4 personas)
789,1,1,7,6,1,2,4,Solar,Nuevo,No le da mantenimiento,Más de 140 litros (más de 7 personas)
791,1,1,7,3,1,2,4,Solar,Nuevo,No le da mantenimiento,De 70 a 80 litros (hasta 4 personas)
794,1,1,7,3,1,1,4,Solar,Nuevo,No le da mantenimiento,De 70 a 80 litros (hasta 4 personas)
797,1,1,7,3,1,10,2,Solar,Nuevo,Cada año,De 70 a 80 litros (hasta 4 personas)
798,1,1,7,5,1,99,4,Solar,Nuevo,No le da mantenimiento,De 120 a 140 litros (hasta 7 personas)
799,1,1,7,3,1,2,4,Solar,Nuevo,No le da mantenimiento,De 70 a 80 litros (hasta 4 personas)
800,1,1,7,6,1,3,4,Solar,Nuevo,No le da mantenimiento,Más de 140 litros (más de 7 personas)
801,1,1,7,4,1,6,4,Solar,Nuevo,No le da mantenimiento,De 90 a 110 litros (hasta 6 personas)
803,1,1,7,4,1,1,4,Solar,Nuevo,No le da mantenimiento,De 90 a 110 litros (hasta 6 personas)
804,1,1,7,5,1,2,4,Solar,Nuevo,No le da mantenimiento,De 120 a 140 litros (hasta 7 personas)
810,1,1,7,4,1,2,4,Solar,Nuevo,No le da mantenimiento,De 90 a 110 litros (hasta 6 personas)
812,1,1,6,1,1,15,4,De leña,Nuevo,No le da mantenimiento,De 38 a 40 litros (hasta 2 personas)
813,1,1,1,3,1,4,4,De gas con deposito,Nuevo,No le da mantenimiento,De 70 a 80 litros (hasta 4 personas)
814,1,1,7,3,2,4,4,Solar,Usado,No le da mantenimiento,De 70 a 80 litros (hasta 4 personas)
816,1,1,7,2,1,2,4,Solar,Nuevo,No le da mantenimiento,De 50 a 60 litros (hasta 3 personas)
817,1,1,7,4,1,3,2,Solar,Nuevo,Cada año,De 90 a 110 litros (hasta 6 personas)
818,1,1,7,4,1,2,2,Solar,Nuevo,Cada año,De 90 a 110 litros (hasta 6 personas)
819,1,1,7,3,1,4,2,Solar,Nuevo,Cada año,De 70 a 80 litros (hasta 4 personas)
820,1,2,7,9,1,2,2,Solar,Nuevo,Cada año,No sabe
820,1,1,2,0,1,7,1,De gas de rápida recuperación,Nuevo,Cada 6 meses,
821,1,1,7,4,1,2,2,Solar,Nuevo,Cada año,De 90 a 110 litros (hasta 6 personas)
822,1,1,7,3,1,4,4,Solar,Nuevo,No le da mantenimiento,De 70 a 80 litros (hasta 4 personas)
823,1,1,1,3,1,3,3,De gas con deposito,Nuevo,Cada 2 años,De 70 a 80 litros (hasta 4 personas)
824,1,1,6,1,2,5,1,De leña,Usado,Cada 6 meses,De 38 a 40 litros (hasta 2 personas)
825,1,1,1,3,2,3,2,De gas con deposito,Usado,Cada año,De 70 a 80 litros (hasta 4 personas)
826,1,1,7,3,1,3,1,Solar,Nuevo,Cada 6 meses,De 70 a 80 litros (hasta 4 personas)
828,1,1,7,3,1,1,4,Solar,Nuevo,No le da mantenimiento,De 70 a 80 litros (hasta 4 personas)
835,1,1,7,3,1,3,2,Solar,Nuevo,Cada año,De 70 a 80 litros (hasta 4 personas)
837,1,1,1,9,1,15,4,De gas con deposito,Nuevo,No le da mantenimiento,No sabe
846,1,1,2,0,1,1,4,De gas de rápida recuperación,Nuevo,No le da mantenimiento,
847,1,1,6,9,2,99,4,De leña,Usado,No le da mantenimiento,No sabe
848,1,1,7,3,1,2,4,Solar,Nuevo,No le da mantenimiento,De 70 a 80 litros (hasta 4 personas)
849,1,1,6,9,2,99,4,De leña,Usado,No le da mantenimiento,No sabe
853,1,1,1,1,1,3,1,De gas con deposito,Nuevo,Cada 6 meses,De 38 a 40 litros (hasta 2 personas)
854,1,1,1,3,2,2,1,De gas con deposito,Usado,Cada 6 meses,De 70 a 80 litros (hasta 4 personas)
855,1,1,1,9,1,11,4,De gas con deposito,Nuevo,No le da mantenimiento,No sabe
856,1,1,7,4,1,3,2,Solar,Nuevo,Cada año,De 90 a 110 litros (hasta 6 personas)
857,1,1,1,9,1,3,4,De gas con deposito,Nuevo,No le da mantenimiento,No sabe
858,1,1,3,0,1,9,4,De gas instantáneo de paso,Nuevo,No le da mantenimiento,
859,1,1,1,3,1,7,4,De gas con deposito,Nuevo,No le da mantenimiento,De 70 a 80 litros (hasta 4 personas)
860,1,1,3,0,1,1,4,De gas instantáneo de paso,Nuevo,No le da mantenimiento,
861,1,2,7,5,1,1,4,Solar,Nuevo,No le da mantenimiento,De 120 a 140 litros (hasta 7 personas)
861,1,1,1,2,1,7,4,De gas con deposito,Nuevo,No le da mantenimiento,De 50 a 60 litros (hasta 3 personas)
862,1,1,7,3,1,1,4,Solar,Nuevo,No le da mantenimiento,De 70 a 80 litros (hasta 4 personas)
866,1,1,7,4,1,4,4,Solar,Nuevo,No le da mantenimiento,De 90 a 110 litros (hasta 6 personas)
867,1,1,1,1,1,5,3,De gas con deposito,Nuevo,Cada 2 años,De 38 a 40 litros (hasta 2 personas)
869,1,1,1,9,1,5,4,De gas con deposito,Nuevo,No le da mantenimiento,No sabe
871,1,1,7,6,1,2,1,Solar,Nuevo,Cada 6 meses,Más de 140 litros (más de 7 personas)
872,1,1,2,0,1,5,1,De gas de rápida recuperación,Nuevo,Cada 6 meses,
873,1,1,1,3,2,6,4,De gas con deposito,Usado,No le da mantenimiento,De 70 a 80 litros (hasta 4 personas)
874,1,1,1,3,1,3,2,De gas con deposito,Nuevo,Cada año,De 70 a 80 litros (hasta 4 personas)
875,1,1,7,3,1,2,2,Solar,Nuevo,Cada año,De 70 a 80 litros (hasta 4 personas)
876,1,1,1,3,1,6,1,De gas con deposito,Nuevo,Cada 6 meses,De 70 a 80 litros (hasta 4 personas)
877,1,1,1,4,1,6,2,De gas con deposito,Nuevo,Cada año,De 90 a 110 litros (hasta 6 personas)
878,1,1,1,3,1,5,2,De gas con deposito,Nuevo,Cada año,De 70 a 80 litros (hasta 4 personas)
879,1,1,1,9,1,2,1,De gas con deposito,Nuevo,Cada 6 meses,No sabe
880,1,1,2,0,1,3,2,De gas de rápida recuperación,Nuevo,Cada año,
881,1,1,7,4,1,2,4,Solar,Nuevo,No le da mantenimiento,De 90 a 110 litros (hasta 6 personas)
882,1,1,2,0,2,99,1,De gas de rápida recuperación,Usado,Cada 6 meses,
883,1,2,7,2,1,1,1,Solar,Nuevo,Cada 6 meses,De 50 a 60 litros (hasta 3 personas)
883,1,1,2,0,1,1,1,De gas de rápida recuperación,Nuevo,Cada 6 meses,
884,1,1,7,4,1,3,4,Solar,Nuevo,No le da mantenimiento,De 90 a 110 litros (hasta 6 personas)
885,1,1,4,0,1,2,4,Eléctrico instantáneo de paso,Nuevo,No le da mantenimiento,
885,1,2,7,4,1,2,1,Solar,Nuevo,Cada 6 meses,De 90 a 110 litros (hasta 6 personas)
886,1,1,7,3,1,1,4,Solar,Nuevo,No le da mantenimiento,De 70 a 80 litros (hasta 4 personas)
887,1,1,2,0,1,7,1,De gas de rápida recuperación,Nuevo,Cada 6 meses,
889,1,1,7,4,1,2,2,Solar,Nuevo,Cada año,De 90 a 110 litros (hasta 6 personas)
891,1,1,7,3,1,2,4,Solar,Nuevo,No le da mantenimiento,De 70 a 80 litros (hasta 4 personas)
892,1,1,6,3,1,3,4,De leña,Nuevo,No le da mantenimiento,De 70 a 80 litros (hasta 4 personas)
893,1,1,7,1,1,3,4,Solar,Nuevo,No le da mantenimiento,De 38 a 40 litros (hasta 2 personas)
894,1,1,7,2,1,2,1,Solar,Nuevo,Cada 6 meses,De 50 a 60 litros (hasta 3 personas)
899,1,1,7,4,1,2,4,Solar,Nuevo,No le da mantenimiento,De 90 a 110 litros (hasta 6 personas)
901,1,1,7,4,1,6,4,Solar,Nuevo,No le da mantenimiento,De 90 a 110 litros (hasta 6 personas)
903,1,1,6,4,2,5,4,De leña,Usado,No le da mantenimiento,De 90 a 110 litros (hasta 6 personas)
904,1,1,7,5,1,1,4,Solar,Nuevo,No le da mantenimiento,De 120 a 140 litros (hasta 7 personas)
905,1,1,7,3,1,5,4,Solar,Nuevo,No le da mantenimiento,De 70 a 80 litros (hasta 4 personas)
906,1,1,7,3,1,10,2,Solar,Nuevo,Cada año,De 70 a 80 litros (hasta 4 personas)
907,1,1,1,2,1,1,4,De gas con deposito,Nuevo,No le da mantenimiento,De 50 a 60 litros (hasta 3 personas)
908,1,1,7,3,1,7,4,Solar,Nuevo,No le da mantenimiento,De 70 a 80 litros (hasta 4 personas)
909,1,1,7,3,1,5,2,Solar,Nuevo,Cada año,De 70 a 80 litros (hasta 4 personas)
910,1,1,7,3,1,2,4,Solar,Nuevo,No le da mantenimiento,De 70 a 80 litros (hasta 4 personas)
912,1,1,7,3,1,5,3,Solar,Nuevo,Cada 2 años,De 70 a 80 litros (hasta 4 personas)
913,1,1,7,3,1,1,4,Solar,Nuevo,No le da mantenimiento,De 70 a 80 litros (hasta 4 personas)
914,1,1,7,1,1,3,4,Solar,Nuevo,No le da mantenimiento,De 38 a 40 litros (hasta 2 personas)
915,1,1,7,5,1,9,4,Solar,Nuevo,No le da mantenimiento,De 120 a 140 litros (hasta 7 personas)
916,1,1,7,6,1,5,4,Solar,Nuevo,No le da mantenimiento,Más de 140 litros (más de 7 personas)
917,1,1,4,0,1,5,4,Eléctrico instantáneo de paso,Nuevo,No le da mantenimiento,
918,1,1,7,6,1,15,3,Solar,Nuevo,Cada 2 años,Más de 140 litros (más de 7 personas)
919,1,1,7,4,1,3,4,Solar,Nuevo,No le da mantenimiento,De 90 a 110 litros (hasta 6 personas)
920,1,1,7,3,1,4,4,Solar,Nuevo,No le da mantenimiento,De 70 a 80 litros (hasta 4 personas)
921,1,1,1,1,1,2,1,De gas con deposito,Nuevo,Cada 6 meses,De 38 a 40 litros (hasta 2 personas)
923,1,1,7,1,1,1,2,Solar,Nuevo,Cada año,De 38 a 40 litros (hasta 2 personas)
925,1,1,7,9,1,1,4,Solar,Nuevo,No le da mantenimiento,No sabe
927,1,1,3,0,1,1,4,De gas instantáneo de paso,Nuevo,No le da mantenimiento,
930,1,1,3,0,1,4,4,De gas instantáneo de paso,Nuevo,No le da mantenimiento,
932,1,1,1,1,2,99,4,De gas con deposito,Usado,No le da mantenimiento,De 38 a 40 litros (hasta 2 personas)
933,1,1,1,1,1,1,4,De gas con deposito,Nuevo,No le da mantenimiento,De 38 a 40 litros (hasta 2 personas)
934,1,1,1,1,2,99,4,De gas con deposito,Usado,No le da mantenimiento,De 38 a 40 litros (hasta 2 personas)
935,1,1,1,2,1,15,2,De gas con deposito,Nuevo,Cada año,De 50 a 60 litros (hasta 3 personas)
942,1,1,3,0,1,4,2,De gas instantáneo de paso,Nuevo,Cada año,
944,1,1,3,0,1,8,2,De gas instantáneo de paso,Nuevo,Cada año,
945,1,1,3,0,1,2,2,De gas instantáneo de paso,Nuevo,Cada año,
946,1,1,1,4,1,2,1,De gas con deposito,Nuevo,Cada 6 meses,De 90 a 110 litros (hasta 6 personas)
947,1,1,3,0,1,1,4,De gas instantáneo de paso,Nuevo,No le da mantenimiento,
948,1,1,3,0,1,1,4,De gas instantáneo de paso,Nuevo,No le da mantenimiento,
949,1,1,1,4,1,4,4,De gas con deposito,Nuevo,No le da mantenimiento,De 90 a 110 litros (hasta 6 personas)
951,1,1,3,0,1,4,4,De gas instantáneo de paso,Nuevo,No le da mantenimiento,
953,1,1,3,0,1,3,4,De gas instantáneo de paso,Nuevo,No le da mantenimiento,
954,1,1,3,0,1,1,4,De gas instantáneo de paso,Nuevo,No le da mantenimiento,
955,1,1,3,0,1,6,4,De gas instantáneo de paso,Nuevo,No le da mantenimiento,
956,1,1,1,3,1,99,4,De gas con deposito,Nuevo,No le da mantenimiento,De 70 a 80 litros (hasta 4 personas)
957,1,1,1,2,1,1,4,De gas con deposito,Nuevo,No le da mantenimiento,De 50 a 60 litros (hasta 3 personas)
960,1,1,3,0,1,5,2,De gas instantáneo de paso,Nuevo,Cada año,
961,1,1,3,0,2,2,4,De gas instantáneo de paso,Usado,No le da mantenimiento,
963,1,1,3,0,2,3,4,De gas instantáneo de paso,Usado,No le da mantenimiento,
966,1,1,3,0,1,3,4,De gas instantáneo de paso,Nuevo,No le da mantenimiento,
969,1,1,1,3,1,2,1,De gas con deposito,Nuevo,Cada 6 meses,De 70 a 80 litros (hasta 4 personas)
971,1,1,1,5,1,99,2,De gas con deposito,Nuevo,Cada año,De 120 a 140 litros (hasta 7 personas)
973,1,1,3,0,1,1,4,De gas instantáneo de paso,Nuevo,No le da mantenimiento,
975,1,1,3,0,1,2,2,De gas instantáneo de paso,Nuevo,Cada año,
976,1,1,3,0,1,2,4,De gas instantáneo de paso,Nuevo,No le da mantenimiento,
977,1,1,3,0,1,1,4,De gas instantáneo de paso,Nuevo,No le da mantenimiento,
980,1,1,1,2,1,2,4,De gas con deposito,Nuevo,No le da mantenimiento,De 50 a 60 litros (hasta 3 personas)
985,1,1,3,0,1,2,4,De gas instantáneo de paso,Nuevo,No le da mantenimiento,
991,1,1,3,0,2,2,4,De gas instantáneo de paso,Usado,No le da mantenimiento,
992,1,1,3,0,1,8,4,De gas instantáneo de paso,Nuevo,No le da mantenimiento,
993,1,1,3,0,1,3,4,De gas instantáneo de paso,Nuevo,No le da mantenimiento,
994,1,1,3,0,1,5,2,De gas instantáneo de paso,Nuevo,Cada año,
995,1,1,3,0,1,6,4,De gas instantáneo de paso,Nuevo,No le da mantenimiento,
996,1,1,3,0,1,3,1,De gas instantáneo de paso,Nuevo,Cada 6 meses,
997,1,1,3,0,1,3,1,De gas instantáneo de paso,Nuevo,Cada 6 meses,
998,1,1,3,0,2,99,4,De gas instantáneo de paso,Usado,No le da mantenimiento,
1000,1,1,3,0,1,6,2,De gas instantáneo de paso,Nuevo,Cada año,
1001,1,1,3,0,1,8,4,De gas instantáneo de paso,Nuevo,No le da mantenimiento,
1003,1,1,3,0,1,6,2,De gas instantáneo de paso,Nuevo,Cada año,
1009,1,1,3,0,1,4,2,De gas instantáneo de paso,Nuevo,Cada año,
1010,1,1,1,3,1,10,4,De gas con deposito,Nuevo,No le da mantenimiento,De 70 a 80 litros (hasta 4 personas)
1011,1,1,4,0,1,1,1,Eléctrico instantáneo de paso,Nuevo,Cada 6 meses,
1012,1,1,3,0,2,2,2,De gas instantáneo de paso,Usado,Cada año,
1013,1,1,2,0,2,30,4,De gas de rápida recuperación,Usado,No le da mantenimiento,
1014,1,1,4,0,1,1,4,Eléctrico instantáneo de paso,Nuevo,No le da mantenimiento,
1018,1,1,3,0,1,3,2,De gas instantáneo de paso,Nuevo,Cada año,
1019,1,1,4,0,1,4,4,Eléctrico instantáneo de paso,Nuevo,No le da mantenimiento,
1020,1,1,3,0,1,3,1,De gas instantáneo de paso,Nuevo,Cada 6 meses,
1021,1,1,4,0,1,2,4,Eléctrico instantáneo de paso,Nuevo,No le da mantenimiento,
1022,1,1,3,0,1,4,1,De gas instantáneo de paso,Nuevo,Cada 6 meses,
1023,1,1,4,0,1,2,4,Eléctrico instantáneo de paso,Nuevo,No le da mantenimiento,
1025,1,1,4,0,1,5,4,Eléctrico instantáneo de paso,Nuevo,No le da mantenimiento,
1026,1,1,5,3,1,2,1,Eléctrico con depósito,Nuevo,Cada 6 meses,De 70 a 80 litros (hasta 4 personas)
1028,1,1,3,0,1,6,4,De gas instantáneo de paso,Nuevo,No le da mantenimiento,
1029,1,1,3,0,1,4,4,De gas instantáneo de paso,Nuevo,No le da mantenimiento,
1030,1,1,4,0,1,5,2,Eléctrico instantáneo de paso,Nuevo,Cada año,
1031,1,1,4,0,1,12,2,Eléctrico instantáneo de paso,Nuevo,Cada año,
1032,1,1,4,0,1,1,4,Eléctrico instantáneo de paso,Nuevo,No le da mantenimiento,
1033,1,1,1,4,1,2,4,De gas con deposito,Nuevo,No le da mantenimiento,De 90 a 110 litros (hasta 6 personas)
1034,1,1,3,0,2,1,4,De gas instantáneo de paso,Usado,No le da mantenimiento,
1035,1,1,5,2,1,9,4,Eléctrico con depósito,Nuevo,No le da mantenimiento,De 50 a 60 litros (hasta 3 personas)
1036,1,1,1,4,1,2,4,De gas con deposito,Nuevo,No le da mantenimiento,De 90 a 110 litros (hasta 6 personas)
1037,1,1,3,0,1,2,4,De gas instantáneo de paso,Nuevo,No le da mantenimiento,
1038,1,1,3,0,1,2,4,De gas instantáneo de paso,Nuevo,No le da mantenimiento,
1038,1,2,3,0,1,1,4,De gas instantáneo de paso,Nuevo,No le da mantenimiento,
1039,1,1,1,1,1,5,4,De gas con deposito,Nuevo,No le da mantenimiento,De 38 a 40 litros (hasta 2 personas)
1041,1,1,2,0,2,99,4,De gas de rápida recuperación,Usado,No le da mantenimiento,
1042,1,1,4,0,1,1,4,Eléctrico instantáneo de paso,Nuevo,No le da mantenimiento,
1043,1,1,4,0,1,3,2,Eléctrico instantáneo de paso,Nuevo,Cada año,
1044,1,1,2,0,1,5,1,De gas de rápida recuperación,Nuevo,Cada 6 meses,
1046,1,1,5,9,2,8,4,Eléctrico con depósito,Usado,No le da mantenimiento,No sabe
1047,1,1,1,3,1,2,4,De gas con deposito,Nuevo,No le da mantenimiento,De 70 a 80 litros (hasta 4 personas)
1050,1,1,1,4,2,4,4,De gas con deposito,Usado,No le da mantenimiento,De 90 a 110 litros (hasta 6 personas)
1051,1,1,1,4,1,4,4,De gas con deposito,Nuevo,No le da mantenimiento,De 90 a 110 litros (hasta 6 personas)
1052,1,1,1,9,2,99,2,De gas con deposito,Usado,Cada año,No sabe
1053,1,1,4,0,1,5,4,Eléctrico instantáneo de paso,Nuevo,No le da mantenimiento,
1054,1,1,5,3,1,4,1,Eléctrico con depósito,Nuevo,Cada 6 meses,De 70 a 80 litros (hasta 4 personas)
1055,1,1,4,0,1,1,4,Eléctrico instantáneo de paso,Nuevo,No le da mantenimiento,
1058,1,1,3,0,1,3,4,De gas instantáneo de paso,Nuevo,No le da mantenimiento,
1059,1,1,5,1,1,2,4,Eléctrico con depósito,Nuevo,No le da mantenimiento,De 38 a 40 litros (hasta 2 personas)
1060,1,1,3,0,1,3,4,De gas instantáneo de paso,Nuevo,No le da mantenimiento,
1061,1,1,3,0,1,2,4,De gas instantáneo de paso,Nuevo,No le da mantenimiento,
1062,1,1,3,0,1,1,4,De gas instantáneo de paso,Nuevo,No le da mantenimiento,
1063,1,1,1,3,1,10,2,De gas con deposito,Nuevo,Cada año,De 70 a 80 litros (hasta 4 personas)
1066,1,1,3,0,1,4,4,De gas instantáneo de paso,Nuevo,No le da mantenimiento,
1067,1,1,4,0,1,4,4,Eléctrico instantáneo de paso,Nuevo,No le da mantenimiento,
1068,1,1,1,4,1,8,1,De gas con deposito,Nuevo,Cada 6 meses,De 90 a 110 litros (hasta 6 personas)
1069,1,1,1,1,1,3,4,De gas con deposito,Nuevo,No le da mantenimiento,De 38 a 40 litros (hasta 2 personas)
1070,1,1,5,1,1,5,2,Eléctrico con depósito,Nuevo,Cada año,De 38 a 40 litros (hasta 2 personas)
1071,1,1,1,2,1,7,2,De gas con deposito,Nuevo,Cada año,De 50 a 60 litros (hasta 3 personas)
1074,1,1,5,1,1,2,3,Eléctrico con depósito,Nuevo,Cada 2 años,De 38 a 40 litros (hasta 2 personas)
1075,1,1,5,1,2,5,2,Eléctrico con depósito,Usado,Cada año,De 38 a 40 litros (hasta 2 personas)
1076,1,1,4,0,1,2,4,Eléctrico instantáneo de paso,Nuevo,No le da mantenimiento,
1079,1,1,3,0,1,1,4,De gas instantáneo de paso,Nuevo,No le da mantenimiento,
1081,1,1,2,0,1,2,4,De gas de rápida recuperación,Nuevo,No le da mantenimiento,
1082,1,1,3,0,1,4,4,De gas instantáneo de paso,Nuevo,No le da mantenimiento,
1083,1,1,1,4,1,10,4,De gas con deposito,Nuevo,No le da mantenimiento,De 90 a 110 litros (hasta 6 personas)
1084,1,1,3,0,1,1,4,De gas instantáneo de paso,Nuevo,No le da mantenimiento,
1085,1,1,1,3,1,3,4,De gas con deposito,Nuevo,No le da mantenimiento,De 70 a 80 litros (hasta 4 personas)
1086,1,1,4,0,1,2,4,Eléctrico instantáneo de paso,Nuevo,No le da mantenimiento,
1087,1,1,1,3,1,8,4,De gas con deposito,Nuevo,No le da mantenimiento,De 70 a 80 litros (hasta 4 personas)
1088,1,1,4,0,1,1,4,Eléctrico instantáneo de paso,Nuevo,No le da mantenimiento,
1089,1,1,1,1,1,6,3,De gas con deposito,Nuevo,Cada 2 años,De 38 a 40 litros (hasta 2 personas)
1090,1,1,1,1,1,1,4,De gas con deposito,Nuevo,No le da mantenimiento,De 38 a 40 litros (hasta 2 personas)
1091,1,1,4,0,1,5,4,Eléctrico instantáneo de paso,Nuevo,No le da mantenimiento,
1092,1,1,3,0,1,3,4,De gas instantáneo de paso,Nuevo,No le da mantenimiento,
1095,1,1,4,0,1,14,4,Eléctrico instantáneo de paso,Nuevo,No le da mantenimiento,
1097,1,1,4,0,1,3,1,Eléctrico instantáneo de paso,Nuevo,Cada 6 meses,
1099,1,1,4,0,1,6,4,Eléctrico instantáneo de paso,Nuevo,No le da mantenimiento,
1100,1,1,1,4,2,1,2,De gas con deposito,Usado,Cada año,De 90 a 110 litros (hasta 6 personas)
1101,1,1,3,0,1,3,4,De gas instantáneo de paso,Nuevo,No le da mantenimiento,
1106,1,1,3,0,1,1,4,De gas instantáneo de paso,Nuevo,No le da mantenimiento,
1107,1,1,2,0,1,1,4,De gas de rápida recuperación,Nuevo,No le da mantenimiento,
1108,1,1,5,4,1,10,4,Eléctrico con depósito,Nuevo,No le da mantenimiento,De 90 a 110 litros (hasta 6 personas)
1110,1,1,1,2,2,1,4,De gas con deposito,Usado,No le da mantenimiento,De 50 a 60 litros (hasta 3 personas)
1111,1,1,3,0,2,5,4,De gas instantáneo de paso,Usado,No le da mantenimiento,
1113,1,1,3,0,1,8,1,De gas instantáneo de paso,Nuevo,Cada 6 meses,
1114,1,1,4,0,1,5,4,Eléctrico instantáneo de paso,Nuevo,No le da mantenimiento,
1116,1,1,1,4,2,2,2,De gas con deposito,Usado,Cada año,De 90 a 110 litros (hasta 6 personas)
1120,1,1,3,0,1,3,2,De gas instantáneo de paso,Nuevo,Cada año,
1121,1,1,1,2,2,10,2,De gas con deposito,Usado,Cada año,De 50 a 60 litros (hasta 3 personas)
1122,1,1,5,4,1,14,4,Eléctrico con depósito,Nuevo,No le da mantenimiento,De 90 a 110 litros (hasta 6 personas)
1123,1,1,1,1,2,5,2,De gas con deposito,Usado,Cada año,De 38 a 40 litros (hasta 2 personas)
1124,1,1,5,2,1,1,4,Eléctrico con depósito,Nuevo,No le da mantenimiento,De 50 a 60 litros (hasta 3 personas)
1125,1,1,4,0,1,1,2,Eléctrico instantáneo de paso,Nuevo,Cada año,
1126,1,1,3,0,1,6,2,De gas instantáneo de paso,Nuevo,Cada año,
1127,1,1,5,1,1,5,1,Eléctrico con depósito,Nuevo,Cada 6 meses,De 38 a 40 litros (hasta 2 personas)
1128,1,1,5,1,1,5,4,Eléctrico con depósito,Nuevo,No le da mantenimiento,De 38 a 40 litros (hasta 2 personas)
1131,1,1,5,1,1,7,4,Eléctrico con depósito,Nuevo,No le da mantenimiento,De 38 a 40 litros (hasta 2 personas)
1133,1,1,3,0,1,3,4,De gas instantáneo de paso,Nuevo,No le da mantenimiento,
1135,1,1,1,4,1,5,2,De gas con deposito,Nuevo,Cada año,De 90 a 110 litros (hasta 6 personas)
1137,1,1,5,2,1,4,4,Eléctrico con depósito,Nuevo,No le da mantenimiento,De 50 a 60 litros (hasta 3 personas)
1138,1,1,4,0,1,5,4,Eléctrico instantáneo de paso,Nuevo,No le da mantenimiento,
1139,1,1,4,0,1,9,4,Eléctrico instantáneo de paso,Nuevo,No le da mantenimiento,
1140,1,1,4,0,1,1,4,Eléctrico instantáneo de paso,Nuevo,No le da mantenimiento,
1141,1,1,5,1,1,1,1,Eléctrico con depósito,Nuevo,Cada 6 meses,De 38 a 40 litros (hasta 2 personas)
1142,1,1,4,0,2,1,4,Eléctrico instantáneo de paso,Usado,No le da mantenimiento,
1143,1,1,3,0,1,1,4,De gas instantáneo de paso,Nuevo,No le da mantenimiento,
1144,1,1,3,0,1,2,2,De gas instantáneo de paso,Nuevo,Cada año,
1145,1,1,3,0,1,5,4,De gas instantáneo de paso,Nuevo,No le da mantenimiento,
1146,1,1,1,3,1,10,3,De gas con deposito,Nuevo,Cada 2 años,De 70 a 80 litros (hasta 4 personas)
1147,1,1,3,0,1,3,4,De gas instantáneo de paso,Nuevo,No le da mantenimiento,
1148,1,1,3,0,1,3,4,De gas instantáneo de paso,Nuevo,No le da mantenimiento,
1149,1,1,3,0,1,10,3,De gas instantáneo de paso,Nuevo,Cada 2 años,
1153,1,1,3,0,1,1,4,De gas instantáneo de paso,Nuevo,No le da mantenimiento,
1155,1,1,3,0,1,3,2,De gas instantáneo de paso,Nuevo,Cada año,
1156,1,1,3,0,1,3,1,De gas instantáneo de paso,Nuevo,Cada 6 meses,
1157,1,1,3,0,1,2,4,De gas instantáneo de paso,Nuevo,No le da mantenimiento,
1158,1,1,3,0,1,3,4,De gas instantáneo de paso,Nuevo,No le da mantenimiento,
1161,1,1,3,0,1,2,4,De gas instantáneo de paso,Nuevo,No le da mantenimiento,
1162,1,1,3,0,1,1,4,De gas instantáneo de paso,Nuevo,No le da mantenimiento,
1166,1,1,1,1,1,3,2,De gas con deposito,Nuevo,Cada año,De 38 a 40 litros (hasta 2 personas)
1167,1,1,5,3,1,10,1,Eléctrico con depósito,Nuevo,Cada 6 meses,De 70 a 80 litros (hasta 4 personas)
1168,1,1,1,4,1,10,1,De gas con deposito,Nuevo,Cada 6 meses,De 90 a 110 litros (hasta 6 personas)
1169,1,1,1,4,1,3,4,De gas con deposito,Nuevo,No le da mantenimiento,De 90 a 110 litros (hasta 6 personas)
1172,1,1,5,2,1,2,4,Eléctrico con depósito,Nuevo,No le da mantenimiento,De 50 a 60 litros (hasta 3 personas)
1173,1,1,5,4,1,6,4,Eléctrico con depósito,Nuevo,No le da mantenimiento,De 90 a 110 litros (hasta 6 personas)
1178,1,1,1,4,1,4,1,De gas con deposito,Nuevo,Cada 6 meses,De 90 a 110 litros (hasta 6 personas)
1179,1,1,3,0,1,2,4,De gas instantáneo de paso,Nuevo,No le da mantenimiento,
1180,1,1,3,0,1,5,4,De gas instantáneo de paso,Nuevo,No le da mantenimiento,
1181,1,1,1,4,2,3,1,De gas con deposito,Usado,Cada 6 meses,De 90 a 110 litros (hasta 6 personas)
1182,1,1,1,1,2,99,1,De gas con deposito,Usado,Cada 6 meses,De 38 a 40 litros (hasta 2 personas)
1183,1,1,4,0,1,3,4,Eléctrico instantáneo de paso,Nuevo,No le da mantenimiento,
1184,1,1,3,0,1,2,4,De gas instantáneo de paso,Nuevo,No le da mantenimiento,
1185,1,1,3,0,1,1,4,De gas instantáneo de paso,Nuevo,No le da mantenimiento,
1186,1,1,1,3,1,10,1,De gas con deposito,Nuevo,Cada 6 meses,De 70 a 80 litros (hasta 4 personas)
1192,1,1,2,0,1,6,1,De gas de rápida recuperación,Nuevo,Cada 6 meses,
1193,1,1,1,1,1,3,1,De gas con deposito,Nuevo,Cada 6 meses,De 38 a 40 litros (hasta 2 personas)
1194,1,1,1,3,1,8,1,De gas con deposito,Nuevo,Cada 6 meses,De 70 a 80 litros (hasta 4 personas)
1195,1,1,3,0,1,1,4,De gas instantáneo de paso,Nuevo,No le da mantenimiento,
1199,1,1,3,0,1,2,4,De gas instantáneo de paso,Nuevo,No le da mantenimiento,
1200,1,1,3,0,1,5,1,De gas instantáneo de paso,Nuevo,Cada 6 meses,
1201,1,1,1,3,1,3,1,De gas con deposito,Nuevo,Cada 6 meses,De 70 a 80 litros (hasta 4 personas)
1203,1,1,3,0,1,2,4,De gas instantáneo de paso,Nuevo,No le da mantenimiento,
1204,1,1,2,0,2,99,4,De gas de rápida recuperación,Usado,No le da mantenimiento,
1205,1,1,1,2,1,10,2,De gas con deposito,Nuevo,Cada año,De 50 a 60 litros (hasta 3 personas)
1209,1,1,3,0,1,1,4,De gas instantáneo de paso,Nuevo,No le da mantenimiento,
1210,1,1,3,0,1,1,1,De gas instantáneo de paso,Nuevo,Cada 6 meses,
1211,1,1,3,0,1,4,2,De gas instantáneo de paso,Nuevo,Cada año,
1212,1,1,3,0,1,1,4,De gas instantáneo de paso,Nuevo,No le da mantenimiento,
1213,1,1,3,0,2,1,4,De gas instantáneo de paso,Usado,No le da mantenimiento,
1215,1,1,3,0,1,1,4,De gas instantáneo de paso,Nuevo,No le da mantenimiento,
1216,1,1,3,0,1,3,4,De gas instantáneo de paso,Nuevo,No le da mantenimiento,
1219,1,1,1,3,1,12,4,De gas con deposito,Nuevo,No le da mantenimiento,De 70 a 80 litros (hasta 4 personas)
1220,1,1,3,0,1,8,1,De gas instantáneo de paso,Nuevo,Cada 6 meses,
1222,1,1,3,0,1,2,4,De gas instantáneo de paso,Nuevo,No le da mantenimiento,
1225,1,1,3,0,1,4,4,De gas instantáneo de paso,Nuevo,No le da mantenimiento,
1226,1,1,2,0,1,3,1,De gas de rápida recuperación,Nuevo,Cada 6 meses,
1227,1,1,3,0,1,5,2,De gas instantáneo de paso,Nuevo,Cada año,
1228,1,1,3,0,1,2,1,De gas instantáneo de paso,Nuevo,Cada 6 meses,
1229,1,1,3,0,1,1,4,De gas instantáneo de paso,Nuevo,No le da mantenimiento,
1230,1,1,1,2,2,99,3,De gas con deposito,Usado,Cada 2 años,De 50 a 60 litros (hasta 3 personas)
1231,1,1,1,2,2,2,4,De gas con deposito,Usado,No le da mantenimiento,De 50 a 60 litros (hasta 3 personas)
1232,1,1,3,0,1,4,4,De gas instantáneo de paso,Nuevo,No le da mantenimiento,
1234,1,1,1,2,1,10,1,De gas con deposito,Nuevo,Cada 6 meses,De 50 a 60 litros (hasta 3 personas)
1240,1,1,3,0,1,2,4,De gas instantáneo de paso,Nuevo,No le da mantenimiento,
1241,1,1,3,0,1,4,2,De gas instantáneo de paso,Nuevo,Cada año,
1242,1,1,1,3,2,5,2,De gas con deposito,Usado,Cada año,De 70 a 80 litros (hasta 4 personas)
1244,1,1,4,0,1,7,2,Eléctrico instantáneo de paso,Nuevo,Cada año,
1245,1,1,1,3,2,10,4,De gas con deposito,Usado,No le da mantenimiento,De 70 a 80 litros (hasta 4 personas)
1246,1,1,1,5,1,6,4,De gas con deposito,Nuevo,No le da mantenimiento,De 120 a 140 litros (hasta 7 personas)
1247,1,1,1,2,1,6,4,De gas con deposito,Nuevo,No le da mantenimiento,De 50 a 60 litros (hasta 3 personas)
1249,1,1,3,0,2,2,4,De gas instantáneo de paso,Usado,No le da mantenimiento,
1250,1,1,1,4,2,3,2,De gas con deposito,Usado,Cada año,De 90 a 110 litros (hasta 6 personas)
1251,1,1,1,4,1,10,1,De gas con deposito,Nuevo,Cada 6 meses,De 90 a 110 litros (hasta 6 personas)
1252,1,1,1,4,2,7,2,De gas con deposito,Usado,Cada año,De 90 a 110 litros (hasta 6 personas)
1253,1,1,3,0,2,1,4,De gas instantáneo de paso,Usado,No le da mantenimiento,
1254,1,1,3,0,1,3,4,De gas instantáneo de paso,Nuevo,No le da mantenimiento,
1255,1,1,1,1,1,4,4,De gas con deposito,Nuevo,No le da mantenimiento,De 38 a 40 litros (hasta 2 personas)
1256,1,1,1,1,1,6,4,De gas con deposito,Nuevo,No le da mantenimiento,De 38 a 40 litros (hasta 2 personas)
1257,1,1,1,3,2,15,4,De gas con deposito,Usado,No le da mantenimiento,De 70 a 80 litros (hasta 4 personas)
1258,1,1,1,1,1,3,4,De gas con deposito,Nuevo,No le da mantenimiento,De 38 a 40 litros (hasta 2 personas)
1259,1,1,1,3,1,1,4,De gas con deposito,Nuevo,No le da mantenimiento,De 70 a 80 litros (hasta 4 personas)
1260,1,1,3,0,1,3,4,De gas instantáneo de paso,Nuevo,No le da mantenimiento,
1261,1,1,1,1,2,3,4,De gas con deposito,Usado,No le da mantenimiento,De 38 a 40 litros (hasta 2 personas)
1267,1,1,2,0,1,8,1,De gas de rápida recuperación,Nuevo,Cada 6 meses,
1268,1,1,4,0,2,99,4,Eléctrico instantáneo de paso,Usado,No le da mantenimiento,
1269,1,1,1,1,1,8,1,De gas con deposito,Nuevo,Cada 6 meses,De 38 a 40 litros (hasta 2 personas)
1270,1,1,1,3,2,8,1,De gas con deposito,Usado,Cada 6 meses,De 70 a 80 litros (hasta 4 personas)
1271,1,1,1,2,1,2,4,De gas con deposito,Nuevo,No le da mantenimiento,De 50 a 60 litros (hasta 3 personas)
1275,1,1,5,9,2,99,4,Eléctrico con depósito,Usado,No le da mantenimiento,No sabe
1276,1,1,1,9,1,10,1,De gas con deposito,Nuevo,Cada 6 meses,No sabe
1278,1,1,1,1,1,1,1,De gas con deposito,Nuevo,Cada 6 meses,De 38 a 40 litros (hasta 2 personas)
1279,1,1,1,1,1,1,4,De gas con deposito,Nuevo,No le da mantenimiento,De 38 a 40 litros (hasta 2 personas)
1280,1,1,1,1,2,1,4,De gas con deposito,Usado,No le da mantenimiento,De 38 a 40 litros (hasta 2 personas)
1281,1,1,2,0,2,1,4,De gas de rápida recuperación,Usado,No le da mantenimiento,
1282,1,1,1,1,2,2,4,De gas con deposito,Usado,No le da mantenimiento,De 38 a 40 litros (hasta 2 personas)
1284,1,1,1,4,1,7,4,De gas con deposito,Nuevo,No le da mantenimiento,De 90 a 110 litros (hasta 6 personas)
1285,1,1,3,0,1,1,4,De gas instantáneo de paso,Nuevo,No le da mantenimiento,
1286,1,1,3,0,1,6,4,De gas instantáneo de paso,Nuevo,No le da mantenimiento,
1287,1,1,3,0,1,5,4,De gas instantáneo de paso,Nuevo,No le da mantenimiento,
1288,1,1,3,0,1,1,4,De gas instantáneo de paso,Nuevo,No le da mantenimiento,
1289,1,1,1,2,1,7,4,De gas con deposito,Nuevo,No le da mantenimiento,De 50 a 60 litros (hasta 3 personas)
1290,1,1,3,0,1,5,3,De gas instantáneo de paso,Nuevo,Cada 2 años,
1291,1,1,3,0,2,2,4,De gas instantáneo de paso,Usado,No le da mantenimiento,
1294,1,1,3,0,1,6,4,De gas instantáneo de paso,Nuevo,No le da mantenimiento,
1296,1,1,1,2,1,2,4,De gas con deposito,Nuevo,No le da mantenimiento,De 50 a 60 litros (hasta 3 personas)
1297,1,1,3,0,1,1,1,De gas instantáneo de paso,Nuevo,Cada 6 meses,
1298,1,1,3,0,1,1,4,De gas instantáneo de paso,Nuevo,No le da mantenimiento,
1299,1,1,3,0,1,1,4,De gas instantáneo de paso,Nuevo,No le da mantenimiento,
1300,1,1,3,0,1,3,4,De gas instantáneo de paso,Nuevo,No le da mantenimiento,
1301,1,1,1,1,2,4,4,De gas con deposito,Usado,No le da mantenimiento,De 38 a 40 litros (hasta 2 personas)
1305,1,1,3,0,1,3,2,De gas instantáneo de paso,Nuevo,Cada año,
1308,1,1,3,0,1,5,4,De gas instantáneo de paso,Nuevo,No le da mantenimiento,
1310,1,1,3,0,1,3,1,De gas instantáneo de paso,Nuevo,Cada 6 meses,
1313,1,1,3,0,1,2,1,De gas instantáneo de paso,Nuevo,Cada 6 meses,
1315,1,1,3,0,1,6,3,De gas instantáneo de paso,Nuevo,Cada 2 años,
1316,1,1,3,0,1,4,4,De gas instantáneo de paso,Nuevo,No le da mantenimiento,
1317,1,1,3,0,1,4,2,De gas instantáneo de paso,Nuevo,Cada año,
1320,1,1,3,0,1,1,4,De gas instantáneo de paso,Nuevo,No le da mantenimiento,
1321,1,1,3,0,1,3,4,De gas instantáneo de paso,Nuevo,No le da mantenimiento,
1322,1,1,3,0,1,4,4,De gas instantáneo de paso,Nuevo,No le da mantenimiento,
1323,1,1,3,0,1,7,4,De gas instantáneo de paso,Nuevo,No le da mantenimiento,
1324,1,1,1,3,1,10,1,De gas con deposito,Nuevo,Cada 6 meses,De 70 a 80 litros (hasta 4 personas)
1325,1,1,3,0,1,3,4,De gas instantáneo de paso,Nuevo,No le da mantenimiento,
1327,1,1,3,0,1,2,4,De gas instantáneo de paso,Nuevo,No le da mantenimiento,
1331,1,1,3,0,1,1,4,De gas instantáneo de paso,Nuevo,No le da mantenimiento,
1332,1,1,3,0,1,1,4,De gas instantáneo de paso,Nuevo,No le da mantenimiento,
1333,1,1,1,1,1,1,2,De gas con deposito,Nuevo,Cada año,De 38 a 40 litros (hasta 2 personas)
1335,1,1,1,3,1,2,1,De gas con deposito,Nuevo,Cada 6 meses,De 70 a 80 litros (hasta 4 personas)
1337,1,1,3,0,1,2,1,De gas instantáneo de paso,Nuevo,Cada 6 meses,
1338,1,1,3,0,1,6,2,De gas instantáneo de paso,Nuevo,Cada año,
1340,1,1,3,0,1,1,4,De gas instantáneo de paso,Nuevo,No le da mantenimiento,
1342,1,1,1,1,1,2,1,De gas con deposito,Nuevo,Cada 6 meses,De 38 a 40 litros (hasta 2 personas)
1343,1,1,2,0,1,3,4,De gas de rápida recuperación,Nuevo,No le da mantenimiento,
1344,1,1,5,9,1,5,1,Eléctrico con depósito,Nuevo,Cada 6 meses,No sabe
1345,1,1,3,0,1,10,2,De gas instantáneo de paso,Nuevo,Cada año,
1346,1,1,5,9,1,3,4,Eléctrico con depósito,Nuevo,No le da mantenimiento,No sabe
1348,1,1,1,6,1,10,1,De gas con deposito,Nuevo,Cada 6 meses,Más de 140 litros (más de 7 personas)
1349,1,1,3,0,1,6,4,De gas instantáneo de paso,Nuevo,No le da mantenimiento,
1352,1,1,3,0,1,3,4,De gas instantáneo de paso,Nuevo,No le da mantenimiento,
1353,1,1,3,0,1,1,4,De gas instantáneo de paso,Nuevo,No le da mantenimiento,
1354,1,1,3,0,1,3,1,De gas instantáneo de paso,Nuevo,Cada 6 meses,
1357,1,1,3,0,1,1,4,De gas instantáneo de paso,Nuevo,No le da mantenimiento,
1359,1,1,3,0,1,8,3,De gas instantáneo de paso,Nuevo,Cada 2 años,
1361,1,1,1,2,1,7,4,De gas con deposito,Nuevo,No le da mantenimiento,De 50 a 60 litros (hasta 3 personas)
1362,1,1,3,0,1,5,2,De gas instantáneo de paso,Nuevo,Cada año,
1363,1,1,1,9,1,99,1,De gas con deposito,Nuevo,Cada 6 meses,No sabe
1364,1,1,3,0,1,4,4,De gas instantáneo de paso,Nuevo,No le da mantenimiento,
1365,1,1,1,9,1,5,3,De gas con deposito,Nuevo,Cada 2 años,No sabe
1366,1,1,1,4,2,99,4,De gas con deposito,Usado,No le da mantenimiento,De 90 a 110 litros (hasta 6 personas)
1368,1,1,1,2,1,7,4,De gas con deposito,Nuevo,No le da mantenimiento,De 50 a 60 litros (hasta 3 personas)
1369,1,1,1,3,1,10,4,De gas con deposito,Nuevo,No le da mantenimiento,De 70 a 80 litros (hasta 4 personas)
1370,1,1,1,4,1,5,4,De gas con deposito,Nuevo,No le da mantenimiento,De 90 a 110 litros (hasta 6 personas)
1371,1,1,3,0,1,4,4,De gas instantáneo de paso,Nuevo,No le da mantenimiento,
1372,1,1,3,0,1,5,4,De gas instantáneo de paso,Nuevo,No le da mantenimiento,
1373,1,1,1,3,1,3,3,De gas con deposito,Nuevo,Cada 2 años,De 70 a 80 litros (hasta 4 personas)
1374,1,1,3,0,1,8,2,De gas instantáneo de paso,Nuevo,Cada año,
1376,1,1,3,0,2,99,4,De gas instantáneo de paso,Usado,No le da mantenimiento,
1377,1,1,1,5,2,15,3,De gas con deposito,Usado,Cada 2 años,De 120 a 140 litros (hasta 7 personas)
1378,1,1,3,0,1,1,4,De gas instantáneo de paso,Nuevo,No le da mantenimiento,
1385,1,1,1,1,1,7,4,De gas con deposito,Nuevo,No le da mantenimiento,De 38 a 40 litros (hasta 2 personas)
1387,1,1,3,0,1,2,4,De gas instantáneo de paso,Nuevo,No le da mantenimiento,
1389,1,1,5,1,1,4,4,Eléctrico con depósito,Nuevo,No le da mantenimiento,De 38 a 40 litros (hasta 2 personas)
1394,1,1,3,0,1,1,4,De gas instantáneo de paso,Nuevo,No le da mantenimiento,
1395,1,1,1,3,1,6,1,De gas con deposito,Nuevo,Cada 6 meses,De 70 a 80 litros (hasta 4 personas)
1396,1,1,3,0,1,4,4,De gas instantáneo de paso,Nuevo,No le da mantenimiento,
1397,1,1,3,0,1,2,1,De gas instantáneo de paso,Nuevo,Cada 6 meses,
1398,1,1,3,0,1,2,4,De gas instantáneo de paso,Nuevo,No le da mantenimiento,
1403,1,1,3,0,1,4,2,De gas instantáneo de paso,Nuevo,Cada año,
1404,1,1,1,2,1,1,4,De gas con deposito,Nuevo,No le da mantenimiento,De 50 a 60 litros (hasta 3 personas)
1405,1,1,1,2,1,5,1,De gas con deposito,Nuevo,Cada 6 meses,De 50 a 60 litros (hasta 3 personas)
1406,1,1,1,3,2,10,4,De gas con deposito,Usado,No le da mantenimiento,De 70 a 80 litros (hasta 4 personas)
1407,1,1,1,2,1,5,4,De gas con deposito,Nuevo,No le da mantenimiento,De 50 a 60 litros (hasta 3 personas)
1408,1,1,1,2,2,6,4,De gas con deposito,Usado,No le da mantenimiento,De 50 a 60 litros (hasta 3 personas)
1409,1,1,3,0,1,3,4,De gas instantáneo de paso,Nuevo,No le da mantenimiento,
1411,1,1,3,0,1,3,4,De gas instantáneo de paso,Nuevo,No le da mantenimiento,
1412,1,1,3,0,1,1,4,De gas instantáneo de paso,Nuevo,No le da mantenimiento,
1414,1,1,1,2,1,5,4,De gas con deposito,Nuevo,No le da mantenimiento,De 50 a 60 litros (hasta 3 personas)
1415,1,1,3,0,1,1,4,De gas instantáneo de paso,Nuevo,No le da mantenimiento,
1416,1,1,3,0,1,5,4,De gas instantáneo de paso,Nuevo,No le da mantenimiento,
1419,1,1,1,3,1,16,4,De gas con deposito,Nuevo,No le da mantenimiento,De 70 a 80 litros (hasta 4 personas)
1420,1,1,1,3,1,2,4,De gas con deposito,Nuevo,No le da mantenimiento,De 70 a 80 litros (hasta 4 personas)
1422,1,1,1,1,1,2,4,De gas con deposito,Nuevo,No le da mantenimiento,De 38 a 40 litros (hasta 2 personas)
1423,1,1,2,0,1,1,4,De gas de rápida recuperación,Nuevo,No le da mantenimiento,
1425,1,1,3,0,1,1,4,De gas instantáneo de paso,Nuevo,No le da mantenimiento,
1426,1,1,2,0,1,2,4,De gas de rápida recuperación,Nuevo,No le da mantenimiento,
1428,1,1,3,0,1,2,4,De gas instantáneo de paso,Nuevo,No le da mantenimiento,
1429,1,1,1,2,1,1,4,De gas con deposito,Nuevo,No le da mantenimiento,De 50 a 60 litros (hasta 3 personas)
1431,1,1,1,3,1,3,4,De gas con deposito,Nuevo,No le da mantenimiento,De 70 a 80 litros (hasta 4 personas)
1432,1,1,2,0,1,7,4,De gas de rápida recuperación,Nuevo,No le da mantenimiento,
1435,1,1,3,0,1,1,4,De gas instantáneo de paso,Nuevo,No le da mantenimiento,
1437,1,1,3,0,1,1,4,De gas instantáneo de paso,Nuevo,No le da mantenimiento,
1438,1,1,3,0,1,4,1,De gas instantáneo de paso,Nuevo,Cada 6 meses,
1439,1,1,5,2,2,1,4,Eléctrico con depósito,Usado,No le da mantenimiento,De 50 a 60 litros (hasta 3 personas)
1444,1,1,4,0,1,3,1,Eléctrico instantáneo de paso,Nuevo,Cada 6 meses,
1446,1,1,3,0,1,1,4,De gas instantáneo de paso,Nuevo,No le da mantenimiento,
1448,1,1,3,0,1,1,1,De gas instantáneo de paso,Nuevo,Cada 6 meses,
1449,1,1,3,0,1,1,4,De gas instantáneo de paso,Nuevo,No le da mantenimiento,
1451,1,1,3,0,1,2,4,De gas instantáneo de paso,Nuevo,No le da mantenimiento,
1453,1,1,3,0,1,1,1,De gas instantáneo de paso,Nuevo,Cada 6 meses,
1456,1,1,1,1,1,12,4,De gas con deposito,Nuevo,No le da mantenimiento,De 38 a 40 litros (hasta 2 personas)
1458,1,1,3,0,1,2,4,De gas instantáneo de paso,Nuevo,No le da mantenimiento,
1459,1,1,3,0,1,4,4,De gas instantáneo de paso,Nuevo,No le da mantenimiento,
1460,1,1,3,0,1,4,4,De gas instantáneo de paso,Nuevo,No le da mantenimiento,
1462,1,1,3,0,1,4,1,De gas instantáneo de paso,Nuevo,Cada 6 meses,
1463,1,1,3,0,1,2,1,De gas instantáneo de paso,Nuevo,Cada 6 meses,
1468,1,1,3,0,1,5,1,De gas instantáneo de paso,Nuevo,Cada 6 meses,
1469,1,1,1,1,1,17,4,De gas con deposito,Nuevo,No le da mantenimiento,De 38 a 40 litros (hasta 2 personas)
1472,1,1,1,2,2,10,4,De gas con deposito,Usado,No le da mantenimiento,De 50 a 60 litros (hasta 3 personas)
1474,1,1,4,0,1,3,1,Eléctrico instantáneo de paso,Nuevo,Cada 6 meses,
1476,1,1,3,0,1,2,4,De gas instantáneo de paso,Nuevo,No le da mantenimiento,
1477,1,1,3,0,1,5,2,De gas instantáneo de paso,Nuevo,Cada año,
1478,1,1,3,0,1,2,4,De gas instantáneo de paso,Nuevo,No le da mantenimiento,
1487,1,1,4,0,1,4,4,Eléctrico instantáneo de paso,Nuevo,No le da mantenimiento,
1490,1,1,5,3,1,2,4,Eléctrico con depósito,Nuevo,No le da mantenimiento,De 70 a 80 litros (hasta 4 personas)
1492,1,1,4,0,1,2,2,Eléctrico instantáneo de paso,Nuevo,Cada año,
1493,1,1,4,0,1,10,4,Eléctrico instantáneo de paso,Nuevo,No le da mantenimiento,
1495,1,1,3,0,1,5,4,De gas instantáneo de paso,Nuevo,No le da mantenimiento,
1498,1,1,3,0,1,2,1,De gas instantáneo de paso,Nuevo,Cada 6 meses,
1499,1,1,3,0,1,1,4,De gas instantáneo de paso,Nuevo,No le da mantenimiento,
1500,1,1,3,0,1,2,4,De gas instantáneo de paso,Nuevo,No le da mantenimiento,
1502,1,1,1,4,2,3,2,De gas con deposito,Usado,Cada año,De 90 a 110 litros (hasta 6 personas)
1503,1,1,1,3,1,1,1,De gas con deposito,Nuevo,Cada 6 meses,De 70 a 80 litros (hasta 4 personas)
1511,1,1,1,4,1,4,4,De gas con deposito,Nuevo,No le da mantenimiento,De 90 a 110 litros (hasta 6 personas)
1512,1,1,2,0,1,1,4,De gas de rápida recuperación,Nuevo,No le da mantenimiento,
1513,1,1,3,0,1,4,1,De gas instantáneo de paso,Nuevo,Cada 6 meses,
1514,1,1,3,0,1,2,4,De gas instantáneo de paso,Nuevo,No le da mantenimiento,
1515,1,1,1,9,2,5,1,De gas con deposito,Usado,Cada 6 meses,No sabe
1516,1,1,3,0,1,12,4,De gas instantáneo de paso,Nuevo,No le da mantenimiento,
1517,1,1,3,0,1,2,4,De gas instantáneo de paso,Nuevo,No le da mantenimiento,
1518,1,1,2,0,1,7,2,De gas de rápida recuperación,Nuevo,Cada año,
1519,1,1,3,0,1,12,1,De gas instantáneo de paso,Nuevo,Cada 6 meses,
1520,1,1,3,0,1,15,2,De gas instantáneo de paso,Nuevo,Cada año,
1521,1,1,3,0,1,1,4,De gas instantáneo de paso,Nuevo,No le da mantenimiento,
1522,1,1,1,4,1,5,4,De gas con deposito,Nuevo,No le da mantenimiento,De 90 a 110 litros (hasta 6 personas)
1523,1,1,3,0,1,2,4,De gas instantáneo de paso,Nuevo,No le da mantenimiento,
1524,1,1,3,0,1,7,4,De gas instantáneo de paso,Nuevo,No le da mantenimiento,
1525,1,1,5,1,1,1,4,Eléctrico con depósito,Nuevo,No le da mantenimiento,De 38 a 40 litros (hasta 2 personas)
1526,1,1,3,0,1,2,4,De gas instantáneo de paso,Nuevo,No le da mantenimiento,
1528,1,1,3,0,1,3,1,De gas instantáneo de paso,Nuevo,Cada 6 meses,
1530,1,1,3,0,1,4,4,De gas instantáneo de paso,Nuevo,No le da mantenimiento,
1531,1,1,3,0,2,2,4,De gas instantáneo de paso,Usado,No le da mantenimiento,
1532,1,1,3,0,2,1,4,De gas instantáneo de paso,Usado,No le da mantenimiento,
1533,1,1,3,0,2,1,4,De gas instantáneo de paso,Usado,No le da mantenimiento,
1534,1,1,3,0,2,1,1,De gas instantáneo de paso,Usado,Cada 6 meses,
1536,1,1,3,0,1,2,4,De gas instantáneo de paso,Nuevo,No le da mantenimiento,
1537,1,1,3,0,1,1,4,De gas instantáneo de paso,Nuevo,No le da mantenimiento,
1539,1,1,4,0,1,1,4,Eléctrico instantáneo de paso,Nuevo,No le da mantenimiento,
1541,1,1,4,0,1,7,2,Eléctrico instantáneo de paso,Nuevo,Cada año,
1543,1,1,5,3,1,3,4,Eléctrico con depósito,Nuevo,No le da mantenimiento,De 70 a 80 litros (hasta 4 personas)
1544,1,1,5,4,1,6,4,Eléctrico con depósito,Nuevo,No le da mantenimiento,De 90 a 110 litros (hasta 6 personas)
1545,1,1,4,0,1,10,4,Eléctrico instantáneo de paso,Nuevo,No le da mantenimiento,
1548,1,1,3,0,1,3,4,De gas instantáneo de paso,Nuevo,No le da mantenimiento,
1549,1,1,3,0,1,3,4,De gas instantáneo de paso,Nuevo,No le da mantenimiento,
1550,1,1,4,0,1,3,2,Eléctrico instantáneo de paso,Nuevo,Cada año,
1555,1,1,1,4,1,12,4,De gas con deposito,Nuevo,No le da mantenimiento,De 90 a 110 litros (hasta 6 personas)
1556,1,1,2,0,2,4,4,De gas de rápida recuperación,Usado,No le da mantenimiento,
1557,1,1,1,3,1,10,3,De gas con deposito,Nuevo,Cada 2 años,De 70 a 80 litros (hasta 4 personas)
1558,1,1,3,0,1,1,4,De gas instantáneo de paso,Nuevo,No le da mantenimiento,
1563,1,1,3,0,1,5,4,De gas instantáneo de paso,Nuevo,No le da mantenimiento,
1565,1,1,1,3,1,4,2,De gas con deposito,Nuevo,Cada año,De 70 a 80 litros (hasta 4 personas)
1567,1,1,3,0,1,6,4,De gas instantáneo de paso,Nuevo,No le da mantenimiento,
1568,1,1,3,0,2,99,4,De gas instantáneo de paso,Usado,No le da mantenimiento,
1569,1,1,3,0,1,1,4,De gas instantáneo de paso,Nuevo,No le da mantenimiento,
1570,1,1,1,2,2,99,2,De gas con deposito,Usado,Cada año,De 50 a 60 litros (hasta 3 personas)
1590,1,1,3,0,1,5,2,De gas instantáneo de paso,Nuevo,Cada año,
1592,1,1,3,0,1,2,4,De gas instantáneo de paso,Nuevo,No le da mantenimiento,
1594,1,1,1,4,1,3,2,De gas con deposito,Nuevo,Cada año,De 90 a 110 litros (hasta 6 personas)
1596,1,1,3,0,1,1,4,De gas instantáneo de paso,Nuevo,No le da mantenimiento,
1597,1,1,4,0,1,1,1,Eléctrico instantáneo de paso,Nuevo,Cada 6 meses,
1600,1,1,1,9,1,5,3,De gas con deposito,Nuevo,Cada 2 años,No sabe
1601,1,1,3,0,2,99,4,De gas instantáneo de paso,Usado,No le da mantenimiento,
1602,1,1,3,0,1,1,4,De gas instantáneo de paso,Nuevo,No le da mantenimiento,
1603,1,1,3,0,1,4,1,De gas instantáneo de paso,Nuevo,Cada 6 meses,
1604,1,1,2,0,2,1,1,De gas de rápida recuperación,Usado,Cada 6 meses,
1606,1,1,4,0,1,1,4,Eléctrico instantáneo de paso,Nuevo,No le da mantenimiento,
1607,1,1,4,0,1,2,4,Eléctrico instantáneo de paso,Nuevo,No le da mantenimiento,
1609,1,1,1,3,1,10,4,De gas con deposito,Nuevo,No le da mantenimiento,De 70 a 80 litros (hasta 4 personas)
1610,1,1,3,0,1,4,4,De gas instantáneo de paso,Nuevo,No le da mantenimiento,
1612,1,1,1,4,1,8,4,De gas con deposito,Nuevo,No le da mantenimiento,De 90 a 110 litros (hasta 6 personas)
1615,1,1,1,4,2,99,4,De gas con deposito,Usado,No le da mantenimiento,De 90 a 110 litros (hasta 6 personas)
1617,1,1,3,0,1,2,1,De gas instantáneo de paso,Nuevo,Cada 6 meses,
1618,1,1,1,5,2,8,2,De gas con deposito,Usado,Cada año,De 120 a 140 litros (hasta 7 personas)
1620,1,1,3,0,1,3,2,De gas instantáneo de paso,Nuevo,Cada año,
1621,1,1,3,0,1,5,2,De gas instantáneo de paso,Nuevo,Cada año,
1622,1,1,3,0,1,3,4,De gas instantáneo de paso,Nuevo,No le da mantenimiento,
1623,1,1,3,0,1,8,4,De gas instantáneo de paso,Nuevo,No le da mantenimiento,
1624,1,1,3,0,1,2,2,De gas instantáneo de paso,Nuevo,Cada año,
1625,1,1,1,1,1,5,4,De gas con deposito,Nuevo,No le da mantenimiento,De 38 a 40 litros (hasta 2 personas)
1628,1,1,1,2,1,4,4,De gas con deposito,Nuevo,No le da mantenimiento,De 50 a 60 litros (hasta 3 personas)
1631,1,1,5,2,1,8,4,Eléctrico con depósito,Nuevo,No le da mantenimiento,De 50 a 60 litros (hasta 3 personas)
1633,1,1,5,2,1,13,2,Eléctrico con depósito,Nuevo,Cada año,De 50 a 60 litros (hasta 3 personas)
1635,1,1,6,9,2,6,2,De leña,Usado,Cada año,No sabe
1636,1,1,6,4,2,2,4,De leña,Usado,No le da mantenimiento,De 90 a 110 litros (hasta 6 personas)
1642,1,1,3,0,1,1,4,De gas instantáneo de paso,Nuevo,No le da mantenimiento,
1644,1,1,4,0,1,1,4,Eléctrico instantáneo de paso,Nuevo,No le da mantenimiento,
1647,1,1,1,2,1,1,4,De gas con deposito,Nuevo,No le da mantenimiento,De 50 a 60 litros (hasta 3 personas)
1651,1,1,1,4,2,6,2,De gas con deposito,Usado,Cada año,De 90 a 110 litros (hasta 6 personas)
1653,1,1,1,3,1,5,4,De gas con deposito,Nuevo,No le da mantenimiento,De 70 a 80 litros (hasta 4 personas)
1654,1,1,4,0,1,1,4,Eléctrico instantáneo de paso,Nuevo,No le da mantenimiento,
1657,1,1,4,0,2,1,4,Eléctrico instantáneo de paso,Usado,No le da mantenimiento,
1661,1,1,3,0,1,4,2,De gas instantáneo de paso,Nuevo,Cada año,
1663,1,1,3,0,1,9,4,De gas instantáneo de paso,Nuevo,No le da mantenimiento,
1671,1,1,1,1,1,4,4,De gas con deposito,Nuevo,No le da mantenimiento,De 38 a 40 litros (hasta 2 personas)
1676,1,1,3,0,1,3,4,De gas instantáneo de paso,Nuevo,No le da mantenimiento,
1677,1,1,3,0,1,3,4,De gas instantáneo de paso,Nuevo,No le da mantenimiento,
1682,1,1,3,0,1,2,4,De gas instantáneo de paso,Nuevo,No le da mantenimiento,
1685,1,1,3,0,1,4,4,De gas instantáneo de paso,Nuevo,No le da mantenimiento,
1686,1,1,3,0,1,1,4,De gas instantáneo de paso,Nuevo,No le da mantenimiento,
1687,1,1,3,0,1,1,1,De gas instantáneo de paso,Nuevo,Cada 6 meses,
1688,1,1,3,0,1,1,4,De gas instantáneo de paso,Nuevo,No le da mantenimiento,
1690,1,1,5,1,1,1,4,Eléctrico con depósito,Nuevo,No le da mantenimiento,De 38 a 40 litros (hasta 2 personas)
1691,1,1,2,0,1,5,4,De gas de rápida recuperación,Nuevo,No le da mantenimiento,
1696,1,1,5,2,2,5,3,Eléctrico con depósito,Usado,Cada 2 años,De 50 a 60 litros (hasta 3 personas)
1702,1,1,1,1,1,2,4,De gas con deposito,Nuevo,No le da mantenimiento,De 38 a 40 litros (hasta 2 personas)
1722,1,2,1,9,1,36,4,De gas con deposito,Nuevo,No le da mantenimiento,No sabe
1722,1,1,2,0,1,1,4,De gas de rápida recuperación,Nuevo,No le da mantenimiento,
1723,1,1,1,1,1,3,2,De gas con deposito,Nuevo,Cada año,De 38 a 40 litros (hasta 2 personas)
1726,1,1,3,0,1,2,4,De gas instantáneo de paso,Nuevo,No le da mantenimiento,
1727,1,1,3,0,1,36,2,De gas instantáneo de paso,Nuevo,Cada año,
1728,1,1,1,3,2,10,3,De gas con deposito,Usado,Cada 2 años,De 70 a 80 litros (hasta 4 personas)
1729,1,1,3,0,1,5,1,De gas instantáneo de paso,Nuevo,Cada 6 meses,
1730,1,1,6,3,2,1,4,De leña,Usado,No le da mantenimiento,De 70 a 80 litros (hasta 4 personas)
1731,1,1,3,0,2,1,4,De gas instantáneo de paso,Usado,No le da mantenimiento,
1732,1,1,1,2,1,6,1,De gas con deposito,Nuevo,Cada 6 meses,De 50 a 60 litros (hasta 3 personas)
1736,1,1,3,0,1,2,2,De gas instantáneo de paso,Nuevo,Cada año,
1737,1,1,3,0,1,4,2,De gas instantáneo de paso,Nuevo,Cada año,
1738,1,1,5,1,1,5,3,Eléctrico con depósito,Nuevo,Cada 2 años,De 38 a 40 litros (hasta 2 personas)
1744,1,1,3,0,1,1,4,De gas instantáneo de paso,Nuevo,No le da mantenimiento,
1751,1,1,3,0,1,3,4,De gas instantáneo de paso,Nuevo,No le da mantenimiento,
1757,1,1,5,1,1,16,4,Eléctrico con depósito,Nuevo,No le da mantenimiento,De 38 a 40 litros (hasta 2 personas)
1758,1,2,4,0,1,3,4,Eléctrico instantáneo de paso,Nuevo,No le da mantenimiento,
1758,1,1,4,0,1,2,4,Eléctrico instantáneo de paso,Nuevo,No le da mantenimiento,
1760,1,1,5,9,2,99,4,Eléctrico con depósito,Usado,No le da mantenimiento,No sabe
1761,1,1,2,0,1,1,4,De gas de rápida recuperación,Nuevo,No le da mantenimiento,
1766,1,1,1,1,1,99,4,De gas con deposito,Nuevo,No le da mantenimiento,De 38 a 40 litros (hasta 2 personas)
1774,1,1,5,2,1,9,4,Eléctrico con depósito,Nuevo,No le da mantenimiento,De 50 a 60 litros (hasta 3 personas)
1780,1,1,5,1,1,15,4,Eléctrico con depósito,Nuevo,No le da mantenimiento,De 38 a 40 litros (hasta 2 personas)
1781,1,1,3,0,1,3,1,De gas instantáneo de paso,Nuevo,Cada 6 meses,
1783,1,1,4,0,1,1,1,Eléctrico instantáneo de paso,Nuevo,Cada 6 meses,
1786,1,1,4,0,1,99,4,Eléctrico instantáneo de paso,Nuevo,No le da mantenimiento,
1789,1,1,5,1,1,1,4,Eléctrico con depósito,Nuevo,No le da mantenimiento,De 38 a 40 litros (hasta 2 personas)
1790,1,1,5,1,1,25,2,Eléctrico con depósito,Nuevo,Cada año,De 38 a 40 litros (hasta 2 personas)
1791,1,1,5,1,1,99,4,Eléctrico con depósito,Nuevo,No le da mantenimiento,De 38 a 40 litros (hasta 2 personas)
1792,1,1,4,0,1,6,2,Eléctrico instantáneo de paso,Nuevo,Cada año,
1802,1,1,5,9,1,6,4,Eléctrico con depósito,Nuevo,No le da mantenimiento,No sabe
1807,1,1,5,9,1,1,4,Eléctrico con depósito,Nuevo,No le da mantenimiento,No sabe
1808,1,1,5,3,1,1,1,Eléctrico con depósito,Nuevo,Cada 6 meses,De 70 a 80 litros (hasta 4 personas)
1809,1,1,4,0,1,4,2,Eléctrico instantáneo de paso,Nuevo,Cada año,
1810,1,1,5,1,1,1,1,Eléctrico con depósito,Nuevo,Cada 6 meses,De 38 a 40 litros (hasta 2 personas)
1813,1,1,1,1,1,5,4,De gas con deposito,Nuevo,No le da mantenimiento,De 38 a 40 litros (hasta 2 personas)
1814,1,1,5,1,1,10,4,Eléctrico con depósito,Nuevo,No le da mantenimiento,De 38 a 40 litros (hasta 2 personas)
1815,1,1,1,1,1,1,1,De gas con deposito,Nuevo,Cada 6 meses,De 38 a 40 litros (hasta 2 personas)
1819,1,1,6,1,2,99,4,De leña,Usado,No le da mantenimiento,De 38 a 40 litros (hasta 2 personas)
1823,1,1,1,4,2,15,4,De gas con deposito,Usado,No le da mantenimiento,De 90 a 110 litros (hasta 6 personas)
1824,1,1,5,5,1,8,4,Eléctrico con depósito,Nuevo,No le da mantenimiento,De 120 a 140 litros (hasta 7 personas)
1828,1,1,1,1,1,3,4,De gas con deposito,Nuevo,No le da mantenimiento,De 38 a 40 litros (hasta 2 personas)
1829,1,1,5,1,1,4,4,Eléctrico con depósito,Nuevo,No le da mantenimiento,De 38 a 40 litros (hasta 2 personas)
1830,1,1,5,1,1,1,4,Eléctrico con depósito,Nuevo,No le da mantenimiento,De 38 a 40 litros (hasta 2 personas)
1831,1,1,5,9,1,2,4,Eléctrico con depósito,Nuevo,No le da mantenimiento,No sabe
1834,1,1,1,2,1,1,4,De gas con deposito,Nuevo,No le da mantenimiento,De 50 a 60 litros (hasta 3 personas)
1835,1,1,1,2,1,4,4,De gas con deposito,Nuevo,No le da mantenimiento,De 50 a 60 litros (hasta 3 personas)
1836,1,1,1,1,2,99,4,De gas con deposito,Usado,No le da mantenimiento,De 38 a 40 litros (hasta 2 personas)
1837,1,1,1,1,1,8,4,De gas con deposito,Nuevo,No le da mantenimiento,De 38 a 40 litros (hasta 2 personas)
1838,1,1,1,2,1,15,4,De gas con deposito,Nuevo,No le da mantenimiento,De 50 a 60 litros (hasta 3 personas)
1839,1,1,1,3,1,8,4,De gas con deposito,Nuevo,No le da mantenimiento,De 70 a 80 litros (hasta 4 personas)
1840,1,1,3,0,1,10,4,De gas instantáneo de paso,Nuevo,No le da mantenimiento,
1841,1,1,1,1,1,11,4,De gas con deposito,Nuevo,No le da mantenimiento,De 38 a 40 litros (hasta 2 personas)
1842,1,1,5,1,1,9,2,Eléctrico con depósito,Nuevo,Cada año,De 38 a 40 litros (hasta 2 personas)
1844,1,1,1,1,1,5,1,De gas con deposito,Nuevo,Cada 6 meses,De 38 a 40 litros (hasta 2 personas)
1845,1,1,1,1,1,8,4,De gas con deposito,Nuevo,No le da mantenimiento,De 38 a 40 litros (hasta 2 personas)
1846,1,1,3,0,1,2,4,De gas instantáneo de paso,Nuevo,No le da mantenimiento,
1847,1,1,5,1,1,4,2,Eléctrico con depósito,Nuevo,Cada año,De 38 a 40 litros (hasta 2 personas)
1848,1,1,5,3,1,3,4,Eléctrico con depósito,Nuevo,No le da mantenimiento,De 70 a 80 litros (hasta 4 personas)
1850,1,1,5,9,2,6,4,Eléctrico con depósito,Usado,No le da mantenimiento,No sabe
1853,1,1,1,1,1,10,4,De gas con deposito,Nuevo,No le da mantenimiento,De 38 a 40 litros (hasta 2 personas)
1854,1,1,1,3,1,6,4,De gas con deposito,Nuevo,No le da mantenimiento,De 70 a 80 litros (hasta 4 personas)
1855,1,1,2,0,1,8,1,De gas de rápida recuperación,Nuevo,Cada 6 meses,
1856,1,1,5,3,1,4,2,Eléctrico con depósito,Nuevo,Cada año,De 70 a 80 litros (hasta 4 personas)
1857,1,1,1,2,1,2,1,De gas con deposito,Nuevo,Cada 6 meses,De 50 a 60 litros (hasta 3 personas)
1862,1,1,3,0,1,8,2,De gas instantáneo de paso,Nuevo,Cada año,
1863,1,1,1,1,1,6,1,De gas con deposito,Nuevo,Cada 6 meses,De 38 a 40 litros (hasta 2 personas)
1866,1,1,3,0,1,3,4,De gas instantáneo de paso,Nuevo,No le da mantenimiento,
1874,1,1,5,1,1,1,4,Eléctrico con depósito,Nuevo,No le da mantenimiento,De 38 a 40 litros (hasta 2 personas)
1876,1,1,5,3,1,5,4,Eléctrico con depósito,Nuevo,No le da mantenimiento,De 70 a 80 litros (hasta 4 personas)
1879,1,1,1,2,1,14,1,De gas con deposito,Nuevo,Cada 6 meses,De 50 a 60 litros (hasta 3 personas)
1881,1,1,5,1,1,8,4,Eléctrico con depósito,Nuevo,No le da mantenimiento,De 38 a 40 litros (hasta 2 personas)
1882,1,1,4,0,1,2,4,Eléctrico instantáneo de paso,Nuevo,No le da mantenimiento,
1883,1,1,4,0,1,2,4,Eléctrico instantáneo de paso,Nuevo,No le da mantenimiento,
1884,1,1,5,4,1,10,4,Eléctrico con depósito,Nuevo,No le da mantenimiento,De 90 a 110 litros (hasta 6 personas)
1888,1,1,4,0,1,1,4,Eléctrico instantáneo de paso,Nuevo,No le da mantenimiento,
1889,1,1,1,3,1,3,1,De gas con deposito,Nuevo,Cada 6 meses,De 70 a 80 litros (hasta 4 personas)
1890,1,1,5,2,1,8,1,Eléctrico con depósito,Nuevo,Cada 6 meses,De 50 a 60 litros (hasta 3 personas)
1891,1,1,1,2,1,1,2,De gas con deposito,Nuevo,Cada año,De 50 a 60 litros (hasta 3 personas)
1892,1,1,7,6,1,1,4,Solar,Nuevo,No le da mantenimiento,Más de 140 litros (más de 7 personas)
1893,1,1,3,0,1,16,4,De gas instantáneo de paso,Nuevo,No le da mantenimiento,
1895,1,1,1,1,1,2,2,De gas con deposito,Nuevo,Cada año,De 38 a 40 litros (hasta 2 personas)
1896,1,1,1,1,1,8,2,De gas con deposito,Nuevo,Cada año,De 38 a 40 litros (hasta 2 personas)
1897,1,1,1,3,1,17,3,De gas con deposito,Nuevo,Cada 2 años,De 70 a 80 litros (hasta 4 personas)
1898,1,1,5,1,1,5,1,Eléctrico con depósito,Nuevo,Cada 6 meses,De 38 a 40 litros (hasta 2 personas)
1899,1,1,4,0,1,1,4,Eléctrico instantáneo de paso,Nuevo,No le da mantenimiento,
1900,1,1,1,1,1,8,4,De gas con deposito,Nuevo,No le da mantenimiento,De 38 a 40 litros (hasta 2 personas)
1905,1,1,5,9,1,5,2,Eléctrico con depósito,Nuevo,Cada año,No sabe
1916,1,1,5,5,1,5,4,Eléctrico con depósito,Nuevo,No le da mantenimiento,De 120 a 140 litros (hasta 7 personas)
1920,1,1,4,0,1,2,2,Eléctrico instantáneo de paso,Nuevo,Cada año,
1922,1,1,1,9,1,4,1,De gas con deposito,Nuevo,Cada 6 meses,No sabe
1923,1,1,4,0,1,10,4,Eléctrico instantáneo de paso,Nuevo,No le da mantenimiento,
1924,1,1,5,1,1,3,4,Eléctrico con depósito,Nuevo,No le da mantenimiento,De 38 a 40 litros (hasta 2 personas)
1925,1,1,5,1,1,10,1,Eléctrico con depósito,Nuevo,Cada 6 meses,De 38 a 40 litros (hasta 2 personas)
1926,1,1,1,1,1,18,4,De gas con deposito,Nuevo,No le da mantenimiento,De 38 a 40 litros (hasta 2 personas)
1927,1,1,5,1,1,1,4,Eléctrico con depósito,Nuevo,No le da mantenimiento,De 38 a 40 litros (hasta 2 personas)
1931,1,1,1,1,1,24,4,De gas con deposito,Nuevo,No le da mantenimiento,De 38 a 40 litros (hasta 2 personas)
1932,1,1,1,1,1,10,2,De gas con deposito,Nuevo,Cada año,De 38 a 40 litros (hasta 2 personas)
1934,1,1,5,1,1,4,2,Eléctrico con depósito,Nuevo,Cada año,De 38 a 40 litros (hasta 2 personas)
1935,1,1,1,2,1,2,1,De gas con deposito,Nuevo,Cada 6 meses,De 50 a 60 litros (hasta 3 personas)
1936,1,1,2,0,1,6,2,De gas de rápida recuperación,Nuevo,Cada año,
1940,1,1,1,1,1,17,1,De gas con deposito,Nuevo,Cada 6 meses,De 38 a 40 litros (hasta 2 personas)
1941,1,1,5,1,1,5,4,Eléctrico con depósito,Nuevo,No le da mantenimiento,De 38 a 40 litros (hasta 2 personas)
1942,1,1,5,1,1,2,4,Eléctrico con depósito,Nuevo,No le da mantenimiento,De 38 a 40 litros (hasta 2 personas)
1943,1,1,3,0,1,2,4,De gas instantáneo de paso,Nuevo,No le da mantenimiento,
1944,1,1,5,1,1,8,2,Eléctrico con depósito,Nuevo,Cada año,De 38 a 40 litros (hasta 2 personas)
1946,1,1,5,9,1,8,4,Eléctrico con depósito,Nuevo,No le da mantenimiento,No sabe
1947,1,1,1,1,1,8,1,De gas con deposito,Nuevo,Cada 6 meses,De 38 a 40 litros (hasta 2 personas)
1948,1,1,3,0,1,2,1,De gas instantáneo de paso,Nuevo,Cada 6 meses,
1949,1,1,1,1,1,7,4,De gas con deposito,Nuevo,No le da mantenimiento,De 38 a 40 litros (hasta 2 personas)
1950,1,1,2,0,2,5,4,De gas de rápida recuperación,Usado,No le da mantenimiento,
1953,1,1,5,1,1,4,3,Eléctrico con depósito,Nuevo,Cada 2 años,De 38 a 40 litros (hasta 2 personas)
1955,1,1,3,0,1,1,1,De gas instantáneo de paso,Nuevo,Cada 6 meses,
1963,1,1,1,9,1,99,4,De gas con deposito,Nuevo,No le da mantenimiento,No sabe
1964,1,1,5,3,1,2,2,Eléctrico con depósito,Nuevo,Cada año,De 70 a 80 litros (hasta 4 personas)
1966,1,1,5,1,1,4,2,Eléctrico con depósito,Nuevo,Cada año,De 38 a 40 litros (hasta 2 personas)
1967,1,1,5,1,1,13,4,Eléctrico con depósito,Nuevo,No le da mantenimiento,De 38 a 40 litros (hasta 2 personas)
1969,1,1,2,0,1,8,4,De gas de rápida recuperación,Nuevo,No le da mantenimiento,
1970,1,1,5,9,2,99,4,Eléctrico con depósito,Usado,No le da mantenimiento,No sabe
1976,1,1,5,4,1,1,4,Eléctrico con depósito,Nuevo,No le da mantenimiento,De 90 a 110 litros (hasta 6 personas)
1977,1,1,4,0,1,3,4,Eléctrico instantáneo de paso,Nuevo,No le da mantenimiento,
1978,1,1,3,0,1,1,4,De gas instantáneo de paso,Nuevo,No le da mantenimiento,
1980,1,1,4,0,1,99,4,Eléctrico instantáneo de paso,Nuevo,No le da mantenimiento,
1981,1,1,5,1,1,1,4,Eléctrico con depósito,Nuevo,No le da mantenimiento,De 38 a 40 litros (hasta 2 personas)
1982,1,1,1,3,1,15,4,De gas con deposito,Nuevo,No le da mantenimiento,De 70 a 80 litros (hasta 4 personas)
1984,1,1,1,1,1,2,2,De gas con deposito,Nuevo,Cada año,De 38 a 40 litros (hasta 2 personas)
1985,1,1,5,1,1,5,2,Eléctrico con depósito,Nuevo,Cada año,De 38 a 40 litros (hasta 2 personas)
1986,1,1,1,1,1,7,2,De gas con deposito,Nuevo,Cada año,De 38 a 40 litros (hasta 2 personas)
1987,1,1,1,1,2,7,3,De gas con deposito,Usado,Cada 2 años,De 38 a 40 litros (hasta 2 personas)
1988,1,1,1,1,1,6,4,De gas con deposito,Nuevo,No le da mantenimiento,De 38 a 40 litros (hasta 2 personas)
1989,1,1,5,3,1,3,3,Eléctrico con depósito,Nuevo,Cada 2 años,De 70 a 80 litros (hasta 4 personas)
1991,1,1,4,0,1,1,4,Eléctrico instantáneo de paso,Nuevo,No le da mantenimiento,
1992,1,1,1,1,1,10,1,De gas con deposito,Nuevo,Cada 6 meses,De 38 a 40 litros (hasta 2 personas)
1994,1,1,5,2,1,18,4,Eléctrico con depósito,Nuevo,No le da mantenimiento,De 50 a 60 litros (hasta 3 personas)
1996,1,1,4,0,1,1,4,Eléctrico instantáneo de paso,Nuevo,No le da mantenimiento,
1998,1,1,1,3,1,14,4,De gas con deposito,Nuevo,No le da mantenimiento,De 70 a 80 litros (hasta 4 personas)
2003,1,1,5,1,1,5,4,Eléctrico con depósito,Nuevo,No le da mantenimiento,De 38 a 40 litros (hasta 2 personas)
2004,1,1,1,3,1,1,4,De gas con deposito,Nuevo,No le da mantenimiento,De 70 a 80 litros (hasta 4 personas)
2007,1,1,1,2,1,14,4,De gas con deposito,Nuevo,No le da mantenimiento,De 50 a 60 litros (hasta 3 personas)
2008,1,1,2,0,1,3,4,De gas de rápida recuperación,Nuevo,No le da mantenimiento,
2010,1,1,5,2,1,1,4,Eléctrico con depósito,Nuevo,No le da mantenimiento,De 50 a 60 litros (hasta 3 personas)
2013,1,1,5,1,1,5,4,Eléctrico con depósito,Nuevo,No le da mantenimiento,De 38 a 40 litros (hasta 2 personas)
2017,1,1,1,2,1,3,4,De gas con deposito,Nuevo,No le da mantenimiento,De 50 a 60 litros (hasta 3 personas)
2018,1,1,2,0,2,9,1,De gas de rápida recuperación,Usado,Cada 6 meses,
2019,1,1,3,0,1,1,4,De gas instantáneo de paso,Nuevo,No le da mantenimiento,
2020,1,1,1,3,1,7,2,De gas con deposito,Nuevo,Cada año,De 70 a 80 litros (hasta 4 personas)
2026,1,1,1,1,2,99,4,De gas con deposito,Usado,No le da mantenimiento,De 38 a 40 litros (hasta 2 personas)
2029,1,1,5,2,1,20,4,Eléctrico con depósito,Nuevo,No le da mantenimiento,De 50 a 60 litros (hasta 3 personas)
2033,1,1,4,0,1,16,4,Eléctrico instantáneo de paso,Nuevo,No le da mantenimiento,
2035,1,1,5,9,1,3,4,Eléctrico con depósito,Nuevo,No le da mantenimiento,No sabe
2037,1,1,1,1,1,1,4,De gas con deposito,Nuevo,No le da mantenimiento,De 38 a 40 litros (hasta 2 personas)
2039,1,1,1,2,1,15,3,De gas con deposito,Nuevo,Cada 2 años,De 50 a 60 litros (hasta 3 personas)
2040,1,1,2,0,1,2,1,De gas de rápida recuperación,Nuevo,Cada 6 meses,
2041,1,1,4,0,1,3,4,Eléctrico instantáneo de paso,Nuevo,No le da mantenimiento,
2043,1,1,3,0,1,2,4,De gas instantáneo de paso,Nuevo,No le da mantenimiento,
2046,1,1,1,3,1,5,4,De gas con deposito,Nuevo,No le da mantenimiento,De 70 a 80 litros (hasta 4 personas)
2047,1,1,2,0,1,8,4,De gas de rápida recuperación,Nuevo,No le da mantenimiento,
2048,1,1,1,1,1,8,2,De gas con deposito,Nuevo,Cada año,De 38 a 40 litros (hasta 2 personas)
2049,1,1,5,1,1,2,2,Eléctrico con depósito,Nuevo,Cada año,De 38 a 40 litros (hasta 2 personas)
2050,1,1,1,2,2,99,4,De gas con deposito,Usado,No le da mantenimiento,De 50 a 60 litros (hasta 3 personas)
2051,1,1,5,1,1,2,2,Eléctrico con depósito,Nuevo,Cada año,De 38 a 40 litros (hasta 2 personas)
2053,1,1,5,1,1,8,4,Eléctrico con depósito,Nuevo,No le da mantenimiento,De 38 a 40 litros (hasta 2 personas)
2054,1,1,1,1,1,12,2,De gas con deposito,Nuevo,Cada año,De 38 a 40 litros (hasta 2 personas)
2057,1,1,1,1,1,13,2,De gas con deposito,Nuevo,Cada año,De 38 a 40 litros (hasta 2 personas)
2059,1,1,1,9,1,7,1,De gas con deposito,Nuevo,Cada 6 meses,No sabe
2062,1,1,1,3,1,1,1,De gas con deposito,Nuevo,Cada 6 meses,De 70 a 80 litros (hasta 4 personas)
2063,1,1,1,1,2,6,2,De gas con deposito,Usado,Cada año,De 38 a 40 litros (hasta 2 personas)
2064,1,1,3,0,1,10,4,De gas instantáneo de paso,Nuevo,No le da mantenimiento,
2065,1,1,3,0,2,1,4,De gas instantáneo de paso,Usado,No le da mantenimiento,
2068,1,1,5,1,1,1,4,Eléctrico con depósito,Nuevo,No le da mantenimiento,De 38 a 40 litros (hasta 2 personas)
2069,1,1,4,0,1,1,4,Eléctrico instantáneo de paso,Nuevo,No le da mantenimiento,
2070,1,1,2,0,1,2,1,De gas de rápida recuperación,Nuevo,Cada 6 meses,
2072,1,1,5,3,1,10,4,Eléctrico con depósito,Nuevo,No le da mantenimiento,De 70 a 80 litros (hasta 4 personas)
2076,1,1,5,2,1,5,2,Eléctrico con depósito,Nuevo,Cada año,De 50 a 60 litros (hasta 3 personas)
2077,1,1,1,3,1,9,1,De gas con deposito,Nuevo,Cada 6 meses,De 70 a 80 litros (hasta 4 personas)
2078,1,1,1,4,1,10,2,De gas con deposito,Nuevo,Cada año,De 90 a 110 litros (hasta 6 personas)
2079,1,1,1,1,1,10,2,De gas con deposito,Nuevo,Cada año,De 38 a 40 litros (hasta 2 personas)
2080,1,1,1,2,1,4,4,De gas con deposito,Nuevo,No le da mantenimiento,De 50 a 60 litros (hasta 3 personas)
2081,1,1,5,2,1,2,2,Eléctrico con depósito,Nuevo,Cada año,De 50 a 60 litros (hasta 3 personas)
2087,1,1,1,1,1,1,4,De gas con deposito,Nuevo,No le da mantenimiento,De 38 a 40 litros (hasta 2 personas)
2088,1,1,1,1,1,1,4,De gas con deposito,Nuevo,No le da mantenimiento,De 38 a 40 litros (hasta 2 personas)
2093,1,1,5,1,1,6,2,Eléctrico con depósito,Nuevo,Cada año,De 38 a 40 litros (hasta 2 personas)
2105,1,1,5,1,1,2,2,Eléctrico con depósito,Nuevo,Cada año,De 38 a 40 litros (hasta 2 personas)
2106,1,1,5,1,1,2,2,Eléctrico con depósito,Nuevo,Cada año,De 38 a 40 litros (hasta 2 personas)
2108,1,1,5,1,1,12,2,Eléctrico con depósito,Nuevo,Cada año,De 38 a 40 litros (hasta 2 personas)
2109,1,1,2,0,2,5,4,De gas de rápida recuperación,Usado,No le da mantenimiento,
2115,1,1,5,1,2,99,4,Eléctrico con depósito,Usado,No le da mantenimiento,De 38 a 40 litros (hasta 2 personas)
2118,1,1,5,3,1,13,4,Eléctrico con depósito,Nuevo,No le da mantenimiento,De 70 a 80 litros (hasta 4 personas)
2126,1,1,1,4,1,1,4,De gas con deposito,Nuevo,No le da mantenimiento,De 90 a 110 litros (hasta 6 personas)
2128,1,1,5,9,1,4,4,Eléctrico con depósito,Nuevo,No le da mantenimiento,No sabe
2129,1,1,6,4,2,5,2,De leña,Usado,Cada año,De 90 a 110 litros (hasta 6 personas)
2133,1,1,4,0,1,1,1,Eléctrico instantáneo de paso,Nuevo,Cada 6 meses,
2139,1,1,5,1,1,4,2,Eléctrico con depósito,Nuevo,Cada año,De 38 a 40 litros (hasta 2 personas)
2140,1,1,5,9,1,4,2,Eléctrico con depósito,Nuevo,Cada año,No sabe
2148,1,1,3,0,1,2,1,De gas instantáneo de paso,Nuevo,Cada 6 meses,
2149,1,1,4,0,1,2,4,Eléctrico instantáneo de paso,Nuevo,No le da mantenimiento,
2151,1,1,5,1,1,5,1,Eléctrico con depósito,Nuevo,Cada 6 meses,De 38 a 40 litros (hasta 2 personas)
2157,1,1,3,0,1,1,1,De gas instantáneo de paso,Nuevo,Cada 6 meses,
2159,1,1,1,3,1,4,4,De gas con deposito,Nuevo,No le da mantenimiento,De 70 a 80 litros (hasta 4 personas)
2163,1,1,1,3,1,6,1,De gas con deposito,Nuevo,Cada 6 meses,De 70 a 80 litros (hasta 4 personas)
2164,1,1,1,1,1,6,4,De gas con deposito,Nuevo,No le da mantenimiento,De 38 a 40 litros (hasta 2 personas)
2165,1,1,1,1,1,5,4,De gas con deposito,Nuevo,No le da mantenimiento,De 38 a 40 litros (hasta 2 personas)
2166,1,1,1,1,2,99,4,De gas con deposito,Usado,No le da mantenimiento,De 38 a 40 litros (hasta 2 personas)
2167,1,1,5,1,1,1,4,Eléctrico con depósito,Nuevo,No le da mantenimiento,De 38 a 40 litros (hasta 2 personas)
2168,1,1,5,3,1,5,4,Eléctrico con depósito,Nuevo,No le da mantenimiento,De 70 a 80 litros (hasta 4 personas)
2170,1,1,3,0,1,1,4,De gas instantáneo de paso,Nuevo,No le da mantenimiento,
2171,1,1,1,9,1,15,4,De gas con deposito,Nuevo,No le da mantenimiento,No sabe
2172,1,1,1,2,2,99,4,De gas con deposito,Usado,No le da mantenimiento,De 50 a 60 litros (hasta 3 personas)
2176,1,1,6,1,1,10,4,De leña,Nuevo,No le da mantenimiento,De 38 a 40 litros (hasta 2 personas)
2184,1,1,1,2,1,10,4,De gas con deposito,Nuevo,No le da mantenimiento,De 50 a 60 litros (hasta 3 personas)
2186,1,1,1,2,2,2,1,De gas con deposito,Usado,Cada 6 meses,De 50 a 60 litros (hasta 3 personas)
2192,1,1,1,2,1,10,1,De gas con deposito,Nuevo,Cada 6 meses,De 50 a 60 litros (hasta 3 personas)
2193,1,1,3,0,1,2,4,De gas instantáneo de paso,Nuevo,No le da mantenimiento,
2195,1,1,5,2,1,4,4,Eléctrico con depósito,Nuevo,No le da mantenimiento,De 50 a 60 litros (hasta 3 personas)
2196,1,1,1,9,1,8,4,De gas con deposito,Nuevo,No le da mantenimiento,No sabe
2197,1,1,3,0,1,1,4,De gas instantáneo de paso,Nuevo,No le da mantenimiento,
2198,1,1,2,0,1,10,2,De gas de rápida recuperación,Nuevo,Cada año,
2199,1,1,1,3,2,7,2,De gas con deposito,Usado,Cada año,De 70 a 80 litros (hasta 4 personas)
2200,1,1,1,2,1,10,4,De gas con deposito,Nuevo,No le da mantenimiento,De 50 a 60 litros (hasta 3 personas)
2201,1,1,1,3,1,9,2,De gas con deposito,Nuevo,Cada año,De 70 a 80 litros (hasta 4 personas)
2202,1,1,1,5,1,8,4,De gas con deposito,Nuevo,No le da mantenimiento,De 120 a 140 litros (hasta 7 personas)
2204,1,1,3,0,1,99,4,De gas instantáneo de paso,Nuevo,No le da mantenimiento,
2205,1,1,5,6,1,2,4,Eléctrico con depósito,Nuevo,No le da mantenimiento,Más de 140 litros (más de 7 personas)
2206,1,1,1,1,1,9,2,De gas con deposito,Nuevo,Cada año,De 38 a 40 litros (hasta 2 personas)
2207,1,1,1,4,1,9,4,De gas con deposito,Nuevo,No le da mantenimiento,De 90 a 110 litros (hasta 6 personas)
2208,1,1,3,0,1,2,1,De gas instantáneo de paso,Nuevo,Cada 6 meses,
2209,1,1,1,9,2,99,4,De gas con deposito,Usado,No le da mantenimiento,No sabe
2210,1,1,2,0,1,8,1,De gas de rápida recuperación,Nuevo,Cada 6 meses,
2211,1,1,1,2,1,10,2,De gas con deposito,Nuevo,Cada año,De 50 a 60 litros (hasta 3 personas)
2215,1,1,5,1,1,15,1,Eléctrico con depósito,Nuevo,Cada 6 meses,De 38 a 40 litros (hasta 2 personas)
2218,1,1,1,1,1,10,2,De gas con deposito,Nuevo,Cada año,De 38 a 40 litros (hasta 2 personas)
2220,1,1,5,9,2,99,4,Eléctrico con depósito,Usado,No le da mantenimiento,No sabe
2222,1,1,1,1,2,99,4,De gas con deposito,Usado,No le da mantenimiento,De 38 a 40 litros (hasta 2 personas)
2223,1,1,1,6,1,10,4,De gas con deposito,Nuevo,No le da mantenimiento,Más de 140 litros (más de 7 personas)
2224,1,1,1,9,1,2,4,De gas con deposito,Nuevo,No le da mantenimiento,No sabe
2226,1,1,5,9,1,10,3,Eléctrico con depósito,Nuevo,Cada 2 años,No sabe
2228,1,1,5,4,1,10,4,Eléctrico con depósito,Nuevo,No le da mantenimiento,De 90 a 110 litros (hasta 6 personas)
2230,1,1,3,0,2,1,4,De gas instantáneo de paso,Usado,No le da mantenimiento,
2238,1,1,1,3,1,1,1,De gas con deposito,Nuevo,Cada 6 meses,De 70 a 80 litros (hasta 4 personas)
2239,1,1,2,0,1,99,2,De gas de rápida recuperación,Nuevo,Cada año,
2241,1,1,1,3,1,4,4,De gas con deposito,Nuevo,No le da mantenimiento,De 70 a 80 litros (hasta 4 personas)
2242,1,1,1,2,1,7,4,De gas con deposito,Nuevo,No le da mantenimiento,De 50 a 60 litros (hasta 3 personas)
2245,1,1,1,1,1,8,4,De gas con deposito,Nuevo,No le da mantenimiento,De 38 a 40 litros (hasta 2 personas)
2248,1,1,1,3,2,4,2,De gas con deposito,Usado,Cada año,De 70 a 80 litros (hasta 4 personas)
2256,1,1,5,1,1,15,2,Eléctrico con depósito,Nuevo,Cada año,De 38 a 40 litros (hasta 2 personas)
2261,1,1,1,2,2,99,4,De gas con deposito,Usado,No le da mantenimiento,De 50 a 60 litros (hasta 3 personas)
2301,1,1,2,0,1,1,4,De gas de rápida recuperación,Nuevo,No le da mantenimiento,
2303,1,1,5,2,1,3,2,Eléctrico con depósito,Nuevo,Cada año,De 50 a 60 litros (hasta 3 personas)
2305,1,1,4,0,1,2,4,Eléctrico instantáneo de paso,Nuevo,No le da mantenimiento,
2306,1,1,5,1,1,1,1,Eléctrico con depósito,Nuevo,Cada 6 meses,De 38 a 40 litros (hasta 2 personas)
2308,1,1,3,0,1,99,2,De gas instantáneo de paso,Nuevo,Cada año,
2309,1,1,5,2,2,99,4,Eléctrico con depósito,Usado,No le da mantenimiento,De 50 a 60 litros (hasta 3 personas)
2311,1,1,1,9,1,10,1,De gas con deposito,Nuevo,Cada 6 meses,No sabe
2312,1,1,1,9,2,3,4,De gas con deposito,Usado,No le da mantenimiento,No sabe
2313,1,1,1,9,1,99,4,De gas con deposito,Nuevo,No le da mantenimiento,No sabe
2316,1,1,1,1,1,5,1,De gas con deposito,Nuevo,Cada 6 meses,De 38 a 40 litros (hasta 2 personas)
2322,1,1,4,0,2,1,4,Eléctrico instantáneo de paso,Usado,No le da mantenimiento,
2323,1,1,1,2,1,15,4,De gas con deposito,Nuevo,No le da mantenimiento,De 50 a 60 litros (hasta 3 personas)
2326,1,1,1,9,1,4,4,De gas con deposito,Nuevo,No le da mantenimiento,No sabe
2334,1,1,5,2,1,3,4,Eléctrico con depósito,Nuevo,No le da mantenimiento,De 50 a 60 litros (hasta 3 personas)
2373,1,1,4,0,1,5,1,Eléctrico instantáneo de paso,Nuevo,Cada 6 meses,
2386,1,1,5,1,1,1,1,Eléctrico con depósito,Nuevo,Cada 6 meses,De 38 a 40 litros (hasta 2 personas)
2399,1,1,3,0,1,1,4,De gas instantáneo de paso,Nuevo,No le da mantenimiento,
2409,1,1,5,9,1,3,1,Eléctrico con depósito,Nuevo,Cada 6 meses,No sabe
2410,1,1,1,1,1,15,1,De gas con deposito,Nuevo,Cada 6 meses,De 38 a 40 litros (hasta 2 personas)
2413,1,1,5,1,2,10,4,Eléctrico con depósito,Usado,No le da mantenimiento,De 38 a 40 litros (hasta 2 personas)
2414,1,1,1,1,1,4,2,De gas con deposito,Nuevo,Cada año,De 38 a 40 litros (hasta 2 personas)
2416,1,1,3,0,2,1,4,De gas instantáneo de paso,Usado,No le da mantenimiento,
2417,1,1,4,0,1,10,4,Eléctrico instantáneo de paso,Nuevo,No le da mantenimiento,
2418,1,1,1,3,1,10,2,De gas con deposito,Nuevo,Cada año,De 70 a 80 litros (hasta 4 personas)
2420,1,1,5,4,1,10,4,Eléctrico con depósito,Nuevo,No le da mantenimiento,De 90 a 110 litros (hasta 6 personas)
2422,1,1,5,3,1,10,4,Eléctrico con depósito,Nuevo,No le da mantenimiento,De 70 a 80 litros (hasta 4 personas)
2424,1,1,3,0,1,1,4,De gas instantáneo de paso,Nuevo,No le da mantenimiento,
2426,1,1,1,4,1,10,4,De gas con deposito,Nuevo,No le da mantenimiento,De 90 a 110 litros (hasta 6 personas)
2427,1,1,3,0,1,3,4,De gas instantáneo de paso,Nuevo,No le da mantenimiento,
2427,1,2,4,0,1,6,4,Eléctrico instantáneo de paso,Nuevo,No le da mantenimiento,
2428,1,1,5,3,2,2,2,Eléctrico con depósito,Usado,Cada año,De 70 a 80 litros (hasta 4 personas)
2429,1,1,1,3,1,8,4,De gas con deposito,Nuevo,No le da mantenimiento,De 70 a 80 litros (hasta 4 personas)
2430,1,1,5,1,1,10,2,Eléctrico con depósito,Nuevo,Cada año,De 38 a 40 litros (hasta 2 personas)
2432,1,1,5,9,1,1,4,Eléctrico con depósito,Nuevo,No le da mantenimiento,No sabe
2435,1,1,3,0,1,3,1,De gas instantáneo de paso,Nuevo,Cada 6 meses,
2436,1,1,2,0,1,1,4,De gas de rápida recuperación,Nuevo,No le da mantenimiento,
2437,1,1,1,1,2,99,4,De gas con deposito,Usado,No le da mantenimiento,De 38 a 40 litros (hasta 2 personas)
2439,1,1,4,0,1,1,4,Eléctrico instantáneo de paso,Nuevo,No le da mantenimiento,
2442,1,1,5,1,1,4,4,Eléctrico con depósito,Nuevo,No le da mantenimiento,De 38 a 40 litros (hasta 2 personas)
2443,1,1,1,2,1,3,1,De gas con deposito,Nuevo,Cada 6 meses,De 50 a 60 litros (hasta 3 personas)
2445,1,1,1,4,1,3,1,De gas con deposito,Nuevo,Cada 6 meses,De 90 a 110 litros (hasta 6 personas)
2446,1,1,1,1,1,5,2,De gas con deposito,Nuevo,Cada año,De 38 a 40 litros (hasta 2 personas)
2451,1,1,1,2,1,5,1,De gas con deposito,Nuevo,Cada 6 meses,De 50 a 60 litros (hasta 3 personas)
2454,1,1,3,0,1,14,2,De gas instantáneo de paso,Nuevo,Cada año,
2454,1,2,5,1,1,1,4,Eléctrico con depósito,Nuevo,No le da mantenimiento,De 38 a 40 litros (hasta 2 personas)
2455,1,1,3,0,1,6,1,De gas instantáneo de paso,Nuevo,Cada 6 meses,
2457,1,1,5,2,1,1,1,Eléctrico con depósito,Nuevo,Cada 6 meses,De 50 a 60 litros (hasta 3 personas)
2458,1,1,2,0,1,13,3,De gas de rápida recuperación,Nuevo,Cada 2 años,
2461,1,1,1,1,1,3,1,De gas con deposito,Nuevo,Cada 6 meses,De 38 a 40 litros (hasta 2 personas)
2463,1,1,5,1,1,1,4,Eléctrico con depósito,Nuevo,No le da mantenimiento,De 38 a 40 litros (hasta 2 personas)
2464,1,1,4,0,1,10,3,Eléctrico instantáneo de paso,Nuevo,Cada 2 años,
2465,1,1,4,0,1,3,4,Eléctrico instantáneo de paso,Nuevo,No le da mantenimiento,
2466,1,1,4,0,1,4,3,Eléctrico instantáneo de paso,Nuevo,Cada 2 años,
2471,1,1,4,0,1,2,4,Eléctrico instantáneo de paso,Nuevo,No le da mantenimiento,
2472,1,1,1,1,1,10,4,De gas con deposito,Nuevo,No le da mantenimiento,De 38 a 40 litros (hasta 2 personas)
2474,1,1,3,0,1,10,4,De gas instantáneo de paso,Nuevo,No le da mantenimiento,
2475,1,1,5,9,1,1,3,Eléctrico con depósito,Nuevo,Cada 2 años,No sabe
2476,1,1,5,1,1,3,2,Eléctrico con depósito,Nuevo,Cada año,De 38 a 40 litros (hasta 2 personas)
2477,1,1,5,1,2,2,4,Eléctrico con depósito,Usado,No le da mantenimiento,De 38 a 40 litros (hasta 2 personas)
2478,1,1,5,1,1,1,4,Eléctrico con depósito,Nuevo,No le da mantenimiento,De 38 a 40 litros (hasta 2 personas)
2480,1,1,4,0,1,3,4,Eléctrico instantáneo de paso,Nuevo,No le da mantenimiento,
2482,1,1,4,0,1,5,4,Eléctrico instantáneo de paso,Nuevo,No le da mantenimiento,
2484,1,1,2,0,1,4,4,De gas de rápida recuperación,Nuevo,No le da mantenimiento,
2485,1,1,2,0,1,10,2,De gas de rápida recuperación,Nuevo,Cada año,
2486,1,1,5,2,1,12,4,Eléctrico con depósito,Nuevo,No le da mantenimiento,De 50 a 60 litros (hasta 3 personas)
2487,1,1,3,0,1,3,2,De gas instantáneo de paso,Nuevo,Cada año,
2489,1,1,5,2,2,99,4,Eléctrico con depósito,Usado,No le da mantenimiento,De 50 a 60 litros (hasta 3 personas)
2490,1,1,3,0,1,3,2,De gas instantáneo de paso,Nuevo,Cada año,
2495,1,1,5,1,1,3,2,Eléctrico con depósito,Nuevo,Cada año,De 38 a 40 litros (hasta 2 personas)
2497,1,1,5,1,1,2,3,Eléctrico con depósito,Nuevo,Cada 2 años,De 38 a 40 litros (hasta 2 personas)
2498,1,1,1,3,1,8,4,De gas con deposito,Nuevo,No le da mantenimiento,De 70 a 80 litros (hasta 4 personas)
2500,1,1,5,1,1,10,3,Eléctrico con depósito,Nuevo,Cada 2 años,De 38 a 40 litros (hasta 2 personas)
2501,1,1,5,1,1,3,1,Eléctrico con depósito,Nuevo,Cada 6 meses,De 38 a 40 litros (hasta 2 personas)
2504,1,1,5,2,2,7,2,Eléctrico con depósito,Usado,Cada año,De 50 a 60 litros (hasta 3 personas)
2506,1,1,5,1,1,15,2,Eléctrico con depósito,Nuevo,Cada año,De 38 a 40 litros (hasta 2 personas)
2516,1,1,1,1,1,5,4,De gas con deposito,Nuevo,No le da mantenimiento,De 38 a 40 litros (hasta 2 personas)
2537,1,1,4,0,1,6,4,Eléctrico instantáneo de paso,Nuevo,No le da mantenimiento,
2541,1,1,1,1,2,3,2,De gas con deposito,Usado,Cada año,De 38 a 40 litros (hasta 2 personas)
2548,1,1,1,3,1,3,4,De gas con deposito,Nuevo,No le da mantenimiento,De 70 a 80 litros (hasta 4 personas)
2552,1,1,3,0,1,2,1,De gas instantáneo de paso,Nuevo,Cada 6 meses,
2553,1,1,5,1,1,2,4,Eléctrico con depósito,Nuevo,No le da mantenimiento,De 38 a 40 litros (hasta 2 personas)
2554,1,1,4,0,1,3,4,Eléctrico instantáneo de paso,Nuevo,No le da mantenimiento,
2555,1,1,5,1,2,3,4,Eléctrico con depósito,Usado,No le da mantenimiento,De 38 a 40 litros (hasta 2 personas)
2557,1,1,5,1,1,15,3,Eléctrico con depósito,Nuevo,Cada 2 años,De 38 a 40 litros (hasta 2 personas)
2559,1,1,5,1,1,1,4,Eléctrico con depósito,Nuevo,No le da mantenimiento,De 38 a 40 litros (hasta 2 personas)
2561,1,1,5,1,1,10,4,Eléctrico con depósito,Nuevo,No le da mantenimiento,De 38 a 40 litros (hasta 2 personas)
2562,1,1,5,2,1,4,2,Eléctrico con depósito,Nuevo,Cada año,De 50 a 60 litros (hasta 3 personas)
2565,1,1,6,2,1,6,4,De leña,Nuevo,No le da mantenimiento,De 50 a 60 litros (hasta 3 personas)
2569,1,1,4,0,2,10,1,Eléctrico instantáneo de paso,Usado,Cada 6 meses,
2570,1,1,5,2,2,10,4,Eléctrico con depósito,Usado,No le da mantenimiento,De 50 a 60 litros (hasta 3 personas)
2572,1,1,5,9,1,2,2,Eléctrico con depósito,Nuevo,Cada año,No sabe
2573,1,1,5,9,1,8,4,Eléctrico con depósito,Nuevo,No le da mantenimiento,No sabe
2576,1,1,5,1,1,8,2,Eléctrico con depósito,Nuevo,Cada año,De 38 a 40 litros (hasta 2 personas)
2578,1,1,5,1,2,99,4,Eléctrico con depósito,Usado,No le da mantenimiento,De 38 a 40 litros (hasta 2 personas)
2579,1,1,5,1,2,99,4,Eléctrico con depósito,Usado,No le da mantenimiento,De 38 a 40 litros (hasta 2 personas)
2581,1,1,1,1,1,5,4,De gas con deposito,Nuevo,No le da mantenimiento,De 38 a 40 litros (hasta 2 personas)
2583,1,1,1,9,1,4,4,De gas con deposito,Nuevo,No le da mantenimiento,No sabe
2584,1,1,4,0,1,1,1,Eléctrico instantáneo de paso,Nuevo,Cada 6 meses,
2585,1,1,4,0,1,5,1,Eléctrico instantáneo de paso,Nuevo,Cada 6 meses,
2586,1,1,1,5,1,2,2,De gas con deposito,Nuevo,Cada año,De 120 a 140 litros (hasta 7 personas)
2610,1,1,6,9,2,10,4,De leña,Usado,No le da mantenimiento,No sabe
2614,1,1,5,1,1,6,2,Eléctrico con depósito,Nuevo,Cada año,De 38 a 40 litros (hasta 2 personas)
2614,1,2,5,2,1,1,2,Eléctrico con depósito,Nuevo,Cada año,De 50 a 60 litros (hasta 3 personas)
2617,1,1,5,2,1,3,4,Eléctrico con depósito,Nuevo,No le da mantenimiento,De 50 a 60 litros (hasta 3 personas)
2618,1,1,5,1,1,6,4,Eléctrico con depósito,Nuevo,No le da mantenimiento,De 38 a 40 litros (hasta 2 personas)
2619,1,1,5,3,1,2,4,Eléctrico con depósito,Nuevo,No le da mantenimiento,De 70 a 80 litros (hasta 4 personas)
2621,1,1,6,1,2,1,4,De leña,Usado,No le da mantenimiento,De 38 a 40 litros (hasta 2 personas)
2623,1,1,6,1,1,1,4,De leña,Nuevo,No le da mantenimiento,De 38 a 40 litros (hasta 2 personas)
2626,1,1,5,1,1,2,4,Eléctrico con depósito,Nuevo,No le da mantenimiento,De 38 a 40 litros (hasta 2 personas)
2631,1,1,5,2,1,1,4,Eléctrico con depósito,Nuevo,No le da mantenimiento,De 50 a 60 litros (hasta 3 personas)
2636,1,1,5,4,1,1,2,Eléctrico con depósito,Nuevo,Cada año,De 90 a 110 litros (hasta 6 personas)
2638,1,1,5,1,1,6,2,Eléctrico con depósito,Nuevo,Cada año,De 38 a 40 litros (hasta 2 personas)
2639,1,1,1,1,1,5,4,De gas con deposito,Nuevo,No le da mantenimiento,De 38 a 40 litros (hasta 2 personas)
2640,1,1,5,2,1,4,4,Eléctrico con depósito,Nuevo,No le da mantenimiento,De 50 a 60 litros (hasta 3 personas)
2642,1,1,1,9,1,99,1,De gas con deposito,Nuevo,Cada 6 meses,No sabe
2644,1,1,1,1,1,1,1,De gas con deposito,Nuevo,Cada 6 meses,De 38 a 40 litros (hasta 2 personas)
2648,1,1,1,2,1,15,1,De gas con deposito,Nuevo,Cada 6 meses,De 50 a 60 litros (hasta 3 personas)
2649,1,1,5,1,1,1,4,Eléctrico con depósito,Nuevo,No le da mantenimiento,De 38 a 40 litros (hasta 2 personas)
2650,1,1,1,1,1,4,1,De gas con deposito,Nuevo,Cada 6 meses,De 38 a 40 litros (hasta 2 personas)
2651,1,1,1,1,1,5,2,De gas con deposito,Nuevo,Cada año,De 38 a 40 litros (hasta 2 personas)
2658,1,1,5,1,1,1,4,Eléctrico con depósito,Nuevo,No le da mantenimiento,De 38 a 40 litros (hasta 2 personas)
2660,1,1,3,0,1,1,1,De gas instantáneo de paso,Nuevo,Cada 6 meses,
2663,1,1,1,1,1,3,2,De gas con deposito,Nuevo,Cada año,De 38 a 40 litros (hasta 2 personas)
2665,1,1,5,9,2,1,4,Eléctrico con depósito,Usado,No le da mantenimiento,No sabe
2669,1,1,5,9,1,6,2,Eléctrico con depósito,Nuevo,Cada año,No sabe
2670,1,1,1,1,1,3,1,De gas con deposito,Nuevo,Cada 6 meses,De 38 a 40 litros (hasta 2 personas)
2672,1,1,1,1,1,2,1,De gas con deposito,Nuevo,Cada 6 meses,De 38 a 40 litros (hasta 2 personas)
2690,1,1,1,1,1,2,1,De gas con deposito,Nuevo,Cada 6 meses,De 38 a 40 litros (hasta 2 personas)
2692,1,1,1,1,1,5,1,De gas con deposito,Nuevo,Cada 6 meses,De 38 a 40 litros (hasta 2 personas)
2696,1,1,4,0,1,1,1,Eléctrico instantáneo de paso,Nuevo,Cada 6 meses,
2704,1,1,1,9,1,10,4,De gas con deposito,Nuevo,No le da mantenimiento,No sabe
2709,1,1,5,1,1,5,2,Eléctrico con depósito,Nuevo,Cada año,De 38 a 40 litros (hasta 2 personas)
2722,1,1,1,9,1,10,1,De gas con deposito,Nuevo,Cada 6 meses,No sabe
2726,1,1,1,1,1,6,2,De gas con deposito,Nuevo,Cada año,De 38 a 40 litros (hasta 2 personas)
2727,1,1,1,1,1,1,1,De gas con deposito,Nuevo,Cada 6 meses,De 38 a 40 litros (hasta 2 personas)
2729,1,1,1,1,1,3,2,De gas con deposito,Nuevo,Cada año,De 38 a 40 litros (hasta 2 personas)
2743,1,1,1,1,1,1,1,De gas con deposito,Nuevo,Cada 6 meses,De 38 a 40 litros (hasta 2 personas)
2747,1,1,1,1,1,8,4,De gas con deposito,Nuevo,No le da mantenimiento,De 38 a 40 litros (hasta 2 personas)
2748,1,1,5,1,1,3,1,Eléctrico con depósito,Nuevo,Cada 6 meses,De 38 a 40 litros (hasta 2 personas)
2753,1,1,5,1,1,1,4,Eléctrico con depósito,Nuevo,No le da mantenimiento,De 38 a 40 litros (hasta 2 personas)
2755,1,1,3,0,1,6,1,De gas instantáneo de paso,Nuevo,Cada 6 meses,
2758,1,1,2,0,1,1,1,De gas de rápida recuperación,Nuevo,Cada 6 meses,
2759,1,1,1,9,1,4,1,De gas con deposito,Nuevo,Cada 6 meses,No sabe
2761,1,1,5,1,1,10,2,Eléctrico con depósito,Nuevo,Cada año,De 38 a 40 litros (hasta 2 personas)
2762,1,1,2,0,1,1,1,De gas de rápida recuperación,Nuevo,Cada 6 meses,
2766,1,1,1,4,1,99,3,De gas con deposito,Nuevo,Cada 2 años,De 90 a 110 litros (hasta 6 personas)
2772,1,1,1,1,1,4,1,De gas con deposito,Nuevo,Cada 6 meses,De 38 a 40 litros (hasta 2 personas)
2780,1,1,1,9,1,2,1,De gas con deposito,Nuevo,Cada 6 meses,No sabe
2782,1,1,4,0,1,15,2,Eléctrico instantáneo de paso,Nuevo,Cada año,
2794,1,1,5,1,1,1,4,Eléctrico con depósito,Nuevo,No le da mantenimiento,De 38 a 40 litros (hasta 2 personas)
2798,1,1,1,1,1,3,1,De gas con deposito,Nuevo,Cada 6 meses,De 38 a 40 litros (hasta 2 personas)
2842,1,1,1,1,1,2,1,De gas con deposito,Nuevo,Cada 6 meses,De 38 a 40 litros (hasta 2 personas)
2846,1,1,3,0,1,1,4,De gas instantáneo de paso,Nuevo,No le da mantenimiento,
2847,1,1,3,0,1,6,4,De gas instantáneo de paso,Nuevo,No le da mantenimiento,
2848,1,1,1,1,1,4,1,De gas con deposito,Nuevo,Cada 6 meses,De 38 a 40 litros (hasta 2 personas)
2851,1,1,1,1,1,2,1,De gas con deposito,Nuevo,Cada 6 meses,De 38 a 40 litros (hasta 2 personas)
2871,1,1,3,0,1,2,4,De gas instantáneo de paso,Nuevo,No le da mantenimiento,
2883,1,1,1,1,1,2,4,De gas con deposito,Nuevo,No le da mantenimiento,De 38 a 40 litros (hasta 2 personas)
2900,1,1,2,0,1,4,4,De gas de rápida recuperación,Nuevo,No le da mantenimiento,
2919,1,1,3,0,1,1,2,De gas instantáneo de paso,Nuevo,Cada año,
2943,1,1,1,1,1,3,2,De gas con deposito,Nuevo,Cada año,De 38 a 40 litros (hasta 2 personas)
2946,1,1,1,9,1,11,1,De gas con deposito,Nuevo,Cada 6 meses,No sabe
2971,1,1,1,1,1,23,4,De gas con deposito,Nuevo,No le da mantenimiento,De 38 a 40 litros (hasta 2 personas)
3003,1,1,3,0,1,1,1,De gas instantáneo de paso,Nuevo,Cada 6 meses,
3005,1,1,1,9,1,7,2,De gas con deposito,Nuevo,Cada año,No sabe
3007,1,1,1,1,1,3,4,De gas con deposito,Nuevo,No le da mantenimiento,De 38 a 40 litros (hasta 2 personas)
3015,1,1,2,0,1,1,4,De gas de rápida recuperación,Nuevo,No le da mantenimiento,
3026,1,1,5,9,1,2,1,Eléctrico con depósito,Nuevo,Cada 6 meses,No sabe
3040,1,1,5,9,1,1,1,Eléctrico con depósito,Nuevo,Cada 6 meses,No sabe
3061,1,1,1,1,1,6,3,De gas con deposito,Nuevo,Cada 2 años,De 38 a 40 litros (hasta 2 personas)
3079,1,1,1,1,1,4,1,De gas con deposito,Nuevo,Cada 6 meses,De 38 a 40 litros (hasta 2 personas)
3104,1,1,5,1,1,8,2,Eléctrico con depósito,Nuevo,Cada año,De 38 a 40 litros (hasta 2 personas)
3184,1,1,3,0,1,5,1,De gas instantáneo de paso,Nuevo,Cada 6 meses,
3187,1,1,2,0,1,1,1,De gas de rápida recuperación,Nuevo,Cada 6 meses,
3195,1,1,5,5,1,1,2,Eléctrico con depósito,Nuevo,Cada año,De 120 a 140 litros (hasta 7 personas)
3197,1,1,5,1,1,4,1,Eléctrico con depósito,Nuevo,Cada 6 meses,De 38 a 40 litros (hasta 2 personas)
3208,1,1,1,9,1,3,4,De gas con deposito,Nuevo,No le da mantenimiento,No sabe
3278,1,1,2,0,1,4,1,De gas de rápida recuperación,Nuevo,Cada 6 meses,
3379,1,1,3,0,1,1,1,De gas instantáneo de paso,Nuevo,Cada 6 meses,
3380,1,1,3,0,1,3,4,De gas instantáneo de paso,Nuevo,No le da mantenimiento,
3381,1,1,1,1,1,1,2,De gas con deposito,Nuevo,Cada año,De 38 a 40 litros (hasta 2 personas)
3382,1,1,3,0,1,1,1,De gas instantáneo de paso,Nuevo,Cada 6 meses,
3383,1,1,2,0,1,1,4,De gas de rápida recuperación,Nuevo,No le da mantenimiento,
3496,1,1,7,6,1,10,1,Solar,Nuevo,Cada 6 meses,Más de 140 litros (más de 7 personas)
3537,1,1,1,2,1,3,1,De gas con deposito,Nuevo,Cada 6 meses,De 50 a 60 litros (hasta 3 personas)
3539,1,1,1,2,1,12,2,De gas con deposito,Nuevo,Cada año,De 50 a 60 litros (hasta 3 personas)
3540,1,1,2,0,1,2,1,De gas de rápida recuperación,Nuevo,Cada 6 meses,
3541,1,1,3,0,1,2,1,De gas instantáneo de paso,Nuevo,Cada 6 meses,
3543,1,1,3,0,2,4,1,De gas instantáneo de paso,Usado,Cada 6 meses,
3546,1,1,3,0,1,12,4,De gas instantáneo de paso,Nuevo,No le da mantenimiento,
3548,1,1,3,0,1,4,2,De gas instantáneo de paso,Nuevo,Cada año,
3552,1,1,1,3,2,99,4,De gas con deposito,Usado,No le da mantenimiento,De 70 a 80 litros (hasta 4 personas)
3554,1,1,6,1,2,3,2,De leña,Usado,Cada año,De 38 a 40 litros (hasta 2 personas)
3556,1,1,1,3,1,2,1,De gas con deposito,Nuevo,Cada 6 meses,De 70 a 80 litros (hasta 4 personas)
3558,1,1,3,0,2,1,4,De gas instantáneo de paso,Usado,No le da mantenimiento,
3560,1,1,5,2,1,6,4,Eléctrico con depósito,Nuevo,No le da mantenimiento,De 50 a 60 litros (hasta 3 personas)
3561,1,1,1,6,1,2,1,De gas con deposito,Nuevo,Cada 6 meses,Más de 140 litros (más de 7 personas)
3562,1,1,3,0,1,1,4,De gas instantáneo de paso,Nuevo,No le da mantenimiento,
3564,1,1,3,0,1,1,4,De gas instantáneo de paso,Nuevo,No le da mantenimiento,
3565,1,1,3,0,1,2,2,De gas instantáneo de paso,Nuevo,Cada año,
3566,1,1,1,2,1,15,2,De gas con deposito,Nuevo,Cada año,De 50 a 60 litros (hasta 3 personas)
3567,1,1,2,0,1,3,1,De gas de rápida recuperación,Nuevo,Cada 6 meses,
3568,1,1,3,0,1,1,1,De gas instantáneo de paso,Nuevo,Cada 6 meses,
3570,1,1,2,0,2,6,4,De gas de rápida recuperación,Usado,No le da mantenimiento,
3572,1,1,1,1,1,4,4,De gas con deposito,Nuevo,No le da mantenimiento,De 38 a 40 litros (hasta 2 personas)
3576,1,1,2,0,1,8,2,De gas de rápida recuperación,Nuevo,Cada año,
3579,1,1,3,0,1,1,4,De gas instantáneo de paso,Nuevo,No le da mantenimiento,
3581,1,1,3,0,1,3,1,De gas instantáneo de paso,Nuevo,Cada 6 meses,
3586,1,1,1,1,1,3,4,De gas con deposito,Nuevo,No le da mantenimiento,De 38 a 40 litros (hasta 2 personas)
3588,1,1,1,1,1,2,1,De gas con deposito,Nuevo,Cada 6 meses,De 38 a 40 litros (hasta 2 personas)
3589,1,1,4,0,1,2,1,Eléctrico instantáneo de paso,Nuevo,Cada 6 meses,
3593,1,1,1,2,1,12,4,De gas con deposito,Nuevo,No le da mantenimiento,De 50 a 60 litros (hasta 3 personas)
3599,1,1,1,1,1,5,1,De gas con deposito,Nuevo,Cada 6 meses,De 38 a 40 litros (hasta 2 personas)
3600,1,1,1,1,1,8,1,De gas con deposito,Nuevo,Cada 6 meses,De 38 a 40 litros (hasta 2 personas)
3601,1,1,1,1,1,99,1,De gas con deposito,Nuevo,Cada 6 meses,De 38 a 40 litros (hasta 2 personas)
3602,1,2,1,1,1,20,4,De gas con deposito,Nuevo,No le da mantenimiento,De 38 a 40 litros (hasta 2 personas)
3602,1,1,1,3,1,6,1,De gas con deposito,Nuevo,Cada 6 meses,De 70 a 80 litros (hasta 4 personas)
3603,1,1,1,1,1,30,1,De gas con deposito,Nuevo,Cada 6 meses,De 38 a 40 litros (hasta 2 personas)
3604,1,1,1,9,1,8,2,De gas con deposito,Nuevo,Cada año,No sabe
3605,1,1,1,2,1,4,2,De gas con deposito,Nuevo,Cada año,De 50 a 60 litros (hasta 3 personas)
3607,1,1,1,2,1,16,3,De gas con deposito,Nuevo,Cada 2 años,De 50 a 60 litros (hasta 3 personas)
3609,1,1,1,1,1,5,1,De gas con deposito,Nuevo,Cada 6 meses,De 38 a 40 litros (hasta 2 personas)
3610,1,1,3,0,1,1,4,De gas instantáneo de paso,Nuevo,No le da mantenimiento,
3611,1,1,1,1,1,10,4,De gas con deposito,Nuevo,No le da mantenimiento,De 38 a 40 litros (hasta 2 personas)
3612,1,1,1,1,1,1,4,De gas con deposito,Nuevo,No le da mantenimiento,De 38 a 40 litros (hasta 2 personas)
3613,1,1,1,3,1,10,4,De gas con deposito,Nuevo,No le da mantenimiento,De 70 a 80 litros (hasta 4 personas)
3614,1,1,1,5,2,2,2,De gas con deposito,Usado,Cada año,De 120 a 140 litros (hasta 7 personas)
3620,1,1,1,1,1,5,2,De gas con deposito,Nuevo,Cada año,De 38 a 40 litros (hasta 2 personas)
3621,1,1,1,2,1,2,4,De gas con deposito,Nuevo,No le da mantenimiento,De 50 a 60 litros (hasta 3 personas)
3623,1,1,1,2,1,3,1,De gas con deposito,Nuevo,Cada 6 meses,De 50 a 60 litros (hasta 3 personas)
3624,1,1,1,2,1,1,2,De gas con deposito,Nuevo,Cada año,De 50 a 60 litros (hasta 3 personas)
3630,1,1,1,3,2,3,4,De gas con deposito,Usado,No le da mantenimiento,De 70 a 80 litros (hasta 4 personas)
3633,1,1,1,2,2,3,2,De gas con deposito,Usado,Cada año,De 50 a 60 litros (hasta 3 personas)
3635,1,1,1,4,1,3,2,De gas con deposito,Nuevo,Cada año,De 90 a 110 litros (hasta 6 personas)
3637,1,1,2,0,1,3,1,De gas de rápida recuperación,Nuevo,Cada 6 meses,
3639,1,1,1,1,1,2,1,De gas con deposito,Nuevo,Cada 6 meses,De 38 a 40 litros (hasta 2 personas)
3646,1,1,1,1,1,3,1,De gas con deposito,Nuevo,Cada 6 meses,De 38 a 40 litros (hasta 2 personas)
3648,1,1,1,3,1,4,1,De gas con deposito,Nuevo,Cada 6 meses,De 70 a 80 litros (hasta 4 personas)
3649,1,1,1,4,1,10,2,De gas con deposito,Nuevo,Cada año,De 90 a 110 litros (hasta 6 personas)
3650,1,1,3,0,1,8,2,De gas instantáneo de paso,Nuevo,Cada año,
3651,1,1,4,0,1,2,4,Eléctrico instantáneo de paso,Nuevo,No le da mantenimiento,
3652,1,1,1,2,2,2,4,De gas con deposito,Usado,No le da mantenimiento,De 50 a 60 litros (hasta 3 personas)
3653,1,1,1,5,1,3,1,De gas con deposito,Nuevo,Cada 6 meses,De 120 a 140 litros (hasta 7 personas)
3654,1,1,1,9,1,2,2,De gas con deposito,Nuevo,Cada año,No sabe
3655,1,1,1,3,1,3,1,De gas con deposito,Nuevo,Cada 6 meses,De 70 a 80 litros (hasta 4 personas)
3656,1,1,1,9,1,5,4,De gas con deposito,Nuevo,No le da mantenimiento,No sabe
3657,1,1,1,1,1,6,1,De gas con deposito,Nuevo,Cada 6 meses,De 38 a 40 litros (hasta 2 personas)
3659,1,1,2,0,1,8,1,De gas de rápida recuperación,Nuevo,Cada 6 meses,
3663,1,1,4,0,1,10,1,Eléctrico instantáneo de paso,Nuevo,Cada 6 meses,
3664,1,1,1,1,1,8,1,De gas con deposito,Nuevo,Cada 6 meses,De 38 a 40 litros (hasta 2 personas)
3665,1,1,2,0,2,10,4,De gas de rápida recuperación,Usado,No le da mantenimiento,
3668,1,1,4,0,1,1,4,Eléctrico instantáneo de paso,Nuevo,No le da mantenimiento,
3669,1,1,1,1,1,2,2,De gas con deposito,Nuevo,Cada año,De 38 a 40 litros (hasta 2 personas)
3670,1,1,3,0,1,2,4,De gas instantáneo de paso,Nuevo,No le da mantenimiento,
3671,1,1,2,0,1,1,1,De gas de rápida recuperación,Nuevo,Cada 6 meses,
3673,1,1,3,0,1,2,2,De gas instantáneo de paso,Nuevo,Cada año,
3675,1,1,2,0,1,17,2,De gas de rápida recuperación,Nuevo,Cada año,
3676,1,1,1,2,1,10,4,De gas con deposito,Nuevo,No le da mantenimiento,De 50 a 60 litros (hasta 3 personas)
3677,1,1,1,2,1,15,4,De gas con deposito,Nuevo,No le da mantenimiento,De 50 a 60 litros (hasta 3 personas)
3678,1,1,2,0,1,10,2,De gas de rápida recuperación,Nuevo,Cada año,
3681,1,1,4,0,2,99,4,Eléctrico instantáneo de paso,Usado,No le da mantenimiento,
3684,1,1,3,0,2,1,4,De gas instantáneo de paso,Usado,No le da mantenimiento,
3685,1,1,3,0,1,1,1,De gas instantáneo de paso,Nuevo,Cada 6 meses,
3686,1,1,1,4,1,10,2,De gas con deposito,Nuevo,Cada año,De 90 a 110 litros (hasta 6 personas)
3688,1,1,1,3,1,12,2,De gas con deposito,Nuevo,Cada año,De 70 a 80 litros (hasta 4 personas)
3689,1,1,1,2,1,8,2,De gas con deposito,Nuevo,Cada año,De 50 a 60 litros (hasta 3 personas)
3690,1,1,1,3,2,99,4,De gas con deposito,Usado,No le da mantenimiento,De 70 a 80 litros (hasta 4 personas)
3691,1,1,4,0,1,2,2,Eléctrico instantáneo de paso,Nuevo,Cada año,
3692,1,1,1,4,1,5,1,De gas con deposito,Nuevo,Cada 6 meses,De 90 a 110 litros (hasta 6 personas)
3693,1,1,1,1,2,1,1,De gas con deposito,Usado,Cada 6 meses,De 38 a 40 litros (hasta 2 personas)
3695,1,1,1,1,1,3,1,De gas con deposito,Nuevo,Cada 6 meses,De 38 a 40 litros (hasta 2 personas)
3696,1,1,1,1,1,3,4,De gas con deposito,Nuevo,No le da mantenimiento,De 38 a 40 litros (hasta 2 personas)
3698,1,1,1,2,1,25,4,De gas con deposito,Nuevo,No le da mantenimiento,De 50 a 60 litros (hasta 3 personas)
3699,1,1,1,2,1,17,1,De gas con deposito,Nuevo,Cada 6 meses,De 50 a 60 litros (hasta 3 personas)
3701,1,1,2,0,1,5,1,De gas de rápida recuperación,Nuevo,Cada 6 meses,
3702,1,1,1,1,1,7,1,De gas con deposito,Nuevo,Cada 6 meses,De 38 a 40 litros (hasta 2 personas)
3704,1,1,1,4,1,8,2,De gas con deposito,Nuevo,Cada año,De 90 a 110 litros (hasta 6 personas)
3705,1,1,1,9,1,15,1,De gas con deposito,Nuevo,Cada 6 meses,No sabe
3706,1,1,1,1,1,6,1,De gas con deposito,Nuevo,Cada 6 meses,De 38 a 40 litros (hasta 2 personas)
3707,1,1,1,1,1,5,2,De gas con deposito,Nuevo,Cada año,De 38 a 40 litros (hasta 2 personas)
3708,1,1,1,1,1,8,1,De gas con deposito,Nuevo,Cada 6 meses,De 38 a 40 litros (hasta 2 personas)
3710,1,1,1,1,1,17,4,De gas con deposito,Nuevo,No le da mantenimiento,De 38 a 40 litros (hasta 2 personas)
3711,1,1,2,0,1,1,4,De gas de rápida recuperación,Nuevo,No le da mantenimiento,
3712,1,1,1,2,1,15,3,De gas con deposito,Nuevo,Cada 2 años,De 50 a 60 litros (hasta 3 personas)
3713,1,1,1,3,1,12,1,De gas con deposito,Nuevo,Cada 6 meses,De 70 a 80 litros (hasta 4 personas)
3714,1,1,1,1,1,3,1,De gas con deposito,Nuevo,Cada 6 meses,De 38 a 40 litros (hasta 2 personas)
3715,1,1,1,9,1,3,3,De gas con deposito,Nuevo,Cada 2 años,No sabe
3716,1,1,2,0,1,3,4,De gas de rápida recuperación,Nuevo,No le da mantenimiento,
3717,1,1,1,3,1,4,1,De gas con deposito,Nuevo,Cada 6 meses,De 70 a 80 litros (hasta 4 personas)
3718,1,1,1,1,1,2,4,De gas con deposito,Nuevo,No le da mantenimiento,De 38 a 40 litros (hasta 2 personas)
3721,1,1,1,1,1,10,2,De gas con deposito,Nuevo,Cada año,De 38 a 40 litros (hasta 2 personas)
3722,1,1,1,9,1,10,2,De gas con deposito,Nuevo,Cada año,No sabe
3722,1,2,2,0,1,7,2,De gas de rápida recuperación,Nuevo,Cada año,
3723,1,1,1,1,2,10,1,De gas con deposito,Usado,Cada 6 meses,De 38 a 40 litros (hasta 2 personas)
3727,1,1,1,4,1,8,2,De gas con deposito,Nuevo,Cada año,De 90 a 110 litros (hasta 6 personas)
3728,1,1,1,2,1,12,2,De gas con deposito,Nuevo,Cada año,De 50 a 60 litros (hasta 3 personas)
3729,1,1,1,1,1,7,4,De gas con deposito,Nuevo,No le da mantenimiento,De 38 a 40 litros (hasta 2 personas)
3730,1,1,1,1,2,99,4,De gas con deposito,Usado,No le da mantenimiento,De 38 a 40 litros (hasta 2 personas)
3731,1,1,3,0,1,1,4,De gas instantáneo de paso,Nuevo,No le da mantenimiento,
3733,1,1,1,1,1,8,1,De gas con deposito,Nuevo,Cada 6 meses,De 38 a 40 litros (hasta 2 personas)
3735,1,1,1,2,1,1,4,De gas con deposito,Nuevo,No le da mantenimiento,De 50 a 60 litros (hasta 3 personas)
3736,1,1,1,1,1,3,4,De gas con deposito,Nuevo,No le da mantenimiento,De 38 a 40 litros (hasta 2 personas)
3737,1,1,1,3,2,99,1,De gas con deposito,Usado,Cada 6 meses,De 70 a 80 litros (hasta 4 personas)
3738,1,1,1,1,1,12,4,De gas con deposito,Nuevo,No le da mantenimiento,De 38 a 40 litros (hasta 2 personas)
3739,1,1,1,2,1,10,2,De gas con deposito,Nuevo,Cada año,De 50 a 60 litros (hasta 3 personas)
3740,1,1,1,1,2,8,2,De gas con deposito,Usado,Cada año,De 38 a 40 litros (hasta 2 personas)
3741,1,2,1,1,1,10,2,De gas con deposito,Nuevo,Cada año,De 38 a 40 litros (hasta 2 personas)
3741,1,1,1,1,1,10,2,De gas con deposito,Nuevo,Cada año,De 38 a 40 litros (hasta 2 personas)
3742,1,1,2,0,1,99,4,De gas de rápida recuperación,Nuevo,No le da mantenimiento,
3743,1,1,1,2,1,30,4,De gas con deposito,Nuevo,No le da mantenimiento,De 50 a 60 litros (hasta 3 personas)
3744,1,1,1,1,1,12,1,De gas con deposito,Nuevo,Cada 6 meses,De 38 a 40 litros (hasta 2 personas)
3745,1,1,1,1,1,15,2,De gas con deposito,Nuevo,Cada año,De 38 a 40 litros (hasta 2 personas)
3750,1,1,1,2,1,2,4,De gas con deposito,Nuevo,No le da mantenimiento,De 50 a 60 litros (hasta 3 personas)
3751,1,1,3,0,1,4,1,De gas instantáneo de paso,Nuevo,Cada 6 meses,
3752,1,1,1,1,1,4,1,De gas con deposito,Nuevo,Cada 6 meses,De 38 a 40 litros (hasta 2 personas)
3753,1,1,1,2,1,99,4,De gas con deposito,Nuevo,No le da mantenimiento,De 50 a 60 litros (hasta 3 personas)
3755,1,1,1,1,1,30,1,De gas con deposito,Nuevo,Cada 6 meses,De 38 a 40 litros (hasta 2 personas)
3757,1,1,1,2,1,8,1,De gas con deposito,Nuevo,Cada 6 meses,De 50 a 60 litros (hasta 3 personas)
3758,1,1,1,3,2,8,3,De gas con deposito,Usado,Cada 2 años,De 70 a 80 litros (hasta 4 personas)
3760,1,1,1,2,1,32,1,De gas con deposito,Nuevo,Cada 6 meses,De 50 a 60 litros (hasta 3 personas)
3762,1,1,1,1,1,2,2,De gas con deposito,Nuevo,Cada año,De 38 a 40 litros (hasta 2 personas)
3763,1,1,1,1,1,9,2,De gas con deposito,Nuevo,Cada año,De 38 a 40 litros (hasta 2 personas)
3763,1,2,1,1,1,7,1,De gas con deposito,Nuevo,Cada 6 meses,De 38 a 40 litros (hasta 2 personas)
3764,1,1,1,1,1,2,1,De gas con deposito,Nuevo,Cada 6 meses,De 38 a 40 litros (hasta 2 personas)
3767,1,1,2,0,1,4,4,De gas de rápida recuperación,Nuevo,No le da mantenimiento,
3768,1,1,1,1,1,3,1,De gas con deposito,Nuevo,Cada 6 meses,De 38 a 40 litros (hasta 2 personas)
3771,1,1,2,0,1,2,4,De gas de rápida recuperación,Nuevo,No le da mantenimiento,
3773,1,1,1,3,1,5,1,De gas con deposito,Nuevo,Cada 6 meses,De 70 a 80 litros (hasta 4 personas)
3774,1,1,1,3,1,10,4,De gas con deposito,Nuevo,No le da mantenimiento,De 70 a 80 litros (hasta 4 personas)
3776,1,1,1,5,1,10,3,De gas con deposito,Nuevo,Cada 2 años,De 120 a 140 litros (hasta 7 personas)
3777,1,1,1,3,2,1,4,De gas con deposito,Usado,No le da mantenimiento,De 70 a 80 litros (hasta 4 personas)
3778,1,1,1,1,1,30,1,De gas con deposito,Nuevo,Cada 6 meses,De 38 a 40 litros (hasta 2 personas)
3779,1,1,3,0,1,2,3,De gas instantáneo de paso,Nuevo,Cada 2 años,
3780,1,1,1,1,1,4,2,De gas con deposito,Nuevo,Cada año,De 38 a 40 litros (hasta 2 personas)
3781,1,1,1,1,1,3,1,De gas con deposito,Nuevo,Cada 6 meses,De 38 a 40 litros (hasta 2 personas)
3783,1,1,1,1,2,3,2,De gas con deposito,Usado,Cada año,De 38 a 40 litros (hasta 2 personas)
3784,1,1,1,1,1,3,1,De gas con deposito,Nuevo,Cada 6 meses,De 38 a 40 litros (hasta 2 personas)
3785,1,1,3,0,1,1,2,De gas instantáneo de paso,Nuevo,Cada año,
3787,1,1,1,1,1,20,2,De gas con deposito,Nuevo,Cada año,De 38 a 40 litros (hasta 2 personas)
3790,1,1,1,1,1,99,1,De gas con deposito,Nuevo,Cada 6 meses,De 38 a 40 litros (hasta 2 personas)
3793,1,1,2,0,1,2,2,De gas de rápida recuperación,Nuevo,Cada año,
3794,1,1,1,1,1,14,4,De gas con deposito,Nuevo,No le da mantenimiento,De 38 a 40 litros (hasta 2 personas)
3795,1,1,1,1,1,1,4,De gas con deposito,Nuevo,No le da mantenimiento,De 38 a 40 litros (hasta 2 personas)
3796,1,1,1,2,1,15,3,De gas con deposito,Nuevo,Cada 2 años,De 50 a 60 litros (hasta 3 personas)
3797,1,1,3,0,1,2,1,De gas instantáneo de paso,Nuevo,Cada 6 meses,
3800,1,1,1,3,1,3,4,De gas con deposito,Nuevo,No le da mantenimiento,De 70 a 80 litros (hasta 4 personas)
3801,1,1,1,3,1,15,4,De gas con deposito,Nuevo,No le da mantenimiento,De 70 a 80 litros (hasta 4 personas)
3802,1,1,1,4,1,8,3,De gas con deposito,Nuevo,Cada 2 años,De 90 a 110 litros (hasta 6 personas)
3803,1,1,2,0,1,3,4,De gas de rápida recuperación,Nuevo,No le da mantenimiento,
3804,1,1,1,1,1,3,2,De gas con deposito,Nuevo,Cada año,De 38 a 40 litros (hasta 2 personas)
3805,1,1,1,1,1,6,2,De gas con deposito,Nuevo,Cada año,De 38 a 40 litros (hasta 2 personas)
3806,1,1,3,0,1,4,2,De gas instantáneo de paso,Nuevo,Cada año,
3807,1,1,3,0,1,3,1,De gas instantáneo de paso,Nuevo,Cada 6 meses,
3808,1,1,1,3,1,30,1,De gas con deposito,Nuevo,Cada 6 meses,De 70 a 80 litros (hasta 4 personas)
3809,1,1,1,2,1,10,2,De gas con deposito,Nuevo,Cada año,De 50 a 60 litros (hasta 3 personas)
3810,1,1,1,4,1,5,2,De gas con deposito,Nuevo,Cada año,De 90 a 110 litros (hasta 6 personas)
3811,1,1,1,3,1,20,3,De gas con deposito,Nuevo,Cada 2 años,De 70 a 80 litros (hasta 4 personas)
3813,1,1,1,1,1,4,4,De gas con deposito,Nuevo,No le da mantenimiento,De 38 a 40 litros (hasta 2 personas)
3814,1,1,1,9,1,10,2,De gas con deposito,Nuevo,Cada año,No sabe
3816,1,1,1,1,1,4,1,De gas con deposito,Nuevo,Cada 6 meses,De 38 a 40 litros (hasta 2 personas)
3817,1,1,1,1,2,20,2,De gas con deposito,Usado,Cada año,De 38 a 40 litros (hasta 2 personas)
3820,1,1,1,9,1,1,1,De gas con deposito,Nuevo,Cada 6 meses,No sabe
3824,1,1,2,0,1,1,1,De gas de rápida recuperación,Nuevo,Cada 6 meses,
3825,1,1,1,1,1,5,4,De gas con deposito,Nuevo,No le da mantenimiento,De 38 a 40 litros (hasta 2 personas)
3826,1,1,1,3,1,10,3,De gas con deposito,Nuevo,Cada 2 años,De 70 a 80 litros (hasta 4 personas)
3827,1,1,1,1,1,1,4,De gas con deposito,Nuevo,No le da mantenimiento,De 38 a 40 litros (hasta 2 personas)
3829,1,1,1,3,1,2,2,De gas con deposito,Nuevo,Cada año,De 70 a 80 litros (hasta 4 personas)
3834,1,1,2,0,1,22,1,De gas de rápida recuperación,Nuevo,Cada 6 meses,
3835,1,1,3,0,1,1,1,De gas instantáneo de paso,Nuevo,Cada 6 meses,
3836,1,1,1,2,1,10,2,De gas con deposito,Nuevo,Cada año,De 50 a 60 litros (hasta 3 personas)
3836,1,2,1,1,1,2,1,De gas con deposito,Nuevo,Cada 6 meses,De 38 a 40 litros (hasta 2 personas)
3837,1,1,1,9,1,10,2,De gas con deposito,Nuevo,Cada año,No sabe
3838,1,1,1,3,1,2,2,De gas con deposito,Nuevo,Cada año,De 70 a 80 litros (hasta 4 personas)
3839,1,1,1,1,1,2,1,De gas con deposito,Nuevo,Cada 6 meses,De 38 a 40 litros (hasta 2 personas)
3841,1,1,1,4,2,1,4,De gas con deposito,Usado,No le da mantenimiento,De 90 a 110 litros (hasta 6 personas)
3843,1,1,2,0,1,3,4,De gas de rápida recuperación,Nuevo,No le da mantenimiento,
3844,1,1,1,3,1,6,1,De gas con deposito,Nuevo,Cada 6 meses,De 70 a 80 litros (hasta 4 personas)
3845,1,1,1,2,2,15,1,De gas con deposito,Usado,Cada 6 meses,De 50 a 60 litros (hasta 3 personas)
3849,1,1,1,1,2,99,4,De gas con deposito,Usado,No le da mantenimiento,De 38 a 40 litros (hasta 2 personas)
3850,1,1,1,1,1,1,1,De gas con deposito,Nuevo,Cada 6 meses,De 38 a 40 litros (hasta 2 personas)
3852,1,1,2,0,1,1,4,De gas de rápida recuperación,Nuevo,No le da mantenimiento,
3855,1,1,3,0,1,1,1,De gas instantáneo de paso,Nuevo,Cada 6 meses,
3856,1,1,1,1,1,13,2,De gas con deposito,Nuevo,Cada año,De 38 a 40 litros (hasta 2 personas)
3857,1,1,1,2,1,5,1,De gas con deposito,Nuevo,Cada 6 meses,De 50 a 60 litros (hasta 3 personas)
3859,1,1,1,1,1,11,2,De gas con deposito,Nuevo,Cada año,De 38 a 40 litros (hasta 2 personas)
3862,1,2,7,9,2,2,2,Solar,Usado,Cada año,No sabe
3862,1,1,2,0,2,1,2,De gas de rápida recuperación,Usado,Cada año,
3863,1,1,2,0,1,10,4,De gas de rápida recuperación,Nuevo,No le da mantenimiento,
3864,1,1,1,1,2,10,2,De gas con deposito,Usado,Cada año,De 38 a 40 litros (hasta 2 personas)
3865,1,1,1,1,1,3,1,De gas con deposito,Nuevo,Cada 6 meses,De 38 a 40 litros (hasta 2 personas)
3868,1,1,3,0,1,1,4,De gas instantáneo de paso,Nuevo,No le da mantenimiento,
3870,1,1,1,1,1,13,1,De gas con deposito,Nuevo,Cada 6 meses,De 38 a 40 litros (hasta 2 personas)
3874,1,1,1,1,1,14,1,De gas con deposito,Nuevo,Cada 6 meses,De 38 a 40 litros (hasta 2 personas)
3875,1,1,4,0,1,1,1,Eléctrico instantáneo de paso,Nuevo,Cada 6 meses,
3876,1,1,1,1,1,17,4,De gas con deposito,Nuevo,No le da mantenimiento,De 38 a 40 litros (hasta 2 personas)
3878,1,1,1,1,1,2,1,De gas con deposito,Nuevo,Cada 6 meses,De 38 a 40 litros (hasta 2 personas)
3879,1,1,1,1,2,3,1,De gas con deposito,Usado,Cada 6 meses,De 38 a 40 litros (hasta 2 personas)
3880,1,1,1,1,1,10,4,De gas con deposito,Nuevo,No le da mantenimiento,De 38 a 40 litros (hasta 2 personas)
3881,1,1,3,0,1,4,4,De gas instantáneo de paso,Nuevo,No le da mantenimiento,
3882,1,1,1,1,1,2,1,De gas con deposito,Nuevo,Cada 6 meses,De 38 a 40 litros (hasta 2 personas)
3893,1,1,1,3,1,10,2,De gas con deposito,Nuevo,Cada año,De 70 a 80 litros (hasta 4 personas)
3894,1,1,1,2,1,3,2,De gas con deposito,Nuevo,Cada año,De 50 a 60 litros (hasta 3 personas)
3896,1,1,1,2,1,8,2,De gas con deposito,Nuevo,Cada año,De 50 a 60 litros (hasta 3 personas)
3897,1,1,1,1,1,9,4,De gas con deposito,Nuevo,No le da mantenimiento,De 38 a 40 litros (hasta 2 personas)
3898,1,1,1,1,1,12,1,De gas con deposito,Nuevo,Cada 6 meses,De 38 a 40 litros (hasta 2 personas)
3900,1,1,1,1,1,3,4,De gas con deposito,Nuevo,No le da mantenimiento,De 38 a 40 litros (hasta 2 personas)
3901,1,1,1,1,1,2,4,De gas con deposito,Nuevo,No le da mantenimiento,De 38 a 40 litros (hasta 2 personas)
3902,1,1,1,1,1,4,4,De gas con deposito,Nuevo,No le da mantenimiento,De 38 a 40 litros (hasta 2 personas)
3904,1,1,1,2,1,7,2,De gas con deposito,Nuevo,Cada año,De 50 a 60 litros (hasta 3 personas)
3905,1,1,1,1,1,10,2,De gas con deposito,Nuevo,Cada año,De 38 a 40 litros (hasta 2 personas)
3907,1,1,1,1,1,6,1,De gas con deposito,Nuevo,Cada 6 meses,De 38 a 40 litros (hasta 2 personas)
3908,1,1,3,0,1,2,4,De gas instantáneo de paso,Nuevo,No le da mantenimiento,
3909,1,1,1,1,2,99,1,De gas con deposito,Usado,Cada 6 meses,De 38 a 40 litros (hasta 2 personas)
3910,1,1,2,0,1,8,1,De gas de rápida recuperación,Nuevo,Cada 6 meses,
3911,1,1,1,1,1,2,4,De gas con deposito,Nuevo,No le da mantenimiento,De 38 a 40 litros (hasta 2 personas)
3912,1,1,1,1,1,8,1,De gas con deposito,Nuevo,Cada 6 meses,De 38 a 40 litros (hasta 2 personas)
3913,1,1,1,9,2,1,4,De gas con deposito,Usado,No le da mantenimiento,No sabe
3915,1,1,1,1,1,5,2,De gas con deposito,Nuevo,Cada año,De 38 a 40 litros (hasta 2 personas)
3915,1,2,1,1,1,10,2,De gas con deposito,Nuevo,Cada año,De 38 a 40 litros (hasta 2 personas)
3916,1,1,3,0,1,1,4,De gas instantáneo de paso,Nuevo,No le da mantenimiento,
3917,1,1,1,1,1,15,1,De gas con deposito,Nuevo,Cada 6 meses,De 38 a 40 litros (hasta 2 personas)
3918,1,1,1,1,1,8,4,De gas con deposito,Nuevo,No le da mantenimiento,De 38 a 40 litros (hasta 2 personas)
3919,1,1,3,0,1,4,4,De gas instantáneo de paso,Nuevo,No le da mantenimiento,
3920,1,1,1,1,1,5,1,De gas con deposito,Nuevo,Cada 6 meses,De 38 a 40 litros (hasta 2 personas)
3921,1,1,1,1,1,5,4,De gas con deposito,Nuevo,No le da mantenimiento,De 38 a 40 litros (hasta 2 personas)
3922,1,1,5,3,1,7,4,Eléctrico con depósito,Nuevo,No le da mantenimiento,De 70 a 80 litros (hasta 4 personas)
3922,1,2,7,3,1,5,4,Solar,Nuevo,No le da mantenimiento,De 70 a 80 litros (hasta 4 personas)
3923,1,1,1,1,1,18,1,De gas con deposito,Nuevo,Cada 6 meses,De 38 a 40 litros (hasta 2 personas)
3924,1,1,1,9,2,1,4,De gas con deposito,Usado,No le da mantenimiento,No sabe
3925,1,1,3,0,1,3,4,De gas instantáneo de paso,Nuevo,No le da mantenimiento,
3926,1,1,1,2,1,2,2,De gas con deposito,Nuevo,Cada año,De 50 a 60 litros (hasta 3 personas)
3927,1,1,1,2,2,3,4,De gas con deposito,Usado,No le da mantenimiento,De 50 a 60 litros (hasta 3 personas)
3929,1,1,1,9,1,25,2,De gas con deposito,Nuevo,Cada año,No sabe
3930,1,1,1,9,2,99,4,De gas con deposito,Usado,No le da mantenimiento,No sabe
3931,1,1,1,1,1,7,4,De gas con deposito,Nuevo,No le da mantenimiento,De 38 a 40 litros (hasta 2 personas)
3933,1,1,1,1,2,5,4,De gas con deposito,Usado,No le da mantenimiento,De 38 a 40 litros (hasta 2 personas)
3934,1,1,1,1,1,8,4,De gas con deposito,Nuevo,No le da mantenimiento,De 38 a 40 litros (hasta 2 personas)
3935,1,1,1,1,1,8,4,De gas con deposito,Nuevo,No le da mantenimiento,De 38 a 40 litros (hasta 2 personas)
3937,1,1,1,1,1,3,1,De gas con deposito,Nuevo,Cada 6 meses,De 38 a 40 litros (hasta 2 personas)
3938,1,1,1,1,1,5,4,De gas con deposito,Nuevo,No le da mantenimiento,De 38 a 40 litros (hasta 2 personas)
3939,1,1,1,1,1,1,4,De gas con deposito,Nuevo,No le da mantenimiento,De 38 a 40 litros (hasta 2 personas)
3940,1,1,1,2,1,3,2,De gas con deposito,Nuevo,Cada año,De 50 a 60 litros (hasta 3 personas)
3941,1,1,1,2,2,8,4,De gas con deposito,Usado,No le da mantenimiento,De 50 a 60 litros (hasta 3 personas)
3942,1,1,3,0,1,7,1,De gas instantáneo de paso,Nuevo,Cada 6 meses,
3943,1,1,1,1,1,15,2,De gas con deposito,Nuevo,Cada año,De 38 a 40 litros (hasta 2 personas)
3944,1,1,1,3,1,11,4,De gas con deposito,Nuevo,No le da mantenimiento,De 70 a 80 litros (hasta 4 personas)
3945,1,1,6,1,2,8,4,De leña,Usado,No le da mantenimiento,De 38 a 40 litros (hasta 2 personas)
3946,1,1,1,3,1,10,1,De gas con deposito,Nuevo,Cada 6 meses,De 70 a 80 litros (hasta 4 personas)
3947,1,1,1,1,1,12,4,De gas con deposito,Nuevo,No le da mantenimiento,De 38 a 40 litros (hasta 2 personas)
3948,1,1,1,1,1,15,4,De gas con deposito,Nuevo,No le da mantenimiento,De 38 a 40 litros (hasta 2 personas)
3949,1,1,4,0,1,1,4,Eléctrico instantáneo de paso,Nuevo,No le da mantenimiento,
3950,1,1,3,0,2,99,4,De gas instantáneo de paso,Usado,No le da mantenimiento,
3953,1,1,1,1,1,10,2,De gas con deposito,Nuevo,Cada año,De 38 a 40 litros (hasta 2 personas)
3955,1,1,6,1,1,2,4,De leña,Nuevo,No le da mantenimiento,De 38 a 40 litros (hasta 2 personas)
3960,1,1,1,1,1,2,1,De gas con deposito,Nuevo,Cada 6 meses,De 38 a 40 litros (hasta 2 personas)
3963,1,1,4,0,2,1,4,Eléctrico instantáneo de paso,Usado,No le da mantenimiento,
3964,1,1,1,3,1,3,4,De gas con deposito,Nuevo,No le da mantenimiento,De 70 a 80 litros (hasta 4 personas)
3967,1,1,1,1,1,3,2,De gas con deposito,Nuevo,Cada año,De 38 a 40 litros (hasta 2 personas)
3968,1,1,1,1,1,15,1,De gas con deposito,Nuevo,Cada 6 meses,De 38 a 40 litros (hasta 2 personas)
3969,1,1,1,1,1,20,4,De gas con deposito,Nuevo,No le da mantenimiento,De 38 a 40 litros (hasta 2 personas)
3970,1,1,1,1,1,2,2,De gas con deposito,Nuevo,Cada año,De 38 a 40 litros (hasta 2 personas)
3971,1,1,1,1,1,1,4,De gas con deposito,Nuevo,No le da mantenimiento,De 38 a 40 litros (hasta 2 personas)
3974,1,1,1,1,2,99,4,De gas con deposito,Usado,No le da mantenimiento,De 38 a 40 litros (hasta 2 personas)
3975,1,1,1,1,1,6,2,De gas con deposito,Nuevo,Cada año,De 38 a 40 litros (hasta 2 personas)
3977,1,1,6,1,1,3,1,De leña,Nuevo,Cada 6 meses,De 38 a 40 litros (hasta 2 personas)
3979,1,1,1,9,1,7,2,De gas con deposito,Nuevo,Cada año,No sabe
3983,1,1,3,0,1,2,4,De gas instantáneo de paso,Nuevo,No le da mantenimiento,
3984,1,1,3,0,1,2,1,De gas instantáneo de paso,Nuevo,Cada 6 meses,
3985,1,1,3,0,1,1,4,De gas instantáneo de paso,Nuevo,No le da mantenimiento,
3988,1,1,1,1,1,12,4,De gas con deposito,Nuevo,No le da mantenimiento,De 38 a 40 litros (hasta 2 personas)
3990,1,1,1,3,1,6,2,De gas con deposito,Nuevo,Cada año,De 70 a 80 litros (hasta 4 personas)
3991,1,1,3,0,1,1,2,De gas instantáneo de paso,Nuevo,Cada año,
3992,1,1,1,2,1,99,1,De gas con deposito,Nuevo,Cada 6 meses,De 50 a 60 litros (hasta 3 personas)
3993,1,1,1,2,1,10,3,De gas con deposito,Nuevo,Cada 2 años,De 50 a 60 litros (hasta 3 personas)
3994,1,1,1,1,1,2,4,De gas con deposito,Nuevo,No le da mantenimiento,De 38 a 40 litros (hasta 2 personas)
3996,1,1,1,1,1,20,1,De gas con deposito,Nuevo,Cada 6 meses,De 38 a 40 litros (hasta 2 personas)
3997,1,1,1,3,1,6,4,De gas con deposito,Nuevo,No le da mantenimiento,De 70 a 80 litros (hasta 4 personas)
3998,1,1,1,1,1,24,1,De gas con deposito,Nuevo,Cada 6 meses,De 38 a 40 litros (hasta 2 personas)
4001,1,1,1,1,1,4,4,De gas con deposito,Nuevo,No le da mantenimiento,De 38 a 40 litros (hasta 2 personas)
4002,1,1,1,1,1,23,2,De gas con deposito,Nuevo,Cada año,De 38 a 40 litros (hasta 2 personas)
4003,1,1,1,2,2,1,2,De gas con deposito,Usado,Cada año,De 50 a 60 litros (hasta 3 personas)
4004,1,1,1,3,1,6,2,De gas con deposito,Nuevo,Cada año,De 70 a 80 litros (hasta 4 personas)
4005,1,1,1,3,1,2,2,De gas con deposito,Nuevo,Cada año,De 70 a 80 litros (hasta 4 personas)
4006,1,1,2,0,1,7,1,De gas de rápida recuperación,Nuevo,Cada 6 meses,
4007,1,1,1,9,1,11,2,De gas con deposito,Nuevo,Cada año,No sabe
4010,1,1,6,9,2,10,4,De leña,Usado,No le da mantenimiento,No sabe
4011,1,1,1,9,1,5,1,De gas con deposito,Nuevo,Cada 6 meses,No sabe
4014,1,1,1,1,1,7,2,De gas con deposito,Nuevo,Cada año,De 38 a 40 litros (hasta 2 personas)
4017,1,1,1,1,1,9,3,De gas con deposito,Nuevo,Cada 2 años,De 38 a 40 litros (hasta 2 personas)
4018,1,1,1,1,1,7,4,De gas con deposito,Nuevo,No le da mantenimiento,De 38 a 40 litros (hasta 2 personas)
4019,1,1,1,3,1,10,1,De gas con deposito,Nuevo,Cada 6 meses,De 70 a 80 litros (hasta 4 personas)
4020,1,1,2,0,1,99,4,De gas de rápida recuperación,Nuevo,No le da mantenimiento,
4021,1,1,1,9,1,10,2,De gas con deposito,Nuevo,Cada año,No sabe
4028,1,1,1,1,1,18,2,De gas con deposito,Nuevo,Cada año,De 38 a 40 litros (hasta 2 personas)
4031,1,1,3,0,2,1,2,De gas instantáneo de paso,Usado,Cada año,
4032,1,1,3,0,1,2,4,De gas instantáneo de paso,Nuevo,No le da mantenimiento,
4036,1,1,1,1,1,6,2,De gas con deposito,Nuevo,Cada año,De 38 a 40 litros (hasta 2 personas)
4037,1,1,1,1,1,1,4,De gas con deposito,Nuevo,No le da mantenimiento,De 38 a 40 litros (hasta 2 personas)
4038,1,1,6,1,1,10,4,De leña,Nuevo,No le da mantenimiento,De 38 a 40 litros (hasta 2 personas)
4041,1,1,1,2,1,15,4,De gas con deposito,Nuevo,No le da mantenimiento,De 50 a 60 litros (hasta 3 personas)
4042,1,1,3,0,1,5,2,De gas instantáneo de paso,Nuevo,Cada año,
4043,1,1,1,9,1,5,2,De gas con deposito,Nuevo,Cada año,No sabe
4044,1,1,1,3,1,1,4,De gas con deposito,Nuevo,No le da mantenimiento,De 70 a 80 litros (hasta 4 personas)
4045,1,1,6,1,2,1,4,De leña,Usado,No le da mantenimiento,De 38 a 40 litros (hasta 2 personas)
4050,1,2,1,3,1,6,2,De gas con deposito,Nuevo,Cada año,De 70 a 80 litros (hasta 4 personas)
4050,1,1,1,3,1,7,2,De gas con deposito,Nuevo,Cada año,De 70 a 80 litros (hasta 4 personas)
4051,1,1,2,0,1,2,4,De gas de rápida recuperación,Nuevo,No le da mantenimiento,
4051,1,2,3,0,1,2,4,De gas instantáneo de paso,Nuevo,No le da mantenimiento,
4052,1,1,1,2,1,9,2,De gas con deposito,Nuevo,Cada año,De 50 a 60 litros (hasta 3 personas)
4053,1,1,1,1,1,7,4,De gas con deposito,Nuevo,No le da mantenimiento,De 38 a 40 litros (hasta 2 personas)
4053,1,2,1,1,1,7,4,De gas con deposito,Nuevo,No le da mantenimiento,De 38 a 40 litros (hasta 2 personas)
4054,1,1,5,3,2,1,2,Eléctrico con depósito,Usado,Cada año,De 70 a 80 litros (hasta 4 personas)
4055,1,1,1,1,1,10,4,De gas con deposito,Nuevo,No le da mantenimiento,De 38 a 40 litros (hasta 2 personas)
4056,1,1,1,3,2,8,4,De gas con deposito,Usado,No le da mantenimiento,De 70 a 80 litros (hasta 4 personas)
4057,1,1,1,3,2,2,4,De gas con deposito,Usado,No le da mantenimiento,De 70 a 80 litros (hasta 4 personas)
4058,1,1,1,1,1,6,4,De gas con deposito,Nuevo,No le da mantenimiento,De 38 a 40 litros (hasta 2 personas)
4059,1,1,1,1,1,9,1,De gas con deposito,Nuevo,Cada 6 meses,De 38 a 40 litros (hasta 2 personas)
4061,1,1,1,1,1,6,4,De gas con deposito,Nuevo,No le da mantenimiento,De 38 a 40 litros (hasta 2 personas)
4062,1,1,1,9,1,13,3,De gas con deposito,Nuevo,Cada 2 años,No sabe
4063,1,1,1,1,1,8,2,De gas con deposito,Nuevo,Cada año,De 38 a 40 litros (hasta 2 personas)
4064,1,1,1,1,1,12,2,De gas con deposito,Nuevo,Cada año,De 38 a 40 litros (hasta 2 personas)
4067,1,1,1,1,1,8,4,De gas con deposito,Nuevo,No le da mantenimiento,De 38 a 40 litros (hasta 2 personas)
4068,1,1,1,2,2,9,1,De gas con deposito,Usado,Cada 6 meses,De 50 a 60 litros (hasta 3 personas)
4069,1,1,1,1,1,8,2,De gas con deposito,Nuevo,Cada año,De 38 a 40 litros (hasta 2 personas)
4070,1,1,1,9,2,4,4,De gas con deposito,Usado,No le da mantenimiento,No sabe
4073,1,1,1,1,2,20,2,De gas con deposito,Usado,Cada año,De 38 a 40 litros (hasta 2 personas)
4075,1,1,2,0,2,5,4,De gas de rápida recuperación,Usado,No le da mantenimiento,
4076,1,1,1,2,1,8,4,De gas con deposito,Nuevo,No le da mantenimiento,De 50 a 60 litros (hasta 3 personas)
4077,1,1,1,1,1,3,2,De gas con deposito,Nuevo,Cada año,De 38 a 40 litros (hasta 2 personas)
4079,1,1,1,2,1,13,2,De gas con deposito,Nuevo,Cada año,De 50 a 60 litros (hasta 3 personas)
4080,1,1,1,2,1,12,3,De gas con deposito,Nuevo,Cada 2 años,De 50 a 60 litros (hasta 3 personas)
4091,1,1,3,0,1,2,4,De gas instantáneo de paso,Nuevo,No le da mantenimiento,
4096,1,1,2,0,1,5,2,De gas de rápida recuperación,Nuevo,Cada año,
4105,1,1,5,1,1,2,2,Eléctrico con depósito,Nuevo,Cada año,De 38 a 40 litros (hasta 2 personas)
4106,1,1,1,1,1,9,2,De gas con deposito,Nuevo,Cada año,De 38 a 40 litros (hasta 2 personas)
4107,1,1,1,3,1,8,1,De gas con deposito,Nuevo,Cada 6 meses,De 70 a 80 litros (hasta 4 personas)
4112,1,1,1,1,2,8,2,De gas con deposito,Usado,Cada año,De 38 a 40 litros (hasta 2 personas)
4113,1,1,3,0,1,1,2,De gas instantáneo de paso,Nuevo,Cada año,
4116,1,1,6,4,2,1,1,De leña,Usado,Cada 6 meses,De 90 a 110 litros (hasta 6 personas)
4124,1,1,1,3,1,17,2,De gas con deposito,Nuevo,Cada año,De 70 a 80 litros (hasta 4 personas)
4128,1,1,1,2,1,4,4,De gas con deposito,Nuevo,No le da mantenimiento,De 50 a 60 litros (hasta 3 personas)
4131,1,1,2,0,2,6,4,De gas de rápida recuperación,Usado,No le da mantenimiento,
4132,1,1,3,0,1,2,1,De gas instantáneo de paso,Nuevo,Cada 6 meses,
4133,1,1,3,0,1,3,1,De gas instantáneo de paso,Nuevo,Cada 6 meses,
4136,1,1,6,9,1,2,4,De leña,Nuevo,No le da mantenimiento,No sabe
4137,1,1,1,9,1,3,4,De gas con deposito,Nuevo,No le da mantenimiento,No sabe
4138,1,1,3,0,1,1,4,De gas instantáneo de paso,Nuevo,No le da mantenimiento,
4140,1,1,1,9,1,3,1,De gas con deposito,Nuevo,Cada 6 meses,No sabe
4142,1,1,6,1,1,2,4,De leña,Nuevo,No le da mantenimiento,De 38 a 40 litros (hasta 2 personas)
4154,1,1,5,1,1,2,1,Eléctrico con depósito,Nuevo,Cada 6 meses,De 38 a 40 litros (hasta 2 personas)
4160,1,1,1,3,1,18,1,De gas con deposito,Nuevo,Cada 6 meses,De 70 a 80 litros (hasta 4 personas)
4161,1,1,1,1,1,2,2,De gas con deposito,Nuevo,Cada año,De 38 a 40 litros (hasta 2 personas)
4162,1,1,1,3,1,10,2,De gas con deposito,Nuevo,Cada año,De 70 a 80 litros (hasta 4 personas)
4169,1,1,3,0,1,1,2,De gas instantáneo de paso,Nuevo,Cada año,
4171,1,1,6,1,2,15,4,De leña,Usado,No le da mantenimiento,De 38 a 40 litros (hasta 2 personas)
4174,1,1,3,0,1,1,1,De gas instantáneo de paso,Nuevo,Cada 6 meses,
4181,1,1,1,1,1,5,2,De gas con deposito,Nuevo,Cada año,De 38 a 40 litros (hasta 2 personas)
4182,1,1,1,1,1,14,4,De gas con deposito,Nuevo,No le da mantenimiento,De 38 a 40 litros (hasta 2 personas)
4183,1,1,3,0,1,1,4,De gas instantáneo de paso,Nuevo,No le da mantenimiento,
4184,1,1,1,2,1,10,2,De gas con deposito,Nuevo,Cada año,De 50 a 60 litros (hasta 3 personas)
4189,1,1,1,2,1,8,1,De gas con deposito,Nuevo,Cada 6 meses,De 50 a 60 litros (hasta 3 personas)
4190,1,1,1,9,2,10,4,De gas con deposito,Usado,No le da mantenimiento,No sabe
4192,1,1,2,0,1,7,1,De gas de rápida recuperación,Nuevo,Cada 6 meses,
4194,1,1,3,0,1,90,4,De gas instantáneo de paso,Nuevo,No le da mantenimiento,
4196,1,1,1,3,1,7,2,De gas con deposito,Nuevo,Cada año,De 70 a 80 litros (hasta 4 personas)
4198,1,1,1,1,1,4,1,De gas con deposito,Nuevo,Cada 6 meses,De 38 a 40 litros (hasta 2 personas)
4200,1,1,1,1,2,10,3,De gas con deposito,Usado,Cada 2 años,De 38 a 40 litros (hasta 2 personas)
4200,1,2,4,0,1,3,4,Eléctrico instantáneo de paso,Nuevo,No le da mantenimiento,
4203,1,1,1,1,1,4,1,De gas con deposito,Nuevo,Cada 6 meses,De 38 a 40 litros (hasta 2 personas)
4204,1,1,1,9,1,4,4,De gas con deposito,Nuevo,No le da mantenimiento,No sabe
4210,1,1,1,9,2,4,4,De gas con deposito,Usado,No le da mantenimiento,No sabe
4214,1,1,1,2,1,1,1,De gas con deposito,Nuevo,Cada 6 meses,De 50 a 60 litros (hasta 3 personas)
4215,1,1,1,1,1,2,4,De gas con deposito,Nuevo,No le da mantenimiento,De 38 a 40 litros (hasta 2 personas)
4216,1,1,1,1,1,2,4,De gas con deposito,Nuevo,No le da mantenimiento,De 38 a 40 litros (hasta 2 personas)
4217,1,1,2,0,1,2,4,De gas de rápida recuperación,Nuevo,No le da mantenimiento,
4220,1,1,1,1,1,3,4,De gas con deposito,Nuevo,No le da mantenimiento,De 38 a 40 litros (hasta 2 personas)
4221,1,1,3,0,1,3,4,De gas instantáneo de paso,Nuevo,No le da mantenimiento,
4222,1,1,3,0,1,2,4,De gas instantáneo de paso,Nuevo,No le da mantenimiento,
4224,1,1,2,0,1,5,2,De gas de rápida recuperación,Nuevo,Cada año,
4226,1,1,3,0,1,1,4,De gas instantáneo de paso,Nuevo,No le da mantenimiento,
4227,1,1,1,9,1,1,1,De gas con deposito,Nuevo,Cada 6 meses,No sabe
4230,1,1,1,1,1,4,1,De gas con deposito,Nuevo,Cada 6 meses,De 38 a 40 litros (hasta 2 personas)
4233,1,1,1,1,1,2,4,De gas con deposito,Nuevo,No le da mantenimiento,De 38 a 40 litros (hasta 2 personas)
4235,1,1,1,1,1,3,1,De gas con deposito,Nuevo,Cada 6 meses,De 38 a 40 litros (hasta 2 personas)
4236,1,1,3,0,1,2,1,De gas instantáneo de paso,Nuevo,Cada 6 meses,
4237,1,1,2,0,1,4,2,De gas de rápida recuperación,Nuevo,Cada año,
4238,1,1,1,3,1,10,2,De gas con deposito,Nuevo,Cada año,De 70 a 80 litros (hasta 4 personas)
4241,1,1,1,5,1,8,4,De gas con deposito,Nuevo,No le da mantenimiento,De 120 a 140 litros (hasta 7 personas)
4243,1,1,2,0,1,1,4,De gas de rápida recuperación,Nuevo,No le da mantenimiento,
4245,1,1,1,1,1,6,2,De gas con deposito,Nuevo,Cada año,De 38 a 40 litros (hasta 2 personas)
4246,1,1,1,2,1,4,1,De gas con deposito,Nuevo,Cada 6 meses,De 50 a 60 litros (hasta 3 personas)
4247,1,1,1,1,1,10,2,De gas con deposito,Nuevo,Cada año,De 38 a 40 litros (hasta 2 personas)
4248,1,1,3,0,1,2,2,De gas instantáneo de paso,Nuevo,Cada año,
4249,1,1,1,2,1,15,2,De gas con deposito,Nuevo,Cada año,De 50 a 60 litros (hasta 3 personas)
4250,1,1,1,4,1,18,4,De gas con deposito,Nuevo,No le da mantenimiento,De 90 a 110 litros (hasta 6 personas)
4251,1,1,1,1,1,10,4,De gas con deposito,Nuevo,No le da mantenimiento,De 38 a 40 litros (hasta 2 personas)
4252,1,1,1,1,1,10,2,De gas con deposito,Nuevo,Cada año,De 38 a 40 litros (hasta 2 personas)
4253,1,1,1,9,1,9,4,De gas con deposito,Nuevo,No le da mantenimiento,No sabe
4254,1,1,3,0,1,1,4,De gas instantáneo de paso,Nuevo,No le da mantenimiento,
4255,1,1,3,0,1,6,4,De gas instantáneo de paso,Nuevo,No le da mantenimiento,
4256,1,1,1,1,1,1,1,De gas con deposito,Nuevo,Cada 6 meses,De 38 a 40 litros (hasta 2 personas)
4257,1,1,1,2,1,24,4,De gas con deposito,Nuevo,No le da mantenimiento,De 50 a 60 litros (hasta 3 personas)
4259,1,1,1,2,1,10,4,De gas con deposito,Nuevo,No le da mantenimiento,De 50 a 60 litros (hasta 3 personas)
4261,1,1,1,1,1,15,4,De gas con deposito,Nuevo,No le da mantenimiento,De 38 a 40 litros (hasta 2 personas)
4263,1,1,1,1,2,4,1,De gas con deposito,Usado,Cada 6 meses,De 38 a 40 litros (hasta 2 personas)
4266,1,1,1,3,2,4,2,De gas con deposito,Usado,Cada año,De 70 a 80 litros (hasta 4 personas)
4269,1,1,1,1,1,8,1,De gas con deposito,Nuevo,Cada 6 meses,De 38 a 40 litros (hasta 2 personas)
4270,1,1,6,1,2,1,1,De leña,Usado,Cada 6 meses,De 38 a 40 litros (hasta 2 personas)
4273,1,1,4,0,1,1,4,Eléctrico instantáneo de paso,Nuevo,No le da mantenimiento,
4274,1,1,1,2,1,9,2,De gas con deposito,Nuevo,Cada año,De 50 a 60 litros (hasta 3 personas)
4275,1,1,2,0,1,10,4,De gas de rápida recuperación,Nuevo,No le da mantenimiento,
4276,1,1,6,5,2,8,2,De leña,Usado,Cada año,De 120 a 140 litros (hasta 7 personas)
4277,1,1,1,3,1,8,2,De gas con deposito,Nuevo,Cada año,De 70 a 80 litros (hasta 4 personas)
4280,1,1,3,0,1,6,2,De gas instantáneo de paso,Nuevo,Cada año,
4281,1,1,3,0,1,1,4,De gas instantáneo de paso,Nuevo,No le da mantenimiento,
4282,1,1,1,1,1,3,2,De gas con deposito,Nuevo,Cada año,De 38 a 40 litros (hasta 2 personas)
4284,1,1,3,0,1,2,1,De gas instantáneo de paso,Nuevo,Cada 6 meses,
4290,1,1,6,1,1,2,4,De leña,Nuevo,No le da mantenimiento,De 38 a 40 litros (hasta 2 personas)
4292,1,1,6,1,1,2,4,De leña,Nuevo,No le da mantenimiento,De 38 a 40 litros (hasta 2 personas)
4294,1,1,6,1,1,8,4,De leña,Nuevo,No le da mantenimiento,De 38 a 40 litros (hasta 2 personas)
4295,1,1,1,9,1,20,4,De gas con deposito,Nuevo,No le da mantenimiento,No sabe
4296,1,1,6,1,1,10,4,De leña,Nuevo,No le da mantenimiento,De 38 a 40 litros (hasta 2 personas)
4299,1,1,6,1,1,7,2,De leña,Nuevo,Cada año,De 38 a 40 litros (hasta 2 personas)
4304,1,1,1,2,1,3,2,De gas con deposito,Nuevo,Cada año,De 50 a 60 litros (hasta 3 personas)
4305,1,1,1,2,1,18,4,De gas con deposito,Nuevo,No le da mantenimiento,De 50 a 60 litros (hasta 3 personas)
4307,1,1,6,3,1,15,4,De leña,Nuevo,No le da mantenimiento,De 70 a 80 litros (hasta 4 personas)
4313,1,1,1,3,1,2,4,De gas con deposito,Nuevo,No le da mantenimiento,De 70 a 80 litros (hasta 4 personas)
4314,1,1,6,1,2,2,4,De leña,Usado,No le da mantenimiento,De 38 a 40 litros (hasta 2 personas)
4317,1,1,1,1,1,2,1,De gas con deposito,Nuevo,Cada 6 meses,De 38 a 40 litros (hasta 2 personas)
4320,1,1,6,1,1,4,4,De leña,Nuevo,No le da mantenimiento,De 38 a 40 litros (hasta 2 personas)
4324,1,1,1,1,1,3,2,De gas con deposito,Nuevo,Cada año,De 38 a 40 litros (hasta 2 personas)
4329,1,1,6,2,2,9,1,De leña,Usado,Cada 6 meses,De 50 a 60 litros (hasta 3 personas)
4330,1,1,6,1,2,2,4,De leña,Usado,No le da mantenimiento,De 38 a 40 litros (hasta 2 personas)
4332,1,1,6,2,1,1,1,De leña,Nuevo,Cada 6 meses,De 50 a 60 litros (hasta 3 personas)
4334,1,1,6,1,1,8,4,De leña,Nuevo,No le da mantenimiento,De 38 a 40 litros (hasta 2 personas)
4336,1,1,6,2,1,5,3,De leña,Nuevo,Cada 2 años,De 50 a 60 litros (hasta 3 personas)
4337,1,1,1,1,1,7,4,De gas con deposito,Nuevo,No le da mantenimiento,De 38 a 40 litros (hasta 2 personas)
4343,1,1,6,1,1,5,2,De leña,Nuevo,Cada año,De 38 a 40 litros (hasta 2 personas)
4349,1,1,6,3,2,7,4,De leña,Usado,No le da mantenimiento,De 70 a 80 litros (hasta 4 personas)
4365,1,1,6,9,2,15,4,De leña,Usado,No le da mantenimiento,No sabe
4367,1,1,6,9,2,30,4,De leña,Usado,No le da mantenimiento,No sabe
4372,1,1,6,1,1,3,4,De leña,Nuevo,No le da mantenimiento,De 38 a 40 litros (hasta 2 personas)
4373,1,1,6,9,1,3,4,De leña,Nuevo,No le da mantenimiento,No sabe
4379,1,1,6,3,1,2,1,De leña,Nuevo,Cada 6 meses,De 70 a 80 litros (hasta 4 personas)
4382,1,1,6,9,2,5,4,De leña,Usado,No le da mantenimiento,No sabe
4385,1,1,6,2,2,1,4,De leña,Usado,No le da mantenimiento,De 50 a 60 litros (hasta 3 personas)
4389,1,1,6,4,2,5,4,De leña,Usado,No le da mantenimiento,De 90 a 110 litros (hasta 6 personas)
4390,1,1,6,6,2,1,4,De leña,Usado,No le da mantenimiento,Más de 140 litros (más de 7 personas)
4391,1,1,6,4,2,40,4,De leña,Usado,No le da mantenimiento,De 90 a 110 litros (hasta 6 personas)
4392,1,1,6,1,1,3,1,De leña,Nuevo,Cada 6 meses,De 38 a 40 litros (hasta 2 personas)
4397,1,1,6,3,2,2,2,De leña,Usado,Cada año,De 70 a 80 litros (hasta 4 personas)
4399,1,1,6,1,1,9,1,De leña,Nuevo,Cada 6 meses,De 38 a 40 litros (hasta 2 personas)
4400,1,1,7,3,1,5,4,Solar,Nuevo,No le da mantenimiento,De 70 a 80 litros (hasta 4 personas)
4401,1,1,1,9,1,20,4,De gas con deposito,Nuevo,No le da mantenimiento,No sabe
4402,1,1,1,9,1,3,4,De gas con deposito,Nuevo,No le da mantenimiento,No sabe
4405,1,1,1,1,1,39,1,De gas con deposito,Nuevo,Cada 6 meses,De 38 a 40 litros (hasta 2 personas)
4406,1,1,7,3,1,1,4,Solar,Nuevo,No le da mantenimiento,De 70 a 80 litros (hasta 4 personas)
4410,1,1,1,3,1,6,3,De gas con deposito,Nuevo,Cada 2 años,De 70 a 80 litros (hasta 4 personas)
4412,1,1,1,4,1,12,4,De gas con deposito,Nuevo,No le da mantenimiento,De 90 a 110 litros (hasta 6 personas)
4419,1,1,2,0,1,15,4,De gas de rápida recuperación,Nuevo,No le da mantenimiento,
4421,1,1,1,3,1,3,4,De gas con deposito,Nuevo,No le da mantenimiento,De 70 a 80 litros (hasta 4 personas)
4422,1,1,1,1,2,99,4,De gas con deposito,Usado,No le da mantenimiento,De 38 a 40 litros (hasta 2 personas)
4425,1,1,1,3,1,3,4,De gas con deposito,Nuevo,No le da mantenimiento,De 70 a 80 litros (hasta 4 personas)
4427,1,1,1,2,2,33,4,De gas con deposito,Usado,No le da mantenimiento,De 50 a 60 litros (hasta 3 personas)
4428,1,1,7,3,1,4,1,Solar,Nuevo,Cada 6 meses,De 70 a 80 litros (hasta 4 personas)
4429,1,1,1,1,1,10,3,De gas con deposito,Nuevo,Cada 2 años,De 38 a 40 litros (hasta 2 personas)
4431,1,1,1,2,1,4,1,De gas con deposito,Nuevo,Cada 6 meses,De 50 a 60 litros (hasta 3 personas)
4432,1,1,7,2,1,2,1,Solar,Nuevo,Cada 6 meses,De 50 a 60 litros (hasta 3 personas)
4433,1,1,1,1,1,5,1,De gas con deposito,Nuevo,Cada 6 meses,De 38 a 40 litros (hasta 2 personas)
4434,1,1,3,0,1,7,4,De gas instantáneo de paso,Nuevo,No le da mantenimiento,
4435,1,1,1,1,1,22,4,De gas con deposito,Nuevo,No le da mantenimiento,De 38 a 40 litros (hasta 2 personas)
4436,1,1,1,2,1,20,3,De gas con deposito,Nuevo,Cada 2 años,De 50 a 60 litros (hasta 3 personas)
4437,1,1,4,0,1,7,4,Eléctrico instantáneo de paso,Nuevo,No le da mantenimiento,
4438,1,1,2,0,2,9,2,De gas de rápida recuperación,Usado,Cada año,
4439,1,1,1,1,1,8,3,De gas con deposito,Nuevo,Cada 2 años,De 38 a 40 litros (hasta 2 personas)
4440,1,1,1,1,1,1,1,De gas con deposito,Nuevo,Cada 6 meses,De 38 a 40 litros (hasta 2 personas)
4441,1,1,1,3,1,8,4,De gas con deposito,Nuevo,No le da mantenimiento,De 70 a 80 litros (hasta 4 personas)
4445,1,1,1,1,1,4,4,De gas con deposito,Nuevo,No le da mantenimiento,De 38 a 40 litros (hasta 2 personas)
4446,1,1,1,1,1,8,1,De gas con deposito,Nuevo,Cada 6 meses,De 38 a 40 litros (hasta 2 personas)
4447,1,1,7,3,1,2,4,Solar,Nuevo,No le da mantenimiento,De 70 a 80 litros (hasta 4 personas)
4449,1,1,7,3,1,2,1,Solar,Nuevo,Cada 6 meses,De 70 a 80 litros (hasta 4 personas)
4450,1,1,7,3,1,4,2,Solar,Nuevo,Cada año,De 70 a 80 litros (hasta 4 personas)
4454,1,1,7,2,1,1,4,Solar,Nuevo,No le da mantenimiento,De 50 a 60 litros (hasta 3 personas)
4456,1,1,3,0,1,10,4,De gas instantáneo de paso,Nuevo,No le da mantenimiento,
4457,1,1,1,1,2,1,1,De gas con deposito,Usado,Cada 6 meses,De 38 a 40 litros (hasta 2 personas)
4458,1,1,1,4,1,99,4,De gas con deposito,Nuevo,No le da mantenimiento,De 90 a 110 litros (hasta 6 personas)
4459,1,1,1,1,2,99,4,De gas con deposito,Usado,No le da mantenimiento,De 38 a 40 litros (hasta 2 personas)
4460,1,1,1,1,1,10,1,De gas con deposito,Nuevo,Cada 6 meses,De 38 a 40 litros (hasta 2 personas)
4461,1,1,1,1,2,99,4,De gas con deposito,Usado,No le da mantenimiento,De 38 a 40 litros (hasta 2 personas)
4468,1,1,1,1,1,32,4,De gas con deposito,Nuevo,No le da mantenimiento,De 38 a 40 litros (hasta 2 personas)
4470,1,1,1,1,1,7,1,De gas con deposito,Nuevo,Cada 6 meses,De 38 a 40 litros (hasta 2 personas)
4471,1,1,1,3,2,20,3,De gas con deposito,Usado,Cada 2 años,De 70 a 80 litros (hasta 4 personas)
4479,1,1,7,1,1,2,4,Solar,Nuevo,No le da mantenimiento,De 38 a 40 litros (hasta 2 personas)
4480,1,1,1,1,1,99,4,De gas con deposito,Nuevo,No le da mantenimiento,De 38 a 40 litros (hasta 2 personas)
4481,1,1,1,1,1,3,1,De gas con deposito,Nuevo,Cada 6 meses,De 38 a 40 litros (hasta 2 personas)
4482,1,1,1,1,1,5,4,De gas con deposito,Nuevo,No le da mantenimiento,De 38 a 40 litros (hasta 2 personas)
4485,1,1,1,1,1,6,4,De gas con deposito,Nuevo,No le da mantenimiento,De 38 a 40 litros (hasta 2 personas)
4486,1,1,1,1,2,99,4,De gas con deposito,Usado,No le da mantenimiento,De 38 a 40 litros (hasta 2 personas)
4489,1,1,1,9,2,5,2,De gas con deposito,Usado,Cada año,No sabe
4491,1,1,1,2,1,10,3,De gas con deposito,Nuevo,Cada 2 años,De 50 a 60 litros (hasta 3 personas)
4492,1,1,7,3,1,4,1,Solar,Nuevo,Cada 6 meses,De 70 a 80 litros (hasta 4 personas)
4493,1,1,1,1,1,10,4,De gas con deposito,Nuevo,No le da mantenimiento,De 38 a 40 litros (hasta 2 personas)
4495,1,1,1,1,1,4,4,De gas con deposito,Nuevo,No le da mantenimiento,De 38 a 40 litros (hasta 2 personas)
4505,1,1,1,2,1,3,1,De gas con deposito,Nuevo,Cada 6 meses,De 50 a 60 litros (hasta 3 personas)
4506,1,1,1,2,1,1,1,De gas con deposito,Nuevo,Cada 6 meses,De 50 a 60 litros (hasta 3 personas)
4507,1,1,1,2,1,1,1,De gas con deposito,Nuevo,Cada 6 meses,De 50 a 60 litros (hasta 3 personas)
4513,1,1,1,2,1,8,1,De gas con deposito,Nuevo,Cada 6 meses,De 50 a 60 litros (hasta 3 personas)
4514,1,1,1,3,1,6,4,De gas con deposito,Nuevo,No le da mantenimiento,De 70 a 80 litros (hasta 4 personas)
4515,1,1,3,0,1,12,4,De gas instantáneo de paso,Nuevo,No le da mantenimiento,
4516,1,1,3,0,1,1,4,De gas instantáneo de paso,Nuevo,No le da mantenimiento,
4517,1,1,1,1,1,5,4,De gas con deposito,Nuevo,No le da mantenimiento,De 38 a 40 litros (hasta 2 personas)
4518,1,1,1,3,1,99,4,De gas con deposito,Nuevo,No le da mantenimiento,De 70 a 80 litros (hasta 4 personas)
4520,1,1,1,1,1,25,1,De gas con deposito,Nuevo,Cada 6 meses,De 38 a 40 litros (hasta 2 personas)
4521,1,1,1,1,2,99,4,De gas con deposito,Usado,No le da mantenimiento,De 38 a 40 litros (hasta 2 personas)
4524,1,1,1,3,1,99,4,De gas con deposito,Nuevo,No le da mantenimiento,De 70 a 80 litros (hasta 4 personas)
4525,1,1,7,3,1,5,4,Solar,Nuevo,No le da mantenimiento,De 70 a 80 litros (hasta 4 personas)
4526,1,1,2,0,1,6,3,De gas de rápida recuperación,Nuevo,Cada 2 años,
4527,1,1,1,2,1,2,4,De gas con deposito,Nuevo,No le da mantenimiento,De 50 a 60 litros (hasta 3 personas)
4530,1,1,1,2,1,5,1,De gas con deposito,Nuevo,Cada 6 meses,De 50 a 60 litros (hasta 3 personas)
4534,1,1,1,3,1,10,2,De gas con deposito,Nuevo,Cada año,De 70 a 80 litros (hasta 4 personas)
4538,1,1,1,1,1,6,4,De gas con deposito,Nuevo,No le da mantenimiento,De 38 a 40 litros (hasta 2 personas)
4539,1,1,7,6,1,10,2,Solar,Nuevo,Cada año,Más de 140 litros (más de 7 personas)
4540,1,1,2,0,1,2,4,De gas de rápida recuperación,Nuevo,No le da mantenimiento,
4553,1,1,2,0,1,32,3,De gas de rápida recuperación,Nuevo,Cada 2 años,
4554,1,1,1,1,2,99,4,De gas con deposito,Usado,No le da mantenimiento,De 38 a 40 litros (hasta 2 personas)
4564,1,1,2,0,2,2,1,De gas de rápida recuperación,Usado,Cada 6 meses,
4574,1,1,2,0,1,4,3,De gas de rápida recuperación,Nuevo,Cada 2 años,
4576,1,1,1,2,1,6,4,De gas con deposito,Nuevo,No le da mantenimiento,De 50 a 60 litros (hasta 3 personas)
4579,1,1,1,1,1,5,4,De gas con deposito,Nuevo,No le da mantenimiento,De 38 a 40 litros (hasta 2 personas)
4583,1,1,1,3,1,3,4,De gas con deposito,Nuevo,No le da mantenimiento,De 70 a 80 litros (hasta 4 personas)
4586,1,1,1,2,1,99,1,De gas con deposito,Nuevo,Cada 6 meses,De 50 a 60 litros (hasta 3 personas)
4590,1,1,1,9,1,6,4,De gas con deposito,Nuevo,No le da mantenimiento,No sabe
4593,1,1,1,3,1,13,4,De gas con deposito,Nuevo,No le da mantenimiento,De 70 a 80 litros (hasta 4 personas)
4606,1,1,1,1,2,2,2,De gas con deposito,Usado,Cada año,De 38 a 40 litros (hasta 2 personas)
4608,1,1,1,3,1,10,4,De gas con deposito,Nuevo,No le da mantenimiento,De 70 a 80 litros (hasta 4 personas)
4609,1,1,1,3,1,7,4,De gas con deposito,Nuevo,No le da mantenimiento,De 70 a 80 litros (hasta 4 personas)
4610,1,1,1,3,1,2,1,De gas con deposito,Nuevo,Cada 6 meses,De 70 a 80 litros (hasta 4 personas)
4611,1,1,7,3,1,6,4,Solar,Nuevo,No le da mantenimiento,De 70 a 80 litros (hasta 4 personas)
4613,1,1,2,0,1,2,4,De gas de rápida recuperación,Nuevo,No le da mantenimiento,
4614,1,1,2,0,1,1,1,De gas de rápida recuperación,Nuevo,Cada 6 meses,
4621,1,1,1,2,1,6,1,De gas con deposito,Nuevo,Cada 6 meses,De 50 a 60 litros (hasta 3 personas)
4624,1,1,1,2,1,9,1,De gas con deposito,Nuevo,Cada 6 meses,De 50 a 60 litros (hasta 3 personas)
4645,1,1,1,1,1,1,2,De gas con deposito,Nuevo,Cada año,De 38 a 40 litros (hasta 2 personas)
4658,1,1,2,0,1,1,4,De gas de rápida recuperación,Nuevo,No le da mantenimiento,
4699,1,1,1,2,1,2,4,De gas con deposito,Nuevo,No le da mantenimiento,De 50 a 60 litros (hasta 3 personas)
4717,1,1,1,2,1,4,4,De gas con deposito,Nuevo,No le da mantenimiento,De 50 a 60 litros (hasta 3 personas)
4718,1,1,1,1,1,5,1,De gas con deposito,Nuevo,Cada 6 meses,De 38 a 40 litros (hasta 2 personas)
4733,1,1,7,3,1,1,4,Solar,Nuevo,No le da mantenimiento,De 70 a 80 litros (hasta 4 personas)
4736,1,1,1,2,1,18,4,De gas con deposito,Nuevo,No le da mantenimiento,De 50 a 60 litros (hasta 3 personas)
4738,1,1,7,4,1,6,4,Solar,Nuevo,No le da mantenimiento,De 90 a 110 litros (hasta 6 personas)
4739,1,1,7,4,1,3,4,Solar,Nuevo,No le da mantenimiento,De 90 a 110 litros (hasta 6 personas)
4744,1,1,1,1,1,1,4,De gas con deposito,Nuevo,No le da mantenimiento,De 38 a 40 litros (hasta 2 personas)
4746,1,1,1,1,1,2,4,De gas con deposito,Nuevo,No le da mantenimiento,De 38 a 40 litros (hasta 2 personas)
4751,1,1,1,9,1,2,3,De gas con deposito,Nuevo,Cada 2 años,No sabe
4755,1,1,1,2,1,4,4,De gas con deposito,Nuevo,No le da mantenimiento,De 50 a 60 litros (hasta 3 personas)
4756,1,1,1,2,1,3,4,De gas con deposito,Nuevo,No le da mantenimiento,De 50 a 60 litros (hasta 3 personas)
4757,1,1,1,2,1,1,1,De gas con deposito,Nuevo,Cada 6 meses,De 50 a 60 litros (hasta 3 personas)
4759,1,1,1,2,1,99,2,De gas con deposito,Nuevo,Cada año,De 50 a 60 litros (hasta 3 personas)
4760,1,1,1,3,1,5,4,De gas con deposito,Nuevo,No le da mantenimiento,De 70 a 80 litros (hasta 4 personas)
4761,1,1,1,2,1,5,2,De gas con deposito,Nuevo,Cada año,De 50 a 60 litros (hasta 3 personas)
4762,1,1,3,0,2,3,4,De gas instantáneo de paso,Usado,No le da mantenimiento,
4764,1,1,1,2,1,6,4,De gas con deposito,Nuevo,No le da mantenimiento,De 50 a 60 litros (hasta 3 personas)
4772,1,1,1,1,1,4,2,De gas con deposito,Nuevo,Cada año,De 38 a 40 litros (hasta 2 personas)
4787,1,1,2,0,1,4,4,De gas de rápida recuperación,Nuevo,No le da mantenimiento,
4788,1,1,1,2,1,4,3,De gas con deposito,Nuevo,Cada 2 años,De 50 a 60 litros (hasta 3 personas)
4790,1,1,1,1,1,25,4,De gas con deposito,Nuevo,No le da mantenimiento,De 38 a 40 litros (hasta 2 personas)
4794,1,1,1,2,1,6,2,De gas con deposito,Nuevo,Cada año,De 50 a 60 litros (hasta 3 personas)
4796,1,1,1,3,1,6,1,De gas con deposito,Nuevo,Cada 6 meses,De 70 a 80 litros (hasta 4 personas)
4799,1,1,1,3,1,10,4,De gas con deposito,Nuevo,No le da mantenimiento,De 70 a 80 litros (hasta 4 personas)
4809,1,1,1,3,1,16,2,De gas con deposito,Nuevo,Cada año,De 70 a 80 litros (hasta 4 personas)
4811,1,1,1,3,2,3,1,De gas con deposito,Usado,Cada 6 meses,De 70 a 80 litros (hasta 4 personas)
4813,1,1,2,0,2,20,2,De gas de rápida recuperación,Usado,Cada año,
4815,1,1,1,3,1,6,4,De gas con deposito,Nuevo,No le da mantenimiento,De 70 a 80 litros (hasta 4 personas)
4818,1,1,1,3,1,15,4,De gas con deposito,Nuevo,No le da mantenimiento,De 70 a 80 litros (hasta 4 personas)
4819,1,1,1,3,1,18,4,De gas con deposito,Nuevo,No le da mantenimiento,De 70 a 80 litros (hasta 4 personas)
4822,1,1,2,0,2,99,2,De gas de rápida recuperación,Usado,Cada año,
4823,1,1,1,4,1,11,4,De gas con deposito,Nuevo,No le da mantenimiento,De 90 a 110 litros (hasta 6 personas)
4824,1,1,1,2,1,99,4,De gas con deposito,Nuevo,No le da mantenimiento,De 50 a 60 litros (hasta 3 personas)
4827,1,1,7,4,1,1,4,Solar,Nuevo,No le da mantenimiento,De 90 a 110 litros (hasta 6 personas)
4828,1,1,7,4,1,4,4,Solar,Nuevo,No le da mantenimiento,De 90 a 110 litros (hasta 6 personas)
4830,1,1,1,2,1,10,4,De gas con deposito,Nuevo,No le da mantenimiento,De 50 a 60 litros (hasta 3 personas)
4831,1,1,7,4,1,5,2,Solar,Nuevo,Cada año,De 90 a 110 litros (hasta 6 personas)
4833,1,1,1,3,1,8,1,De gas con deposito,Nuevo,Cada 6 meses,De 70 a 80 litros (hasta 4 personas)
4834,1,1,1,3,2,20,4,De gas con deposito,Usado,No le da mantenimiento,De 70 a 80 litros (hasta 4 personas)
4837,1,1,2,0,1,6,1,De gas de rápida recuperación,Nuevo,Cada 6 meses,
4838,1,1,1,1,1,5,2,De gas con deposito,Nuevo,Cada año,De 38 a 40 litros (hasta 2 personas)
4840,1,1,1,1,2,20,3,De gas con deposito,Usado,Cada 2 años,De 38 a 40 litros (hasta 2 personas)
4841,1,1,1,1,2,99,2,De gas con deposito,Usado,Cada año,De 38 a 40 litros (hasta 2 personas)
4842,1,1,7,3,1,2,4,Solar,Nuevo,No le da mantenimiento,De 70 a 80 litros (hasta 4 personas)
4843,1,1,7,2,1,1,4,Solar,Nuevo,No le da mantenimiento,De 50 a 60 litros (hasta 3 personas)
4844,1,1,2,0,1,9,4,De gas de rápida recuperación,Nuevo,No le da mantenimiento,
4845,1,1,1,3,1,3,1,De gas con deposito,Nuevo,Cada 6 meses,De 70 a 80 litros (hasta 4 personas)
4846,1,1,1,1,1,3,4,De gas con deposito,Nuevo,No le da mantenimiento,De 38 a 40 litros (hasta 2 personas)
4848,1,1,2,0,1,99,4,De gas de rápida recuperación,Nuevo,No le da mantenimiento,
4850,1,1,1,2,1,16,4,De gas con deposito,Nuevo,No le da mantenimiento,De 50 a 60 litros (hasta 3 personas)
4851,1,1,1,2,1,15,4,De gas con deposito,Nuevo,No le da mantenimiento,De 50 a 60 litros (hasta 3 personas)
4852,1,1,1,2,1,8,2,De gas con deposito,Nuevo,Cada año,De 50 a 60 litros (hasta 3 personas)
4853,1,1,3,0,1,4,4,De gas instantáneo de paso,Nuevo,No le da mantenimiento,
4855,1,1,2,0,1,2,4,De gas de rápida recuperación,Nuevo,No le da mantenimiento,
4857,1,1,1,9,1,10,4,De gas con deposito,Nuevo,No le da mantenimiento,No sabe
4858,1,1,1,4,1,16,3,De gas con deposito,Nuevo,Cada 2 años,De 90 a 110 litros (hasta 6 personas)
4862,1,1,2,0,2,99,4,De gas de rápida recuperación,Usado,No le da mantenimiento,
4865,1,1,7,4,1,1,4,Solar,Nuevo,No le da mantenimiento,De 90 a 110 litros (hasta 6 personas)
4866,1,1,1,2,1,99,4,De gas con deposito,Nuevo,No le da mantenimiento,De 50 a 60 litros (hasta 3 personas)
4872,1,1,1,2,1,1,4,De gas con deposito,Nuevo,No le da mantenimiento,De 50 a 60 litros (hasta 3 personas)
4876,1,1,7,9,1,1,4,Solar,Nuevo,No le da mantenimiento,No sabe
4877,1,1,7,3,1,3,4,Solar,Nuevo,No le da mantenimiento,De 70 a 80 litros (hasta 4 personas)
4879,1,1,1,4,1,14,1,De gas con deposito,Nuevo,Cada 6 meses,De 90 a 110 litros (hasta 6 personas)
4882,1,1,1,3,1,15,4,De gas con deposito,Nuevo,No le da mantenimiento,De 70 a 80 litros (hasta 4 personas)
4884,1,1,1,3,1,12,4,De gas con deposito,Nuevo,No le da mantenimiento,De 70 a 80 litros (hasta 4 personas)
4895,1,1,1,2,1,10,4,De gas con deposito,Nuevo,No le da mantenimiento,De 50 a 60 litros (hasta 3 personas)
4897,1,1,1,2,1,5,4,De gas con deposito,Nuevo,No le da mantenimiento,De 50 a 60 litros (hasta 3 personas)
4904,1,1,1,3,1,1,4,De gas con deposito,Nuevo,No le da mantenimiento,De 70 a 80 litros (hasta 4 personas)
4905,1,1,1,1,1,99,4,De gas con deposito,Nuevo,No le da mantenimiento,De 38 a 40 litros (hasta 2 personas)
4906,1,1,1,1,2,10,3,De gas con deposito,Usado,Cada 2 años,De 38 a 40 litros (hasta 2 personas)
4907,1,1,1,1,2,5,4,De gas con deposito,Usado,No le da mantenimiento,De 38 a 40 litros (hasta 2 personas)
4908,1,1,2,0,1,4,3,De gas de rápida recuperación,Nuevo,Cada 2 años,
4909,1,1,2,0,1,4,1,De gas de rápida recuperación,Nuevo,Cada 6 meses,
4910,1,1,2,0,2,99,4,De gas de rápida recuperación,Usado,No le da mantenimiento,
4911,1,1,3,0,1,2,1,De gas instantáneo de paso,Nuevo,Cada 6 meses,
4916,1,1,1,1,1,6,1,De gas con deposito,Nuevo,Cada 6 meses,De 38 a 40 litros (hasta 2 personas)
4927,1,1,2,0,1,6,3,De gas de rápida recuperación,Nuevo,Cada 2 años,
4931,1,1,1,3,1,7,4,De gas con deposito,Nuevo,No le da mantenimiento,De 70 a 80 litros (hasta 4 personas)
4959,1,1,1,2,1,9,2,De gas con deposito,Nuevo,Cada año,De 50 a 60 litros (hasta 3 personas)
4970,1,1,7,4,1,1,4,Solar,Nuevo,No le da mantenimiento,De 90 a 110 litros (hasta 6 personas)
5021,1,1,1,1,1,15,2,De gas con deposito,Nuevo,Cada año,De 38 a 40 litros (hasta 2 personas)
5076,1,1,1,2,1,7,1,De gas con deposito,Nuevo,Cada 6 meses,De 50 a 60 litros (hasta 3 personas)
5084,1,1,1,2,2,2,2,De gas con deposito,Usado,Cada año,De 50 a 60 litros (hasta 3 personas)
5092,1,1,7,4,1,1,4,Solar,Nuevo,No le da mantenimiento,De 90 a 110 litros (hasta 6 personas)
5093,1,1,1,1,1,2,4,De gas con deposito,Nuevo,No le da mantenimiento,De 38 a 40 litros (hasta 2 personas)
5094,1,1,1,3,1,8,1,De gas con deposito,Nuevo,Cada 6 meses,De 70 a 80 litros (hasta 4 personas)
5096,1,1,1,2,2,10,4,De gas con deposito,Usado,No le da mantenimiento,De 50 a 60 litros (hasta 3 personas)
5099,1,1,1,3,1,15,1,De gas con deposito,Nuevo,Cada 6 meses,De 70 a 80 litros (hasta 4 personas)
5104,1,1,1,2,1,1,4,De gas con deposito,Nuevo,No le da mantenimiento,De 50 a 60 litros (hasta 3 personas)
5108,1,1,7,4,1,4,1,Solar,Nuevo,Cada 6 meses,De 90 a 110 litros (hasta 6 personas)
5109,1,1,7,4,1,3,4,Solar,Nuevo,No le da mantenimiento,De 90 a 110 litros (hasta 6 personas)
5111,1,1,1,2,1,6,2,De gas con deposito,Nuevo,Cada año,De 50 a 60 litros (hasta 3 personas)
5112,1,1,7,1,1,1,4,Solar,Nuevo,No le da mantenimiento,De 38 a 40 litros (hasta 2 personas)
5113,1,1,2,0,2,11,3,De gas de rápida recuperación,Usado,Cada 2 años,
5114,1,1,7,4,1,4,4,Solar,Nuevo,No le da mantenimiento,De 90 a 110 litros (hasta 6 personas)
5116,1,1,7,3,1,2,4,Solar,Nuevo,No le da mantenimiento,De 70 a 80 litros (hasta 4 personas)
5117,1,1,7,3,1,1,4,Solar,Nuevo,No le da mantenimiento,De 70 a 80 litros (hasta 4 personas)
5118,1,1,1,1,1,7,2,De gas con deposito,Nuevo,Cada año,De 38 a 40 litros (hasta 2 personas)
5119,1,1,1,3,1,5,1,De gas con deposito,Nuevo,Cada 6 meses,De 70 a 80 litros (hasta 4 personas)
5120,1,1,7,6,1,3,1,Solar,Nuevo,Cada 6 meses,Más de 140 litros (más de 7 personas)
5121,1,1,1,2,1,3,1,De gas con deposito,Nuevo,Cada 6 meses,De 50 a 60 litros (hasta 3 personas)
5122,1,1,1,1,1,1,1,De gas con deposito,Nuevo,Cada 6 meses,De 38 a 40 litros (hasta 2 personas)
5123,1,1,1,9,1,99,4,De gas con deposito,Nuevo,No le da mantenimiento,No sabe
5179,1,1,1,1,1,10,1,De gas con deposito,Nuevo,Cada 6 meses,De 38 a 40 litros (hasta 2 personas)
5182,1,1,1,1,1,5,4,De gas con deposito,Nuevo,No le da mantenimiento,De 38 a 40 litros (hasta 2 personas)
5183,1,1,1,3,1,16,4,De gas con deposito,Nuevo,No le da mantenimiento,De 70 a 80 litros (hasta 4 personas)
5186,1,1,7,3,1,2,4,Solar,Nuevo,No le da mantenimiento,De 70 a 80 litros (hasta 4 personas)
5187,1,1,1,1,1,8,1,De gas con deposito,Nuevo,Cada 6 meses,De 38 a 40 litros (hasta 2 personas)
5194,1,1,1,2,1,4,4,De gas con deposito,Nuevo,No le da mantenimiento,De 50 a 60 litros (hasta 3 personas)
5203,1,1,1,3,1,3,4,De gas con deposito,Nuevo,No le da mantenimiento,De 70 a 80 litros (hasta 4 personas)
5205,1,1,1,1,1,4,4,De gas con deposito,Nuevo,No le da mantenimiento,De 38 a 40 litros (hasta 2 personas)
5229,1,1,1,2,1,5,4,De gas con deposito,Nuevo,No le da mantenimiento,De 50 a 60 litros (hasta 3 personas)
5244,1,1,2,0,2,5,4,De gas de rápida recuperación,Usado,No le da mantenimiento,
5249,1,1,1,1,1,1,1,De gas con deposito,Nuevo,Cada 6 meses,De 38 a 40 litros (hasta 2 personas)
5293,1,1,1,9,1,10,1,De gas con deposito,Nuevo,Cada 6 meses,No sabe
5294,1,1,5,1,1,3,2,Eléctrico con depósito,Nuevo,Cada año,De 38 a 40 litros (hasta 2 personas)
5296,1,1,1,9,1,9,3,De gas con deposito,Nuevo,Cada 2 años,No sabe
5298,1,1,3,0,1,10,1,De gas instantáneo de paso,Nuevo,Cada 6 meses,
5299,1,1,1,2,1,20,1,De gas con deposito,Nuevo,Cada 6 meses,De 50 a 60 litros (hasta 3 personas)
5302,1,1,1,1,1,15,1,De gas con deposito,Nuevo,Cada 6 meses,De 38 a 40 litros (hasta 2 personas)
5303,1,1,1,1,1,4,2,De gas con deposito,Nuevo,Cada año,De 38 a 40 litros (hasta 2 personas)
5304,1,1,1,9,1,10,3,De gas con deposito,Nuevo,Cada 2 años,No sabe
5306,1,1,3,0,1,2,1,De gas instantáneo de paso,Nuevo,Cada 6 meses,
5325,1,1,1,1,1,6,1,De gas con deposito,Nuevo,Cada 6 meses,De 38 a 40 litros (hasta 2 personas)
5372,1,1,1,1,1,10,4,De gas con deposito,Nuevo,No le da mantenimiento,De 38 a 40 litros (hasta 2 personas)
5374,1,1,1,9,1,24,4,De gas con deposito,Nuevo,No le da mantenimiento,No sabe
5378,1,1,1,9,1,7,2,De gas con deposito,Nuevo,Cada año,No sabe
5388,1,1,1,9,1,99,3,De gas con deposito,Nuevo,Cada 2 años,No sabe
5391,1,1,1,4,1,21,4,De gas con deposito,Nuevo,No le da mantenimiento,De 90 a 110 litros (hasta 6 personas)
5392,1,1,1,1,1,99,1,De gas con deposito,Nuevo,Cada 6 meses,De 38 a 40 litros (hasta 2 personas)
5397,1,1,2,0,1,10,2,De gas de rápida recuperación,Nuevo,Cada año,
5419,1,1,1,1,1,1,1,De gas con deposito,Nuevo,Cada 6 meses,De 38 a 40 litros (hasta 2 personas)
5424,1,1,1,1,1,3,2,De gas con deposito,Nuevo,Cada año,De 38 a 40 litros (hasta 2 personas)
5435,1,1,1,9,1,10,4,De gas con deposito,Nuevo,No le da mantenimiento,No sabe
5436,1,1,4,0,2,2,1,Eléctrico instantáneo de paso,Usado,Cada 6 meses,
5437,1,1,1,1,1,4,4,De gas con deposito,Nuevo,No le da mantenimiento,De 38 a 40 litros (hasta 2 personas)
5454,1,1,7,6,1,11,1,Solar,Nuevo,Cada 6 meses,Más de 140 litros (más de 7 personas)
5455,1,1,1,9,1,1,4,De gas con deposito,Nuevo,No le da mantenimiento,No sabe
5459,1,1,1,1,1,10,4,De gas con deposito,Nuevo,No le da mantenimiento,De 38 a 40 litros (hasta 2 personas)
5464,1,1,1,9,1,12,3,De gas con deposito,Nuevo,Cada 2 años,No sabe
5486,1,1,4,0,1,2,4,Eléctrico instantáneo de paso,Nuevo,No le da mantenimiento,
5508,1,1,1,1,1,1,4,De gas con deposito,Nuevo,No le da mantenimiento,De 38 a 40 litros (hasta 2 personas)
5512,1,1,1,9,1,5,4,De gas con deposito,Nuevo,No le da mantenimiento,No sabe
5513,1,1,2,0,1,15,2,De gas de rápida recuperación,Nuevo,Cada año,
5515,1,1,1,1,1,99,1,De gas con deposito,Nuevo,Cada 6 meses,De 38 a 40 litros (hasta 2 personas)
5516,1,1,1,9,2,99,1,De gas con deposito,Usado,Cada 6 meses,No sabe
5517,1,1,6,1,1,20,2,De leña,Nuevo,Cada año,De 38 a 40 litros (hasta 2 personas)
5519,1,1,6,9,1,10,1,De leña,Nuevo,Cada 6 meses,No sabe
5520,1,1,5,6,1,30,2,Eléctrico con depósito,Nuevo,Cada año,Más de 140 litros (más de 7 personas)
5522,1,1,1,1,1,99,2,De gas con deposito,Nuevo,Cada año,De 38 a 40 litros (hasta 2 personas)
5524,1,1,2,0,1,8,4,De gas de rápida recuperación,Nuevo,No le da mantenimiento,
5525,1,1,1,1,1,7,1,De gas con deposito,Nuevo,Cada 6 meses,De 38 a 40 litros (hasta 2 personas)
5527,1,1,5,1,1,5,2,Eléctrico con depósito,Nuevo,Cada año,De 38 a 40 litros (hasta 2 personas)
5528,1,1,1,9,1,7,4,De gas con deposito,Nuevo,No le da mantenimiento,No sabe
5529,1,1,1,9,1,3,1,De gas con deposito,Nuevo,Cada 6 meses,No sabe
5536,1,1,1,1,1,99,4,De gas con deposito,Nuevo,No le da mantenimiento,De 38 a 40 litros (hasta 2 personas)
5537,1,1,1,1,1,5,1,De gas con deposito,Nuevo,Cada 6 meses,De 38 a 40 litros (hasta 2 personas)
5538,1,1,2,0,1,10,4,De gas de rápida recuperación,Nuevo,No le da mantenimiento,
5539,1,1,7,3,1,1,1,Solar,Nuevo,Cada 6 meses,De 70 a 80 litros (hasta 4 personas)
5747,1,1,2,0,1,6,4,De gas de rápida recuperación,Nuevo,No le da mantenimiento,
5761,1,1,2,0,1,1,4,De gas de rápida recuperación,Nuevo,No le da mantenimiento,
5763,1,1,3,0,1,4,4,De gas instantáneo de paso,Nuevo,No le da mantenimiento,
6057,1,1,6,1,2,1,1,De leña,Usado,Cada 6 meses,De 38 a 40 litros (hasta 2 personas)
6211,1,1,1,1,1,16,4,De gas con deposito,Nuevo,No le da mantenimiento,De 38 a 40 litros (hasta 2 personas)
6212,1,1,1,3,1,8,2,De gas con deposito,Nuevo,Cada año,De 70 a 80 litros (hasta 4 personas)
6213,1,1,3,0,1,2,4,De gas instantáneo de paso,Nuevo,No le da mantenimiento,
6215,1,1,1,3,1,3,2,De gas con deposito,Nuevo,Cada año,De 70 a 80 litros (hasta 4 personas)
6216,1,1,1,9,1,10,4,De gas con deposito,Nuevo,No le da mantenimiento,No sabe
6217,1,1,1,9,2,1,4,De gas con deposito,Usado,No le da mantenimiento,No sabe
6218,1,1,1,9,1,20,4,De gas con deposito,Nuevo,No le da mantenimiento,No sabe
6219,1,1,7,5,1,4,3,Solar,Nuevo,Cada 2 años,De 120 a 140 litros (hasta 7 personas)
6220,1,1,3,0,1,10,3,De gas instantáneo de paso,Nuevo,Cada 2 años,
6225,1,1,6,4,2,5,4,De leña,Usado,No le da mantenimiento,De 90 a 110 litros (hasta 6 personas)
6226,1,2,3,0,1,8,2,De gas instantáneo de paso,Nuevo,Cada año,
6226,1,1,7,2,1,4,1,Solar,Nuevo,Cada 6 meses,De 50 a 60 litros (hasta 3 personas)
6227,1,1,1,9,2,5,4,De gas con deposito,Usado,No le da mantenimiento,No sabe
6228,1,1,3,0,1,4,2,De gas instantáneo de paso,Nuevo,Cada año,
6229,1,1,4,0,1,10,2,Eléctrico instantáneo de paso,Nuevo,Cada año,
6230,1,1,7,9,1,1,1,Solar,Nuevo,Cada 6 meses,No sabe
6231,1,1,1,1,2,5,4,De gas con deposito,Usado,No le da mantenimiento,De 38 a 40 litros (hasta 2 personas)
6232,1,1,1,9,1,5,4,De gas con deposito,Nuevo,No le da mantenimiento,No sabe
6233,1,1,1,4,1,8,4,De gas con deposito,Nuevo,No le da mantenimiento,De 90 a 110 litros (hasta 6 personas)
6234,1,1,1,1,1,18,4,De gas con deposito,Nuevo,No le da mantenimiento,De 38 a 40 litros (hasta 2 personas)
6235,1,1,1,1,1,20,2,De gas con deposito,Nuevo,Cada año,De 38 a 40 litros (hasta 2 personas)
6236,1,1,3,0,1,7,4,De gas instantáneo de paso,Nuevo,No le da mantenimiento,
6237,1,1,1,9,1,7,2,De gas con deposito,Nuevo,Cada año,No sabe
6238,1,1,1,2,1,1,4,De gas con deposito,Nuevo,No le da mantenimiento,De 50 a 60 litros (hasta 3 personas)
6241,1,1,1,9,2,1,4,De gas con deposito,Usado,No le da mantenimiento,No sabe
6242,1,1,7,3,1,6,4,Solar,Nuevo,No le da mantenimiento,De 70 a 80 litros (hasta 4 personas)
6244,1,1,3,0,1,3,4,De gas instantáneo de paso,Nuevo,No le da mantenimiento,
6247,1,1,1,3,1,8,2,De gas con deposito,Nuevo,Cada año,De 70 a 80 litros (hasta 4 personas)
6247,1,2,7,3,1,4,2,Solar,Nuevo,Cada año,De 70 a 80 litros (hasta 4 personas)
6248,1,1,3,0,1,1,2,De gas instantáneo de paso,Nuevo,Cada año,
6249,1,1,1,3,2,3,4,De gas con deposito,Usado,No le da mantenimiento,De 70 a 80 litros (hasta 4 personas)
6250,1,1,1,3,1,20,4,De gas con deposito,Nuevo,No le da mantenimiento,De 70 a 80 litros (hasta 4 personas)
6251,1,1,1,1,1,99,1,De gas con deposito,Nuevo,Cada 6 meses,De 38 a 40 litros (hasta 2 personas)
6252,1,1,1,2,1,16,4,De gas con deposito,Nuevo,No le da mantenimiento,De 50 a 60 litros (hasta 3 personas)
6253,1,1,1,9,1,2,4,De gas con deposito,Nuevo,No le da mantenimiento,No sabe
6254,1,1,1,1,2,99,2,De gas con deposito,Usado,Cada año,De 38 a 40 litros (hasta 2 personas)
6255,1,1,1,2,1,30,1,De gas con deposito,Nuevo,Cada 6 meses,De 50 a 60 litros (hasta 3 personas)
6257,1,1,3,0,1,1,4,De gas instantáneo de paso,Nuevo,No le da mantenimiento,
6258,1,1,6,9,1,5,4,De leña,Nuevo,No le da mantenimiento,No sabe
6260,1,1,3,0,2,5,4,De gas instantáneo de paso,Usado,No le da mantenimiento,
6261,1,1,1,1,1,4,4,De gas con deposito,Nuevo,No le da mantenimiento,De 38 a 40 litros (hasta 2 personas)
6262,1,1,1,1,1,6,1,De gas con deposito,Nuevo,Cada 6 meses,De 38 a 40 litros (hasta 2 personas)
6263,1,1,3,0,1,5,4,De gas instantáneo de paso,Nuevo,No le da mantenimiento,
6264,1,1,1,2,1,5,1,De gas con deposito,Nuevo,Cada 6 meses,De 50 a 60 litros (hasta 3 personas)
6265,1,1,1,3,1,10,4,De gas con deposito,Nuevo,No le da mantenimiento,De 70 a 80 litros (hasta 4 personas)
6266,1,1,1,9,1,10,4,De gas con deposito,Nuevo,No le da mantenimiento,No sabe
6268,1,1,1,9,2,1,4,De gas con deposito,Usado,No le da mantenimiento,No sabe
6269,1,1,1,1,2,1,4,De gas con deposito,Usado,No le da mantenimiento,De 38 a 40 litros (hasta 2 personas)
6270,1,1,1,6,1,2,4,De gas con deposito,Nuevo,No le da mantenimiento,Más de 140 litros (más de 7 personas)
6271,1,1,1,3,1,20,4,De gas con deposito,Nuevo,No le da mantenimiento,De 70 a 80 litros (hasta 4 personas)
6272,1,1,1,9,1,20,2,De gas con deposito,Nuevo,Cada año,No sabe
6273,1,1,1,9,1,1,2,De gas con deposito,Nuevo,Cada año,No sabe
6273,1,2,1,9,1,5,2,De gas con deposito,Nuevo,Cada año,No sabe
6274,1,1,1,9,1,10,1,De gas con deposito,Nuevo,Cada 6 meses,No sabe
6275,1,1,1,6,1,20,1,De gas con deposito,Nuevo,Cada 6 meses,Más de 140 litros (más de 7 personas)
6276,1,1,1,9,1,12,4,De gas con deposito,Nuevo,No le da mantenimiento,No sabe
6277,1,1,1,2,1,18,1,De gas con deposito,Nuevo,Cada 6 meses,De 50 a 60 litros (hasta 3 personas)
6278,1,1,1,3,1,15,4,De gas con deposito,Nuevo,No le da mantenimiento,De 70 a 80 litros (hasta 4 personas)
6279,1,1,6,3,2,3,4,De leña,Usado,No le da mantenimiento,De 70 a 80 litros (hasta 4 personas)
6280,1,1,1,9,1,1,2,De gas con deposito,Nuevo,Cada año,No sabe
6282,1,1,1,3,1,15,1,De gas con deposito,Nuevo,Cada 6 meses,De 70 a 80 litros (hasta 4 personas)
6283,1,1,1,3,1,10,4,De gas con deposito,Nuevo,No le da mantenimiento,De 70 a 80 litros (hasta 4 personas)
6284,1,1,1,9,1,5,4,De gas con deposito,Nuevo,No le da mantenimiento,No sabe
6286,1,1,1,1,2,4,4,De gas con deposito,Usado,No le da mantenimiento,De 38 a 40 litros (hasta 2 personas)
6290,1,1,1,2,2,6,1,De gas con deposito,Usado,Cada 6 meses,De 50 a 60 litros (hasta 3 personas)
6291,1,1,2,0,1,5,2,De gas de rápida recuperación,Nuevo,Cada año,
6292,1,1,1,2,1,15,2,De gas con deposito,Nuevo,Cada año,De 50 a 60 litros (hasta 3 personas)
6293,1,1,2,0,1,1,1,De gas de rápida recuperación,Nuevo,Cada 6 meses,
6294,1,1,1,9,1,16,2,De gas con deposito,Nuevo,Cada año,No sabe
6295,1,1,1,1,1,7,4,De gas con deposito,Nuevo,No le da mantenimiento,De 38 a 40 litros (hasta 2 personas)
6296,1,1,1,1,1,7,2,De gas con deposito,Nuevo,Cada año,De 38 a 40 litros (hasta 2 personas)
6297,1,1,1,1,1,5,4,De gas con deposito,Nuevo,No le da mantenimiento,De 38 a 40 litros (hasta 2 personas)
6298,1,1,1,1,1,20,4,De gas con deposito,Nuevo,No le da mantenimiento,De 38 a 40 litros (hasta 2 personas)
6299,1,1,1,3,1,4,2,De gas con deposito,Nuevo,Cada año,De 70 a 80 litros (hasta 4 personas)
6300,1,1,1,9,1,18,4,De gas con deposito,Nuevo,No le da mantenimiento,No sabe
6301,1,1,2,0,1,15,1,De gas de rápida recuperación,Nuevo,Cada 6 meses,
6302,1,1,1,2,2,99,4,De gas con deposito,Usado,No le da mantenimiento,De 50 a 60 litros (hasta 3 personas)
6303,1,1,1,1,1,45,3,De gas con deposito,Nuevo,Cada 2 años,De 38 a 40 litros (hasta 2 personas)
6304,1,1,1,9,1,15,4,De gas con deposito,Nuevo,No le da mantenimiento,No sabe
6305,1,1,1,1,1,3,3,De gas con deposito,Nuevo,Cada 2 años,De 38 a 40 litros (hasta 2 personas)
6306,1,1,1,2,1,40,4,De gas con deposito,Nuevo,No le da mantenimiento,De 50 a 60 litros (hasta 3 personas)
6307,1,1,1,1,2,99,4,De gas con deposito,Usado,No le da mantenimiento,De 38 a 40 litros (hasta 2 personas)
6308,1,1,1,2,1,20,4,De gas con deposito,Nuevo,No le da mantenimiento,De 50 a 60 litros (hasta 3 personas)
6309,1,1,1,1,1,7,2,De gas con deposito,Nuevo,Cada año,De 38 a 40 litros (hasta 2 personas)
6311,1,1,1,1,1,30,4,De gas con deposito,Nuevo,No le da mantenimiento,De 38 a 40 litros (hasta 2 personas)
6312,1,1,1,2,2,20,4,De gas con deposito,Usado,No le da mantenimiento,De 50 a 60 litros (hasta 3 personas)
6313,1,1,1,2,2,99,4,De gas con deposito,Usado,No le da mantenimiento,De 50 a 60 litros (hasta 3 personas)
6314,1,1,1,9,1,15,4,De gas con deposito,Nuevo,No le da mantenimiento,No sabe
6315,1,1,1,2,1,6,4,De gas con deposito,Nuevo,No le da mantenimiento,De 50 a 60 litros (hasta 3 personas)
6316,1,1,5,9,1,3,4,Eléctrico con depósito,Nuevo,No le da mantenimiento,No sabe
6317,1,1,1,9,1,10,4,De gas con deposito,Nuevo,No le da mantenimiento,No sabe
6318,1,1,3,0,1,20,4,De gas instantáneo de paso,Nuevo,No le da mantenimiento,
6319,1,1,1,9,1,15,4,De gas con deposito,Nuevo,No le da mantenimiento,No sabe
6320,1,1,1,2,1,8,4,De gas con deposito,Nuevo,No le da mantenimiento,De 50 a 60 litros (hasta 3 personas)
6322,1,1,1,9,1,15,4,De gas con deposito,Nuevo,No le da mantenimiento,No sabe
6323,1,1,1,9,2,12,4,De gas con deposito,Usado,No le da mantenimiento,No sabe
6324,1,1,1,1,1,20,1,De gas con deposito,Nuevo,Cada 6 meses,De 38 a 40 litros (hasta 2 personas)
6325,1,1,1,1,1,16,2,De gas con deposito,Nuevo,Cada año,De 38 a 40 litros (hasta 2 personas)
6326,1,1,1,3,1,8,2,De gas con deposito,Nuevo,Cada año,De 70 a 80 litros (hasta 4 personas)
6327,1,1,1,3,1,8,4,De gas con deposito,Nuevo,No le da mantenimiento,De 70 a 80 litros (hasta 4 personas)
6329,1,1,3,0,1,5,4,De gas instantáneo de paso,Nuevo,No le da mantenimiento,
6330,1,1,1,1,2,99,4,De gas con deposito,Usado,No le da mantenimiento,De 38 a 40 litros (hasta 2 personas)
6331,1,1,1,1,1,4,4,De gas con deposito,Nuevo,No le da mantenimiento,De 38 a 40 litros (hasta 2 personas)
6332,1,1,1,1,1,15,1,De gas con deposito,Nuevo,Cada 6 meses,De 38 a 40 litros (hasta 2 personas)
6333,1,1,1,3,1,4,1,De gas con deposito,Nuevo,Cada 6 meses,De 70 a 80 litros (hasta 4 personas)
6334,1,1,1,1,1,4,4,De gas con deposito,Nuevo,No le da mantenimiento,De 38 a 40 litros (hasta 2 personas)
6335,1,1,1,9,1,20,4,De gas con deposito,Nuevo,No le da mantenimiento,No sabe
6336,1,1,1,1,1,30,4,De gas con deposito,Nuevo,No le da mantenimiento,De 38 a 40 litros (hasta 2 personas)
6340,1,1,1,4,2,11,4,De gas con deposito,Usado,No le da mantenimiento,De 90 a 110 litros (hasta 6 personas)
6341,1,1,2,0,1,1,4,De gas de rápida recuperación,Nuevo,No le da mantenimiento,
6343,1,1,1,1,2,2,4,De gas con deposito,Usado,No le da mantenimiento,De 38 a 40 litros (hasta 2 personas)
6345,1,1,7,6,1,5,1,Solar,Nuevo,Cada 6 meses,Más de 140 litros (más de 7 personas)
6346,1,1,1,9,1,15,2,De gas con deposito,Nuevo,Cada año,No sabe
6347,1,1,1,3,1,10,4,De gas con deposito,Nuevo,No le da mantenimiento,De 70 a 80 litros (hasta 4 personas)
6348,1,1,1,9,1,10,4,De gas con deposito,Nuevo,No le da mantenimiento,No sabe
6349,1,1,1,9,1,3,4,De gas con deposito,Nuevo,No le da mantenimiento,No sabe
6351,1,1,3,0,1,7,4,De gas instantáneo de paso,Nuevo,No le da mantenimiento,
6352,1,1,1,9,1,20,4,De gas con deposito,Nuevo,No le da mantenimiento,No sabe
6353,1,1,1,9,1,15,4,De gas con deposito,Nuevo,No le da mantenimiento,No sabe
6357,1,1,1,9,1,5,4,De gas con deposito,Nuevo,No le da mantenimiento,No sabe
6359,1,1,3,0,1,6,2,De gas instantáneo de paso,Nuevo,Cada año,
6360,1,1,1,9,2,99,2,De gas con deposito,Usado,Cada año,No sabe
6361,1,1,1,2,1,10,1,De gas con deposito,Nuevo,Cada 6 meses,De 50 a 60 litros (hasta 3 personas)
6362,1,1,1,1,1,2,2,De gas con deposito,Nuevo,Cada año,De 38 a 40 litros (hasta 2 personas)
6363,1,1,1,9,1,4,2,De gas con deposito,Nuevo,Cada año,No sabe
6364,1,1,3,0,2,10,2,De gas instantáneo de paso,Usado,Cada año,
6365,1,1,2,0,1,4,1,De gas de rápida recuperación,Nuevo,Cada 6 meses,
6366,1,1,1,1,1,15,2,De gas con deposito,Nuevo,Cada año,De 38 a 40 litros (hasta 2 personas)
6367,1,1,1,1,1,28,2,De gas con deposito,Nuevo,Cada año,De 38 a 40 litros (hasta 2 personas)
6368,1,1,1,2,1,28,1,De gas con deposito,Nuevo,Cada 6 meses,De 50 a 60 litros (hasta 3 personas)
6369,1,1,1,1,1,5,3,De gas con deposito,Nuevo,Cada 2 años,De 38 a 40 litros (hasta 2 personas)
6370,1,1,1,2,1,4,4,De gas con deposito,Nuevo,No le da mantenimiento,De 50 a 60 litros (hasta 3 personas)
6371,1,1,1,1,1,5,1,De gas con deposito,Nuevo,Cada 6 meses,De 38 a 40 litros (hasta 2 personas)
6372,1,1,1,1,1,3,1,De gas con deposito,Nuevo,Cada 6 meses,De 38 a 40 litros (hasta 2 personas)
6374,1,1,1,1,2,2,4,De gas con deposito,Usado,No le da mantenimiento,De 38 a 40 litros (hasta 2 personas)
6375,1,1,1,9,1,2,1,De gas con deposito,Nuevo,Cada 6 meses,No sabe
6376,1,1,1,1,1,1,1,De gas con deposito,Nuevo,Cada 6 meses,De 38 a 40 litros (hasta 2 personas)
6377,1,1,3,0,1,4,4,De gas instantáneo de paso,Nuevo,No le da mantenimiento,
6378,1,1,1,1,1,6,2,De gas con deposito,Nuevo,Cada año,De 38 a 40 litros (hasta 2 personas)
6379,1,1,3,0,1,3,4,De gas instantáneo de paso,Nuevo,No le da mantenimiento,
6380,1,1,1,9,1,7,2,De gas con deposito,Nuevo,Cada año,No sabe
6382,1,1,1,9,1,15,2,De gas con deposito,Nuevo,Cada año,No sabe
6383,1,1,1,2,1,3,1,De gas con deposito,Nuevo,Cada 6 meses,De 50 a 60 litros (hasta 3 personas)
6384,1,1,1,4,1,18,4,De gas con deposito,Nuevo,No le da mantenimiento,De 90 a 110 litros (hasta 6 personas)
6386,1,1,1,2,1,99,2,De gas con deposito,Nuevo,Cada año,De 50 a 60 litros (hasta 3 personas)
6387,1,1,1,1,2,19,4,De gas con deposito,Usado,No le da mantenimiento,De 38 a 40 litros (hasta 2 personas)
6389,1,1,2,0,1,15,4,De gas de rápida recuperación,Nuevo,No le da mantenimiento,
6390,1,1,3,0,1,2,1,De gas instantáneo de paso,Nuevo,Cada 6 meses,
6391,1,1,1,9,1,3,4,De gas con deposito,Nuevo,No le da mantenimiento,No sabe
6392,1,1,1,9,1,3,2,De gas con deposito,Nuevo,Cada año,No sabe
6392,1,2,7,9,1,1,4,Solar,Nuevo,No le da mantenimiento,No sabe
6393,1,1,1,9,1,3,1,De gas con deposito,Nuevo,Cada 6 meses,No sabe
6395,1,1,1,2,1,10,2,De gas con deposito,Nuevo,Cada año,De 50 a 60 litros (hasta 3 personas)
6396,1,1,1,2,2,3,4,De gas con deposito,Usado,No le da mantenimiento,De 50 a 60 litros (hasta 3 personas)
6397,1,1,2,0,1,12,3,De gas de rápida recuperación,Nuevo,Cada 2 años,
6398,1,1,1,2,2,99,4,De gas con deposito,Usado,No le da mantenimiento,De 50 a 60 litros (hasta 3 personas)
6399,1,1,1,3,1,99,2,De gas con deposito,Nuevo,Cada año,De 70 a 80 litros (hasta 4 personas)
6400,1,1,1,3,1,7,4,De gas con deposito,Nuevo,No le da mantenimiento,De 70 a 80 litros (hasta 4 personas)
6401,1,1,4,0,1,1,4,Eléctrico instantáneo de paso,Nuevo,No le da mantenimiento,
6402,1,1,1,9,2,6,4,De gas con deposito,Usado,No le da mantenimiento,No sabe
6403,1,1,1,4,2,8,2,De gas con deposito,Usado,Cada año,De 90 a 110 litros (hasta 6 personas)
6404,1,1,8,2,1,10,1,Otro tipo de calentador (especificar),Nuevo,Cada 6 meses,De 50 a 60 litros (hasta 3 personas)
6405,1,1,1,1,1,7,1,De gas con deposito,Nuevo,Cada 6 meses,De 38 a 40 litros (hasta 2 personas)
6406,1,1,1,3,1,3,4,De gas con deposito,Nuevo,No le da mantenimiento,De 70 a 80 litros (hasta 4 personas)
6407,1,1,1,3,1,5,4,De gas con deposito,Nuevo,No le da mantenimiento,De 70 a 80 litros (hasta 4 personas)
6408,1,1,3,0,1,3,4,De gas instantáneo de paso,Nuevo,No le da mantenimiento,
6409,1,1,1,9,1,6,4,De gas con deposito,Nuevo,No le da mantenimiento,No sabe
6410,1,1,1,9,2,99,4,De gas con deposito,Usado,No le da mantenimiento,No sabe
6411,1,1,3,0,1,10,2,De gas instantáneo de paso,Nuevo,Cada año,
6412,1,1,1,9,1,10,4,De gas con deposito,Nuevo,No le da mantenimiento,No sabe
6414,1,1,1,9,1,10,4,De gas con deposito,Nuevo,No le da mantenimiento,No sabe
6415,1,1,3,0,1,6,4,De gas instantáneo de paso,Nuevo,No le da mantenimiento,
6416,1,1,1,9,1,22,4,De gas con deposito,Nuevo,No le da mantenimiento,No sabe
6417,1,1,1,9,1,18,2,De gas con deposito,Nuevo,Cada año,No sabe
6418,1,1,1,9,1,6,2,De gas con deposito,Nuevo,Cada año,No sabe
6419,1,1,1,3,1,5,3,De gas con deposito,Nuevo,Cada 2 años,De 70 a 80 litros (hasta 4 personas)
6420,1,1,2,0,1,2,4,De gas de rápida recuperación,Nuevo,No le da mantenimiento,
6421,1,1,1,1,2,8,3,De gas con deposito,Usado,Cada 2 años,De 38 a 40 litros (hasta 2 personas)
6423,1,1,3,0,1,2,4,De gas instantáneo de paso,Nuevo,No le da mantenimiento,
6424,1,1,1,1,1,3,1,De gas con deposito,Nuevo,Cada 6 meses,De 38 a 40 litros (hasta 2 personas)
6426,1,1,1,3,1,5,4,De gas con deposito,Nuevo,No le da mantenimiento,De 70 a 80 litros (hasta 4 personas)
6427,1,1,1,3,1,10,1,De gas con deposito,Nuevo,Cada 6 meses,De 70 a 80 litros (hasta 4 personas)
6428,1,1,1,1,1,5,3,De gas con deposito,Nuevo,Cada 2 años,De 38 a 40 litros (hasta 2 personas)
6430,1,1,1,1,2,6,4,De gas con deposito,Usado,No le da mantenimiento,De 38 a 40 litros (hasta 2 personas)
6431,1,1,1,3,1,12,2,De gas con deposito,Nuevo,Cada año,De 70 a 80 litros (hasta 4 personas)
6432,1,1,1,1,1,10,3,De gas con deposito,Nuevo,Cada 2 años,De 38 a 40 litros (hasta 2 personas)
6433,1,1,1,1,1,12,1,De gas con deposito,Nuevo,Cada 6 meses,De 38 a 40 litros (hasta 2 personas)
6434,1,1,2,0,1,3,1,De gas de rápida recuperación,Nuevo,Cada 6 meses,
6435,1,1,1,9,1,10,3,De gas con deposito,Nuevo,Cada 2 años,No sabe
6435,1,2,1,9,1,10,3,De gas con deposito,Nuevo,Cada 2 años,No sabe
6436,1,1,1,4,1,8,2,De gas con deposito,Nuevo,Cada año,De 90 a 110 litros (hasta 6 personas)
6437,1,1,1,4,1,5,4,De gas con deposito,Nuevo,No le da mantenimiento,De 90 a 110 litros (hasta 6 personas)
6438,1,1,1,5,1,15,4,De gas con deposito,Nuevo,No le da mantenimiento,De 120 a 140 litros (hasta 7 personas)
6439,1,1,1,4,1,10,4,De gas con deposito,Nuevo,No le da mantenimiento,De 90 a 110 litros (hasta 6 personas)
6440,1,1,3,0,1,1,4,De gas instantáneo de paso,Nuevo,No le da mantenimiento,
6441,1,1,7,5,1,3,4,Solar,Nuevo,No le da mantenimiento,De 120 a 140 litros (hasta 7 personas)
6442,1,1,1,2,1,10,4,De gas con deposito,Nuevo,No le da mantenimiento,De 50 a 60 litros (hasta 3 personas)
6443,1,1,1,2,1,12,2,De gas con deposito,Nuevo,Cada año,De 50 a 60 litros (hasta 3 personas)
6443,1,2,7,9,1,5,4,Solar,Nuevo,No le da mantenimiento,No sabe
6444,1,1,1,3,1,1,1,De gas con deposito,Nuevo,Cada 6 meses,De 70 a 80 litros (hasta 4 personas)
6445,1,1,1,4,1,10,4,De gas con deposito,Nuevo,No le da mantenimiento,De 90 a 110 litros (hasta 6 personas)
6446,1,1,2,0,1,2,4,De gas de rápida recuperación,Nuevo,No le da mantenimiento,
6447,1,1,1,9,1,1,2,De gas con deposito,Nuevo,Cada año,No sabe
6447,1,2,7,9,1,1,4,Solar,Nuevo,No le da mantenimiento,No sabe
6448,1,1,3,0,2,1,4,De gas instantáneo de paso,Usado,No le da mantenimiento,
6449,1,1,3,0,2,6,4,De gas instantáneo de paso,Usado,No le da mantenimiento,
6450,1,1,1,1,2,2,1,De gas con deposito,Usado,Cada 6 meses,De 38 a 40 litros (hasta 2 personas)
6451,1,1,1,3,1,10,1,De gas con deposito,Nuevo,Cada 6 meses,De 70 a 80 litros (hasta 4 personas)
6452,1,1,1,9,1,9,2,De gas con deposito,Nuevo,Cada año,No sabe
6453,1,1,1,9,2,3,2,De gas con deposito,Usado,Cada año,No sabe
6456,1,1,3,0,2,1,4,De gas instantáneo de paso,Usado,No le da mantenimiento,
6457,1,1,3,0,1,1,4,De gas instantáneo de paso,Nuevo,No le da mantenimiento,
6458,1,1,1,9,1,10,2,De gas con deposito,Nuevo,Cada año,No sabe
6459,1,1,2,0,1,5,2,De gas de rápida recuperación,Nuevo,Cada año,
6460,1,1,3,0,1,1,4,De gas instantáneo de paso,Nuevo,No le da mantenimiento,
6462,1,1,1,3,2,5,1,De gas con deposito,Usado,Cada 6 meses,De 70 a 80 litros (hasta 4 personas)
6463,1,1,4,0,2,99,4,Eléctrico instantáneo de paso,Usado,No le da mantenimiento,
6464,1,1,1,2,1,3,4,De gas con deposito,Nuevo,No le da mantenimiento,De 50 a 60 litros (hasta 3 personas)
6465,1,1,1,9,1,10,4,De gas con deposito,Nuevo,No le da mantenimiento,No sabe
6466,1,1,3,0,1,1,4,De gas instantáneo de paso,Nuevo,No le da mantenimiento,
6467,1,1,1,9,1,8,2,De gas con deposito,Nuevo,Cada año,No sabe
6468,1,1,6,1,1,3,1,De leña,Nuevo,Cada 6 meses,De 38 a 40 litros (hasta 2 personas)
6471,1,1,1,1,1,10,4,De gas con deposito,Nuevo,No le da mantenimiento,De 38 a 40 litros (hasta 2 personas)
6472,1,1,1,4,1,10,1,De gas con deposito,Nuevo,Cada 6 meses,De 90 a 110 litros (hasta 6 personas)
6473,1,1,2,0,1,99,4,De gas de rápida recuperación,Nuevo,No le da mantenimiento,
6474,1,1,3,0,1,1,4,De gas instantáneo de paso,Nuevo,No le da mantenimiento,
6475,1,1,1,4,1,15,4,De gas con deposito,Nuevo,No le da mantenimiento,De 90 a 110 litros (hasta 6 personas)
6476,1,1,1,9,2,99,4,De gas con deposito,Usado,No le da mantenimiento,No sabe
6477,1,1,1,1,2,3,2,De gas con deposito,Usado,Cada año,De 38 a 40 litros (hasta 2 personas)
6478,1,1,2,0,1,6,1,De gas de rápida recuperación,Nuevo,Cada 6 meses,
6479,1,1,2,0,2,4,3,De gas de rápida recuperación,Usado,Cada 2 años,
6480,1,1,1,9,1,7,4,De gas con deposito,Nuevo,No le da mantenimiento,No sabe
6481,1,1,1,9,1,10,3,De gas con deposito,Nuevo,Cada 2 años,No sabe
6482,1,1,1,6,1,10,4,De gas con deposito,Nuevo,No le da mantenimiento,Más de 140 litros (más de 7 personas)
6485,1,1,7,9,1,1,1,Solar,Nuevo,Cada 6 meses,No sabe
6486,1,1,1,9,1,10,1,De gas con deposito,Nuevo,Cada 6 meses,No sabe
6487,1,1,1,9,2,99,4,De gas con deposito,Usado,No le da mantenimiento,No sabe
6488,1,1,1,9,1,8,1,De gas con deposito,Nuevo,Cada 6 meses,No sabe
6489,1,1,1,1,1,2,4,De gas con deposito,Nuevo,No le da mantenimiento,De 38 a 40 litros (hasta 2 personas)
6490,1,1,3,0,1,1,1,De gas instantáneo de paso,Nuevo,Cada 6 meses,
6491,1,1,5,1,1,5,2,Eléctrico con depósito,Nuevo,Cada año,De 38 a 40 litros (hasta 2 personas)
6492,1,1,1,1,1,11,3,De gas con deposito,Nuevo,Cada 2 años,De 38 a 40 litros (hasta 2 personas)
6493,1,1,1,1,2,5,1,De gas con deposito,Usado,Cada 6 meses,De 38 a 40 litros (hasta 2 personas)
6494,1,1,1,1,2,1,4,De gas con deposito,Usado,No le da mantenimiento,De 38 a 40 litros (hasta 2 personas)
6495,1,1,7,5,1,3,4,Solar,Nuevo,No le da mantenimiento,De 120 a 140 litros (hasta 7 personas)
6495,1,2,3,0,1,1,4,De gas instantáneo de paso,Nuevo,No le da mantenimiento,
6496,1,2,1,9,1,5,2,De gas con deposito,Nuevo,Cada año,No sabe
6496,1,1,7,9,1,1,4,Solar,Nuevo,No le da mantenimiento,No sabe
6497,1,2,1,1,1,5,4,De gas con deposito,Nuevo,No le da mantenimiento,De 38 a 40 litros (hasta 2 personas)
6497,1,1,7,5,1,3,1,Solar,Nuevo,Cada 6 meses,De 120 a 140 litros (hasta 7 personas)
6498,1,1,4,0,1,1,4,Eléctrico instantáneo de paso,Nuevo,No le da mantenimiento,
6499,1,1,7,2,1,2,4,Solar,Nuevo,No le da mantenimiento,De 50 a 60 litros (hasta 3 personas)
6500,1,1,2,0,2,99,1,De gas de rápida recuperación,Usado,Cada 6 meses,
6501,1,1,6,9,2,15,4,De leña,Usado,No le da mantenimiento,No sabe
6502,1,1,1,9,2,5,2,De gas con deposito,Usado,Cada año,No sabe
6503,1,1,1,9,2,99,1,De gas con deposito,Usado,Cada 6 meses,No sabe
6506,1,1,7,3,1,2,4,Solar,Nuevo,No le da mantenimiento,De 70 a 80 litros (hasta 4 personas)
6508,1,1,3,0,1,1,4,De gas instantáneo de paso,Nuevo,No le da mantenimiento,
6509,1,1,1,2,2,1,4,De gas con deposito,Usado,No le da mantenimiento,De 50 a 60 litros (hasta 3 personas)
6510,1,1,5,2,2,2,4,Eléctrico con depósito,Usado,No le da mantenimiento,De 50 a 60 litros (hasta 3 personas)
6511,1,1,1,3,2,1,4,De gas con deposito,Usado,No le da mantenimiento,De 70 a 80 litros (hasta 4 personas)
6512,1,1,2,0,1,1,4,De gas de rápida recuperación,Nuevo,No le da mantenimiento,
6513,1,1,3,0,1,1,4,De gas instantáneo de paso,Nuevo,No le da mantenimiento,
6515,1,1,3,0,1,1,4,De gas instantáneo de paso,Nuevo,No le da mantenimiento,
6516,1,1,3,0,2,3,2,De gas instantáneo de paso,Usado,Cada año,
6517,1,1,3,0,1,3,2,De gas instantáneo de paso,Nuevo,Cada año,
6520,1,1,1,4,1,1,1,De gas con deposito,Nuevo,Cada 6 meses,De 90 a 110 litros (hasta 6 personas)
6521,1,1,1,9,1,4,2,De gas con deposito,Nuevo,Cada año,No sabe
6522,1,1,1,9,1,8,2,De gas con deposito,Nuevo,Cada año,No sabe
6523,1,1,1,9,2,2,2,De gas con deposito,Usado,Cada año,No sabe
6524,1,1,1,3,1,21,2,De gas con deposito,Nuevo,Cada año,De 70 a 80 litros (hasta 4 personas)
6526,1,1,3,0,1,6,4,De gas instantáneo de paso,Nuevo,No le da mantenimiento,
6527,1,1,1,9,1,5,4,De gas con deposito,Nuevo,No le da mantenimiento,No sabe
6528,1,1,1,9,1,15,4,De gas con deposito,Nuevo,No le da mantenimiento,No sabe
6529,1,1,3,0,1,3,4,De gas instantáneo de paso,Nuevo,No le da mantenimiento,
6530,1,1,5,9,2,11,4,Eléctrico con depósito,Usado,No le da mantenimiento,No sabe
6531,1,1,5,1,1,6,4,Eléctrico con depósito,Nuevo,No le da mantenimiento,De 38 a 40 litros (hasta 2 personas)
6532,1,1,3,0,1,1,4,De gas instantáneo de paso,Nuevo,No le da mantenimiento,
6533,1,1,3,0,1,4,4,De gas instantáneo de paso,Nuevo,No le da mantenimiento,
6534,1,1,1,2,1,6,4,De gas con deposito,Nuevo,No le da mantenimiento,De 50 a 60 litros (hasta 3 personas)
6536,1,1,1,1,2,1,2,De gas con deposito,Usado,Cada año,De 38 a 40 litros (hasta 2 personas)
6537,1,1,1,1,2,99,4,De gas con deposito,Usado,No le da mantenimiento,De 38 a 40 litros (hasta 2 personas)
6538,1,1,1,1,1,8,2,De gas con deposito,Nuevo,Cada año,De 38 a 40 litros (hasta 2 personas)
6539,1,1,1,9,1,20,4,De gas con deposito,Nuevo,No le da mantenimiento,No sabe
6540,1,1,1,1,2,5,4,De gas con deposito,Usado,No le da mantenimiento,De 38 a 40 litros (hasta 2 personas)
6541,1,1,1,5,1,13,2,De gas con deposito,Nuevo,Cada año,De 120 a 140 litros (hasta 7 personas)
6542,1,1,1,1,2,4,2,De gas con deposito,Usado,Cada año,De 38 a 40 litros (hasta 2 personas)
6543,1,1,1,1,2,2,4,De gas con deposito,Usado,No le da mantenimiento,De 38 a 40 litros (hasta 2 personas)
6544,1,1,1,3,1,7,4,De gas con deposito,Nuevo,No le da mantenimiento,De 70 a 80 litros (hasta 4 personas)
6545,1,1,1,5,1,9,4,De gas con deposito,Nuevo,No le da mantenimiento,De 120 a 140 litros (hasta 7 personas)
6546,1,1,3,0,2,2,4,De gas instantáneo de paso,Usado,No le da mantenimiento,
6547,1,1,1,3,1,1,1,De gas con deposito,Nuevo,Cada 6 meses,De 70 a 80 litros (hasta 4 personas)
6548,1,1,1,9,1,3,1,De gas con deposito,Nuevo,Cada 6 meses,No sabe
6549,1,1,1,4,2,2,1,De gas con deposito,Usado,Cada 6 meses,De 90 a 110 litros (hasta 6 personas)
6550,1,1,1,3,1,4,4,De gas con deposito,Nuevo,No le da mantenimiento,De 70 a 80 litros (hasta 4 personas)
6552,1,1,1,3,2,5,1,De gas con deposito,Usado,Cada 6 meses,De 70 a 80 litros (hasta 4 personas)
6553,1,1,1,4,2,22,2,De gas con deposito,Usado,Cada año,De 90 a 110 litros (hasta 6 personas)
6554,1,1,3,0,1,1,2,De gas instantáneo de paso,Nuevo,Cada año,
6555,1,1,1,5,1,2,1,De gas con deposito,Nuevo,Cada 6 meses,De 120 a 140 litros (hasta 7 personas)
6557,1,1,1,3,2,2,2,De gas con deposito,Usado,Cada año,De 70 a 80 litros (hasta 4 personas)
6558,1,1,1,3,1,14,4,De gas con deposito,Nuevo,No le da mantenimiento,De 70 a 80 litros (hasta 4 personas)
6559,1,1,1,9,2,4,4,De gas con deposito,Usado,No le da mantenimiento,No sabe
6560,1,1,1,9,1,4,4,De gas con deposito,Nuevo,No le da mantenimiento,No sabe
6561,1,1,3,0,1,5,4,De gas instantáneo de paso,Nuevo,No le da mantenimiento,
6562,1,1,1,9,1,6,3,De gas con deposito,Nuevo,Cada 2 años,No sabe
6563,1,1,1,9,1,5,4,De gas con deposito,Nuevo,No le da mantenimiento,No sabe
6564,1,1,1,9,1,10,2,De gas con deposito,Nuevo,Cada año,No sabe
6567,1,1,1,9,1,1,4,De gas con deposito,Nuevo,No le da mantenimiento,No sabe
6569,1,1,3,0,1,4,2,De gas instantáneo de paso,Nuevo,Cada año,
6570,1,1,1,9,2,1,1,De gas con deposito,Usado,Cada 6 meses,No sabe
6571,1,1,1,1,1,1,2,De gas con deposito,Nuevo,Cada año,De 38 a 40 litros (hasta 2 personas)
6573,1,1,3,0,1,1,4,De gas instantáneo de paso,Nuevo,No le da mantenimiento,
6574,1,1,1,1,1,12,1,De gas con deposito,Nuevo,Cada 6 meses,De 38 a 40 litros (hasta 2 personas)
6576,1,1,1,9,1,8,4,De gas con deposito,Nuevo,No le da mantenimiento,No sabe
6577,1,1,1,9,2,2,4,De gas con deposito,Usado,No le da mantenimiento,No sabe
6578,1,1,1,3,1,2,4,De gas con deposito,Nuevo,No le da mantenimiento,De 70 a 80 litros (hasta 4 personas)
6579,1,1,3,0,1,3,4,De gas instantáneo de paso,Nuevo,No le da mantenimiento,
6580,1,1,1,2,2,1,4,De gas con deposito,Usado,No le da mantenimiento,De 50 a 60 litros (hasta 3 personas)
6581,1,1,3,0,1,4,4,De gas instantáneo de paso,Nuevo,No le da mantenimiento,
6582,1,1,1,1,1,5,2,De gas con deposito,Nuevo,Cada año,De 38 a 40 litros (hasta 2 personas)
6583,1,1,1,9,1,3,2,De gas con deposito,Nuevo,Cada año,No sabe
6584,1,1,1,3,1,6,3,De gas con deposito,Nuevo,Cada 2 años,De 70 a 80 litros (hasta 4 personas)
6585,1,1,1,9,1,8,4,De gas con deposito,Nuevo,No le da mantenimiento,No sabe
6586,1,1,1,3,2,15,4,De gas con deposito,Usado,No le da mantenimiento,De 70 a 80 litros (hasta 4 personas)
6587,1,1,3,0,1,7,1,De gas instantáneo de paso,Nuevo,Cada 6 meses,
6588,1,1,1,9,1,5,1,De gas con deposito,Nuevo,Cada 6 meses,No sabe
6589,1,1,1,9,2,2,2,De gas con deposito,Usado,Cada año,No sabe
6590,1,1,1,5,1,8,2,De gas con deposito,Nuevo,Cada año,De 120 a 140 litros (hasta 7 personas)
6591,1,1,3,0,1,2,4,De gas instantáneo de paso,Nuevo,No le da mantenimiento,
6592,1,1,1,9,1,10,2,De gas con deposito,Nuevo,Cada año,No sabe
6593,1,1,1,4,1,8,2,De gas con deposito,Nuevo,Cada año,De 90 a 110 litros (hasta 6 personas)
6594,1,1,1,6,1,10,4,De gas con deposito,Nuevo,No le da mantenimiento,Más de 140 litros (más de 7 personas)
6595,1,1,1,4,2,8,4,De gas con deposito,Usado,No le da mantenimiento,De 90 a 110 litros (hasta 6 personas)
6596,1,1,1,9,1,8,2,De gas con deposito,Nuevo,Cada año,No sabe
6597,1,1,1,9,1,20,3,De gas con deposito,Nuevo,Cada 2 años,No sabe
6599,1,1,1,9,1,10,4,De gas con deposito,Nuevo,No le da mantenimiento,No sabe
6600,1,1,3,0,1,2,4,De gas instantáneo de paso,Nuevo,No le da mantenimiento,
6601,1,1,1,1,1,2,2,De gas con deposito,Nuevo,Cada año,De 38 a 40 litros (hasta 2 personas)
6604,1,1,1,3,2,2,2,De gas con deposito,Usado,Cada año,De 70 a 80 litros (hasta 4 personas)
6606,1,1,3,0,1,2,4,De gas instantáneo de paso,Nuevo,No le da mantenimiento,
6608,1,1,1,2,1,7,1,De gas con deposito,Nuevo,Cada 6 meses,De 50 a 60 litros (hasta 3 personas)
6609,1,1,1,3,1,1,4,De gas con deposito,Nuevo,No le da mantenimiento,De 70 a 80 litros (hasta 4 personas)
6610,1,1,1,9,1,4,2,De gas con deposito,Nuevo,Cada año,No sabe
6613,1,1,1,9,2,5,4,De gas con deposito,Usado,No le da mantenimiento,No sabe
6614,1,1,3,0,1,2,4,De gas instantáneo de paso,Nuevo,No le da mantenimiento,
6615,1,1,3,0,1,2,4,De gas instantáneo de paso,Nuevo,No le da mantenimiento,
6616,1,1,1,1,1,1,4,De gas con deposito,Nuevo,No le da mantenimiento,De 38 a 40 litros (hasta 2 personas)
6617,1,1,7,9,2,99,4,Solar,Usado,No le da mantenimiento,No sabe
6618,1,1,1,1,1,1,4,De gas con deposito,Nuevo,No le da mantenimiento,De 38 a 40 litros (hasta 2 personas)
6619,1,1,1,9,1,10,4,De gas con deposito,Nuevo,No le da mantenimiento,No sabe
6620,1,1,1,9,2,1,4,De gas con deposito,Usado,No le da mantenimiento,No sabe
6622,1,1,1,9,2,2,4,De gas con deposito,Usado,No le da mantenimiento,No sabe
6623,1,1,1,9,1,14,1,De gas con deposito,Nuevo,Cada 6 meses,No sabe
6624,1,1,1,4,2,5,4,De gas con deposito,Usado,No le da mantenimiento,De 90 a 110 litros (hasta 6 personas)
6625,1,1,3,0,1,3,2,De gas instantáneo de paso,Nuevo,Cada año,
6627,1,1,1,3,2,7,2,De gas con deposito,Usado,Cada año,De 70 a 80 litros (hasta 4 personas)
6630,1,1,3,0,1,1,4,De gas instantáneo de paso,Nuevo,No le da mantenimiento,
6631,1,1,1,1,1,4,1,De gas con deposito,Nuevo,Cada 6 meses,De 38 a 40 litros (hasta 2 personas)
6632,1,1,1,9,2,99,2,De gas con deposito,Usado,Cada año,No sabe
6633,1,1,1,4,2,6,1,De gas con deposito,Usado,Cada 6 meses,De 90 a 110 litros (hasta 6 personas)
6634,1,1,3,0,1,2,4,De gas instantáneo de paso,Nuevo,No le da mantenimiento,
6635,1,1,3,0,2,1,4,De gas instantáneo de paso,Usado,No le da mantenimiento,
6636,1,1,1,4,1,20,4,De gas con deposito,Nuevo,No le da mantenimiento,De 90 a 110 litros (hasta 6 personas)
6637,1,1,3,0,2,10,4,De gas instantáneo de paso,Usado,No le da mantenimiento,
6638,1,1,6,9,2,1,4,De leña,Usado,No le da mantenimiento,No sabe
6640,1,1,1,9,1,1,2,De gas con deposito,Nuevo,Cada año,No sabe
6641,1,1,1,3,2,20,3,De gas con deposito,Usado,Cada 2 años,De 70 a 80 litros (hasta 4 personas)
6642,1,1,1,2,1,3,4,De gas con deposito,Nuevo,No le da mantenimiento,De 50 a 60 litros (hasta 3 personas)
6643,1,1,1,1,1,15,2,De gas con deposito,Nuevo,Cada año,De 38 a 40 litros (hasta 2 personas)
6644,1,1,3,0,1,5,4,De gas instantáneo de paso,Nuevo,No le da mantenimiento,
6645,1,1,1,1,1,1,4,De gas con deposito,Nuevo,No le da mantenimiento,De 38 a 40 litros (hasta 2 personas)
6646,1,1,1,1,1,15,2,De gas con deposito,Nuevo,Cada año,De 38 a 40 litros (hasta 2 personas)
6647,1,1,1,2,1,13,1,De gas con deposito,Nuevo,Cada 6 meses,De 50 a 60 litros (hasta 3 personas)
6649,1,1,3,0,1,2,4,De gas instantáneo de paso,Nuevo,No le da mantenimiento,
6651,1,1,3,0,2,2,4,De gas instantáneo de paso,Usado,No le da mantenimiento,
6653,1,1,1,1,2,99,4,De gas con deposito,Usado,No le da mantenimiento,De 38 a 40 litros (hasta 2 personas)
6654,1,1,1,3,1,3,2,De gas con deposito,Nuevo,Cada año,De 70 a 80 litros (hasta 4 personas)
6655,1,1,1,3,1,6,4,De gas con deposito,Nuevo,No le da mantenimiento,De 70 a 80 litros (hasta 4 personas)
6656,1,1,1,2,1,10,1,De gas con deposito,Nuevo,Cada 6 meses,De 50 a 60 litros (hasta 3 personas)
6657,1,1,1,2,1,1,4,De gas con deposito,Nuevo,No le da mantenimiento,De 50 a 60 litros (hasta 3 personas)
6658,1,1,1,1,1,2,1,De gas con deposito,Nuevo,Cada 6 meses,De 38 a 40 litros (hasta 2 personas)
6660,1,1,1,1,1,4,1,De gas con deposito,Nuevo,Cada 6 meses,De 38 a 40 litros (hasta 2 personas)
6661,1,1,1,1,1,14,4,De gas con deposito,Nuevo,No le da mantenimiento,De 38 a 40 litros (hasta 2 personas)
6663,1,1,1,9,1,1,4,De gas con deposito,Nuevo,No le da mantenimiento,No sabe
6664,1,1,1,2,2,12,1,De gas con deposito,Usado,Cada 6 meses,De 50 a 60 litros (hasta 3 personas)
6666,1,1,3,0,1,1,4,De gas instantáneo de paso,Nuevo,No le da mantenimiento,
6667,1,1,3,0,1,1,4,De gas instantáneo de paso,Nuevo,No le da mantenimiento,
6668,1,1,1,3,2,6,1,De gas con deposito,Usado,Cada 6 meses,De 70 a 80 litros (hasta 4 personas)
6669,1,1,3,0,1,5,2,De gas instantáneo de paso,Nuevo,Cada año,
6672,1,1,1,9,2,1,4,De gas con deposito,Usado,No le da mantenimiento,No sabe
6673,1,1,3,0,1,1,4,De gas instantáneo de paso,Nuevo,No le da mantenimiento,
6674,1,1,3,0,1,10,4,De gas instantáneo de paso,Nuevo,No le da mantenimiento,
6675,1,1,3,0,1,2,1,De gas instantáneo de paso,Nuevo,Cada 6 meses,
6677,1,1,1,9,1,1,4,De gas con deposito,Nuevo,No le da mantenimiento,No sabe
6679,1,1,3,0,1,1,4,De gas instantáneo de paso,Nuevo,No le da mantenimiento,
6680,1,1,3,0,1,4,2,De gas instantáneo de paso,Nuevo,Cada año,
6681,1,1,3,0,1,1,4,De gas instantáneo de paso,Nuevo,No le da mantenimiento,
6682,1,1,3,0,1,2,4,De gas instantáneo de paso,Nuevo,No le da mantenimiento,
6683,1,1,3,0,1,1,4,De gas instantáneo de paso,Nuevo,No le da mantenimiento,
6686,1,1,1,2,1,7,1,De gas con deposito,Nuevo,Cada 6 meses,De 50 a 60 litros (hasta 3 personas)
6687,1,1,1,9,2,99,4,De gas con deposito,Usado,No le da mantenimiento,No sabe
6688,1,1,1,2,1,6,2,De gas con deposito,Nuevo,Cada año,De 50 a 60 litros (hasta 3 personas)
6689,1,1,1,3,1,18,2,De gas con deposito,Nuevo,Cada año,De 70 a 80 litros (hasta 4 personas)
6690,1,1,3,0,1,1,4,De gas instantáneo de paso,Nuevo,No le da mantenimiento,
6691,1,1,1,4,2,10,4,De gas con deposito,Usado,No le da mantenimiento,De 90 a 110 litros (hasta 6 personas)
6692,1,1,1,1,1,1,4,De gas con deposito,Nuevo,No le da mantenimiento,De 38 a 40 litros (hasta 2 personas)
6693,1,1,2,0,1,1,1,De gas de rápida recuperación,Nuevo,Cada 6 meses,
6694,1,1,3,0,1,1,4,De gas instantáneo de paso,Nuevo,No le da mantenimiento,
6695,1,1,2,0,2,2,4,De gas de rápida recuperación,Usado,No le da mantenimiento,
6701,1,1,3,0,1,2,4,De gas instantáneo de paso,Nuevo,No le da mantenimiento,
6702,1,1,1,3,1,15,1,De gas con deposito,Nuevo,Cada 6 meses,De 70 a 80 litros (hasta 4 personas)
6703,1,1,1,2,1,9,4,De gas con deposito,Nuevo,No le da mantenimiento,De 50 a 60 litros (hasta 3 personas)
6704,1,1,1,3,1,12,4,De gas con deposito,Nuevo,No le da mantenimiento,De 70 a 80 litros (hasta 4 personas)
6705,1,1,3,0,1,2,2,De gas instantáneo de paso,Nuevo,Cada año,
6706,1,1,3,0,2,1,4,De gas instantáneo de paso,Usado,No le da mantenimiento,
6707,1,1,3,0,1,1,4,De gas instantáneo de paso,Nuevo,No le da mantenimiento,
6708,1,1,1,2,1,10,4,De gas con deposito,Nuevo,No le da mantenimiento,De 50 a 60 litros (hasta 3 personas)
6709,1,1,1,4,1,99,4,De gas con deposito,Nuevo,No le da mantenimiento,De 90 a 110 litros (hasta 6 personas)
6710,1,1,1,1,1,10,2,De gas con deposito,Nuevo,Cada año,De 38 a 40 litros (hasta 2 personas)
6711,1,1,2,0,1,4,4,De gas de rápida recuperación,Nuevo,No le da mantenimiento,
6712,1,1,1,2,1,1,2,De gas con deposito,Nuevo,Cada año,De 50 a 60 litros (hasta 3 personas)
6713,1,1,1,1,1,1,2,De gas con deposito,Nuevo,Cada año,De 38 a 40 litros (hasta 2 personas)
6714,1,1,1,9,2,1,4,De gas con deposito,Usado,No le da mantenimiento,No sabe
6717,1,1,1,9,1,5,4,De gas con deposito,Nuevo,No le da mantenimiento,No sabe
6718,1,1,3,0,1,10,1,De gas instantáneo de paso,Nuevo,Cada 6 meses,
6719,1,1,1,1,1,3,2,De gas con deposito,Nuevo,Cada año,De 38 a 40 litros (hasta 2 personas)
6720,1,1,1,1,1,10,2,De gas con deposito,Nuevo,Cada año,De 38 a 40 litros (hasta 2 personas)
6721,1,1,1,9,1,10,1,De gas con deposito,Nuevo,Cada 6 meses,No sabe
6722,1,1,1,4,1,8,4,De gas con deposito,Nuevo,No le da mantenimiento,De 90 a 110 litros (hasta 6 personas)
6724,1,1,1,9,1,3,4,De gas con deposito,Nuevo,No le da mantenimiento,No sabe
6725,1,1,3,0,1,3,1,De gas instantáneo de paso,Nuevo,Cada 6 meses,
6726,1,1,1,9,2,20,4,De gas con deposito,Usado,No le da mantenimiento,No sabe
6727,1,1,3,0,1,1,4,De gas instantáneo de paso,Nuevo,No le da mantenimiento,
6728,1,1,1,9,1,10,4,De gas con deposito,Nuevo,No le da mantenimiento,No sabe
6729,1,1,1,9,1,1,4,De gas con deposito,Nuevo,No le da mantenimiento,No sabe
6730,1,1,1,9,2,99,4,De gas con deposito,Usado,No le da mantenimiento,No sabe
6731,1,1,1,3,1,1,1,De gas con deposito,Nuevo,Cada 6 meses,De 70 a 80 litros (hasta 4 personas)
6732,1,1,1,3,1,3,2,De gas con deposito,Nuevo,Cada año,De 70 a 80 litros (hasta 4 personas)
6733,1,1,1,2,1,99,4,De gas con deposito,Nuevo,No le da mantenimiento,De 50 a 60 litros (hasta 3 personas)
6734,1,1,1,3,1,6,1,De gas con deposito,Nuevo,Cada 6 meses,De 70 a 80 litros (hasta 4 personas)
6735,1,1,1,1,2,8,2,De gas con deposito,Usado,Cada año,De 38 a 40 litros (hasta 2 personas)
6737,1,1,3,0,1,1,4,De gas instantáneo de paso,Nuevo,No le da mantenimiento,
6739,1,1,2,0,1,6,2,De gas de rápida recuperación,Nuevo,Cada año,
6741,1,1,1,9,1,3,1,De gas con deposito,Nuevo,Cada 6 meses,No sabe
6742,1,1,3,0,1,1,4,De gas instantáneo de paso,Nuevo,No le da mantenimiento,
6743,1,1,2,0,1,3,4,De gas de rápida recuperación,Nuevo,No le da mantenimiento,
6744,1,1,3,0,1,1,4,De gas instantáneo de paso,Nuevo,No le da mantenimiento,
6746,1,1,1,1,1,7,2,De gas con deposito,Nuevo,Cada año,De 38 a 40 litros (hasta 2 personas)
6747,1,1,1,1,1,8,2,De gas con deposito,Nuevo,Cada año,De 38 a 40 litros (hasta 2 personas)
6748,1,1,1,1,1,15,4,De gas con deposito,Nuevo,No le da mantenimiento,De 38 a 40 litros (hasta 2 personas)
6750,1,1,1,4,1,15,4,De gas con deposito,Nuevo,No le da mantenimiento,De 90 a 110 litros (hasta 6 personas)
6751,1,1,3,0,1,4,4,De gas instantáneo de paso,Nuevo,No le da mantenimiento,
6752,1,1,1,4,1,14,4,De gas con deposito,Nuevo,No le da mantenimiento,De 90 a 110 litros (hasta 6 personas)
6753,1,1,1,9,2,2,4,De gas con deposito,Usado,No le da mantenimiento,No sabe
6755,1,1,1,9,2,6,2,De gas con deposito,Usado,Cada año,No sabe
6756,1,1,1,2,1,2,2,De gas con deposito,Nuevo,Cada año,De 50 a 60 litros (hasta 3 personas)
6757,1,1,1,2,2,14,2,De gas con deposito,Usado,Cada año,De 50 a 60 litros (hasta 3 personas)
6758,1,1,3,0,1,1,2,De gas instantáneo de paso,Nuevo,Cada año,
6762,1,1,1,1,1,6,4,De gas con deposito,Nuevo,No le da mantenimiento,De 38 a 40 litros (hasta 2 personas)
6763,1,1,2,0,1,3,1,De gas de rápida recuperación,Nuevo,Cada 6 meses,
6764,1,1,3,0,1,1,4,De gas instantáneo de paso,Nuevo,No le da mantenimiento,
6766,1,1,3,0,1,1,4,De gas instantáneo de paso,Nuevo,No le da mantenimiento,
6767,1,1,2,0,2,1,4,De gas de rápida recuperación,Usado,No le da mantenimiento,
6768,1,1,3,0,1,4,2,De gas instantáneo de paso,Nuevo,Cada año,
6769,1,1,1,4,1,2,1,De gas con deposito,Nuevo,Cada 6 meses,De 90 a 110 litros (hasta 6 personas)
6770,1,1,3,0,1,7,4,De gas instantáneo de paso,Nuevo,No le da mantenimiento,
6772,1,1,3,0,1,2,4,De gas instantáneo de paso,Nuevo,No le da mantenimiento,
6773,1,1,1,3,1,3,2,De gas con deposito,Nuevo,Cada año,De 70 a 80 litros (hasta 4 personas)
6775,1,1,3,0,1,4,4,De gas instantáneo de paso,Nuevo,No le da mantenimiento,
6777,1,1,1,3,1,5,3,De gas con deposito,Nuevo,Cada 2 años,De 70 a 80 litros (hasta 4 personas)
6780,1,1,1,3,1,4,4,De gas con deposito,Nuevo,No le da mantenimiento,De 70 a 80 litros (hasta 4 personas)
6783,1,1,1,4,2,10,4,De gas con deposito,Usado,No le da mantenimiento,De 90 a 110 litros (hasta 6 personas)
6784,1,1,1,9,1,13,4,De gas con deposito,Nuevo,No le da mantenimiento,No sabe
6785,1,1,1,1,1,2,2,De gas con deposito,Nuevo,Cada año,De 38 a 40 litros (hasta 2 personas)
6787,1,1,3,0,1,3,4,De gas instantáneo de paso,Nuevo,No le da mantenimiento,
6788,1,1,1,3,2,5,1,De gas con deposito,Usado,Cada 6 meses,De 70 a 80 litros (hasta 4 personas)
6789,1,1,1,1,1,4,1,De gas con deposito,Nuevo,Cada 6 meses,De 38 a 40 litros (hasta 2 personas)
6791,1,1,6,9,1,1,1,De leña,Nuevo,Cada 6 meses,No sabe
6794,1,1,3,0,1,2,3,De gas instantáneo de paso,Nuevo,Cada 2 años,
6795,1,1,2,0,1,10,1,De gas de rápida recuperación,Nuevo,Cada 6 meses,
6796,1,1,2,0,1,16,4,De gas de rápida recuperación,Nuevo,No le da mantenimiento,
6797,1,1,3,0,1,1,4,De gas instantáneo de paso,Nuevo,No le da mantenimiento,
6798,1,1,3,0,1,4,2,De gas instantáneo de paso,Nuevo,Cada año,
6800,1,1,1,9,1,99,4,De gas con deposito,Nuevo,No le da mantenimiento,No sabe
6802,1,1,1,1,1,14,2,De gas con deposito,Nuevo,Cada año,De 38 a 40 litros (hasta 2 personas)
6804,1,1,1,3,1,4,2,De gas con deposito,Nuevo,Cada año,De 70 a 80 litros (hasta 4 personas)
6808,1,1,3,0,1,1,1,De gas instantáneo de paso,Nuevo,Cada 6 meses,
6810,1,1,1,1,1,6,2,De gas con deposito,Nuevo,Cada año,De 38 a 40 litros (hasta 2 personas)
6811,1,1,1,1,1,3,1,De gas con deposito,Nuevo,Cada 6 meses,De 38 a 40 litros (hasta 2 personas)
6812,1,1,1,1,1,8,1,De gas con deposito,Nuevo,Cada 6 meses,De 38 a 40 litros (hasta 2 personas)
6813,1,1,2,0,2,4,4,De gas de rápida recuperación,Usado,No le da mantenimiento,
6815,1,1,1,2,2,1,4,De gas con deposito,Usado,No le da mantenimiento,De 50 a 60 litros (hasta 3 personas)
6816,1,1,3,0,1,3,4,De gas instantáneo de paso,Nuevo,No le da mantenimiento,
6817,1,1,1,1,1,15,4,De gas con deposito,Nuevo,No le da mantenimiento,De 38 a 40 litros (hasta 2 personas)
6818,1,1,1,9,2,7,1,De gas con deposito,Usado,Cada 6 meses,No sabe
6819,1,1,1,9,1,12,2,De gas con deposito,Nuevo,Cada año,No sabe
6820,1,1,1,3,1,1,4,De gas con deposito,Nuevo,No le da mantenimiento,De 70 a 80 litros (hasta 4 personas)
6821,1,1,1,3,2,1,4,De gas con deposito,Usado,No le da mantenimiento,De 70 a 80 litros (hasta 4 personas)
6822,1,1,1,2,1,2,1,De gas con deposito,Nuevo,Cada 6 meses,De 50 a 60 litros (hasta 3 personas)
6830,1,1,5,1,1,2,4,Eléctrico con depósito,Nuevo,No le da mantenimiento,De 38 a 40 litros (hasta 2 personas)
6831,1,1,5,2,2,5,4,Eléctrico con depósito,Usado,No le da mantenimiento,De 50 a 60 litros (hasta 3 personas)
6832,1,1,3,0,1,2,4,De gas instantáneo de paso,Nuevo,No le da mantenimiento,
6834,1,1,1,2,1,9,1,De gas con deposito,Nuevo,Cada 6 meses,De 50 a 60 litros (hasta 3 personas)
6835,1,1,1,2,1,10,2,De gas con deposito,Nuevo,Cada año,De 50 a 60 litros (hasta 3 personas)
6836,1,1,4,0,1,8,4,Eléctrico instantáneo de paso,Nuevo,No le da mantenimiento,
6837,1,1,1,2,1,6,1,De gas con deposito,Nuevo,Cada 6 meses,De 50 a 60 litros (hasta 3 personas)
6838,1,1,1,9,1,8,4,De gas con deposito,Nuevo,No le da mantenimiento,No sabe
6839,1,1,3,0,1,1,4,De gas instantáneo de paso,Nuevo,No le da mantenimiento,
6840,1,1,1,3,1,8,4,De gas con deposito,Nuevo,No le da mantenimiento,De 70 a 80 litros (hasta 4 personas)
6841,1,1,1,9,1,3,4,De gas con deposito,Nuevo,No le da mantenimiento,No sabe
6842,1,1,2,0,1,1,1,De gas de rápida recuperación,Nuevo,Cada 6 meses,
6843,1,1,3,0,1,3,4,De gas instantáneo de paso,Nuevo,No le da mantenimiento,
6844,1,1,6,9,2,99,4,De leña,Usado,No le da mantenimiento,No sabe
6845,1,1,1,3,1,7,4,De gas con deposito,Nuevo,No le da mantenimiento,De 70 a 80 litros (hasta 4 personas)
6846,1,1,7,4,1,4,4,Solar,Nuevo,No le da mantenimiento,De 90 a 110 litros (hasta 6 personas)
6847,1,1,2,0,1,5,4,De gas de rápida recuperación,Nuevo,No le da mantenimiento,
6848,1,1,3,0,1,2,4,De gas instantáneo de paso,Nuevo,No le da mantenimiento,
6849,1,1,2,0,1,10,4,De gas de rápida recuperación,Nuevo,No le da mantenimiento,
6851,1,1,3,0,1,3,4,De gas instantáneo de paso,Nuevo,No le da mantenimiento,
6852,1,1,1,9,2,2,3,De gas con deposito,Usado,Cada 2 años,No sabe
6854,1,1,3,0,1,1,4,De gas instantáneo de paso,Nuevo,No le da mantenimiento,
6855,1,1,1,1,1,2,1,De gas con deposito,Nuevo,Cada 6 meses,De 38 a 40 litros (hasta 2 personas)
6856,1,1,1,3,1,2,4,De gas con deposito,Nuevo,No le da mantenimiento,De 70 a 80 litros (hasta 4 personas)
6857,1,1,2,0,1,1,4,De gas de rápida recuperación,Nuevo,No le da mantenimiento,
6858,1,1,1,9,1,10,4,De gas con deposito,Nuevo,No le da mantenimiento,No sabe
6859,1,1,1,9,1,10,4,De gas con deposito,Nuevo,No le da mantenimiento,No sabe
6860,1,1,4,0,1,4,4,Eléctrico instantáneo de paso,Nuevo,No le da mantenimiento,
6861,1,1,3,0,1,2,4,De gas instantáneo de paso,Nuevo,No le da mantenimiento,
6862,1,1,3,0,1,2,1,De gas instantáneo de paso,Nuevo,Cada 6 meses,
6863,1,1,2,0,1,2,2,De gas de rápida recuperación,Nuevo,Cada año,
6864,1,1,4,0,1,1,2,Eléctrico instantáneo de paso,Nuevo,Cada año,
6865,1,1,1,2,1,5,1,De gas con deposito,Nuevo,Cada 6 meses,De 50 a 60 litros (hasta 3 personas)
6867,1,1,1,3,1,12,4,De gas con deposito,Nuevo,No le da mantenimiento,De 70 a 80 litros (hasta 4 personas)
6869,1,1,6,3,2,5,1,De leña,Usado,Cada 6 meses,De 70 a 80 litros (hasta 4 personas)
6870,1,1,2,0,2,99,4,De gas de rápida recuperación,Usado,No le da mantenimiento,
6872,1,1,1,1,1,10,1,De gas con deposito,Nuevo,Cada 6 meses,De 38 a 40 litros (hasta 2 personas)
6873,1,1,5,2,1,2,4,Eléctrico con depósito,Nuevo,No le da mantenimiento,De 50 a 60 litros (hasta 3 personas)
6874,1,1,3,0,1,1,4,De gas instantáneo de paso,Nuevo,No le da mantenimiento,
6875,1,1,4,0,2,10,4,Eléctrico instantáneo de paso,Usado,No le da mantenimiento,
6876,1,1,1,3,1,11,2,De gas con deposito,Nuevo,Cada año,De 70 a 80 litros (hasta 4 personas)
6877,1,1,6,9,1,15,4,De leña,Nuevo,No le da mantenimiento,No sabe
6878,1,1,1,1,1,99,4,De gas con deposito,Nuevo,No le da mantenimiento,De 38 a 40 litros (hasta 2 personas)
6879,1,1,1,9,1,10,2,De gas con deposito,Nuevo,Cada año,No sabe
6880,1,1,1,4,1,4,4,De gas con deposito,Nuevo,No le da mantenimiento,De 90 a 110 litros (hasta 6 personas)
6881,1,1,1,9,1,15,4,De gas con deposito,Nuevo,No le da mantenimiento,No sabe
6882,1,1,1,2,1,10,4,De gas con deposito,Nuevo,No le da mantenimiento,De 50 a 60 litros (hasta 3 personas)
6883,1,1,1,3,1,1,4,De gas con deposito,Nuevo,No le da mantenimiento,De 70 a 80 litros (hasta 4 personas)
6885,1,1,1,9,1,2,2,De gas con deposito,Nuevo,Cada año,No sabe
6886,1,1,1,4,1,4,2,De gas con deposito,Nuevo,Cada año,De 90 a 110 litros (hasta 6 personas)
6887,1,1,1,9,1,13,4,De gas con deposito,Nuevo,No le da mantenimiento,No sabe
6888,1,1,1,2,1,35,4,De gas con deposito,Nuevo,No le da mantenimiento,De 50 a 60 litros (hasta 3 personas)
6889,1,1,6,3,1,10,4,De leña,Nuevo,No le da mantenimiento,De 70 a 80 litros (hasta 4 personas)
6892,1,1,1,9,1,3,4,De gas con deposito,Nuevo,No le da mantenimiento,No sabe
6893,1,1,1,9,1,99,1,De gas con deposito,Nuevo,Cada 6 meses,No sabe
6896,1,1,1,9,2,14,4,De gas con deposito,Usado,No le da mantenimiento,No sabe
6897,1,1,6,1,1,15,1,De leña,Nuevo,Cada 6 meses,De 38 a 40 litros (hasta 2 personas)
6898,1,2,1,1,1,99,4,De gas con deposito,Nuevo,No le da mantenimiento,De 38 a 40 litros (hasta 2 personas)
6898,1,1,7,4,1,6,4,Solar,Nuevo,No le da mantenimiento,De 90 a 110 litros (hasta 6 personas)
6899,1,2,6,2,2,15,4,De leña,Usado,No le da mantenimiento,De 50 a 60 litros (hasta 3 personas)
6899,1,1,7,3,1,2,4,Solar,Nuevo,No le da mantenimiento,De 70 a 80 litros (hasta 4 personas)
6900,1,1,6,2,2,5,4,De leña,Usado,No le da mantenimiento,De 50 a 60 litros (hasta 3 personas)
6901,1,1,7,3,1,4,2,Solar,Nuevo,Cada año,De 70 a 80 litros (hasta 4 personas)
6902,1,1,1,9,1,16,4,De gas con deposito,Nuevo,No le da mantenimiento,No sabe
6903,1,1,1,3,1,6,1,De gas con deposito,Nuevo,Cada 6 meses,De 70 a 80 litros (hasta 4 personas)
6904,1,1,3,0,2,5,4,De gas instantáneo de paso,Usado,No le da mantenimiento,
6905,1,1,1,1,1,1,4,De gas con deposito,Nuevo,No le da mantenimiento,De 38 a 40 litros (hasta 2 personas)
6906,1,1,1,9,1,30,2,De gas con deposito,Nuevo,Cada año,No sabe
6907,1,1,1,9,1,6,1,De gas con deposito,Nuevo,Cada 6 meses,No sabe
6909,1,1,7,4,1,3,4,Solar,Nuevo,No le da mantenimiento,De 90 a 110 litros (hasta 6 personas)
6910,1,1,1,1,1,11,4,De gas con deposito,Nuevo,No le da mantenimiento,De 38 a 40 litros (hasta 2 personas)
6911,1,1,2,0,1,10,2,De gas de rápida recuperación,Nuevo,Cada año,
6911,1,2,7,9,1,3,4,Solar,Nuevo,No le da mantenimiento,No sabe
6913,1,1,2,0,1,5,2,De gas de rápida recuperación,Nuevo,Cada año,
6914,1,1,1,3,1,99,2,De gas con deposito,Nuevo,Cada año,De 70 a 80 litros (hasta 4 personas)
6915,1,1,1,1,2,10,4,De gas con deposito,Usado,No le da mantenimiento,De 38 a 40 litros (hasta 2 personas)
6917,1,1,1,3,1,12,1,De gas con deposito,Nuevo,Cada 6 meses,De 70 a 80 litros (hasta 4 personas)
6918,1,1,3,0,1,2,1,De gas instantáneo de paso,Nuevo,Cada 6 meses,
6919,1,1,1,3,1,15,4,De gas con deposito,Nuevo,No le da mantenimiento,De 70 a 80 litros (hasta 4 personas)
6920,1,1,1,1,2,10,4,De gas con deposito,Usado,No le da mantenimiento,De 38 a 40 litros (hasta 2 personas)
6921,1,1,6,1,2,3,4,De leña,Usado,No le da mantenimiento,De 38 a 40 litros (hasta 2 personas)
6923,1,1,1,2,2,99,4,De gas con deposito,Usado,No le da mantenimiento,De 50 a 60 litros (hasta 3 personas)
6924,1,1,3,0,2,2,4,De gas instantáneo de paso,Usado,No le da mantenimiento,
6925,1,1,1,1,1,4,1,De gas con deposito,Nuevo,Cada 6 meses,De 38 a 40 litros (hasta 2 personas)
6926,1,1,1,1,1,10,1,De gas con deposito,Nuevo,Cada 6 meses,De 38 a 40 litros (hasta 2 personas)
6927,1,1,1,1,1,1,4,De gas con deposito,Nuevo,No le da mantenimiento,De 38 a 40 litros (hasta 2 personas)
6929,1,1,6,1,2,20,4,De leña,Usado,No le da mantenimiento,De 38 a 40 litros (hasta 2 personas)
6931,1,1,3,0,1,2,4,De gas instantáneo de paso,Nuevo,No le da mantenimiento,
6932,1,1,7,9,1,3,4,Solar,Nuevo,No le da mantenimiento,No sabe
6934,1,1,3,0,1,1,4,De gas instantáneo de paso,Nuevo,No le da mantenimiento,
6934,1,2,3,0,1,9,4,De gas instantáneo de paso,Nuevo,No le da mantenimiento,
6936,1,1,1,1,1,17,1,De gas con deposito,Nuevo,Cada 6 meses,De 38 a 40 litros (hasta 2 personas)
6938,1,1,1,9,1,8,4,De gas con deposito,Nuevo,No le da mantenimiento,No sabe
6939,1,1,1,1,2,3,1,De gas con deposito,Usado,Cada 6 meses,De 38 a 40 litros (hasta 2 personas)
6940,1,1,3,0,1,2,4,De gas instantáneo de paso,Nuevo,No le da mantenimiento,
6940,1,2,7,5,1,1,4,Solar,Nuevo,No le da mantenimiento,De 120 a 140 litros (hasta 7 personas)
6941,1,1,3,0,1,5,4,De gas instantáneo de paso,Nuevo,No le da mantenimiento,
6943,1,1,2,0,1,3,2,De gas de rápida recuperación,Nuevo,Cada año,
6944,1,1,1,1,2,1,4,De gas con deposito,Usado,No le da mantenimiento,De 38 a 40 litros (hasta 2 personas)
6945,1,1,1,3,1,6,2,De gas con deposito,Nuevo,Cada año,De 70 a 80 litros (hasta 4 personas)
6946,1,1,3,0,1,2,4,De gas instantáneo de paso,Nuevo,No le da mantenimiento,
6947,1,1,8,1,1,4,4,Otro tipo de calentador (especificar),Nuevo,No le da mantenimiento,De 38 a 40 litros (hasta 2 personas)
6948,1,1,1,1,1,1,1,De gas con deposito,Nuevo,Cada 6 meses,De 38 a 40 litros (hasta 2 personas)
6948,1,2,7,9,1,2,1,Solar,Nuevo,Cada 6 meses,No sabe
6949,1,1,8,1,2,2,4,Otro tipo de calentador (especificar),Usado,No le da mantenimiento,De 38 a 40 litros (hasta 2 personas)
6950,1,1,1,2,1,5,2,De gas con deposito,Nuevo,Cada año,De 50 a 60 litros (hasta 3 personas)
6951,1,1,1,1,1,9,2,De gas con deposito,Nuevo,Cada año,De 38 a 40 litros (hasta 2 personas)
6952,1,1,3,0,1,1,4,De gas instantáneo de paso,Nuevo,No le da mantenimiento,
6953,1,1,1,9,1,5,1,De gas con deposito,Nuevo,Cada 6 meses,No sabe
6954,1,1,6,9,1,1,4,De leña,Nuevo,No le da mantenimiento,No sabe
6955,1,1,1,3,1,18,4,De gas con deposito,Nuevo,No le da mantenimiento,De 70 a 80 litros (hasta 4 personas)
6956,1,1,3,0,1,3,4,De gas instantáneo de paso,Nuevo,No le da mantenimiento,
6958,1,1,8,1,2,5,4,Otro tipo de calentador (especificar),Usado,No le da mantenimiento,De 38 a 40 litros (hasta 2 personas)
6959,1,1,8,9,1,99,4,Otro tipo de calentador (especificar),Nuevo,No le da mantenimiento,No sabe
6960,1,1,1,3,1,12,4,De gas con deposito,Nuevo,No le da mantenimiento,De 70 a 80 litros (hasta 4 personas)
6961,1,1,6,1,1,1,4,De leña,Nuevo,No le da mantenimiento,De 38 a 40 litros (hasta 2 personas)
6962,1,1,1,9,1,2,1,De gas con deposito,Nuevo,Cada 6 meses,No sabe
6963,1,1,6,9,2,15,2,De leña,Usado,Cada año,No sabe
6964,1,1,4,0,1,7,4,Eléctrico instantáneo de paso,Nuevo,No le da mantenimiento,
6964,1,2,1,1,1,10,4,De gas con deposito,Nuevo,No le da mantenimiento,De 38 a 40 litros (hasta 2 personas)
6965,1,1,4,0,1,3,4,Eléctrico instantáneo de paso,Nuevo,No le da mantenimiento,
6966,1,1,1,2,2,8,4,De gas con deposito,Usado,No le da mantenimiento,De 50 a 60 litros (hasta 3 personas)
6967,1,1,1,3,1,30,4,De gas con deposito,Nuevo,No le da mantenimiento,De 70 a 80 litros (hasta 4 personas)
6968,1,1,1,3,1,10,4,De gas con deposito,Nuevo,No le da mantenimiento,De 70 a 80 litros (hasta 4 personas)
6969,1,1,1,6,1,6,4,De gas con deposito,Nuevo,No le da mantenimiento,Más de 140 litros (más de 7 personas)
6970,1,1,1,9,1,10,4,De gas con deposito,Nuevo,No le da mantenimiento,No sabe
6971,1,1,1,3,1,10,4,De gas con deposito,Nuevo,No le da mantenimiento,De 70 a 80 litros (hasta 4 personas)
6972,1,1,1,3,1,15,4,De gas con deposito,Nuevo,No le da mantenimiento,De 70 a 80 litros (hasta 4 personas)
6973,1,1,1,3,1,3,4,De gas con deposito,Nuevo,No le da mantenimiento,De 70 a 80 litros (hasta 4 personas)
6974,1,1,1,6,1,10,4,De gas con deposito,Nuevo,No le da mantenimiento,Más de 140 litros (más de 7 personas)
6975,1,2,1,1,1,2,4,De gas con deposito,Nuevo,No le da mantenimiento,De 38 a 40 litros (hasta 2 personas)
6975,1,1,1,5,1,5,4,De gas con deposito,Nuevo,No le da mantenimiento,De 120 a 140 litros (hasta 7 personas)
6976,1,1,3,0,2,3,4,De gas instantáneo de paso,Usado,No le da mantenimiento,
6977,1,1,1,3,1,15,2,De gas con deposito,Nuevo,Cada año,De 70 a 80 litros (hasta 4 personas)
6978,1,1,1,6,2,15,2,De gas con deposito,Usado,Cada año,Más de 140 litros (más de 7 personas)
6979,1,1,1,3,1,7,4,De gas con deposito,Nuevo,No le da mantenimiento,De 70 a 80 litros (hasta 4 personas)
6982,1,1,7,9,1,5,4,Solar,Nuevo,No le da mantenimiento,No sabe
6985,1,1,7,9,1,4,4,Solar,Nuevo,No le da mantenimiento,No sabe
6986,1,1,7,9,1,5,4,Solar,Nuevo,No le da mantenimiento,No sabe
6988,1,1,1,9,1,12,2,De gas con deposito,Nuevo,Cada año,No sabe
6989,1,1,7,6,1,5,4,Solar,Nuevo,No le da mantenimiento,Más de 140 litros (más de 7 personas)
6999,1,1,6,3,1,10,4,De leña,Nuevo,No le da mantenimiento,De 70 a 80 litros (hasta 4 personas)
7000,1,1,6,4,2,2,4,De leña,Usado,No le da mantenimiento,De 90 a 110 litros (hasta 6 personas)
7001,1,1,3,0,1,1,4,De gas instantáneo de paso,Nuevo,No le da mantenimiento,
7003,1,1,1,9,1,15,4,De gas con deposito,Nuevo,No le da mantenimiento,No sabe
7004,1,1,1,4,2,5,2,De gas con deposito,Usado,Cada año,De 90 a 110 litros (hasta 6 personas)
7005,1,1,6,9,2,2,4,De leña,Usado,No le da mantenimiento,No sabe
7007,1,1,6,2,2,15,4,De leña,Usado,No le da mantenimiento,De 50 a 60 litros (hasta 3 personas)
7009,1,1,6,2,2,1,4,De leña,Usado,No le da mantenimiento,De 50 a 60 litros (hasta 3 personas)
7011,1,1,1,1,2,4,4,De gas con deposito,Usado,No le da mantenimiento,De 38 a 40 litros (hasta 2 personas)
7029,1,1,1,2,1,20,4,De gas con deposito,Nuevo,No le da mantenimiento,De 50 a 60 litros (hasta 3 personas)
7030,1,1,1,1,1,2,4,De gas con deposito,Nuevo,No le da mantenimiento,De 38 a 40 litros (hasta 2 personas)
7037,1,1,6,9,1,3,1,De leña,Nuevo,Cada 6 meses,No sabe
7044,1,1,6,9,1,2,4,De leña,Nuevo,No le da mantenimiento,No sabe
7045,1,1,6,9,2,1,4,De leña,Usado,No le da mantenimiento,No sabe
7046,1,1,6,9,2,3,4,De leña,Usado,No le da mantenimiento,No sabe
7047,1,1,6,3,2,2,4,De leña,Usado,No le da mantenimiento,De 70 a 80 litros (hasta 4 personas)
7048,1,1,6,3,1,5,4,De leña,Nuevo,No le da mantenimiento,De 70 a 80 litros (hasta 4 personas)
7049,1,1,6,2,1,4,4,De leña,Nuevo,No le da mantenimiento,De 50 a 60 litros (hasta 3 personas)
7050,1,1,7,2,1,4,1,Solar,Nuevo,Cada 6 meses,De 50 a 60 litros (hasta 3 personas)
7051,1,1,7,5,1,4,4,Solar,Nuevo,No le da mantenimiento,De 120 a 140 litros (hasta 7 personas)
7052,1,1,6,9,2,5,4,De leña,Usado,No le da mantenimiento,No sabe
7053,1,1,6,1,1,9,4,De leña,Nuevo,No le da mantenimiento,De 38 a 40 litros (hasta 2 personas)
7054,1,1,6,9,1,10,4,De leña,Nuevo,No le da mantenimiento,No sabe
7055,1,1,6,9,2,1,4,De leña,Usado,No le da mantenimiento,No sabe
7056,1,1,6,9,1,8,4,De leña,Nuevo,No le da mantenimiento,No sabe
7057,1,1,6,9,1,11,4,De leña,Nuevo,No le da mantenimiento,No sabe
7058,1,1,6,2,1,15,4,De leña,Nuevo,No le da mantenimiento,De 50 a 60 litros (hasta 3 personas)
7059,1,1,6,2,1,3,4,De leña,Nuevo,No le da mantenimiento,De 50 a 60 litros (hasta 3 personas)
7060,1,1,1,9,1,1,4,De gas con deposito,Nuevo,No le da mantenimiento,No sabe
7061,1,1,6,9,1,8,4,De leña,Nuevo,No le da mantenimiento,No sabe
7063,1,1,6,2,1,3,4,De leña,Nuevo,No le da mantenimiento,De 50 a 60 litros (hasta 3 personas)
7064,1,1,1,1,2,8,4,De gas con deposito,Usado,No le da mantenimiento,De 38 a 40 litros (hasta 2 personas)
7065,1,1,6,2,1,10,4,De leña,Nuevo,No le da mantenimiento,De 50 a 60 litros (hasta 3 personas)
7068,1,1,2,0,1,1,1,De gas de rápida recuperación,Nuevo,Cada 6 meses,
7069,1,1,6,9,2,5,4,De leña,Usado,No le da mantenimiento,No sabe
7070,1,1,1,3,1,12,4,De gas con deposito,Nuevo,No le da mantenimiento,De 70 a 80 litros (hasta 4 personas)
7073,1,1,6,1,2,2,4,De leña,Usado,No le da mantenimiento,De 38 a 40 litros (hasta 2 personas)
7076,1,1,6,1,1,3,4,De leña,Nuevo,No le da mantenimiento,De 38 a 40 litros (hasta 2 personas)
7077,1,1,6,9,1,1,4,De leña,Nuevo,No le da mantenimiento,No sabe
7078,1,1,7,9,1,2,4,Solar,Nuevo,No le da mantenimiento,No sabe
7079,1,1,3,0,1,1,4,De gas instantáneo de paso,Nuevo,No le da mantenimiento,
7085,1,1,2,0,1,6,2,De gas de rápida recuperación,Nuevo,Cada año,
7086,1,1,3,0,1,13,4,De gas instantáneo de paso,Nuevo,No le da mantenimiento,
7087,1,1,3,0,1,5,2,De gas instantáneo de paso,Nuevo,Cada año,
7088,1,1,2,0,1,1,4,De gas de rápida recuperación,Nuevo,No le da mantenimiento,
7089,1,1,3,0,1,1,4,De gas instantáneo de paso,Nuevo,No le da mantenimiento,
7090,1,1,3,0,1,5,1,De gas instantáneo de paso,Nuevo,Cada 6 meses,
7092,1,1,7,6,1,99,4,Solar,Nuevo,No le da mantenimiento,Más de 140 litros (más de 7 personas)
7097,1,1,1,1,1,25,1,De gas con deposito,Nuevo,Cada 6 meses,De 38 a 40 litros (hasta 2 personas)
7098,1,1,4,0,1,1,4,Eléctrico instantáneo de paso,Nuevo,No le da mantenimiento,
7099,1,1,1,9,1,99,4,De gas con deposito,Nuevo,No le da mantenimiento,No sabe
7100,1,1,3,0,1,1,1,De gas instantáneo de paso,Nuevo,Cada 6 meses,
7101,1,1,1,1,1,13,2,De gas con deposito,Nuevo,Cada año,De 38 a 40 litros (hasta 2 personas)
7102,1,1,3,0,1,10,1,De gas instantáneo de paso,Nuevo,Cada 6 meses,
7103,1,1,1,1,1,7,4,De gas con deposito,Nuevo,No le da mantenimiento,De 38 a 40 litros (hasta 2 personas)
7105,1,1,1,1,1,15,4,De gas con deposito,Nuevo,No le da mantenimiento,De 38 a 40 litros (hasta 2 personas)
7107,1,1,1,1,1,4,1,De gas con deposito,Nuevo,Cada 6 meses,De 38 a 40 litros (hasta 2 personas)
7108,1,1,1,9,1,6,1,De gas con deposito,Nuevo,Cada 6 meses,No sabe
7109,1,1,4,0,1,2,1,Eléctrico instantáneo de paso,Nuevo,Cada 6 meses,
7110,1,1,1,1,1,4,1,De gas con deposito,Nuevo,Cada 6 meses,De 38 a 40 litros (hasta 2 personas)
7111,1,1,1,1,1,1,4,De gas con deposito,Nuevo,No le da mantenimiento,De 38 a 40 litros (hasta 2 personas)
7112,1,1,3,0,1,4,4,De gas instantáneo de paso,Nuevo,No le da mantenimiento,
7113,1,1,3,0,1,7,4,De gas instantáneo de paso,Nuevo,No le da mantenimiento,
7114,1,1,4,0,1,5,3,Eléctrico instantáneo de paso,Nuevo,Cada 2 años,
7115,1,1,1,1,1,5,2,De gas con deposito,Nuevo,Cada año,De 38 a 40 litros (hasta 2 personas)
7116,1,1,4,0,1,5,4,Eléctrico instantáneo de paso,Nuevo,No le da mantenimiento,
7117,1,1,1,3,1,25,4,De gas con deposito,Nuevo,No le da mantenimiento,De 70 a 80 litros (hasta 4 personas)
7118,1,1,1,1,1,1,1,De gas con deposito,Nuevo,Cada 6 meses,De 38 a 40 litros (hasta 2 personas)
7121,1,1,1,1,1,20,2,De gas con deposito,Nuevo,Cada año,De 38 a 40 litros (hasta 2 personas)
7122,1,1,1,1,1,40,3,De gas con deposito,Nuevo,Cada 2 años,De 38 a 40 litros (hasta 2 personas)
7124,1,1,1,1,2,35,2,De gas con deposito,Usado,Cada año,De 38 a 40 litros (hasta 2 personas)
7125,1,1,2,0,1,8,2,De gas de rápida recuperación,Nuevo,Cada año,
7126,1,1,1,4,1,8,2,De gas con deposito,Nuevo,Cada año,De 90 a 110 litros (hasta 6 personas)
7127,1,1,1,2,1,1,4,De gas con deposito,Nuevo,No le da mantenimiento,De 50 a 60 litros (hasta 3 personas)
7128,1,1,1,1,2,20,4,De gas con deposito,Usado,No le da mantenimiento,De 38 a 40 litros (hasta 2 personas)
7130,1,1,3,0,1,2,2,De gas instantáneo de paso,Nuevo,Cada año,
7131,1,1,1,3,1,7,3,De gas con deposito,Nuevo,Cada 2 años,De 70 a 80 litros (hasta 4 personas)
7132,1,1,1,4,1,6,4,De gas con deposito,Nuevo,No le da mantenimiento,De 90 a 110 litros (hasta 6 personas)
7133,1,1,1,3,1,15,1,De gas con deposito,Nuevo,Cada 6 meses,De 70 a 80 litros (hasta 4 personas)
7134,1,1,1,1,1,7,1,De gas con deposito,Nuevo,Cada 6 meses,De 38 a 40 litros (hasta 2 personas)
7135,1,1,3,0,1,5,1,De gas instantáneo de paso,Nuevo,Cada 6 meses,
7136,1,1,1,1,1,5,1,De gas con deposito,Nuevo,Cada 6 meses,De 38 a 40 litros (hasta 2 personas)
7137,1,1,3,0,1,2,4,De gas instantáneo de paso,Nuevo,No le da mantenimiento,
7138,1,1,1,1,1,5,4,De gas con deposito,Nuevo,No le da mantenimiento,De 38 a 40 litros (hasta 2 personas)
7139,1,1,3,0,1,3,1,De gas instantáneo de paso,Nuevo,Cada 6 meses,
7140,1,1,2,0,1,4,2,De gas de rápida recuperación,Nuevo,Cada año,
7141,1,1,3,0,1,3,1,De gas instantáneo de paso,Nuevo,Cada 6 meses,
7142,1,1,1,2,1,99,4,De gas con deposito,Nuevo,No le da mantenimiento,De 50 a 60 litros (hasta 3 personas)
7143,1,1,1,1,1,25,1,De gas con deposito,Nuevo,Cada 6 meses,De 38 a 40 litros (hasta 2 personas)
7145,1,1,3,0,1,15,2,De gas instantáneo de paso,Nuevo,Cada año,
7146,1,1,3,0,1,3,2,De gas instantáneo de paso,Nuevo,Cada año,
7148,1,1,1,2,1,40,3,De gas con deposito,Nuevo,Cada 2 años,De 50 a 60 litros (hasta 3 personas)
7149,1,1,1,1,1,12,3,De gas con deposito,Nuevo,Cada 2 años,De 38 a 40 litros (hasta 2 personas)
7150,1,1,1,1,1,30,3,De gas con deposito,Nuevo,Cada 2 años,De 38 a 40 litros (hasta 2 personas)
7151,1,1,1,1,1,25,3,De gas con deposito,Nuevo,Cada 2 años,De 38 a 40 litros (hasta 2 personas)
7152,1,1,3,0,1,3,4,De gas instantáneo de paso,Nuevo,No le da mantenimiento,
7153,1,1,1,2,1,5,2,De gas con deposito,Nuevo,Cada año,De 50 a 60 litros (hasta 3 personas)
7154,1,1,1,3,1,1,4,De gas con deposito,Nuevo,No le da mantenimiento,De 70 a 80 litros (hasta 4 personas)
7155,1,1,2,0,2,1,4,De gas de rápida recuperación,Usado,No le da mantenimiento,
7156,1,1,3,0,1,2,2,De gas instantáneo de paso,Nuevo,Cada año,
7157,1,3,3,0,1,99,1,De gas instantáneo de paso,Nuevo,Cada 6 meses,
7157,1,2,3,0,1,3,1,De gas instantáneo de paso,Nuevo,Cada 6 meses,
7157,1,1,1,1,1,99,1,De gas con deposito,Nuevo,Cada 6 meses,De 38 a 40 litros (hasta 2 personas)
7159,1,2,1,2,1,10,1,De gas con deposito,Nuevo,Cada 6 meses,De 50 a 60 litros (hasta 3 personas)
7159,1,1,1,2,1,10,1,De gas con deposito,Nuevo,Cada 6 meses,De 50 a 60 litros (hasta 3 personas)
7161,1,1,2,0,1,4,1,De gas de rápida recuperación,Nuevo,Cada 6 meses,
7162,1,1,3,0,1,10,4,De gas instantáneo de paso,Nuevo,No le da mantenimiento,
7163,1,2,2,0,1,1,1,De gas de rápida recuperación,Nuevo,Cada 6 meses,
7163,1,1,2,0,1,1,1,De gas de rápida recuperación,Nuevo,Cada 6 meses,
7167,1,1,1,1,1,5,4,De gas con deposito,Nuevo,No le da mantenimiento,De 38 a 40 litros (hasta 2 personas)
7168,1,1,3,0,1,4,1,De gas instantáneo de paso,Nuevo,Cada 6 meses,
7169,1,1,1,1,2,5,2,De gas con deposito,Usado,Cada año,De 38 a 40 litros (hasta 2 personas)
7170,1,1,1,1,2,18,1,De gas con deposito,Usado,Cada 6 meses,De 38 a 40 litros (hasta 2 personas)
7172,1,1,1,2,1,10,4,De gas con deposito,Nuevo,No le da mantenimiento,De 50 a 60 litros (hasta 3 personas)
7173,1,1,1,2,2,15,4,De gas con deposito,Usado,No le da mantenimiento,De 50 a 60 litros (hasta 3 personas)
7174,1,1,3,0,1,3,4,De gas instantáneo de paso,Nuevo,No le da mantenimiento,
7175,1,1,1,3,1,1,4,De gas con deposito,Nuevo,No le da mantenimiento,De 70 a 80 litros (hasta 4 personas)
7176,1,1,1,2,1,5,4,De gas con deposito,Nuevo,No le da mantenimiento,De 50 a 60 litros (hasta 3 personas)
7177,1,1,1,1,1,3,2,De gas con deposito,Nuevo,Cada año,De 38 a 40 litros (hasta 2 personas)
7178,1,1,1,1,1,22,2,De gas con deposito,Nuevo,Cada año,De 38 a 40 litros (hasta 2 personas)
7179,1,1,1,1,2,8,4,De gas con deposito,Usado,No le da mantenimiento,De 38 a 40 litros (hasta 2 personas)
7180,1,1,2,0,2,1,4,De gas de rápida recuperación,Usado,No le da mantenimiento,
7181,1,1,2,0,1,4,1,De gas de rápida recuperación,Nuevo,Cada 6 meses,
7182,1,1,1,1,1,3,2,De gas con deposito,Nuevo,Cada año,De 38 a 40 litros (hasta 2 personas)
7183,1,1,3,0,1,5,2,De gas instantáneo de paso,Nuevo,Cada año,
7184,1,1,2,0,1,3,2,De gas de rápida recuperación,Nuevo,Cada año,
7185,1,1,2,0,1,2,1,De gas de rápida recuperación,Nuevo,Cada 6 meses,
7186,1,1,3,0,1,2,2,De gas instantáneo de paso,Nuevo,Cada año,
7187,1,1,1,1,1,20,1,De gas con deposito,Nuevo,Cada 6 meses,De 38 a 40 litros (hasta 2 personas)
7188,1,1,3,0,2,99,4,De gas instantáneo de paso,Usado,No le da mantenimiento,
7189,1,1,3,0,1,4,4,De gas instantáneo de paso,Nuevo,No le da mantenimiento,
7190,1,1,1,2,2,13,4,De gas con deposito,Usado,No le da mantenimiento,De 50 a 60 litros (hasta 3 personas)
7191,1,1,2,0,1,3,3,De gas de rápida recuperación,Nuevo,Cada 2 años,
7194,1,1,1,1,1,10,1,De gas con deposito,Nuevo,Cada 6 meses,De 38 a 40 litros (hasta 2 personas)
7195,1,1,1,1,1,10,4,De gas con deposito,Nuevo,No le da mantenimiento,De 38 a 40 litros (hasta 2 personas)
7196,1,1,1,3,1,3,1,De gas con deposito,Nuevo,Cada 6 meses,De 70 a 80 litros (hasta 4 personas)
7200,1,1,1,1,1,4,4,De gas con deposito,Nuevo,No le da mantenimiento,De 38 a 40 litros (hasta 2 personas)
7202,1,1,2,0,1,1,4,De gas de rápida recuperación,Nuevo,No le da mantenimiento,
7203,1,1,1,1,1,1,4,De gas con deposito,Nuevo,No le da mantenimiento,De 38 a 40 litros (hasta 2 personas)
7204,1,1,1,1,1,10,2,De gas con deposito,Nuevo,Cada año,De 38 a 40 litros (hasta 2 personas)
7205,1,1,2,0,1,3,1,De gas de rápida recuperación,Nuevo,Cada 6 meses,
7206,1,1,1,2,1,5,3,De gas con deposito,Nuevo,Cada 2 años,De 50 a 60 litros (hasta 3 personas)
7207,1,1,1,3,2,1,4,De gas con deposito,Usado,No le da mantenimiento,De 70 a 80 litros (hasta 4 personas)
7208,1,1,1,1,1,12,2,De gas con deposito,Nuevo,Cada año,De 38 a 40 litros (hasta 2 personas)
7209,1,1,1,1,1,99,4,De gas con deposito,Nuevo,No le da mantenimiento,De 38 a 40 litros (hasta 2 personas)
7210,1,1,3,0,1,1,4,De gas instantáneo de paso,Nuevo,No le da mantenimiento,
7211,1,1,1,1,1,2,1,De gas con deposito,Nuevo,Cada 6 meses,De 38 a 40 litros (hasta 2 personas)
7212,1,1,1,1,1,8,3,De gas con deposito,Nuevo,Cada 2 años,De 38 a 40 litros (hasta 2 personas)
7214,1,1,1,1,1,6,1,De gas con deposito,Nuevo,Cada 6 meses,De 38 a 40 litros (hasta 2 personas)
7216,1,1,3,0,1,10,1,De gas instantáneo de paso,Nuevo,Cada 6 meses,
7218,1,1,3,0,1,3,2,De gas instantáneo de paso,Nuevo,Cada año,
7219,1,1,1,1,1,20,2,De gas con deposito,Nuevo,Cada año,De 38 a 40 litros (hasta 2 personas)
7221,1,1,2,0,1,1,4,De gas de rápida recuperación,Nuevo,No le da mantenimiento,
7223,1,2,2,0,1,2,4,De gas de rápida recuperación,Nuevo,No le da mantenimiento,
7223,1,1,2,0,1,3,3,De gas de rápida recuperación,Nuevo,Cada 2 años,
7224,1,1,1,1,2,99,4,De gas con deposito,Usado,No le da mantenimiento,De 38 a 40 litros (hasta 2 personas)
7225,1,1,1,3,1,15,4,De gas con deposito,Nuevo,No le da mantenimiento,De 70 a 80 litros (hasta 4 personas)
7226,1,1,1,1,1,4,4,De gas con deposito,Nuevo,No le da mantenimiento,De 38 a 40 litros (hasta 2 personas)
7227,1,1,3,0,1,20,1,De gas instantáneo de paso,Nuevo,Cada 6 meses,
7228,1,1,1,3,1,10,1,De gas con deposito,Nuevo,Cada 6 meses,De 70 a 80 litros (hasta 4 personas)
7229,1,1,3,0,1,1,4,De gas instantáneo de paso,Nuevo,No le da mantenimiento,
7230,1,1,3,0,1,1,4,De gas instantáneo de paso,Nuevo,No le da mantenimiento,
7234,1,1,1,2,1,22,1,De gas con deposito,Nuevo,Cada 6 meses,De 50 a 60 litros (hasta 3 personas)
7236,1,1,1,3,1,10,4,De gas con deposito,Nuevo,No le da mantenimiento,De 70 a 80 litros (hasta 4 personas)
7239,1,1,1,1,1,3,1,De gas con deposito,Nuevo,Cada 6 meses,De 38 a 40 litros (hasta 2 personas)
7240,1,1,1,2,1,10,2,De gas con deposito,Nuevo,Cada año,De 50 a 60 litros (hasta 3 personas)
7242,1,1,1,3,1,8,4,De gas con deposito,Nuevo,No le da mantenimiento,De 70 a 80 litros (hasta 4 personas)
7243,1,1,3,0,1,1,4,De gas instantáneo de paso,Nuevo,No le da mantenimiento,
7244,1,1,1,3,1,6,4,De gas con deposito,Nuevo,No le da mantenimiento,De 70 a 80 litros (hasta 4 personas)
7245,1,1,3,0,1,50,1,De gas instantáneo de paso,Nuevo,Cada 6 meses,
7246,1,1,1,2,1,99,2,De gas con deposito,Nuevo,Cada año,De 50 a 60 litros (hasta 3 personas)
7247,1,1,1,1,1,10,2,De gas con deposito,Nuevo,Cada año,De 38 a 40 litros (hasta 2 personas)
7248,1,1,3,0,1,1,4,De gas instantáneo de paso,Nuevo,No le da mantenimiento,
7249,1,1,1,1,1,4,3,De gas con deposito,Nuevo,Cada 2 años,De 38 a 40 litros (hasta 2 personas)
7250,1,3,3,0,1,1,4,De gas instantáneo de paso,Nuevo,No le da mantenimiento,
7250,1,2,3,0,1,1,4,De gas instantáneo de paso,Nuevo,No le da mantenimiento,
7250,1,1,2,0,1,1,4,De gas de rápida recuperación,Nuevo,No le da mantenimiento,
7251,1,1,3,0,1,1,2,De gas instantáneo de paso,Nuevo,Cada año,
7252,1,1,1,1,1,15,4,De gas con deposito,Nuevo,No le da mantenimiento,De 38 a 40 litros (hasta 2 personas)
7253,1,1,3,0,1,2,2,De gas instantáneo de paso,Nuevo,Cada año,
7253,1,2,3,0,1,1,2,De gas instantáneo de paso,Nuevo,Cada año,
7254,1,1,7,5,1,5,2,Solar,Nuevo,Cada año,De 120 a 140 litros (hasta 7 personas)
7255,1,1,1,2,1,15,4,De gas con deposito,Nuevo,No le da mantenimiento,De 50 a 60 litros (hasta 3 personas)
7256,1,1,2,0,1,2,2,De gas de rápida recuperación,Nuevo,Cada año,
7257,1,1,1,1,1,1,4,De gas con deposito,Nuevo,No le da mantenimiento,De 38 a 40 litros (hasta 2 personas)
7258,1,1,1,2,1,15,2,De gas con deposito,Nuevo,Cada año,De 50 a 60 litros (hasta 3 personas)
7259,1,1,3,0,1,2,1,De gas instantáneo de paso,Nuevo,Cada 6 meses,
7260,1,1,1,1,1,6,4,De gas con deposito,Nuevo,No le da mantenimiento,De 38 a 40 litros (hasta 2 personas)
7262,1,1,3,0,1,1,4,De gas instantáneo de paso,Nuevo,No le da mantenimiento,
7264,1,1,1,4,1,15,2,De gas con deposito,Nuevo,Cada año,De 90 a 110 litros (hasta 6 personas)
7265,1,1,7,5,1,4,1,Solar,Nuevo,Cada 6 meses,De 120 a 140 litros (hasta 7 personas)
7266,1,1,1,2,1,6,4,De gas con deposito,Nuevo,No le da mantenimiento,De 50 a 60 litros (hasta 3 personas)
7267,1,1,3,0,1,3,2,De gas instantáneo de paso,Nuevo,Cada año,
7268,1,1,1,5,1,25,2,De gas con deposito,Nuevo,Cada año,De 120 a 140 litros (hasta 7 personas)
7269,1,1,3,0,1,5,2,De gas instantáneo de paso,Nuevo,Cada año,
7270,1,1,1,3,1,13,2,De gas con deposito,Nuevo,Cada año,De 70 a 80 litros (hasta 4 personas)
7271,1,1,1,1,1,12,1,De gas con deposito,Nuevo,Cada 6 meses,De 38 a 40 litros (hasta 2 personas)
7272,1,1,1,1,1,6,2,De gas con deposito,Nuevo,Cada año,De 38 a 40 litros (hasta 2 personas)
7273,1,1,1,1,1,2,4,De gas con deposito,Nuevo,No le da mantenimiento,De 38 a 40 litros (hasta 2 personas)
7274,1,1,2,0,1,1,4,De gas de rápida recuperación,Nuevo,No le da mantenimiento,
7275,1,1,2,0,1,8,1,De gas de rápida recuperación,Nuevo,Cada 6 meses,
7277,1,1,7,2,1,6,4,Solar,Nuevo,No le da mantenimiento,De 50 a 60 litros (hasta 3 personas)
7278,1,1,3,0,1,3,4,De gas instantáneo de paso,Nuevo,No le da mantenimiento,
7284,1,1,3,0,1,2,2,De gas instantáneo de paso,Nuevo,Cada año,
7285,1,1,2,0,1,3,4,De gas de rápida recuperación,Nuevo,No le da mantenimiento,
7286,1,1,3,0,1,1,4,De gas instantáneo de paso,Nuevo,No le da mantenimiento,
7287,1,1,1,1,1,6,4,De gas con deposito,Nuevo,No le da mantenimiento,De 38 a 40 litros (hasta 2 personas)
7288,1,1,1,2,1,6,4,De gas con deposito,Nuevo,No le da mantenimiento,De 50 a 60 litros (hasta 3 personas)
7289,1,1,3,0,1,7,4,De gas instantáneo de paso,Nuevo,No le da mantenimiento,
7291,1,1,2,0,1,5,2,De gas de rápida recuperación,Nuevo,Cada año,
7293,1,1,2,0,1,3,2,De gas de rápida recuperación,Nuevo,Cada año,
7298,1,1,3,0,1,1,4,De gas instantáneo de paso,Nuevo,No le da mantenimiento,
7299,1,1,3,0,1,2,4,De gas instantáneo de paso,Nuevo,No le da mantenimiento,
7300,1,1,2,0,1,6,1,De gas de rápida recuperación,Nuevo,Cada 6 meses,
7301,1,1,1,2,1,10,2,De gas con deposito,Nuevo,Cada año,De 50 a 60 litros (hasta 3 personas)
7302,1,1,1,1,1,5,4,De gas con deposito,Nuevo,No le da mantenimiento,De 38 a 40 litros (hasta 2 personas)
7303,1,1,1,1,2,3,1,De gas con deposito,Usado,Cada 6 meses,De 38 a 40 litros (hasta 2 personas)
7304,1,1,1,1,1,10,1,De gas con deposito,Nuevo,Cada 6 meses,De 38 a 40 litros (hasta 2 personas)
7305,1,1,3,0,1,1,2,De gas instantáneo de paso,Nuevo,Cada año,
7307,1,1,1,9,2,20,4,De gas con deposito,Usado,No le da mantenimiento,No sabe
7308,1,1,2,0,1,2,4,De gas de rápida recuperación,Nuevo,No le da mantenimiento,
7309,1,1,2,0,1,1,4,De gas de rápida recuperación,Nuevo,No le da mantenimiento,
7311,1,1,2,0,1,8,2,De gas de rápida recuperación,Nuevo,Cada año,
7312,1,1,3,0,2,1,4,De gas instantáneo de paso,Usado,No le da mantenimiento,
7313,1,1,1,1,1,7,3,De gas con deposito,Nuevo,Cada 2 años,De 38 a 40 litros (hasta 2 personas)
7314,1,1,1,2,1,3,1,De gas con deposito,Nuevo,Cada 6 meses,De 50 a 60 litros (hasta 3 personas)
7315,1,1,1,3,1,5,3,De gas con deposito,Nuevo,Cada 2 años,De 70 a 80 litros (hasta 4 personas)
7316,1,1,2,0,1,2,4,De gas de rápida recuperación,Nuevo,No le da mantenimiento,
7317,1,1,3,0,1,4,1,De gas instantáneo de paso,Nuevo,Cada 6 meses,
7318,1,1,1,1,1,8,2,De gas con deposito,Nuevo,Cada año,De 38 a 40 litros (hasta 2 personas)
7319,1,1,1,1,1,17,4,De gas con deposito,Nuevo,No le da mantenimiento,De 38 a 40 litros (hasta 2 personas)
7322,1,1,1,1,1,3,1,De gas con deposito,Nuevo,Cada 6 meses,De 38 a 40 litros (hasta 2 personas)
7323,1,1,3,0,1,4,4,De gas instantáneo de paso,Nuevo,No le da mantenimiento,
7324,1,1,3,0,1,5,2,De gas instantáneo de paso,Nuevo,Cada año,
7326,1,1,1,1,1,12,3,De gas con deposito,Nuevo,Cada 2 años,De 38 a 40 litros (hasta 2 personas)
7327,1,1,2,0,1,3,4,De gas de rápida recuperación,Nuevo,No le da mantenimiento,
7328,1,1,1,2,2,1,4,De gas con deposito,Usado,No le da mantenimiento,De 50 a 60 litros (hasta 3 personas)
7329,1,1,3,0,1,5,3,De gas instantáneo de paso,Nuevo,Cada 2 años,
7330,1,1,1,1,1,10,2,De gas con deposito,Nuevo,Cada año,De 38 a 40 litros (hasta 2 personas)
7332,1,2,1,1,1,5,4,De gas con deposito,Nuevo,No le da mantenimiento,De 38 a 40 litros (hasta 2 personas)
7332,1,1,7,2,1,7,4,Solar,Nuevo,No le da mantenimiento,De 50 a 60 litros (hasta 3 personas)
7333,1,1,3,0,1,4,1,De gas instantáneo de paso,Nuevo,Cada 6 meses,
7334,1,1,1,1,1,8,2,De gas con deposito,Nuevo,Cada año,De 38 a 40 litros (hasta 2 personas)
7336,1,1,3,0,1,1,2,De gas instantáneo de paso,Nuevo,Cada año,
7337,1,1,1,1,1,15,2,De gas con deposito,Nuevo,Cada año,De 38 a 40 litros (hasta 2 personas)
7338,1,1,2,0,1,99,4,De gas de rápida recuperación,Nuevo,No le da mantenimiento,
7339,1,2,2,0,1,15,2,De gas de rápida recuperación,Nuevo,Cada año,
7339,1,1,1,1,1,10,3,De gas con deposito,Nuevo,Cada 2 años,De 38 a 40 litros (hasta 2 personas)
7340,1,1,1,1,1,99,4,De gas con deposito,Nuevo,No le da mantenimiento,De 38 a 40 litros (hasta 2 personas)
7341,1,1,2,0,2,6,4,De gas de rápida recuperación,Usado,No le da mantenimiento,
7342,1,1,1,1,2,99,4,De gas con deposito,Usado,No le da mantenimiento,De 38 a 40 litros (hasta 2 personas)
7343,1,1,3,0,1,1,4,De gas instantáneo de paso,Nuevo,No le da mantenimiento,
7345,1,1,1,1,1,8,2,De gas con deposito,Nuevo,Cada año,De 38 a 40 litros (hasta 2 personas)
7346,1,1,1,1,1,99,4,De gas con deposito,Nuevo,No le da mantenimiento,De 38 a 40 litros (hasta 2 personas)
7347,1,1,3,0,1,1,4,De gas instantáneo de paso,Nuevo,No le da mantenimiento,
7350,1,1,3,0,1,10,4,De gas instantáneo de paso,Nuevo,No le da mantenimiento,
7351,1,1,3,0,1,4,2,De gas instantáneo de paso,Nuevo,Cada año,
7352,1,1,1,1,1,2,4,De gas con deposito,Nuevo,No le da mantenimiento,De 38 a 40 litros (hasta 2 personas)
7353,1,1,1,1,1,4,1,De gas con deposito,Nuevo,Cada 6 meses,De 38 a 40 litros (hasta 2 personas)
7354,1,1,1,1,1,6,2,De gas con deposito,Nuevo,Cada año,De 38 a 40 litros (hasta 2 personas)
7355,1,1,2,0,1,2,4,De gas de rápida recuperación,Nuevo,No le da mantenimiento,
7356,1,1,1,1,1,20,2,De gas con deposito,Nuevo,Cada año,De 38 a 40 litros (hasta 2 personas)
7357,1,1,1,1,1,5,1,De gas con deposito,Nuevo,Cada 6 meses,De 38 a 40 litros (hasta 2 personas)
7359,1,1,3,0,1,5,4,De gas instantáneo de paso,Nuevo,No le da mantenimiento,
7360,1,1,3,0,2,20,1,De gas instantáneo de paso,Usado,Cada 6 meses,
7361,1,1,3,0,1,1,4,De gas instantáneo de paso,Nuevo,No le da mantenimiento,
7363,1,1,1,1,1,2,1,De gas con deposito,Nuevo,Cada 6 meses,De 38 a 40 litros (hasta 2 personas)
7365,1,1,3,0,2,6,3,De gas instantáneo de paso,Usado,Cada 2 años,
7367,1,1,1,2,1,15,2,De gas con deposito,Nuevo,Cada año,De 50 a 60 litros (hasta 3 personas)
7368,1,1,2,0,1,10,4,De gas de rápida recuperación,Nuevo,No le da mantenimiento,
7369,1,1,2,0,1,1,1,De gas de rápida recuperación,Nuevo,Cada 6 meses,
7369,1,2,1,4,1,10,4,De gas con deposito,Nuevo,No le da mantenimiento,De 90 a 110 litros (hasta 6 personas)
7370,1,1,1,1,1,3,4,De gas con deposito,Nuevo,No le da mantenimiento,De 38 a 40 litros (hasta 2 personas)
7372,1,1,2,0,1,3,4,De gas de rápida recuperación,Nuevo,No le da mantenimiento,
7374,1,1,1,2,1,2,1,De gas con deposito,Nuevo,Cada 6 meses,De 50 a 60 litros (hasta 3 personas)
7376,1,1,1,9,1,10,2,De gas con deposito,Nuevo,Cada año,No sabe
7377,1,1,2,0,1,7,1,De gas de rápida recuperación,Nuevo,Cada 6 meses,
7378,1,1,1,4,2,10,1,De gas con deposito,Usado,Cada 6 meses,De 90 a 110 litros (hasta 6 personas)
7379,1,1,1,1,1,1,1,De gas con deposito,Nuevo,Cada 6 meses,De 38 a 40 litros (hasta 2 personas)
7380,1,1,1,1,1,10,4,De gas con deposito,Nuevo,No le da mantenimiento,De 38 a 40 litros (hasta 2 personas)
7381,1,1,1,1,1,3,2,De gas con deposito,Nuevo,Cada año,De 38 a 40 litros (hasta 2 personas)
7382,1,1,3,0,1,5,1,De gas instantáneo de paso,Nuevo,Cada 6 meses,
7384,1,1,3,0,1,1,4,De gas instantáneo de paso,Nuevo,No le da mantenimiento,
7385,1,1,1,1,1,3,4,De gas con deposito,Nuevo,No le da mantenimiento,De 38 a 40 litros (hasta 2 personas)
7386,1,1,1,1,1,5,4,De gas con deposito,Nuevo,No le da mantenimiento,De 38 a 40 litros (hasta 2 personas)
7387,1,1,3,0,1,2,4,De gas instantáneo de paso,Nuevo,No le da mantenimiento,
7388,1,1,1,1,1,7,1,De gas con deposito,Nuevo,Cada 6 meses,De 38 a 40 litros (hasta 2 personas)
7389,1,1,2,0,1,4,1,De gas de rápida recuperación,Nuevo,Cada 6 meses,
7391,1,1,2,0,1,1,4,De gas de rápida recuperación,Nuevo,No le da mantenimiento,
7392,1,1,3,0,1,1,4,De gas instantáneo de paso,Nuevo,No le da mantenimiento,
7394,1,1,3,0,1,2,1,De gas instantáneo de paso,Nuevo,Cada 6 meses,
7395,1,1,1,1,1,12,2,De gas con deposito,Nuevo,Cada año,De 38 a 40 litros (hasta 2 personas)
7397,1,1,3,0,1,2,4,De gas instantáneo de paso,Nuevo,No le da mantenimiento,
7398,1,1,1,1,1,5,4,De gas con deposito,Nuevo,No le da mantenimiento,De 38 a 40 litros (hasta 2 personas)
7399,1,1,3,0,1,4,2,De gas instantáneo de paso,Nuevo,Cada año,
7401,1,1,1,1,1,11,4,De gas con deposito,Nuevo,No le da mantenimiento,De 38 a 40 litros (hasta 2 personas)
7402,1,1,3,0,1,1,4,De gas instantáneo de paso,Nuevo,No le da mantenimiento,
7404,1,3,1,1,1,2,1,De gas con deposito,Nuevo,Cada 6 meses,De 38 a 40 litros (hasta 2 personas)
7404,1,2,1,1,1,2,1,De gas con deposito,Nuevo,Cada 6 meses,De 38 a 40 litros (hasta 2 personas)
7404,1,1,3,0,1,6,1,De gas instantáneo de paso,Nuevo,Cada 6 meses,
7405,1,1,1,1,1,1,4,De gas con deposito,Nuevo,No le da mantenimiento,De 38 a 40 litros (hasta 2 personas)
7406,1,1,1,1,1,7,1,De gas con deposito,Nuevo,Cada 6 meses,De 38 a 40 litros (hasta 2 personas)
7408,1,1,1,1,1,12,1,De gas con deposito,Nuevo,Cada 6 meses,De 38 a 40 litros (hasta 2 personas)
7409,1,1,1,1,1,1,4,De gas con deposito,Nuevo,No le da mantenimiento,De 38 a 40 litros (hasta 2 personas)
7413,1,1,4,0,1,8,1,Eléctrico instantáneo de paso,Nuevo,Cada 6 meses,
7414,1,1,1,1,1,4,2,De gas con deposito,Nuevo,Cada año,De 38 a 40 litros (hasta 2 personas)
7415,1,1,1,1,1,12,1,De gas con deposito,Nuevo,Cada 6 meses,De 38 a 40 litros (hasta 2 personas)
7416,1,1,2,0,1,10,4,De gas de rápida recuperación,Nuevo,No le da mantenimiento,
7418,1,1,1,3,1,5,2,De gas con deposito,Nuevo,Cada año,De 70 a 80 litros (hasta 4 personas)
7419,1,1,1,1,2,3,1,De gas con deposito,Usado,Cada 6 meses,De 38 a 40 litros (hasta 2 personas)
7420,1,1,1,2,1,20,2,De gas con deposito,Nuevo,Cada año,De 50 a 60 litros (hasta 3 personas)
7422,1,1,7,1,1,1,4,Solar,Nuevo,No le da mantenimiento,De 38 a 40 litros (hasta 2 personas)
7423,1,1,1,1,1,10,1,De gas con deposito,Nuevo,Cada 6 meses,De 38 a 40 litros (hasta 2 personas)
7424,1,1,2,0,2,8,4,De gas de rápida recuperación,Usado,No le da mantenimiento,
7426,1,1,7,2,1,3,4,Solar,Nuevo,No le da mantenimiento,De 50 a 60 litros (hasta 3 personas)
7428,1,1,3,0,1,10,2,De gas instantáneo de paso,Nuevo,Cada año,
7430,1,1,1,1,1,8,3,De gas con deposito,Nuevo,Cada 2 años,De 38 a 40 litros (hasta 2 personas)
7431,1,1,2,0,1,15,4,De gas de rápida recuperación,Nuevo,No le da mantenimiento,
7433,1,1,2,0,1,10,4,De gas de rápida recuperación,Nuevo,No le da mantenimiento,
7434,1,1,1,1,1,20,4,De gas con deposito,Nuevo,No le da mantenimiento,De 38 a 40 litros (hasta 2 personas)
7435,1,1,1,3,2,15,4,De gas con deposito,Usado,No le da mantenimiento,De 70 a 80 litros (hasta 4 personas)
7436,1,1,2,0,1,1,4,De gas de rápida recuperación,Nuevo,No le da mantenimiento,
7437,1,1,2,0,1,1,4,De gas de rápida recuperación,Nuevo,No le da mantenimiento,
7438,1,1,3,0,1,3,4,De gas instantáneo de paso,Nuevo,No le da mantenimiento,
7439,1,1,1,1,1,10,1,De gas con deposito,Nuevo,Cada 6 meses,De 38 a 40 litros (hasta 2 personas)
7440,1,1,2,0,1,1,4,De gas de rápida recuperación,Nuevo,No le da mantenimiento,
7442,1,1,3,0,1,14,1,De gas instantáneo de paso,Nuevo,Cada 6 meses,
7443,1,1,1,3,1,5,2,De gas con deposito,Nuevo,Cada año,De 70 a 80 litros (hasta 4 personas)
7447,1,1,7,3,1,1,1,Solar,Nuevo,Cada 6 meses,De 70 a 80 litros (hasta 4 personas)
7448,1,1,1,1,1,1,4,De gas con deposito,Nuevo,No le da mantenimiento,De 38 a 40 litros (hasta 2 personas)
7449,1,1,2,0,1,4,2,De gas de rápida recuperación,Nuevo,Cada año,
7450,1,1,7,3,1,2,4,Solar,Nuevo,No le da mantenimiento,De 70 a 80 litros (hasta 4 personas)
7455,1,1,3,0,1,5,4,De gas instantáneo de paso,Nuevo,No le da mantenimiento,
7458,1,1,1,1,1,22,1,De gas con deposito,Nuevo,Cada 6 meses,De 38 a 40 litros (hasta 2 personas)
7460,1,1,4,0,1,1,1,Eléctrico instantáneo de paso,Nuevo,Cada 6 meses,
7462,1,1,3,0,1,1,4,De gas instantáneo de paso,Nuevo,No le da mantenimiento,
7463,1,1,3,0,1,5,1,De gas instantáneo de paso,Nuevo,Cada 6 meses,
7465,1,1,1,1,1,4,1,De gas con deposito,Nuevo,Cada 6 meses,De 38 a 40 litros (hasta 2 personas)
7467,1,1,1,1,2,4,1,De gas con deposito,Usado,Cada 6 meses,De 38 a 40 litros (hasta 2 personas)
7468,1,1,1,1,1,15,1,De gas con deposito,Nuevo,Cada 6 meses,De 38 a 40 litros (hasta 2 personas)
7469,1,1,1,3,1,3,4,De gas con deposito,Nuevo,No le da mantenimiento,De 70 a 80 litros (hasta 4 personas)
7470,1,1,1,1,1,4,1,De gas con deposito,Nuevo,Cada 6 meses,De 38 a 40 litros (hasta 2 personas)
7471,1,1,2,0,1,2,1,De gas de rápida recuperación,Nuevo,Cada 6 meses,
7472,1,1,7,5,1,3,4,Solar,Nuevo,No le da mantenimiento,De 120 a 140 litros (hasta 7 personas)
7474,1,1,1,1,1,10,2,De gas con deposito,Nuevo,Cada año,De 38 a 40 litros (hasta 2 personas)
7475,1,1,3,0,1,5,4,De gas instantáneo de paso,Nuevo,No le da mantenimiento,
7476,1,1,2,0,1,7,3,De gas de rápida recuperación,Nuevo,Cada 2 años,
7477,1,1,2,0,1,5,1,De gas de rápida recuperación,Nuevo,Cada 6 meses,
7481,1,1,1,1,1,3,1,De gas con deposito,Nuevo,Cada 6 meses,De 38 a 40 litros (hasta 2 personas)
7482,1,1,1,1,1,2,2,De gas con deposito,Nuevo,Cada año,De 38 a 40 litros (hasta 2 personas)
7484,1,1,2,0,1,3,4,De gas de rápida recuperación,Nuevo,No le da mantenimiento,
7486,1,1,7,2,1,3,2,Solar,Nuevo,Cada año,De 50 a 60 litros (hasta 3 personas)
7487,1,2,7,1,1,2,4,Solar,Nuevo,No le da mantenimiento,De 38 a 40 litros (hasta 2 personas)
7487,1,1,3,0,1,8,4,De gas instantáneo de paso,Nuevo,No le da mantenimiento,
7489,1,1,1,1,1,15,4,De gas con deposito,Nuevo,No le da mantenimiento,De 38 a 40 litros (hasta 2 personas)
7490,1,1,1,1,1,6,2,De gas con deposito,Nuevo,Cada año,De 38 a 40 litros (hasta 2 personas)
7491,1,1,2,0,1,6,2,De gas de rápida recuperación,Nuevo,Cada año,
7492,1,1,3,0,1,1,4,De gas instantáneo de paso,Nuevo,No le da mantenimiento,
7495,1,1,1,2,1,12,1,De gas con deposito,Nuevo,Cada 6 meses,De 50 a 60 litros (hasta 3 personas)
7496,1,1,1,1,2,99,4,De gas con deposito,Usado,No le da mantenimiento,De 38 a 40 litros (hasta 2 personas)
7497,1,1,1,1,1,7,1,De gas con deposito,Nuevo,Cada 6 meses,De 38 a 40 litros (hasta 2 personas)
7503,1,1,2,0,1,1,4,De gas de rápida recuperación,Nuevo,No le da mantenimiento,
7504,1,1,3,0,1,1,4,De gas instantáneo de paso,Nuevo,No le da mantenimiento,
7505,1,1,3,0,1,3,1,De gas instantáneo de paso,Nuevo,Cada 6 meses,
7507,1,1,3,0,2,99,1,De gas instantáneo de paso,Usado,Cada 6 meses,
7508,1,1,3,0,1,1,4,De gas instantáneo de paso,Nuevo,No le da mantenimiento,
7509,1,1,3,0,1,5,2,De gas instantáneo de paso,Nuevo,Cada año,
7511,1,1,1,1,1,20,4,De gas con deposito,Nuevo,No le da mantenimiento,De 38 a 40 litros (hasta 2 personas)
7512,1,1,1,2,1,15,4,De gas con deposito,Nuevo,No le da mantenimiento,De 50 a 60 litros (hasta 3 personas)
7515,1,1,3,0,2,20,2,De gas instantáneo de paso,Usado,Cada año,
7516,1,1,1,1,2,5,2,De gas con deposito,Usado,Cada año,De 38 a 40 litros (hasta 2 personas)
7519,1,1,3,0,1,4,2,De gas instantáneo de paso,Nuevo,Cada año,
7522,1,1,1,1,1,6,1,De gas con deposito,Nuevo,Cada 6 meses,De 38 a 40 litros (hasta 2 personas)
7524,1,1,2,0,1,10,4,De gas de rápida recuperación,Nuevo,No le da mantenimiento,
7525,1,1,1,1,2,2,1,De gas con deposito,Usado,Cada 6 meses,De 38 a 40 litros (hasta 2 personas)
7526,1,1,1,1,1,17,1,De gas con deposito,Nuevo,Cada 6 meses,De 38 a 40 litros (hasta 2 personas)
7527,1,1,2,0,1,7,3,De gas de rápida recuperación,Nuevo,Cada 2 años,
7529,1,1,1,3,1,15,3,De gas con deposito,Nuevo,Cada 2 años,De 70 a 80 litros (hasta 4 personas)
7530,1,1,1,2,1,4,2,De gas con deposito,Nuevo,Cada año,De 50 a 60 litros (hasta 3 personas)
7535,1,1,2,0,1,5,1,De gas de rápida recuperación,Nuevo,Cada 6 meses,
7536,1,1,3,0,1,1,4,De gas instantáneo de paso,Nuevo,No le da mantenimiento,
7539,1,1,2,0,1,3,1,De gas de rápida recuperación,Nuevo,Cada 6 meses,
7540,1,1,3,0,1,10,3,De gas instantáneo de paso,Nuevo,Cada 2 años,
7541,1,1,3,0,1,1,4,De gas instantáneo de paso,Nuevo,No le da mantenimiento,
7542,1,1,3,0,1,8,4,De gas instantáneo de paso,Nuevo,No le da mantenimiento,
7543,1,1,4,0,1,1,4,Eléctrico instantáneo de paso,Nuevo,No le da mantenimiento,
7544,1,1,2,0,1,9,4,De gas de rápida recuperación,Nuevo,No le da mantenimiento,
7545,1,1,3,0,1,2,1,De gas instantáneo de paso,Nuevo,Cada 6 meses,
7547,1,1,1,2,1,20,1,De gas con deposito,Nuevo,Cada 6 meses,De 50 a 60 litros (hasta 3 personas)
7548,1,1,3,0,2,1,4,De gas instantáneo de paso,Usado,No le da mantenimiento,
7549,1,1,2,0,1,2,4,De gas de rápida recuperación,Nuevo,No le da mantenimiento,
7551,1,1,3,0,1,2,4,De gas instantáneo de paso,Nuevo,No le da mantenimiento,
7552,1,1,2,0,1,2,1,De gas de rápida recuperación,Nuevo,Cada 6 meses,
7553,1,2,2,0,1,10,2,De gas de rápida recuperación,Nuevo,Cada año,
7553,1,1,1,1,1,1,4,De gas con deposito,Nuevo,No le da mantenimiento,De 38 a 40 litros (hasta 2 personas)
7554,1,1,1,2,1,35,1,De gas con deposito,Nuevo,Cada 6 meses,De 50 a 60 litros (hasta 3 personas)
7555,1,1,1,1,2,10,4,De gas con deposito,Usado,No le da mantenimiento,De 38 a 40 litros (hasta 2 personas)
7556,1,1,1,9,1,10,4,De gas con deposito,Nuevo,No le da mantenimiento,No sabe
7557,1,1,3,0,1,15,1,De gas instantáneo de paso,Nuevo,Cada 6 meses,
7558,1,1,3,0,1,2,4,De gas instantáneo de paso,Nuevo,No le da mantenimiento,
7559,1,1,3,0,1,9,2,De gas instantáneo de paso,Nuevo,Cada año,
7560,1,1,3,0,1,3,4,De gas instantáneo de paso,Nuevo,No le da mantenimiento,
7561,1,1,1,1,1,12,1,De gas con deposito,Nuevo,Cada 6 meses,De 38 a 40 litros (hasta 2 personas)
7562,1,1,4,0,1,2,1,Eléctrico instantáneo de paso,Nuevo,Cada 6 meses,
7563,1,1,2,0,1,5,4,De gas de rápida recuperación,Nuevo,No le da mantenimiento,
7564,1,1,7,2,1,6,2,Solar,Nuevo,Cada año,De 50 a 60 litros (hasta 3 personas)
7565,1,1,7,4,1,4,1,Solar,Nuevo,Cada 6 meses,De 90 a 110 litros (hasta 6 personas)
7566,1,1,3,0,1,1,2,De gas instantáneo de paso,Nuevo,Cada año,
7567,1,1,3,0,2,1,4,De gas instantáneo de paso,Usado,No le da mantenimiento,
7568,1,1,1,1,2,1,4,De gas con deposito,Usado,No le da mantenimiento,De 38 a 40 litros (hasta 2 personas)
7569,1,1,3,0,1,4,2,De gas instantáneo de paso,Nuevo,Cada año,
7570,1,1,1,1,1,10,4,De gas con deposito,Nuevo,No le da mantenimiento,De 38 a 40 litros (hasta 2 personas)
7571,1,1,1,9,1,7,2,De gas con deposito,Nuevo,Cada año,No sabe
7572,1,1,1,1,2,15,4,De gas con deposito,Usado,No le da mantenimiento,De 38 a 40 litros (hasta 2 personas)
7573,1,1,1,3,1,10,3,De gas con deposito,Nuevo,Cada 2 años,De 70 a 80 litros (hasta 4 personas)
7574,1,1,1,1,2,5,1,De gas con deposito,Usado,Cada 6 meses,De 38 a 40 litros (hasta 2 personas)
7575,1,1,1,2,1,30,1,De gas con deposito,Nuevo,Cada 6 meses,De 50 a 60 litros (hasta 3 personas)
7576,1,1,1,1,2,20,2,De gas con deposito,Usado,Cada año,De 38 a 40 litros (hasta 2 personas)
7577,1,1,2,0,1,5,3,De gas de rápida recuperación,Nuevo,Cada 2 años,
7578,1,1,3,0,1,2,2,De gas instantáneo de paso,Nuevo,Cada año,
7580,1,1,1,3,2,99,4,De gas con deposito,Usado,No le da mantenimiento,De 70 a 80 litros (hasta 4 personas)
7581,1,1,2,0,1,3,1,De gas de rápida recuperación,Nuevo,Cada 6 meses,
7582,1,1,2,0,1,4,1,De gas de rápida recuperación,Nuevo,Cada 6 meses,
7583,1,1,1,1,2,5,4,De gas con deposito,Usado,No le da mantenimiento,De 38 a 40 litros (hasta 2 personas)
7584,1,1,3,0,1,10,4,De gas instantáneo de paso,Nuevo,No le da mantenimiento,
7585,1,1,4,0,1,1,4,Eléctrico instantáneo de paso,Nuevo,No le da mantenimiento,
7586,1,1,1,1,2,22,1,De gas con deposito,Usado,Cada 6 meses,De 38 a 40 litros (hasta 2 personas)
7587,1,1,3,0,1,4,4,De gas instantáneo de paso,Nuevo,No le da mantenimiento,
7588,1,1,2,0,2,10,2,De gas de rápida recuperación,Usado,Cada año,
7589,1,1,7,9,1,1,4,Solar,Nuevo,No le da mantenimiento,No sabe
7590,1,1,2,0,1,3,4,De gas de rápida recuperación,Nuevo,No le da mantenimiento,
7591,1,1,1,1,1,2,2,De gas con deposito,Nuevo,Cada año,De 38 a 40 litros (hasta 2 personas)
7592,1,1,3,0,1,3,4,De gas instantáneo de paso,Nuevo,No le da mantenimiento,
7593,1,1,1,1,1,12,2,De gas con deposito,Nuevo,Cada año,De 38 a 40 litros (hasta 2 personas)
7594,1,1,3,0,1,1,4,De gas instantáneo de paso,Nuevo,No le da mantenimiento,
7595,1,1,1,1,2,5,2,De gas con deposito,Usado,Cada año,De 38 a 40 litros (hasta 2 personas)
7596,1,1,1,1,1,3,2,De gas con deposito,Nuevo,Cada año,De 38 a 40 litros (hasta 2 personas)
7597,1,1,1,4,2,6,4,De gas con deposito,Usado,No le da mantenimiento,De 90 a 110 litros (hasta 6 personas)
7598,1,1,2,0,1,5,2,De gas de rápida recuperación,Nuevo,Cada año,
7599,1,1,1,1,1,1,4,De gas con deposito,Nuevo,No le da mantenimiento,De 38 a 40 litros (hasta 2 personas)
7600,1,1,2,0,1,1,1,De gas de rápida recuperación,Nuevo,Cada 6 meses,
7601,1,1,1,1,1,7,4,De gas con deposito,Nuevo,No le da mantenimiento,De 38 a 40 litros (hasta 2 personas)
7602,1,1,1,1,1,2,4,De gas con deposito,Nuevo,No le da mantenimiento,De 38 a 40 litros (hasta 2 personas)
7603,1,1,4,0,1,1,1,Eléctrico instantáneo de paso,Nuevo,Cada 6 meses,
7604,1,1,2,0,1,6,4,De gas de rápida recuperación,Nuevo,No le da mantenimiento,
7605,1,1,2,0,1,3,1,De gas de rápida recuperación,Nuevo,Cada 6 meses,
7606,1,1,3,0,1,1,4,De gas instantáneo de paso,Nuevo,No le da mantenimiento,
7607,1,1,2,0,1,3,1,De gas de rápida recuperación,Nuevo,Cada 6 meses,
7608,1,1,1,9,2,3,4,De gas con deposito,Usado,No le da mantenimiento,No sabe
7609,1,1,1,2,1,11,4,De gas con deposito,Nuevo,No le da mantenimiento,De 50 a 60 litros (hasta 3 personas)
7610,1,1,3,0,1,2,1,De gas instantáneo de paso,Nuevo,Cada 6 meses,
7611,1,1,7,3,1,3,4,Solar,Nuevo,No le da mantenimiento,De 70 a 80 litros (hasta 4 personas)
7612,1,1,2,0,1,8,2,De gas de rápida recuperación,Nuevo,Cada año,
7613,1,1,1,1,2,5,4,De gas con deposito,Usado,No le da mantenimiento,De 38 a 40 litros (hasta 2 personas)
7614,1,1,1,2,1,30,4,De gas con deposito,Nuevo,No le da mantenimiento,De 50 a 60 litros (hasta 3 personas)
7615,1,1,1,1,1,10,2,De gas con deposito,Nuevo,Cada año,De 38 a 40 litros (hasta 2 personas)
7616,1,1,1,1,2,20,3,De gas con deposito,Usado,Cada 2 años,De 38 a 40 litros (hasta 2 personas)
7617,1,1,1,2,1,10,4,De gas con deposito,Nuevo,No le da mantenimiento,De 50 a 60 litros (hasta 3 personas)
7619,1,1,3,0,1,1,4,De gas instantáneo de paso,Nuevo,No le da mantenimiento,
7621,1,1,3,0,1,1,4,De gas instantáneo de paso,Nuevo,No le da mantenimiento,
7622,1,1,1,1,1,12,2,De gas con deposito,Nuevo,Cada año,De 38 a 40 litros (hasta 2 personas)
7627,1,1,3,0,1,5,1,De gas instantáneo de paso,Nuevo,Cada 6 meses,
7628,1,1,2,0,1,10,2,De gas de rápida recuperación,Nuevo,Cada año,
7630,1,1,7,4,1,6,2,Solar,Nuevo,Cada año,De 90 a 110 litros (hasta 6 personas)
7632,1,1,1,1,1,5,4,De gas con deposito,Nuevo,No le da mantenimiento,De 38 a 40 litros (hasta 2 personas)
7633,1,1,3,0,1,1,4,De gas instantáneo de paso,Nuevo,No le da mantenimiento,
7634,1,1,3,0,1,1,4,De gas instantáneo de paso,Nuevo,No le da mantenimiento,
7635,1,1,3,0,2,5,1,De gas instantáneo de paso,Usado,Cada 6 meses,
7636,1,1,2,0,1,1,4,De gas de rápida recuperación,Nuevo,No le da mantenimiento,
7638,1,1,3,0,1,3,2,De gas instantáneo de paso,Nuevo,Cada año,
7640,1,1,1,1,2,2,4,De gas con deposito,Usado,No le da mantenimiento,De 38 a 40 litros (hasta 2 personas)
7641,1,1,3,0,1,3,2,De gas instantáneo de paso,Nuevo,Cada año,
7643,1,1,2,0,1,5,4,De gas de rápida recuperación,Nuevo,No le da mantenimiento,
7644,1,1,3,0,2,1,4,De gas instantáneo de paso,Usado,No le da mantenimiento,
7648,1,1,1,1,2,5,2,De gas con deposito,Usado,Cada año,De 38 a 40 litros (hasta 2 personas)
7649,1,1,3,0,2,2,1,De gas instantáneo de paso,Usado,Cada 6 meses,
7650,1,1,1,1,1,6,1,De gas con deposito,Nuevo,Cada 6 meses,De 38 a 40 litros (hasta 2 personas)
7651,1,1,1,1,1,1,4,De gas con deposito,Nuevo,No le da mantenimiento,De 38 a 40 litros (hasta 2 personas)
7652,1,1,1,1,1,5,2,De gas con deposito,Nuevo,Cada año,De 38 a 40 litros (hasta 2 personas)
7653,1,1,1,3,1,3,4,De gas con deposito,Nuevo,No le da mantenimiento,De 70 a 80 litros (hasta 4 personas)
7654,1,1,2,0,1,3,1,De gas de rápida recuperación,Nuevo,Cada 6 meses,
7655,1,1,3,0,1,3,2,De gas instantáneo de paso,Nuevo,Cada año,
7656,1,1,1,9,2,15,1,De gas con deposito,Usado,Cada 6 meses,No sabe
7657,1,1,2,0,1,2,1,De gas de rápida recuperación,Nuevo,Cada 6 meses,
7659,1,1,2,0,1,1,4,De gas de rápida recuperación,Nuevo,No le da mantenimiento,
7660,1,1,2,0,1,99,4,De gas de rápida recuperación,Nuevo,No le da mantenimiento,
7661,1,1,2,0,1,1,1,De gas de rápida recuperación,Nuevo,Cada 6 meses,
7662,1,1,1,1,2,1,4,De gas con deposito,Usado,No le da mantenimiento,De 38 a 40 litros (hasta 2 personas)
7663,1,1,3,0,1,3,2,De gas instantáneo de paso,Nuevo,Cada año,
7664,1,1,1,1,1,15,4,De gas con deposito,Nuevo,No le da mantenimiento,De 38 a 40 litros (hasta 2 personas)
7664,1,2,1,1,1,15,4,De gas con deposito,Nuevo,No le da mantenimiento,De 38 a 40 litros (hasta 2 personas)
7665,1,1,1,2,1,11,4,De gas con deposito,Nuevo,No le da mantenimiento,De 50 a 60 litros (hasta 3 personas)
7666,1,1,5,2,2,10,3,Eléctrico con depósito,Usado,Cada 2 años,De 50 a 60 litros (hasta 3 personas)
7668,1,1,2,0,1,2,1,De gas de rápida recuperación,Nuevo,Cada 6 meses,
7669,1,1,1,1,2,99,4,De gas con deposito,Usado,No le da mantenimiento,De 38 a 40 litros (hasta 2 personas)
7670,1,1,3,0,1,4,4,De gas instantáneo de paso,Nuevo,No le da mantenimiento,
7672,1,1,1,1,1,4,1,De gas con deposito,Nuevo,Cada 6 meses,De 38 a 40 litros (hasta 2 personas)
7673,1,1,1,1,2,3,4,De gas con deposito,Usado,No le da mantenimiento,De 38 a 40 litros (hasta 2 personas)
7675,1,1,1,3,1,14,2,De gas con deposito,Nuevo,Cada año,De 70 a 80 litros (hasta 4 personas)
7676,1,1,1,1,1,2,4,De gas con deposito,Nuevo,No le da mantenimiento,De 38 a 40 litros (hasta 2 personas)
7677,1,1,4,0,1,3,2,Eléctrico instantáneo de paso,Nuevo,Cada año,
7678,1,1,2,0,2,10,1,De gas de rápida recuperación,Usado,Cada 6 meses,
7679,1,1,2,0,2,1,2,De gas de rápida recuperación,Usado,Cada año,
7680,1,1,3,0,1,2,2,De gas instantáneo de paso,Nuevo,Cada año,
7681,1,1,3,0,1,1,4,De gas instantáneo de paso,Nuevo,No le da mantenimiento,
7682,1,1,3,0,1,3,4,De gas instantáneo de paso,Nuevo,No le da mantenimiento,
7683,1,1,1,2,1,20,4,De gas con deposito,Nuevo,No le da mantenimiento,De 50 a 60 litros (hasta 3 personas)
7684,1,1,3,0,1,1,4,De gas instantáneo de paso,Nuevo,No le da mantenimiento,
7685,1,1,2,0,1,99,4,De gas de rápida recuperación,Nuevo,No le da mantenimiento,
7688,1,1,3,0,1,7,2,De gas instantáneo de paso,Nuevo,Cada año,
7689,1,1,3,0,1,15,4,De gas instantáneo de paso,Nuevo,No le da mantenimiento,
7690,1,1,3,0,1,5,4,De gas instantáneo de paso,Nuevo,No le da mantenimiento,
7691,1,1,1,1,1,28,2,De gas con deposito,Nuevo,Cada año,De 38 a 40 litros (hasta 2 personas)
7694,1,1,2,0,1,15,2,De gas de rápida recuperación,Nuevo,Cada año,
7695,1,1,1,1,1,5,2,De gas con deposito,Nuevo,Cada año,De 38 a 40 litros (hasta 2 personas)
7695,1,2,4,0,1,8,2,Eléctrico instantáneo de paso,Nuevo,Cada año,
7696,1,1,1,3,2,20,1,De gas con deposito,Usado,Cada 6 meses,De 70 a 80 litros (hasta 4 personas)
7697,1,1,1,1,1,40,1,De gas con deposito,Nuevo,Cada 6 meses,De 38 a 40 litros (hasta 2 personas)
7698,1,1,7,1,1,7,1,Solar,Nuevo,Cada 6 meses,De 38 a 40 litros (hasta 2 personas)
7699,1,1,2,0,1,4,1,De gas de rápida recuperación,Nuevo,Cada 6 meses,
7700,1,1,7,9,1,1,4,Solar,Nuevo,No le da mantenimiento,No sabe
7701,1,1,2,0,2,3,2,De gas de rápida recuperación,Usado,Cada año,
7703,1,1,1,1,1,7,2,De gas con deposito,Nuevo,Cada año,De 38 a 40 litros (hasta 2 personas)
7704,1,1,2,0,1,12,3,De gas de rápida recuperación,Nuevo,Cada 2 años,
7706,1,1,3,0,1,3,1,De gas instantáneo de paso,Nuevo,Cada 6 meses,
7707,1,1,3,0,1,5,4,De gas instantáneo de paso,Nuevo,No le da mantenimiento,
7709,1,1,1,1,1,3,4,De gas con deposito,Nuevo,No le da mantenimiento,De 38 a 40 litros (hasta 2 personas)
7711,1,1,1,3,1,6,2,De gas con deposito,Nuevo,Cada año,De 70 a 80 litros (hasta 4 personas)
7712,1,1,1,1,1,1,2,De gas con deposito,Nuevo,Cada año,De 38 a 40 litros (hasta 2 personas)
7717,1,1,1,1,1,5,1,De gas con deposito,Nuevo,Cada 6 meses,De 38 a 40 litros (hasta 2 personas)
7717,1,2,7,1,1,3,4,Solar,Nuevo,No le da mantenimiento,De 38 a 40 litros (hasta 2 personas)
7719,1,1,6,1,1,15,1,De leña,Nuevo,Cada 6 meses,De 38 a 40 litros (hasta 2 personas)
7721,1,1,2,0,1,2,1,De gas de rápida recuperación,Nuevo,Cada 6 meses,
7723,1,1,3,0,1,8,3,De gas instantáneo de paso,Nuevo,Cada 2 años,
7724,1,1,1,1,1,25,2,De gas con deposito,Nuevo,Cada año,De 38 a 40 litros (hasta 2 personas)
7726,1,1,1,3,1,5,1,De gas con deposito,Nuevo,Cada 6 meses,De 70 a 80 litros (hasta 4 personas)
7727,1,1,1,2,1,6,4,De gas con deposito,Nuevo,No le da mantenimiento,De 50 a 60 litros (hasta 3 personas)
7728,1,1,1,1,1,20,4,De gas con deposito,Nuevo,No le da mantenimiento,De 38 a 40 litros (hasta 2 personas)
7729,1,1,3,0,1,2,4,De gas instantáneo de paso,Nuevo,No le da mantenimiento,
7730,1,1,1,1,1,13,1,De gas con deposito,Nuevo,Cada 6 meses,De 38 a 40 litros (hasta 2 personas)
7731,1,1,1,1,1,22,3,De gas con deposito,Nuevo,Cada 2 años,De 38 a 40 litros (hasta 2 personas)
7733,1,1,2,0,1,1,4,De gas de rápida recuperación,Nuevo,No le da mantenimiento,
7735,1,1,5,1,1,2,2,Eléctrico con depósito,Nuevo,Cada año,De 38 a 40 litros (hasta 2 personas)
7737,1,1,5,9,1,3,4,Eléctrico con depósito,Nuevo,No le da mantenimiento,No sabe
7738,1,1,2,0,1,15,4,De gas de rápida recuperación,Nuevo,No le da mantenimiento,
7741,1,1,2,0,1,2,1,De gas de rápida recuperación,Nuevo,Cada 6 meses,
7743,1,1,3,0,1,10,1,De gas instantáneo de paso,Nuevo,Cada 6 meses,
7748,1,1,1,1,1,12,3,De gas con deposito,Nuevo,Cada 2 años,De 38 a 40 litros (hasta 2 personas)
7752,1,1,1,1,2,3,4,De gas con deposito,Usado,No le da mantenimiento,De 38 a 40 litros (hasta 2 personas)
7753,1,2,3,0,1,3,4,De gas instantáneo de paso,Nuevo,No le da mantenimiento,
7753,1,1,3,0,1,3,4,De gas instantáneo de paso,Nuevo,No le da mantenimiento,
7754,1,1,1,3,2,12,4,De gas con deposito,Usado,No le da mantenimiento,De 70 a 80 litros (hasta 4 personas)
7755,1,1,3,0,1,8,2,De gas instantáneo de paso,Nuevo,Cada año,
7756,1,1,3,0,2,1,4,De gas instantáneo de paso,Usado,No le da mantenimiento,
7757,1,1,1,5,1,15,4,De gas con deposito,Nuevo,No le da mantenimiento,De 120 a 140 litros (hasta 7 personas)
7758,1,1,1,1,1,5,1,De gas con deposito,Nuevo,Cada 6 meses,De 38 a 40 litros (hasta 2 personas)
7759,1,1,2,0,1,3,1,De gas de rápida recuperación,Nuevo,Cada 6 meses,
7760,1,1,3,0,1,10,4,De gas instantáneo de paso,Nuevo,No le da mantenimiento,
7761,1,1,2,0,1,2,1,De gas de rápida recuperación,Nuevo,Cada 6 meses,
7762,1,1,2,0,1,2,4,De gas de rápida recuperación,Nuevo,No le da mantenimiento,
7763,1,1,5,1,1,1,4,Eléctrico con depósito,Nuevo,No le da mantenimiento,De 38 a 40 litros (hasta 2 personas)
7764,1,1,2,0,2,4,4,De gas de rápida recuperación,Usado,No le da mantenimiento,
7765,1,1,1,1,1,1,4,De gas con deposito,Nuevo,No le da mantenimiento,De 38 a 40 litros (hasta 2 personas)
7766,1,1,3,0,2,4,2,De gas instantáneo de paso,Usado,Cada año,
7767,1,1,1,1,1,99,3,De gas con deposito,Nuevo,Cada 2 años,De 38 a 40 litros (hasta 2 personas)
7769,1,1,1,1,2,99,2,De gas con deposito,Usado,Cada año,De 38 a 40 litros (hasta 2 personas)
7770,1,1,3,0,1,6,1,De gas instantáneo de paso,Nuevo,Cada 6 meses,
7771,1,1,2,0,1,5,4,De gas de rápida recuperación,Nuevo,No le da mantenimiento,
7772,1,1,3,0,2,2,4,De gas instantáneo de paso,Usado,No le da mantenimiento,
7773,1,1,3,0,1,99,2,De gas instantáneo de paso,Nuevo,Cada año,
7774,1,1,1,1,1,9,4,De gas con deposito,Nuevo,No le da mantenimiento,De 38 a 40 litros (hasta 2 personas)
7775,1,1,1,1,1,35,2,De gas con deposito,Nuevo,Cada año,De 38 a 40 litros (hasta 2 personas)
7776,1,1,3,0,2,1,1,De gas instantáneo de paso,Usado,Cada 6 meses,
7777,1,1,1,3,1,15,2,De gas con deposito,Nuevo,Cada año,De 70 a 80 litros (hasta 4 personas)
7778,1,1,2,0,1,9,4,De gas de rápida recuperación,Nuevo,No le da mantenimiento,
7779,1,1,1,1,1,1,1,De gas con deposito,Nuevo,Cada 6 meses,De 38 a 40 litros (hasta 2 personas)
7780,1,1,1,1,1,1,4,De gas con deposito,Nuevo,No le da mantenimiento,De 38 a 40 litros (hasta 2 personas)
7781,1,1,1,3,2,15,2,De gas con deposito,Usado,Cada año,De 70 a 80 litros (hasta 4 personas)
7782,1,1,2,0,1,2,1,De gas de rápida recuperación,Nuevo,Cada 6 meses,
7783,1,1,1,1,2,3,4,De gas con deposito,Usado,No le da mantenimiento,De 38 a 40 litros (hasta 2 personas)
7784,1,1,1,1,1,10,4,De gas con deposito,Nuevo,No le da mantenimiento,De 38 a 40 litros (hasta 2 personas)
7785,1,1,1,1,1,10,2,De gas con deposito,Nuevo,Cada año,De 38 a 40 litros (hasta 2 personas)
7786,1,1,1,1,1,3,4,De gas con deposito,Nuevo,No le da mantenimiento,De 38 a 40 litros (hasta 2 personas)
7787,1,1,1,1,1,10,2,De gas con deposito,Nuevo,Cada año,De 38 a 40 litros (hasta 2 personas)
7788,1,1,3,0,1,1,4,De gas instantáneo de paso,Nuevo,No le da mantenimiento,
7789,1,1,1,1,2,6,4,De gas con deposito,Usado,No le da mantenimiento,De 38 a 40 litros (hasta 2 personas)
7790,1,1,1,1,2,99,4,De gas con deposito,Usado,No le da mantenimiento,De 38 a 40 litros (hasta 2 personas)
7791,1,1,2,0,2,99,2,De gas de rápida recuperación,Usado,Cada año,
7792,1,1,4,0,1,1,4,Eléctrico instantáneo de paso,Nuevo,No le da mantenimiento,
7793,1,1,3,0,1,10,1,De gas instantáneo de paso,Nuevo,Cada 6 meses,
7794,1,1,1,2,2,20,4,De gas con deposito,Usado,No le da mantenimiento,De 50 a 60 litros (hasta 3 personas)
7795,1,1,3,0,1,1,4,De gas instantáneo de paso,Nuevo,No le da mantenimiento,
7796,1,1,1,1,2,10,2,De gas con deposito,Usado,Cada año,De 38 a 40 litros (hasta 2 personas)
7797,1,1,1,1,1,99,3,De gas con deposito,Nuevo,Cada 2 años,De 38 a 40 litros (hasta 2 personas)
7798,1,1,1,9,2,99,4,De gas con deposito,Usado,No le da mantenimiento,No sabe
7799,1,1,1,1,1,20,2,De gas con deposito,Nuevo,Cada año,De 38 a 40 litros (hasta 2 personas)
7800,1,1,3,0,1,10,4,De gas instantáneo de paso,Nuevo,No le da mantenimiento,
7801,1,1,3,0,1,10,4,De gas instantáneo de paso,Nuevo,No le da mantenimiento,
7802,1,1,3,0,1,3,4,De gas instantáneo de paso,Nuevo,No le da mantenimiento,
7803,1,1,3,0,1,2,4,De gas instantáneo de paso,Nuevo,No le da mantenimiento,
7805,1,1,1,1,1,10,1,De gas con deposito,Nuevo,Cada 6 meses,De 38 a 40 litros (hasta 2 personas)
7806,1,1,3,0,1,1,4,De gas instantáneo de paso,Nuevo,No le da mantenimiento,
7807,1,1,3,0,1,99,4,De gas instantáneo de paso,Nuevo,No le da mantenimiento,
7808,1,1,2,0,1,3,4,De gas de rápida recuperación,Nuevo,No le da mantenimiento,
7809,1,1,3,0,1,3,1,De gas instantáneo de paso,Nuevo,Cada 6 meses,
7810,1,1,3,0,1,1,4,De gas instantáneo de paso,Nuevo,No le da mantenimiento,
7811,1,1,1,2,2,10,2,De gas con deposito,Usado,Cada año,De 50 a 60 litros (hasta 3 personas)
7813,1,1,1,2,1,3,4,De gas con deposito,Nuevo,No le da mantenimiento,De 50 a 60 litros (hasta 3 personas)
7814,1,1,3,0,1,1,4,De gas instantáneo de paso,Nuevo,No le da mantenimiento,
7815,1,1,3,0,1,8,2,De gas instantáneo de paso,Nuevo,Cada año,
7816,1,1,1,1,1,20,1,De gas con deposito,Nuevo,Cada 6 meses,De 38 a 40 litros (hasta 2 personas)
7818,1,1,1,1,1,1,4,De gas con deposito,Nuevo,No le da mantenimiento,De 38 a 40 litros (hasta 2 personas)
7819,1,1,1,1,1,2,4,De gas con deposito,Nuevo,No le da mantenimiento,De 38 a 40 litros (hasta 2 personas)
7820,1,1,1,1,2,99,2,De gas con deposito,Usado,Cada año,De 38 a 40 litros (hasta 2 personas)
7821,1,1,1,1,1,7,4,De gas con deposito,Nuevo,No le da mantenimiento,De 38 a 40 litros (hasta 2 personas)
7822,1,1,3,0,1,2,2,De gas instantáneo de paso,Nuevo,Cada año,
7824,1,1,2,0,1,10,2,De gas de rápida recuperación,Nuevo,Cada año,
7825,1,1,1,2,1,50,4,De gas con deposito,Nuevo,No le da mantenimiento,De 50 a 60 litros (hasta 3 personas)
7826,1,1,1,2,2,1,4,De gas con deposito,Usado,No le da mantenimiento,De 50 a 60 litros (hasta 3 personas)
7827,1,1,3,0,1,10,2,De gas instantáneo de paso,Nuevo,Cada año,
7828,1,1,1,2,2,5,4,De gas con deposito,Usado,No le da mantenimiento,De 50 a 60 litros (hasta 3 personas)
7829,1,1,4,0,2,3,4,Eléctrico instantáneo de paso,Usado,No le da mantenimiento,
7830,1,1,2,0,1,8,4,De gas de rápida recuperación,Nuevo,No le da mantenimiento,
7831,1,1,3,0,1,4,4,De gas instantáneo de paso,Nuevo,No le da mantenimiento,
7832,1,1,3,0,1,8,1,De gas instantáneo de paso,Nuevo,Cada 6 meses,
7833,1,1,1,2,1,99,2,De gas con deposito,Nuevo,Cada año,De 50 a 60 litros (hasta 3 personas)
7834,1,1,3,0,1,3,4,De gas instantáneo de paso,Nuevo,No le da mantenimiento,
7835,1,1,3,0,1,5,2,De gas instantáneo de paso,Nuevo,Cada año,
7837,1,1,1,1,2,2,4,De gas con deposito,Usado,No le da mantenimiento,De 38 a 40 litros (hasta 2 personas)
7838,1,1,3,0,1,5,2,De gas instantáneo de paso,Nuevo,Cada año,
7839,1,1,1,9,1,20,2,De gas con deposito,Nuevo,Cada año,No sabe
7840,1,1,3,0,2,2,4,De gas instantáneo de paso,Usado,No le da mantenimiento,
7841,1,1,3,0,1,10,2,De gas instantáneo de paso,Nuevo,Cada año,
7843,1,1,3,0,1,8,2,De gas instantáneo de paso,Nuevo,Cada año,
7844,1,1,1,1,1,14,2,De gas con deposito,Nuevo,Cada año,De 38 a 40 litros (hasta 2 personas)
7845,1,1,1,1,1,15,4,De gas con deposito,Nuevo,No le da mantenimiento,De 38 a 40 litros (hasta 2 personas)
7846,1,1,1,2,1,15,4,De gas con deposito,Nuevo,No le da mantenimiento,De 50 a 60 litros (hasta 3 personas)
7847,1,1,1,1,1,32,1,De gas con deposito,Nuevo,Cada 6 meses,De 38 a 40 litros (hasta 2 personas)
7848,1,1,3,0,1,15,4,De gas instantáneo de paso,Nuevo,No le da mantenimiento,
7849,1,1,7,2,1,1,4,Solar,Nuevo,No le da mantenimiento,De 50 a 60 litros (hasta 3 personas)
7850,1,1,1,1,2,8,2,De gas con deposito,Usado,Cada año,De 38 a 40 litros (hasta 2 personas)
7851,1,1,3,0,1,15,2,De gas instantáneo de paso,Nuevo,Cada año,
7853,1,1,3,0,1,1,4,De gas instantáneo de paso,Nuevo,No le da mantenimiento,
7854,1,1,2,0,1,10,3,De gas de rápida recuperación,Nuevo,Cada 2 años,
7855,1,1,2,0,1,12,1,De gas de rápida recuperación,Nuevo,Cada 6 meses,
7856,1,1,1,1,2,2,3,De gas con deposito,Usado,Cada 2 años,De 38 a 40 litros (hasta 2 personas)
7857,1,1,3,0,2,5,1,De gas instantáneo de paso,Usado,Cada 6 meses,
7858,1,1,1,1,1,99,2,De gas con deposito,Nuevo,Cada año,De 38 a 40 litros (hasta 2 personas)
7861,1,1,3,0,1,1,4,De gas instantáneo de paso,Nuevo,No le da mantenimiento,
7862,1,1,3,0,1,1,4,De gas instantáneo de paso,Nuevo,No le da mantenimiento,
7864,1,1,3,0,1,1,4,De gas instantáneo de paso,Nuevo,No le da mantenimiento,
7865,1,1,1,1,1,3,4,De gas con deposito,Nuevo,No le da mantenimiento,De 38 a 40 litros (hasta 2 personas)
7866,1,1,3,0,1,3,1,De gas instantáneo de paso,Nuevo,Cada 6 meses,
7868,1,1,2,0,1,2,1,De gas de rápida recuperación,Nuevo,Cada 6 meses,
7868,1,2,7,1,1,3,4,Solar,Nuevo,No le da mantenimiento,De 38 a 40 litros (hasta 2 personas)
7869,1,1,1,1,1,6,1,De gas con deposito,Nuevo,Cada 6 meses,De 38 a 40 litros (hasta 2 personas)
7870,1,1,1,2,1,15,4,De gas con deposito,Nuevo,No le da mantenimiento,De 50 a 60 litros (hasta 3 personas)
7872,1,1,3,0,1,7,2,De gas instantáneo de paso,Nuevo,Cada año,
7874,1,1,3,0,1,10,2,De gas instantáneo de paso,Nuevo,Cada año,
7875,1,1,3,0,1,6,4,De gas instantáneo de paso,Nuevo,No le da mantenimiento,
7876,1,1,1,9,1,1,4,De gas con deposito,Nuevo,No le da mantenimiento,No sabe
7877,1,1,2,0,1,1,4,De gas de rápida recuperación,Nuevo,No le da mantenimiento,
7878,1,1,2,0,2,15,4,De gas de rápida recuperación,Usado,No le da mantenimiento,
7879,1,1,7,9,1,4,4,Solar,Nuevo,No le da mantenimiento,No sabe
7880,1,1,4,0,1,10,1,Eléctrico instantáneo de paso,Nuevo,Cada 6 meses,
7883,1,1,3,0,1,1,4,De gas instantáneo de paso,Nuevo,No le da mantenimiento,
7885,1,1,1,9,1,20,3,De gas con deposito,Nuevo,Cada 2 años,No sabe
7886,1,1,1,1,1,13,1,De gas con deposito,Nuevo,Cada 6 meses,De 38 a 40 litros (hasta 2 personas)
7887,1,1,1,1,1,23,3,De gas con deposito,Nuevo,Cada 2 años,De 38 a 40 litros (hasta 2 personas)
7890,1,1,3,0,2,1,4,De gas instantáneo de paso,Usado,No le da mantenimiento,
7893,1,1,6,2,2,6,2,De leña,Usado,Cada año,De 50 a 60 litros (hasta 3 personas)
7896,1,1,1,4,1,7,4,De gas con deposito,Nuevo,No le da mantenimiento,De 90 a 110 litros (hasta 6 personas)
7897,1,1,2,0,2,99,4,De gas de rápida recuperación,Usado,No le da mantenimiento,
7901,1,1,1,3,2,3,4,De gas con deposito,Usado,No le da mantenimiento,De 70 a 80 litros (hasta 4 personas)
7902,1,1,1,1,1,25,4,De gas con deposito,Nuevo,No le da mantenimiento,De 38 a 40 litros (hasta 2 personas)
7903,1,1,3,0,1,2,4,De gas instantáneo de paso,Nuevo,No le da mantenimiento,
7907,1,1,1,3,1,15,4,De gas con deposito,Nuevo,No le da mantenimiento,De 70 a 80 litros (hasta 4 personas)
7908,1,1,1,9,1,15,3,De gas con deposito,Nuevo,Cada 2 años,No sabe
7909,1,1,3,0,1,5,2,De gas instantáneo de paso,Nuevo,Cada año,
7911,1,1,1,1,1,15,2,De gas con deposito,Nuevo,Cada año,De 38 a 40 litros (hasta 2 personas)
7913,1,1,1,1,2,7,4,De gas con deposito,Usado,No le da mantenimiento,De 38 a 40 litros (hasta 2 personas)
7914,1,1,1,1,1,14,4,De gas con deposito,Nuevo,No le da mantenimiento,De 38 a 40 litros (hasta 2 personas)
7915,1,1,1,1,1,5,1,De gas con deposito,Nuevo,Cada 6 meses,De 38 a 40 litros (hasta 2 personas)
7916,1,1,3,0,1,2,1,De gas instantáneo de paso,Nuevo,Cada 6 meses,
7917,1,1,1,1,1,10,2,De gas con deposito,Nuevo,Cada año,De 38 a 40 litros (hasta 2 personas)
7918,1,1,1,1,1,10,1,De gas con deposito,Nuevo,Cada 6 meses,De 38 a 40 litros (hasta 2 personas)
7919,1,1,1,2,1,35,1,De gas con deposito,Nuevo,Cada 6 meses,De 50 a 60 litros (hasta 3 personas)
7920,1,1,3,0,1,10,4,De gas instantáneo de paso,Nuevo,No le da mantenimiento,
7921,1,1,3,0,1,10,4,De gas instantáneo de paso,Nuevo,No le da mantenimiento,
7926,1,1,1,9,1,3,1,De gas con deposito,Nuevo,Cada 6 meses,No sabe
7927,1,1,6,1,2,1,1,De leña,Usado,Cada 6 meses,De 38 a 40 litros (hasta 2 personas)
7930,1,1,3,0,1,6,4,De gas instantáneo de paso,Nuevo,No le da mantenimiento,
7932,1,1,7,1,1,3,4,Solar,Nuevo,No le da mantenimiento,De 38 a 40 litros (hasta 2 personas)
7933,1,1,1,1,1,8,3,De gas con deposito,Nuevo,Cada 2 años,De 38 a 40 litros (hasta 2 personas)
7934,1,1,2,0,1,2,4,De gas de rápida recuperación,Nuevo,No le da mantenimiento,
7952,1,1,3,0,1,3,4,De gas instantáneo de paso,Nuevo,No le da mantenimiento,
7953,1,1,3,0,1,1,4,De gas instantáneo de paso,Nuevo,No le da mantenimiento,
7954,1,1,7,3,1,3,4,Solar,Nuevo,No le da mantenimiento,De 70 a 80 litros (hasta 4 personas)
7956,1,1,2,0,1,10,4,De gas de rápida recuperación,Nuevo,No le da mantenimiento,
7957,1,1,1,1,1,6,4,De gas con deposito,Nuevo,No le da mantenimiento,De 38 a 40 litros (hasta 2 personas)
7958,1,1,1,1,2,99,4,De gas con deposito,Usado,No le da mantenimiento,De 38 a 40 litros (hasta 2 personas)
7959,1,1,1,3,1,6,4,De gas con deposito,Nuevo,No le da mantenimiento,De 70 a 80 litros (hasta 4 personas)
7960,1,1,1,4,1,6,4,De gas con deposito,Nuevo,No le da mantenimiento,De 90 a 110 litros (hasta 6 personas)
7963,1,1,1,9,1,99,4,De gas con deposito,Nuevo,No le da mantenimiento,No sabe
7964,1,1,3,0,1,1,4,De gas instantáneo de paso,Nuevo,No le da mantenimiento,
7968,1,1,2,0,1,99,4,De gas de rápida recuperación,Nuevo,No le da mantenimiento,
7969,1,1,4,0,1,1,1,Eléctrico instantáneo de paso,Nuevo,Cada 6 meses,
7970,1,1,6,2,1,1,4,De leña,Nuevo,No le da mantenimiento,De 50 a 60 litros (hasta 3 personas)
7971,1,1,1,3,1,12,2,De gas con deposito,Nuevo,Cada año,De 70 a 80 litros (hasta 4 personas)
7972,1,1,7,3,1,1,4,Solar,Nuevo,No le da mantenimiento,De 70 a 80 litros (hasta 4 personas)
7974,1,1,6,9,1,20,2,De leña,Nuevo,Cada año,No sabe
7975,1,1,1,3,2,99,4,De gas con deposito,Usado,No le da mantenimiento,De 70 a 80 litros (hasta 4 personas)
7976,1,1,1,9,1,99,4,De gas con deposito,Nuevo,No le da mantenimiento,No sabe
7977,1,1,1,1,1,20,1,De gas con deposito,Nuevo,Cada 6 meses,De 38 a 40 litros (hasta 2 personas)
7978,1,1,2,0,1,3,2,De gas de rápida recuperación,Nuevo,Cada año,
7979,1,1,1,2,2,50,3,De gas con deposito,Usado,Cada 2 años,De 50 a 60 litros (hasta 3 personas)
7980,1,1,1,2,1,8,2,De gas con deposito,Nuevo,Cada año,De 50 a 60 litros (hasta 3 personas)
7981,1,1,1,6,1,35,3,De gas con deposito,Nuevo,Cada 2 años,Más de 140 litros (más de 7 personas)
7982,1,1,3,0,1,3,1,De gas instantáneo de paso,Nuevo,Cada 6 meses,
7984,1,1,6,1,2,20,2,De leña,Usado,Cada año,De 38 a 40 litros (hasta 2 personas)
7985,1,1,6,1,2,99,4,De leña,Usado,No le da mantenimiento,De 38 a 40 litros (hasta 2 personas)
7986,1,1,1,2,1,30,4,De gas con deposito,Nuevo,No le da mantenimiento,De 50 a 60 litros (hasta 3 personas)
7987,1,1,1,4,2,4,4,De gas con deposito,Usado,No le da mantenimiento,De 90 a 110 litros (hasta 6 personas)
7988,1,1,3,0,1,4,4,De gas instantáneo de paso,Nuevo,No le da mantenimiento,
7990,1,1,3,0,1,30,4,De gas instantáneo de paso,Nuevo,No le da mantenimiento,
7991,1,1,3,0,1,1,4,De gas instantáneo de paso,Nuevo,No le da mantenimiento,
7992,1,1,2,0,1,6,4,De gas de rápida recuperación,Nuevo,No le da mantenimiento,
7993,1,1,6,2,1,1,4,De leña,Nuevo,No le da mantenimiento,De 50 a 60 litros (hasta 3 personas)
7997,1,1,1,3,1,99,4,De gas con deposito,Nuevo,No le da mantenimiento,De 70 a 80 litros (hasta 4 personas)
7998,1,1,7,9,1,15,3,Solar,Nuevo,Cada 2 años,No sabe
7999,1,1,7,9,1,1,1,Solar,Nuevo,Cada 6 meses,No sabe
8000,1,1,7,9,1,2,3,Solar,Nuevo,Cada 2 años,No sabe
8001,1,1,7,4,1,99,2,Solar,Nuevo,Cada año,De 90 a 110 litros (hasta 6 personas)
8002,1,1,1,1,1,30,4,De gas con deposito,Nuevo,No le da mantenimiento,De 38 a 40 litros (hasta 2 personas)
8003,1,1,1,1,2,10,2,De gas con deposito,Usado,Cada año,De 38 a 40 litros (hasta 2 personas)
8004,1,1,1,1,2,99,4,De gas con deposito,Usado,No le da mantenimiento,De 38 a 40 litros (hasta 2 personas)
8006,1,1,3,0,1,1,4,De gas instantáneo de paso,Nuevo,No le da mantenimiento,
8007,1,1,6,9,2,99,4,De leña,Usado,No le da mantenimiento,No sabe
8008,1,1,6,1,1,15,4,De leña,Nuevo,No le da mantenimiento,De 38 a 40 litros (hasta 2 personas)
8010,1,1,3,0,1,3,3,De gas instantáneo de paso,Nuevo,Cada 2 años,
8011,1,1,1,2,1,20,1,De gas con deposito,Nuevo,Cada 6 meses,De 50 a 60 litros (hasta 3 personas)
8012,1,1,1,5,1,3,1,De gas con deposito,Nuevo,Cada 6 meses,De 120 a 140 litros (hasta 7 personas)
8013,1,1,1,2,1,10,4,De gas con deposito,Nuevo,No le da mantenimiento,De 50 a 60 litros (hasta 3 personas)
8015,1,1,1,2,1,10,1,De gas con deposito,Nuevo,Cada 6 meses,De 50 a 60 litros (hasta 3 personas)
8016,1,1,3,0,1,1,4,De gas instantáneo de paso,Nuevo,No le da mantenimiento,
8019,1,1,7,6,1,1,2,Solar,Nuevo,Cada año,Más de 140 litros (más de 7 personas)
8020,1,1,1,9,1,3,4,De gas con deposito,Nuevo,No le da mantenimiento,No sabe
8021,1,2,7,6,1,1,4,Solar,Nuevo,No le da mantenimiento,Más de 140 litros (más de 7 personas)
8021,1,1,1,9,1,10,4,De gas con deposito,Nuevo,No le da mantenimiento,No sabe
8022,1,1,1,9,1,99,3,De gas con deposito,Nuevo,Cada 2 años,No sabe
8023,1,1,1,1,1,15,2,De gas con deposito,Nuevo,Cada año,De 38 a 40 litros (hasta 2 personas)
8025,1,1,1,1,1,7,2,De gas con deposito,Nuevo,Cada año,De 38 a 40 litros (hasta 2 personas)
8027,1,1,7,3,2,99,4,Solar,Usado,No le da mantenimiento,De 70 a 80 litros (hasta 4 personas)
8028,1,1,3,0,1,1,2,De gas instantáneo de paso,Nuevo,Cada año,
8029,1,1,1,3,1,1,1,De gas con deposito,Nuevo,Cada 6 meses,De 70 a 80 litros (hasta 4 personas)
8031,1,1,6,3,1,3,4,De leña,Nuevo,No le da mantenimiento,De 70 a 80 litros (hasta 4 personas)
8032,1,1,7,3,1,1,4,Solar,Nuevo,No le da mantenimiento,De 70 a 80 litros (hasta 4 personas)
8033,1,1,1,4,1,15,4,De gas con deposito,Nuevo,No le da mantenimiento,De 90 a 110 litros (hasta 6 personas)
8034,1,1,2,0,1,99,4,De gas de rápida recuperación,Nuevo,No le da mantenimiento,
8035,1,1,1,9,1,10,4,De gas con deposito,Nuevo,No le da mantenimiento,No sabe
8036,1,1,6,2,1,6,1,De leña,Nuevo,Cada 6 meses,De 50 a 60 litros (hasta 3 personas)
8037,1,1,1,2,2,99,4,De gas con deposito,Usado,No le da mantenimiento,De 50 a 60 litros (hasta 3 personas)
8038,1,1,1,1,1,12,3,De gas con deposito,Nuevo,Cada 2 años,De 38 a 40 litros (hasta 2 personas)
8039,1,1,1,2,1,19,2,De gas con deposito,Nuevo,Cada año,De 50 a 60 litros (hasta 3 personas)
8040,1,1,7,6,1,1,4,Solar,Nuevo,No le da mantenimiento,Más de 140 litros (más de 7 personas)
8042,1,1,1,3,2,99,4,De gas con deposito,Usado,No le da mantenimiento,De 70 a 80 litros (hasta 4 personas)
8044,1,1,4,0,1,3,4,Eléctrico instantáneo de paso,Nuevo,No le da mantenimiento,
8044,1,2,7,5,1,6,3,Solar,Nuevo,Cada 2 años,De 120 a 140 litros (hasta 7 personas)
8045,1,1,3,0,1,1,4,De gas instantáneo de paso,Nuevo,No le da mantenimiento,
8046,1,1,3,0,1,5,3,De gas instantáneo de paso,Nuevo,Cada 2 años,
8046,1,2,7,6,1,5,4,Solar,Nuevo,No le da mantenimiento,Más de 140 litros (más de 7 personas)
8047,1,1,2,0,2,99,1,De gas de rápida recuperación,Usado,Cada 6 meses,
8048,1,1,7,4,1,3,4,Solar,Nuevo,No le da mantenimiento,De 90 a 110 litros (hasta 6 personas)
8051,1,1,6,3,1,99,4,De leña,Nuevo,No le da mantenimiento,De 70 a 80 litros (hasta 4 personas)
8052,1,1,3,0,1,5,1,De gas instantáneo de paso,Nuevo,Cada 6 meses,
8052,1,2,7,2,1,5,1,Solar,Nuevo,Cada 6 meses,De 50 a 60 litros (hasta 3 personas)
8053,1,1,7,2,1,4,3,Solar,Nuevo,Cada 2 años,De 50 a 60 litros (hasta 3 personas)
8054,1,1,2,0,1,3,1,De gas de rápida recuperación,Nuevo,Cada 6 meses,
8055,1,1,7,9,1,8,4,Solar,Nuevo,No le da mantenimiento,No sabe
8056,1,1,1,2,1,2,1,De gas con deposito,Nuevo,Cada 6 meses,De 50 a 60 litros (hasta 3 personas)
8058,1,1,6,3,2,99,4,De leña,Usado,No le da mantenimiento,De 70 a 80 litros (hasta 4 personas)
8059,1,1,7,3,1,2,4,Solar,Nuevo,No le da mantenimiento,De 70 a 80 litros (hasta 4 personas)
8061,1,1,7,3,1,1,2,Solar,Nuevo,Cada año,De 70 a 80 litros (hasta 4 personas)
8062,1,1,3,0,1,5,4,De gas instantáneo de paso,Nuevo,No le da mantenimiento,
8066,1,1,6,3,1,3,4,De leña,Nuevo,No le da mantenimiento,De 70 a 80 litros (hasta 4 personas)
8067,1,1,1,3,2,99,4,De gas con deposito,Usado,No le da mantenimiento,De 70 a 80 litros (hasta 4 personas)
8068,1,1,1,1,2,99,2,De gas con deposito,Usado,Cada año,De 38 a 40 litros (hasta 2 personas)
8070,1,1,1,6,1,4,1,De gas con deposito,Nuevo,Cada 6 meses,Más de 140 litros (más de 7 personas)
8071,1,1,1,1,1,12,4,De gas con deposito,Nuevo,No le da mantenimiento,De 38 a 40 litros (hasta 2 personas)
8072,1,1,1,1,2,99,2,De gas con deposito,Usado,Cada año,De 38 a 40 litros (hasta 2 personas)
8073,1,1,1,3,1,99,2,De gas con deposito,Nuevo,Cada año,De 70 a 80 litros (hasta 4 personas)
8074,1,1,6,3,1,7,1,De leña,Nuevo,Cada 6 meses,De 70 a 80 litros (hasta 4 personas)
8075,1,1,6,2,1,30,1,De leña,Nuevo,Cada 6 meses,De 50 a 60 litros (hasta 3 personas)
8076,1,1,1,1,2,23,2,De gas con deposito,Usado,Cada año,De 38 a 40 litros (hasta 2 personas)
8077,1,1,1,3,1,31,4,De gas con deposito,Nuevo,No le da mantenimiento,De 70 a 80 litros (hasta 4 personas)
8078,1,1,4,0,1,1,4,Eléctrico instantáneo de paso,Nuevo,No le da mantenimiento,
8079,1,1,1,9,2,20,1,De gas con deposito,Usado,Cada 6 meses,No sabe
8080,1,1,1,2,1,4,4,De gas con deposito,Nuevo,No le da mantenimiento,De 50 a 60 litros (hasta 3 personas)
8081,1,1,7,4,1,2,4,Solar,Nuevo,No le da mantenimiento,De 90 a 110 litros (hasta 6 personas)
8083,1,1,1,3,1,10,1,De gas con deposito,Nuevo,Cada 6 meses,De 70 a 80 litros (hasta 4 personas)
8084,1,1,3,0,1,3,1,De gas instantáneo de paso,Nuevo,Cada 6 meses,
8085,1,1,7,9,1,5,2,Solar,Nuevo,Cada año,No sabe
8088,1,1,3,0,1,3,2,De gas instantáneo de paso,Nuevo,Cada año,
8089,1,1,1,2,2,99,4,De gas con deposito,Usado,No le da mantenimiento,De 50 a 60 litros (hasta 3 personas)
8090,1,1,6,1,2,1,4,De leña,Usado,No le da mantenimiento,De 38 a 40 litros (hasta 2 personas)
8093,1,1,6,1,2,1,1,De leña,Usado,Cada 6 meses,De 38 a 40 litros (hasta 2 personas)
8095,1,1,6,9,1,4,4,De leña,Nuevo,No le da mantenimiento,No sabe
8098,1,1,1,9,1,7,1,De gas con deposito,Nuevo,Cada 6 meses,No sabe
8099,1,1,1,9,2,99,4,De gas con deposito,Usado,No le da mantenimiento,No sabe
8100,1,1,6,9,1,5,4,De leña,Nuevo,No le da mantenimiento,No sabe
8101,1,1,6,9,2,99,4,De leña,Usado,No le da mantenimiento,No sabe
8102,1,1,6,9,2,1,4,De leña,Usado,No le da mantenimiento,No sabe
8103,1,1,6,9,1,2,4,De leña,Nuevo,No le da mantenimiento,No sabe
8105,1,1,6,2,1,99,4,De leña,Nuevo,No le da mantenimiento,De 50 a 60 litros (hasta 3 personas)
8107,1,1,6,3,1,7,1,De leña,Nuevo,Cada 6 meses,De 70 a 80 litros (hasta 4 personas)
8109,1,1,6,3,1,2,1,De leña,Nuevo,Cada 6 meses,De 70 a 80 litros (hasta 4 personas)
8112,1,1,1,9,1,10,2,De gas con deposito,Nuevo,Cada año,No sabe
8113,1,1,1,4,1,6,1,De gas con deposito,Nuevo,Cada 6 meses,De 90 a 110 litros (hasta 6 personas)
8114,1,1,1,1,1,6,2,De gas con deposito,Nuevo,Cada año,De 38 a 40 litros (hasta 2 personas)
8115,1,1,2,0,1,1,1,De gas de rápida recuperación,Nuevo,Cada 6 meses,
8117,1,1,4,0,2,99,4,Eléctrico instantáneo de paso,Usado,No le da mantenimiento,
8120,1,1,4,0,1,2,4,Eléctrico instantáneo de paso,Nuevo,No le da mantenimiento,
8121,1,1,6,6,1,1,4,De leña,Nuevo,No le da mantenimiento,Más de 140 litros (más de 7 personas)
8123,1,1,1,1,1,17,1,De gas con deposito,Nuevo,Cada 6 meses,De 38 a 40 litros (hasta 2 personas)
8124,1,1,6,4,2,99,4,De leña,Usado,No le da mantenimiento,De 90 a 110 litros (hasta 6 personas)
8126,1,1,1,1,1,15,4,De gas con deposito,Nuevo,No le da mantenimiento,De 38 a 40 litros (hasta 2 personas)
8130,1,1,3,0,1,1,4,De gas instantáneo de paso,Nuevo,No le da mantenimiento,
8131,1,1,1,9,1,20,2,De gas con deposito,Nuevo,Cada año,No sabe
8133,1,1,6,1,2,10,3,De leña,Usado,Cada 2 años,De 38 a 40 litros (hasta 2 personas)
8135,1,1,7,3,1,1,4,Solar,Nuevo,No le da mantenimiento,De 70 a 80 litros (hasta 4 personas)
8137,1,1,1,1,1,4,4,De gas con deposito,Nuevo,No le da mantenimiento,De 38 a 40 litros (hasta 2 personas)
8138,1,1,1,2,2,99,2,De gas con deposito,Usado,Cada año,De 50 a 60 litros (hasta 3 personas)
8139,1,1,3,0,1,1,4,De gas instantáneo de paso,Nuevo,No le da mantenimiento,
8140,1,1,1,9,2,99,4,De gas con deposito,Usado,No le da mantenimiento,No sabe
8141,1,2,2,0,2,15,2,De gas de rápida recuperación,Usado,Cada año,
8141,1,1,7,6,1,7,2,Solar,Nuevo,Cada año,Más de 140 litros (más de 7 personas)
8142,1,1,2,0,1,5,2,De gas de rápida recuperación,Nuevo,Cada año,
8143,1,1,1,9,1,10,1,De gas con deposito,Nuevo,Cada 6 meses,No sabe
8144,1,1,7,4,1,3,4,Solar,Nuevo,No le da mantenimiento,De 90 a 110 litros (hasta 6 personas)
8145,1,1,3,0,1,5,1,De gas instantáneo de paso,Nuevo,Cada 6 meses,
8146,1,1,1,4,1,5,2,De gas con deposito,Nuevo,Cada año,De 90 a 110 litros (hasta 6 personas)
8147,1,1,6,3,1,2,4,De leña,Nuevo,No le da mantenimiento,De 70 a 80 litros (hasta 4 personas)
8148,1,1,6,1,2,5,1,De leña,Usado,Cada 6 meses,De 38 a 40 litros (hasta 2 personas)
8150,1,1,6,1,1,4,1,De leña,Nuevo,Cada 6 meses,De 38 a 40 litros (hasta 2 personas)
8151,1,1,4,0,1,3,4,Eléctrico instantáneo de paso,Nuevo,No le da mantenimiento,
8152,1,1,1,3,2,99,4,De gas con deposito,Usado,No le da mantenimiento,De 70 a 80 litros (hasta 4 personas)
8153,1,1,7,6,1,6,4,Solar,Nuevo,No le da mantenimiento,Más de 140 litros (más de 7 personas)
8154,1,1,3,0,1,15,4,De gas instantáneo de paso,Nuevo,No le da mantenimiento,
8155,1,1,2,0,1,1,4,De gas de rápida recuperación,Nuevo,No le da mantenimiento,
8156,1,1,1,9,1,3,4,De gas con deposito,Nuevo,No le da mantenimiento,No sabe
8157,1,1,1,1,1,26,1,De gas con deposito,Nuevo,Cada 6 meses,De 38 a 40 litros (hasta 2 personas)
8158,1,1,1,2,1,20,2,De gas con deposito,Nuevo,Cada año,De 50 a 60 litros (hasta 3 personas)
8160,1,1,7,4,1,2,2,Solar,Nuevo,Cada año,De 90 a 110 litros (hasta 6 personas)
8163,1,1,1,1,1,4,2,De gas con deposito,Nuevo,Cada año,De 38 a 40 litros (hasta 2 personas)
8164,1,1,3,0,1,1,4,De gas instantáneo de paso,Nuevo,No le da mantenimiento,
8169,1,1,2,0,1,4,4,De gas de rápida recuperación,Nuevo,No le da mantenimiento,
8171,1,1,3,0,1,8,3,De gas instantáneo de paso,Nuevo,Cada 2 años,
8172,1,1,3,0,1,8,2,De gas instantáneo de paso,Nuevo,Cada año,
8173,1,1,3,0,1,1,4,De gas instantáneo de paso,Nuevo,No le da mantenimiento,
8175,1,1,3,0,1,5,4,De gas instantáneo de paso,Nuevo,No le da mantenimiento,
8176,1,1,1,2,1,2,1,De gas con deposito,Nuevo,Cada 6 meses,De 50 a 60 litros (hasta 3 personas)
8177,1,2,7,6,1,2,4,Solar,Nuevo,No le da mantenimiento,Más de 140 litros (más de 7 personas)
8177,1,1,4,0,1,2,4,Eléctrico instantáneo de paso,Nuevo,No le da mantenimiento,
8178,1,1,7,4,2,99,4,Solar,Usado,No le da mantenimiento,De 90 a 110 litros (hasta 6 personas)
8179,1,1,7,5,1,2,4,Solar,Nuevo,No le da mantenimiento,De 120 a 140 litros (hasta 7 personas)
8181,1,1,7,3,1,1,4,Solar,Nuevo,No le da mantenimiento,De 70 a 80 litros (hasta 4 personas)
8182,1,1,1,2,2,1,4,De gas con deposito,Usado,No le da mantenimiento,De 50 a 60 litros (hasta 3 personas)
8183,1,1,1,4,2,99,4,De gas con deposito,Usado,No le da mantenimiento,De 90 a 110 litros (hasta 6 personas)
8184,1,1,1,9,1,7,1,De gas con deposito,Nuevo,Cada 6 meses,No sabe
8185,1,1,1,3,1,3,2,De gas con deposito,Nuevo,Cada año,De 70 a 80 litros (hasta 4 personas)
8186,1,1,3,0,1,1,4,De gas instantáneo de paso,Nuevo,No le da mantenimiento,
8188,1,1,7,9,1,4,2,Solar,Nuevo,Cada año,No sabe
8189,1,1,3,0,1,5,4,De gas instantáneo de paso,Nuevo,No le da mantenimiento,
8190,1,1,1,1,1,6,4,De gas con deposito,Nuevo,No le da mantenimiento,De 38 a 40 litros (hasta 2 personas)
8191,1,2,7,9,1,3,2,Solar,Nuevo,Cada año,No sabe
8191,1,1,1,9,1,15,4,De gas con deposito,Nuevo,No le da mantenimiento,No sabe
8192,1,1,6,1,1,30,4,De leña,Nuevo,No le da mantenimiento,De 38 a 40 litros (hasta 2 personas)
8193,1,1,1,2,2,2,4,De gas con deposito,Usado,No le da mantenimiento,De 50 a 60 litros (hasta 3 personas)
8194,1,1,1,1,1,5,4,De gas con deposito,Nuevo,No le da mantenimiento,De 38 a 40 litros (hasta 2 personas)
8195,1,1,1,1,1,10,4,De gas con deposito,Nuevo,No le da mantenimiento,De 38 a 40 litros (hasta 2 personas)
8196,1,1,2,0,1,2,2,De gas de rápida recuperación,Nuevo,Cada año,
8197,1,1,1,3,2,99,4,De gas con deposito,Usado,No le da mantenimiento,De 70 a 80 litros (hasta 4 personas)
8198,1,1,1,1,1,10,4,De gas con deposito,Nuevo,No le da mantenimiento,De 38 a 40 litros (hasta 2 personas)
8199,1,1,2,0,1,13,1,De gas de rápida recuperación,Nuevo,Cada 6 meses,
8200,1,1,6,1,2,5,4,De leña,Usado,No le da mantenimiento,De 38 a 40 litros (hasta 2 personas)
8204,1,1,7,6,1,4,4,Solar,Nuevo,No le da mantenimiento,Más de 140 litros (más de 7 personas)
8205,1,1,1,2,2,99,4,De gas con deposito,Usado,No le da mantenimiento,De 50 a 60 litros (hasta 3 personas)
8206,1,1,1,9,1,3,4,De gas con deposito,Nuevo,No le da mantenimiento,No sabe
8210,1,1,1,1,1,15,4,De gas con deposito,Nuevo,No le da mantenimiento,De 38 a 40 litros (hasta 2 personas)
8211,1,1,1,1,1,13,2,De gas con deposito,Nuevo,Cada año,De 38 a 40 litros (hasta 2 personas)
8212,1,1,3,0,1,3,4,De gas instantáneo de paso,Nuevo,No le da mantenimiento,
8213,1,1,2,0,1,3,1,De gas de rápida recuperación,Nuevo,Cada 6 meses,
8214,1,1,7,2,1,1,1,Solar,Nuevo,Cada 6 meses,De 50 a 60 litros (hasta 3 personas)
8215,1,1,7,3,1,3,2,Solar,Nuevo,Cada año,De 70 a 80 litros (hasta 4 personas)
8220,1,1,6,3,1,4,4,De leña,Nuevo,No le da mantenimiento,De 70 a 80 litros (hasta 4 personas)
8221,1,1,6,1,1,1,4,De leña,Nuevo,No le da mantenimiento,De 38 a 40 litros (hasta 2 personas)
8222,1,1,3,0,1,4,3,De gas instantáneo de paso,Nuevo,Cada 2 años,
8222,1,2,7,4,1,1,4,Solar,Nuevo,No le da mantenimiento,De 90 a 110 litros (hasta 6 personas)
8223,1,1,2,0,1,16,1,De gas de rápida recuperación,Nuevo,Cada 6 meses,
8224,1,2,2,0,1,99,4,De gas de rápida recuperación,Nuevo,No le da mantenimiento,
8224,1,1,4,0,1,1,4,Eléctrico instantáneo de paso,Nuevo,No le da mantenimiento,
8225,1,1,1,1,1,5,2,De gas con deposito,Nuevo,Cada año,De 38 a 40 litros (hasta 2 personas)
8227,1,1,6,1,2,20,4,De leña,Usado,No le da mantenimiento,De 38 a 40 litros (hasta 2 personas)
8228,1,1,6,9,1,2,4,De leña,Nuevo,No le da mantenimiento,No sabe
8230,1,1,6,1,2,7,2,De leña,Usado,Cada año,De 38 a 40 litros (hasta 2 personas)
8231,1,1,1,9,1,15,4,De gas con deposito,Nuevo,No le da mantenimiento,No sabe
8232,1,1,7,3,1,3,1,Solar,Nuevo,Cada 6 meses,De 70 a 80 litros (hasta 4 personas)
8232,1,2,4,0,1,3,1,Eléctrico instantáneo de paso,Nuevo,Cada 6 meses,
8233,1,1,3,0,1,3,4,De gas instantáneo de paso,Nuevo,No le da mantenimiento,
8233,1,2,7,3,1,3,4,Solar,Nuevo,No le da mantenimiento,De 70 a 80 litros (hasta 4 personas)
8234,1,1,5,9,1,15,4,Eléctrico con depósito,Nuevo,No le da mantenimiento,No sabe
8235,1,1,1,9,2,99,1,De gas con deposito,Usado,Cada 6 meses,No sabe
8236,1,1,1,6,1,41,2,De gas con deposito,Nuevo,Cada año,Más de 140 litros (más de 7 personas)
8237,1,1,1,1,1,2,4,De gas con deposito,Nuevo,No le da mantenimiento,De 38 a 40 litros (hasta 2 personas)
8239,1,1,1,2,1,2,4,De gas con deposito,Nuevo,No le da mantenimiento,De 50 a 60 litros (hasta 3 personas)
8240,1,1,1,1,1,8,1,De gas con deposito,Nuevo,Cada 6 meses,De 38 a 40 litros (hasta 2 personas)
8242,1,1,1,9,1,2,1,De gas con deposito,Nuevo,Cada 6 meses,No sabe
8243,1,1,4,0,1,1,4,Eléctrico instantáneo de paso,Nuevo,No le da mantenimiento,
8244,1,1,6,1,2,1,1,De leña,Usado,Cada 6 meses,De 38 a 40 litros (hasta 2 personas)
8245,1,1,3,0,1,5,1,De gas instantáneo de paso,Nuevo,Cada 6 meses,
8246,1,1,1,1,1,3,2,De gas con deposito,Nuevo,Cada año,De 38 a 40 litros (hasta 2 personas)
8247,1,1,2,0,1,1,2,De gas de rápida recuperación,Nuevo,Cada año,
8249,1,1,1,2,1,17,2,De gas con deposito,Nuevo,Cada año,De 50 a 60 litros (hasta 3 personas)
8250,1,1,1,9,1,1,1,De gas con deposito,Nuevo,Cada 6 meses,No sabe
8257,1,1,1,1,1,4,3,De gas con deposito,Nuevo,Cada 2 años,De 38 a 40 litros (hasta 2 personas)
8259,1,1,3,0,1,1,4,De gas instantáneo de paso,Nuevo,No le da mantenimiento,
8260,1,1,1,2,1,1,2,De gas con deposito,Nuevo,Cada año,De 50 a 60 litros (hasta 3 personas)
8262,1,1,1,2,1,15,1,De gas con deposito,Nuevo,Cada 6 meses,De 50 a 60 litros (hasta 3 personas)
8265,1,1,1,6,1,12,1,De gas con deposito,Nuevo,Cada 6 meses,Más de 140 litros (más de 7 personas)
8266,1,1,2,0,2,3,4,De gas de rápida recuperación,Usado,No le da mantenimiento,
8269,1,1,1,4,1,10,4,De gas con deposito,Nuevo,No le da mantenimiento,De 90 a 110 litros (hasta 6 personas)
8270,1,1,6,9,2,20,2,De leña,Usado,Cada año,No sabe
8276,1,1,3,0,1,1,1,De gas instantáneo de paso,Nuevo,Cada 6 meses,
8279,1,1,3,0,1,4,1,De gas instantáneo de paso,Nuevo,Cada 6 meses,
8280,1,1,1,1,1,15,2,De gas con deposito,Nuevo,Cada año,De 38 a 40 litros (hasta 2 personas)
8283,1,1,1,2,1,5,1,De gas con deposito,Nuevo,Cada 6 meses,De 50 a 60 litros (hasta 3 personas)
8286,1,1,1,4,1,3,1,De gas con deposito,Nuevo,Cada 6 meses,De 90 a 110 litros (hasta 6 personas)
8287,1,1,5,1,1,15,2,Eléctrico con depósito,Nuevo,Cada año,De 38 a 40 litros (hasta 2 personas)
8288,1,1,1,9,1,99,4,De gas con deposito,Nuevo,No le da mantenimiento,No sabe
8290,1,1,5,3,1,7,3,Eléctrico con depósito,Nuevo,Cada 2 años,De 70 a 80 litros (hasta 4 personas)
8291,1,1,3,0,2,3,4,De gas instantáneo de paso,Usado,No le da mantenimiento,
8293,1,1,1,4,1,5,1,De gas con deposito,Nuevo,Cada 6 meses,De 90 a 110 litros (hasta 6 personas)
8294,1,1,1,2,1,6,4,De gas con deposito,Nuevo,No le da mantenimiento,De 50 a 60 litros (hasta 3 personas)
8295,1,1,1,1,1,15,4,De gas con deposito,Nuevo,No le da mantenimiento,De 38 a 40 litros (hasta 2 personas)
8296,1,1,1,4,1,5,1,De gas con deposito,Nuevo,Cada 6 meses,De 90 a 110 litros (hasta 6 personas)
8297,1,1,1,3,2,99,4,De gas con deposito,Usado,No le da mantenimiento,De 70 a 80 litros (hasta 4 personas)
8298,1,1,4,0,1,3,4,Eléctrico instantáneo de paso,Nuevo,No le da mantenimiento,
8301,1,1,1,1,1,20,4,De gas con deposito,Nuevo,No le da mantenimiento,De 38 a 40 litros (hasta 2 personas)
8302,1,1,4,0,1,1,1,Eléctrico instantáneo de paso,Nuevo,Cada 6 meses,
8305,1,1,6,9,2,10,4,De leña,Usado,No le da mantenimiento,No sabe
8307,1,1,2,0,1,10,4,De gas de rápida recuperación,Nuevo,No le da mantenimiento,
8308,1,1,3,0,1,3,4,De gas instantáneo de paso,Nuevo,No le da mantenimiento,
8310,1,1,1,9,1,15,4,De gas con deposito,Nuevo,No le da mantenimiento,No sabe
8312,1,1,1,9,1,18,1,De gas con deposito,Nuevo,Cada 6 meses,No sabe
8313,1,1,1,4,2,15,4,De gas con deposito,Usado,No le da mantenimiento,De 90 a 110 litros (hasta 6 personas)
8314,1,1,1,3,1,12,4,De gas con deposito,Nuevo,No le da mantenimiento,De 70 a 80 litros (hasta 4 personas)
8316,1,1,1,9,1,10,4,De gas con deposito,Nuevo,No le da mantenimiento,No sabe
8317,1,1,3,0,1,3,4,De gas instantáneo de paso,Nuevo,No le da mantenimiento,
8318,1,1,6,2,2,1,4,De leña,Usado,No le da mantenimiento,De 50 a 60 litros (hasta 3 personas)
8320,1,1,1,1,2,99,3,De gas con deposito,Usado,Cada 2 años,De 38 a 40 litros (hasta 2 personas)
8327,1,1,6,9,2,10,4,De leña,Usado,No le da mantenimiento,No sabe
8329,1,1,2,0,1,2,1,De gas de rápida recuperación,Nuevo,Cada 6 meses,
8330,1,1,6,4,2,2,2,De leña,Usado,Cada año,De 90 a 110 litros (hasta 6 personas)
8331,1,1,1,9,2,5,1,De gas con deposito,Usado,Cada 6 meses,No sabe
8334,1,1,1,1,1,10,1,De gas con deposito,Nuevo,Cada 6 meses,De 38 a 40 litros (hasta 2 personas)
8335,1,1,1,1,1,1,1,De gas con deposito,Nuevo,Cada 6 meses,De 38 a 40 litros (hasta 2 personas)
8336,1,1,1,9,1,10,2,De gas con deposito,Nuevo,Cada año,No sabe
8337,1,1,1,9,2,99,4,De gas con deposito,Usado,No le da mantenimiento,No sabe
8338,1,1,3,0,1,1,2,De gas instantáneo de paso,Nuevo,Cada año,
8344,1,1,1,1,1,5,2,De gas con deposito,Nuevo,Cada año,De 38 a 40 litros (hasta 2 personas)
8345,1,1,5,1,1,6,4,Eléctrico con depósito,Nuevo,No le da mantenimiento,De 38 a 40 litros (hasta 2 personas)
8346,1,1,4,0,1,5,4,Eléctrico instantáneo de paso,Nuevo,No le da mantenimiento,
8348,1,1,1,1,2,6,3,De gas con deposito,Usado,Cada 2 años,De 38 a 40 litros (hasta 2 personas)
8349,1,1,1,4,1,7,4,De gas con deposito,Nuevo,No le da mantenimiento,De 90 a 110 litros (hasta 6 personas)
8353,1,1,1,9,1,1,4,De gas con deposito,Nuevo,No le da mantenimiento,No sabe
8355,1,1,1,1,1,1,4,De gas con deposito,Nuevo,No le da mantenimiento,De 38 a 40 litros (hasta 2 personas)
8357,1,1,1,9,1,1,4,De gas con deposito,Nuevo,No le da mantenimiento,No sabe
8360,1,1,1,2,1,3,1,De gas con deposito,Nuevo,Cada 6 meses,De 50 a 60 litros (hasta 3 personas)
8363,1,1,1,2,1,1,1,De gas con deposito,Nuevo,Cada 6 meses,De 50 a 60 litros (hasta 3 personas)
8364,1,1,6,2,1,1,1,De leña,Nuevo,Cada 6 meses,De 50 a 60 litros (hasta 3 personas)
8370,1,1,4,0,1,1,4,Eléctrico instantáneo de paso,Nuevo,No le da mantenimiento,
8371,1,1,4,0,1,1,4,Eléctrico instantáneo de paso,Nuevo,No le da mantenimiento,
8377,1,1,2,0,1,9,3,De gas de rápida recuperación,Nuevo,Cada 2 años,
8378,1,1,1,9,1,2,1,De gas con deposito,Nuevo,Cada 6 meses,No sabe
8380,1,1,1,9,1,4,4,De gas con deposito,Nuevo,No le da mantenimiento,No sabe
8384,1,1,1,1,1,4,1,De gas con deposito,Nuevo,Cada 6 meses,De 38 a 40 litros (hasta 2 personas)
8386,1,1,5,1,1,15,4,Eléctrico con depósito,Nuevo,No le da mantenimiento,De 38 a 40 litros (hasta 2 personas)
8391,1,1,3,0,1,1,4,De gas instantáneo de paso,Nuevo,No le da mantenimiento,
8392,1,1,6,1,2,99,1,De leña,Usado,Cada 6 meses,De 38 a 40 litros (hasta 2 personas)
8393,1,1,1,1,1,5,2,De gas con deposito,Nuevo,Cada año,De 38 a 40 litros (hasta 2 personas)
8401,1,1,1,4,1,2,1,De gas con deposito,Nuevo,Cada 6 meses,De 90 a 110 litros (hasta 6 personas)
8402,1,1,1,9,1,10,4,De gas con deposito,Nuevo,No le da mantenimiento,No sabe
8403,1,1,1,1,1,5,4,De gas con deposito,Nuevo,No le da mantenimiento,De 38 a 40 litros (hasta 2 personas)
8404,1,1,3,0,1,1,4,De gas instantáneo de paso,Nuevo,No le da mantenimiento,
8405,1,1,6,2,1,99,4,De leña,Nuevo,No le da mantenimiento,De 50 a 60 litros (hasta 3 personas)
8406,1,1,1,1,1,99,2,De gas con deposito,Nuevo,Cada año,De 38 a 40 litros (hasta 2 personas)
8408,1,1,1,3,1,4,4,De gas con deposito,Nuevo,No le da mantenimiento,De 70 a 80 litros (hasta 4 personas)
8409,1,1,1,1,1,40,4,De gas con deposito,Nuevo,No le da mantenimiento,De 38 a 40 litros (hasta 2 personas)
8411,1,1,1,1,2,20,3,De gas con deposito,Usado,Cada 2 años,De 38 a 40 litros (hasta 2 personas)
8414,1,1,3,0,1,3,1,De gas instantáneo de paso,Nuevo,Cada 6 meses,
8416,1,1,1,9,1,11,4,De gas con deposito,Nuevo,No le da mantenimiento,No sabe
8417,1,1,1,3,1,9,4,De gas con deposito,Nuevo,No le da mantenimiento,De 70 a 80 litros (hasta 4 personas)
8419,1,1,3,0,1,3,4,De gas instantáneo de paso,Nuevo,No le da mantenimiento,
8421,1,1,6,3,1,2,3,De leña,Nuevo,Cada 2 años,De 70 a 80 litros (hasta 4 personas)
8426,1,1,6,2,1,1,4,De leña,Nuevo,No le da mantenimiento,De 50 a 60 litros (hasta 3 personas)
8427,1,1,6,1,1,1,4,De leña,Nuevo,No le da mantenimiento,De 38 a 40 litros (hasta 2 personas)
8428,1,1,1,1,1,3,4,De gas con deposito,Nuevo,No le da mantenimiento,De 38 a 40 litros (hasta 2 personas)
8429,1,1,6,2,1,1,4,De leña,Nuevo,No le da mantenimiento,De 50 a 60 litros (hasta 3 personas)
8434,1,1,1,2,1,10,2,De gas con deposito,Nuevo,Cada año,De 50 a 60 litros (hasta 3 personas)
8435,1,1,6,9,2,5,4,De leña,Usado,No le da mantenimiento,No sabe
8436,1,1,4,0,1,2,2,Eléctrico instantáneo de paso,Nuevo,Cada año,
8437,1,1,6,4,1,5,1,De leña,Nuevo,Cada 6 meses,De 90 a 110 litros (hasta 6 personas)
8439,1,1,6,1,1,1,1,De leña,Nuevo,Cada 6 meses,De 38 a 40 litros (hasta 2 personas)
8440,1,1,2,0,2,99,1,De gas de rápida recuperación,Usado,Cada 6 meses,
8442,1,1,1,4,1,20,4,De gas con deposito,Nuevo,No le da mantenimiento,De 90 a 110 litros (hasta 6 personas)
8443,1,1,1,9,2,99,3,De gas con deposito,Usado,Cada 2 años,No sabe
8444,1,1,7,4,1,5,2,Solar,Nuevo,Cada año,De 90 a 110 litros (hasta 6 personas)
8445,1,1,1,3,1,30,2,De gas con deposito,Nuevo,Cada año,De 70 a 80 litros (hasta 4 personas)
8446,1,1,6,9,2,99,3,De leña,Usado,Cada 2 años,No sabe
8447,1,1,4,0,1,2,2,Eléctrico instantáneo de paso,Nuevo,Cada año,
8448,1,1,1,9,1,15,4,De gas con deposito,Nuevo,No le da mantenimiento,No sabe
8449,1,1,7,1,1,1,1,Solar,Nuevo,Cada 6 meses,De 38 a 40 litros (hasta 2 personas)
8450,1,1,5,1,1,10,3,Eléctrico con depósito,Nuevo,Cada 2 años,De 38 a 40 litros (hasta 2 personas)
8451,1,1,6,1,2,99,4,De leña,Usado,No le da mantenimiento,De 38 a 40 litros (hasta 2 personas)
8453,1,1,1,1,1,14,4,De gas con deposito,Nuevo,No le da mantenimiento,De 38 a 40 litros (hasta 2 personas)
8454,1,1,1,1,1,10,3,De gas con deposito,Nuevo,Cada 2 años,De 38 a 40 litros (hasta 2 personas)
8455,1,1,4,0,1,3,4,Eléctrico instantáneo de paso,Nuevo,No le da mantenimiento,
8456,1,1,2,0,1,1,1,De gas de rápida recuperación,Nuevo,Cada 6 meses,
8457,1,1,6,5,2,6,4,De leña,Usado,No le da mantenimiento,De 120 a 140 litros (hasta 7 personas)
8459,1,1,6,3,1,5,2,De leña,Nuevo,Cada año,De 70 a 80 litros (hasta 4 personas)
8461,1,1,6,9,2,1,4,De leña,Usado,No le da mantenimiento,No sabe
8463,1,1,6,1,1,10,4,De leña,Nuevo,No le da mantenimiento,De 38 a 40 litros (hasta 2 personas)
8464,1,1,1,9,1,4,4,De gas con deposito,Nuevo,No le da mantenimiento,No sabe
8469,1,1,6,9,1,8,2,De leña,Nuevo,Cada año,No sabe
8472,1,1,6,4,1,5,2,De leña,Nuevo,Cada año,De 90 a 110 litros (hasta 6 personas)
8475,1,1,6,3,2,5,4,De leña,Usado,No le da mantenimiento,De 70 a 80 litros (hasta 4 personas)
8476,1,1,6,1,1,2,4,De leña,Nuevo,No le da mantenimiento,De 38 a 40 litros (hasta 2 personas)
8478,1,1,3,0,1,1,4,De gas instantáneo de paso,Nuevo,No le da mantenimiento,
8480,1,1,6,2,1,2,4,De leña,Nuevo,No le da mantenimiento,De 50 a 60 litros (hasta 3 personas)
8481,1,1,3,0,1,3,4,De gas instantáneo de paso,Nuevo,No le da mantenimiento,
8482,1,1,6,2,1,6,4,De leña,Nuevo,No le da mantenimiento,De 50 a 60 litros (hasta 3 personas)
8484,1,1,1,3,1,1,4,De gas con deposito,Nuevo,No le da mantenimiento,De 70 a 80 litros (hasta 4 personas)
8492,1,1,6,3,1,12,1,De leña,Nuevo,Cada 6 meses,De 70 a 80 litros (hasta 4 personas)
8494,1,1,6,9,2,99,1,De leña,Usado,Cada 6 meses,No sabe
8497,1,1,6,2,1,10,3,De leña,Nuevo,Cada 2 años,De 50 a 60 litros (hasta 3 personas)
8499,1,1,1,2,1,15,2,De gas con deposito,Nuevo,Cada año,De 50 a 60 litros (hasta 3 personas)
8506,1,1,1,3,1,5,2,De gas con deposito,Nuevo,Cada año,De 70 a 80 litros (hasta 4 personas)
8510,1,1,6,9,1,15,3,De leña,Nuevo,Cada 2 años,No sabe
8513,1,1,1,9,1,2,1,De gas con deposito,Nuevo,Cada 6 meses,No sabe
8515,1,1,3,0,2,99,4,De gas instantáneo de paso,Usado,No le da mantenimiento,
8517,1,1,2,0,1,14,4,De gas de rápida recuperación,Nuevo,No le da mantenimiento,
8518,1,1,5,9,1,1,4,Eléctrico con depósito,Nuevo,No le da mantenimiento,No sabe
8519,1,1,6,9,1,23,4,De leña,Nuevo,No le da mantenimiento,No sabe
8520,1,1,5,1,1,8,4,Eléctrico con depósito,Nuevo,No le da mantenimiento,De 38 a 40 litros (hasta 2 personas)
8521,1,1,3,0,1,6,4,De gas instantáneo de paso,Nuevo,No le da mantenimiento,
8523,1,1,1,3,1,15,4,De gas con deposito,Nuevo,No le da mantenimiento,De 70 a 80 litros (hasta 4 personas)
8524,1,1,1,9,1,8,4,De gas con deposito,Nuevo,No le da mantenimiento,No sabe
8525,1,1,6,3,2,5,2,De leña,Usado,Cada año,De 70 a 80 litros (hasta 4 personas)
8528,1,1,1,4,2,15,4,De gas con deposito,Usado,No le da mantenimiento,De 90 a 110 litros (hasta 6 personas)
8534,1,1,7,3,1,1,4,Solar,Nuevo,No le da mantenimiento,De 70 a 80 litros (hasta 4 personas)
8535,1,1,6,9,1,15,4,De leña,Nuevo,No le da mantenimiento,No sabe
8536,1,1,7,3,1,10,4,Solar,Nuevo,No le da mantenimiento,De 70 a 80 litros (hasta 4 personas)
8537,1,1,2,0,1,99,2,De gas de rápida recuperación,Nuevo,Cada año,
8538,1,1,1,9,1,99,4,De gas con deposito,Nuevo,No le da mantenimiento,No sabe
8539,1,1,1,4,1,99,2,De gas con deposito,Nuevo,Cada año,De 90 a 110 litros (hasta 6 personas)
8539,1,2,7,3,1,1,4,Solar,Nuevo,No le da mantenimiento,De 70 a 80 litros (hasta 4 personas)
8540,1,1,1,6,1,3,2,De gas con deposito,Nuevo,Cada año,Más de 140 litros (más de 7 personas)
8541,1,1,7,4,1,4,4,Solar,Nuevo,No le da mantenimiento,De 90 a 110 litros (hasta 6 personas)
8542,1,1,1,9,1,30,4,De gas con deposito,Nuevo,No le da mantenimiento,No sabe
8543,1,1,1,3,2,99,2,De gas con deposito,Usado,Cada año,De 70 a 80 litros (hasta 4 personas)
8544,1,1,1,9,1,1,4,De gas con deposito,Nuevo,No le da mantenimiento,No sabe
8545,1,1,1,9,1,15,4,De gas con deposito,Nuevo,No le da mantenimiento,No sabe
8547,1,1,7,4,1,2,2,Solar,Nuevo,Cada año,De 90 a 110 litros (hasta 6 personas)
8548,1,1,7,4,1,4,2,Solar,Nuevo,Cada año,De 90 a 110 litros (hasta 6 personas)
8549,1,1,1,9,1,30,2,De gas con deposito,Nuevo,Cada año,No sabe
8550,1,1,1,4,1,20,2,De gas con deposito,Nuevo,Cada año,De 90 a 110 litros (hasta 6 personas)
8551,1,1,2,0,1,6,3,De gas de rápida recuperación,Nuevo,Cada 2 años,
8552,1,1,2,0,1,10,4,De gas de rápida recuperación,Nuevo,No le da mantenimiento,
8553,1,1,6,2,1,8,1,De leña,Nuevo,Cada 6 meses,De 50 a 60 litros (hasta 3 personas)
8554,1,1,6,3,2,7,1,De leña,Usado,Cada 6 meses,De 70 a 80 litros (hasta 4 personas)
8556,1,1,1,3,1,15,4,De gas con deposito,Nuevo,No le da mantenimiento,De 70 a 80 litros (hasta 4 personas)
8557,1,1,7,3,1,10,2,Solar,Nuevo,Cada año,De 70 a 80 litros (hasta 4 personas)
8558,1,1,1,2,2,15,4,De gas con deposito,Usado,No le da mantenimiento,De 50 a 60 litros (hasta 3 personas)
8559,1,1,3,0,1,4,1,De gas instantáneo de paso,Nuevo,Cada 6 meses,
8560,1,1,1,3,1,15,1,De gas con deposito,Nuevo,Cada 6 meses,De 70 a 80 litros (hasta 4 personas)
8561,1,1,3,0,1,5,1,De gas instantáneo de paso,Nuevo,Cada 6 meses,
8563,1,1,7,3,1,1,4,Solar,Nuevo,No le da mantenimiento,De 70 a 80 litros (hasta 4 personas)
8565,1,1,6,1,1,5,4,De leña,Nuevo,No le da mantenimiento,De 38 a 40 litros (hasta 2 personas)
8566,1,1,6,1,1,4,2,De leña,Nuevo,Cada año,De 38 a 40 litros (hasta 2 personas)
8567,1,1,6,4,1,1,4,De leña,Nuevo,No le da mantenimiento,De 90 a 110 litros (hasta 6 personas)
8568,1,1,6,3,1,1,4,De leña,Nuevo,No le da mantenimiento,De 70 a 80 litros (hasta 4 personas)
8571,1,1,6,3,1,3,1,De leña,Nuevo,Cada 6 meses,De 70 a 80 litros (hasta 4 personas)
8572,1,1,5,2,2,3,1,Eléctrico con depósito,Usado,Cada 6 meses,De 50 a 60 litros (hasta 3 personas)
8574,1,1,6,2,1,5,1,De leña,Nuevo,Cada 6 meses,De 50 a 60 litros (hasta 3 personas)
8575,1,1,6,3,1,2,4,De leña,Nuevo,No le da mantenimiento,De 70 a 80 litros (hasta 4 personas)
8576,1,1,6,4,1,5,2,De leña,Nuevo,Cada año,De 90 a 110 litros (hasta 6 personas)
8578,1,1,6,9,2,99,4,De leña,Usado,No le da mantenimiento,No sabe
8579,1,1,1,2,1,4,4,De gas con deposito,Nuevo,No le da mantenimiento,De 50 a 60 litros (hasta 3 personas)
8580,1,1,7,9,1,1,4,Solar,Nuevo,No le da mantenimiento,No sabe
8581,1,1,6,2,1,1,4,De leña,Nuevo,No le da mantenimiento,De 50 a 60 litros (hasta 3 personas)
8583,1,1,6,9,1,15,4,De leña,Nuevo,No le da mantenimiento,No sabe
8584,1,1,6,4,1,4,4,De leña,Nuevo,No le da mantenimiento,De 90 a 110 litros (hasta 6 personas)
8585,1,1,7,4,1,1,4,Solar,Nuevo,No le da mantenimiento,De 90 a 110 litros (hasta 6 personas)
8586,1,1,6,4,1,5,4,De leña,Nuevo,No le da mantenimiento,De 90 a 110 litros (hasta 6 personas)
8588,1,1,1,1,1,8,4,De gas con deposito,Nuevo,No le da mantenimiento,De 38 a 40 litros (hasta 2 personas)
8589,1,1,6,9,1,99,2,De leña,Nuevo,Cada año,No sabe
8590,1,1,1,2,1,7,4,De gas con deposito,Nuevo,No le da mantenimiento,De 50 a 60 litros (hasta 3 personas)
8591,1,1,6,1,1,8,4,De leña,Nuevo,No le da mantenimiento,De 38 a 40 litros (hasta 2 personas)
8592,1,1,2,0,1,4,1,De gas de rápida recuperación,Nuevo,Cada 6 meses,
8593,1,1,6,1,1,8,1,De leña,Nuevo,Cada 6 meses,De 38 a 40 litros (hasta 2 personas)
8594,1,1,1,2,1,18,2,De gas con deposito,Nuevo,Cada año,De 50 a 60 litros (hasta 3 personas)
8595,1,1,6,1,1,30,2,De leña,Nuevo,Cada año,De 38 a 40 litros (hasta 2 personas)
8596,1,1,6,1,1,3,4,De leña,Nuevo,No le da mantenimiento,De 38 a 40 litros (hasta 2 personas)
8599,1,1,6,1,2,17,4,De leña,Usado,No le da mantenimiento,De 38 a 40 litros (hasta 2 personas)
8601,1,1,6,2,2,1,1,De leña,Usado,Cada 6 meses,De 50 a 60 litros (hasta 3 personas)
8604,1,1,1,4,1,10,1,De gas con deposito,Nuevo,Cada 6 meses,De 90 a 110 litros (hasta 6 personas)
8606,1,1,6,3,1,2,1,De leña,Nuevo,Cada 6 meses,De 70 a 80 litros (hasta 4 personas)
8607,1,1,3,0,1,2,4,De gas instantáneo de paso,Nuevo,No le da mantenimiento,
8609,1,1,1,9,2,8,1,De gas con deposito,Usado,Cada 6 meses,No sabe
8609,1,2,7,6,1,1,1,Solar,Nuevo,Cada 6 meses,Más de 140 litros (más de 7 personas)
8610,1,1,6,1,1,6,4,De leña,Nuevo,No le da mantenimiento,De 38 a 40 litros (hasta 2 personas)
8611,1,1,6,1,1,3,4,De leña,Nuevo,No le da mantenimiento,De 38 a 40 litros (hasta 2 personas)
8612,1,1,6,1,1,6,4,De leña,Nuevo,No le da mantenimiento,De 38 a 40 litros (hasta 2 personas)
8613,1,1,6,2,1,4,4,De leña,Nuevo,No le da mantenimiento,De 50 a 60 litros (hasta 3 personas)
8615,1,1,6,3,2,10,1,De leña,Usado,Cada 6 meses,De 70 a 80 litros (hasta 4 personas)
8616,1,1,6,6,1,7,2,De leña,Nuevo,Cada año,Más de 140 litros (más de 7 personas)
8617,1,1,7,4,1,1,1,Solar,Nuevo,Cada 6 meses,De 90 a 110 litros (hasta 6 personas)
8619,1,1,6,4,2,14,1,De leña,Usado,Cada 6 meses,De 90 a 110 litros (hasta 6 personas)
8621,1,1,6,9,1,20,4,De leña,Nuevo,No le da mantenimiento,No sabe
8622,1,1,7,3,1,4,2,Solar,Nuevo,Cada año,De 70 a 80 litros (hasta 4 personas)
8624,1,1,6,9,1,12,4,De leña,Nuevo,No le da mantenimiento,No sabe
8625,1,1,6,1,1,2,4,De leña,Nuevo,No le da mantenimiento,De 38 a 40 litros (hasta 2 personas)
8626,1,1,6,2,1,1,4,De leña,Nuevo,No le da mantenimiento,De 50 a 60 litros (hasta 3 personas)
8627,1,1,6,9,1,1,4,De leña,Nuevo,No le da mantenimiento,No sabe
8628,1,1,6,9,2,10,1,De leña,Usado,Cada 6 meses,No sabe
8630,1,1,6,9,1,20,3,De leña,Nuevo,Cada 2 años,No sabe
8632,1,1,6,1,1,5,1,De leña,Nuevo,Cada 6 meses,De 38 a 40 litros (hasta 2 personas)
8633,1,1,3,0,1,1,4,De gas instantáneo de paso,Nuevo,No le da mantenimiento,
8634,1,1,7,9,1,1,4,Solar,Nuevo,No le da mantenimiento,No sabe
8635,1,1,1,9,1,99,4,De gas con deposito,Nuevo,No le da mantenimiento,No sabe
8636,1,1,7,3,1,2,4,Solar,Nuevo,No le da mantenimiento,De 70 a 80 litros (hasta 4 personas)
8637,1,1,6,2,2,10,2,De leña,Usado,Cada año,De 50 a 60 litros (hasta 3 personas)
8639,1,1,7,2,1,2,1,Solar,Nuevo,Cada 6 meses,De 50 a 60 litros (hasta 3 personas)
8642,1,1,6,9,1,1,2,De leña,Nuevo,Cada año,No sabe
8643,1,1,3,0,1,7,4,De gas instantáneo de paso,Nuevo,No le da mantenimiento,
8644,1,1,6,2,1,1,4,De leña,Nuevo,No le da mantenimiento,De 50 a 60 litros (hasta 3 personas)
8645,1,1,2,0,1,2,2,De gas de rápida recuperación,Nuevo,Cada año,
8646,1,1,6,1,2,2,3,De leña,Usado,Cada 2 años,De 38 a 40 litros (hasta 2 personas)
8647,1,2,1,4,1,12,2,De gas con deposito,Nuevo,Cada año,De 90 a 110 litros (hasta 6 personas)
8647,1,1,7,3,1,4,4,Solar,Nuevo,No le da mantenimiento,De 70 a 80 litros (hasta 4 personas)
8648,1,1,1,2,1,9,4,De gas con deposito,Nuevo,No le da mantenimiento,De 50 a 60 litros (hasta 3 personas)
8649,1,1,7,2,1,4,4,Solar,Nuevo,No le da mantenimiento,De 50 a 60 litros (hasta 3 personas)
8650,1,1,7,3,1,4,1,Solar,Nuevo,Cada 6 meses,De 70 a 80 litros (hasta 4 personas)
8651,1,1,6,3,2,5,4,De leña,Usado,No le da mantenimiento,De 70 a 80 litros (hasta 4 personas)
8652,1,1,6,9,1,1,4,De leña,Nuevo,No le da mantenimiento,No sabe
8653,1,1,6,1,2,5,1,De leña,Usado,Cada 6 meses,De 38 a 40 litros (hasta 2 personas)
8654,1,1,1,1,1,5,4,De gas con deposito,Nuevo,No le da mantenimiento,De 38 a 40 litros (hasta 2 personas)
8655,1,1,7,2,1,1,4,Solar,Nuevo,No le da mantenimiento,De 50 a 60 litros (hasta 3 personas)
8656,1,1,1,1,1,4,4,De gas con deposito,Nuevo,No le da mantenimiento,De 38 a 40 litros (hasta 2 personas)
8658,1,1,7,6,1,3,2,Solar,Nuevo,Cada año,Más de 140 litros (más de 7 personas)
8659,1,1,7,3,1,2,4,Solar,Nuevo,No le da mantenimiento,De 70 a 80 litros (hasta 4 personas)
8663,1,1,1,9,1,4,4,De gas con deposito,Nuevo,No le da mantenimiento,No sabe
8665,1,1,6,9,2,1,4,De leña,Usado,No le da mantenimiento,No sabe
8666,1,1,1,9,1,12,4,De gas con deposito,Nuevo,No le da mantenimiento,No sabe
8667,1,1,7,5,1,2,4,Solar,Nuevo,No le da mantenimiento,De 120 a 140 litros (hasta 7 personas)
8668,1,1,6,9,1,8,4,De leña,Nuevo,No le da mantenimiento,No sabe
8669,1,1,1,1,1,10,4,De gas con deposito,Nuevo,No le da mantenimiento,De 38 a 40 litros (hasta 2 personas)
8670,1,1,6,1,1,2,4,De leña,Nuevo,No le da mantenimiento,De 38 a 40 litros (hasta 2 personas)
8671,1,1,6,9,1,4,4,De leña,Nuevo,No le da mantenimiento,No sabe
8672,1,1,6,2,1,4,4,De leña,Nuevo,No le da mantenimiento,De 50 a 60 litros (hasta 3 personas)
8673,1,1,6,9,1,2,2,De leña,Nuevo,Cada año,No sabe
8675,1,1,6,1,1,3,4,De leña,Nuevo,No le da mantenimiento,De 38 a 40 litros (hasta 2 personas)
8676,1,1,6,9,1,20,4,De leña,Nuevo,No le da mantenimiento,No sabe
8677,1,1,6,9,1,2,4,De leña,Nuevo,No le da mantenimiento,No sabe
8678,1,1,6,4,1,9,4,De leña,Nuevo,No le da mantenimiento,De 90 a 110 litros (hasta 6 personas)
8679,1,1,6,9,1,1,4,De leña,Nuevo,No le da mantenimiento,No sabe
8681,1,1,6,1,1,8,4,De leña,Nuevo,No le da mantenimiento,De 38 a 40 litros (hasta 2 personas)
8683,1,1,7,6,1,7,2,Solar,Nuevo,Cada año,Más de 140 litros (más de 7 personas)
8684,1,1,6,9,1,2,4,De leña,Nuevo,No le da mantenimiento,No sabe
8685,1,1,6,1,2,25,4,De leña,Usado,No le da mantenimiento,De 38 a 40 litros (hasta 2 personas)
8686,1,1,7,2,1,1,4,Solar,Nuevo,No le da mantenimiento,De 50 a 60 litros (hasta 3 personas)
8687,1,1,7,1,1,1,1,Solar,Nuevo,Cada 6 meses,De 38 a 40 litros (hasta 2 personas)
8688,1,1,6,9,1,8,4,De leña,Nuevo,No le da mantenimiento,No sabe
8689,1,1,6,1,1,5,4,De leña,Nuevo,No le da mantenimiento,De 38 a 40 litros (hasta 2 personas)
8690,1,1,6,2,1,10,4,De leña,Nuevo,No le da mantenimiento,De 50 a 60 litros (hasta 3 personas)
8691,1,1,6,9,1,2,4,De leña,Nuevo,No le da mantenimiento,No sabe
8692,1,1,1,2,1,99,1,De gas con deposito,Nuevo,Cada 6 meses,De 50 a 60 litros (hasta 3 personas)
8693,1,1,6,1,1,4,1,De leña,Nuevo,Cada 6 meses,De 38 a 40 litros (hasta 2 personas)
8694,1,1,6,1,2,5,1,De leña,Usado,Cada 6 meses,De 38 a 40 litros (hasta 2 personas)
8695,1,1,1,1,1,2,4,De gas con deposito,Nuevo,No le da mantenimiento,De 38 a 40 litros (hasta 2 personas)
8696,1,1,6,9,1,99,4,De leña,Nuevo,No le da mantenimiento,No sabe
8697,1,1,6,3,2,3,4,De leña,Usado,No le da mantenimiento,De 70 a 80 litros (hasta 4 personas)
8698,1,1,7,3,1,1,4,Solar,Nuevo,No le da mantenimiento,De 70 a 80 litros (hasta 4 personas)
8699,1,1,6,9,1,20,4,De leña,Nuevo,No le da mantenimiento,No sabe
8701,1,1,6,3,2,2,1,De leña,Usado,Cada 6 meses,De 70 a 80 litros (hasta 4 personas)
8702,1,1,6,3,1,99,1,De leña,Nuevo,Cada 6 meses,De 70 a 80 litros (hasta 4 personas)
8703,1,1,6,2,2,12,1,De leña,Usado,Cada 6 meses,De 50 a 60 litros (hasta 3 personas)
8704,1,1,6,9,1,4,4,De leña,Nuevo,No le da mantenimiento,No sabe
8705,1,1,6,1,1,2,1,De leña,Nuevo,Cada 6 meses,De 38 a 40 litros (hasta 2 personas)
8706,1,1,7,3,1,1,4,Solar,Nuevo,No le da mantenimiento,De 70 a 80 litros (hasta 4 personas)
8709,1,1,6,9,2,16,4,De leña,Usado,No le da mantenimiento,No sabe
8714,1,1,7,4,1,7,4,Solar,Nuevo,No le da mantenimiento,De 90 a 110 litros (hasta 6 personas)
8718,1,1,6,3,2,3,4,De leña,Usado,No le da mantenimiento,De 70 a 80 litros (hasta 4 personas)
8720,1,1,6,3,1,6,2,De leña,Nuevo,Cada año,De 70 a 80 litros (hasta 4 personas)
8721,1,1,6,1,1,99,4,De leña,Nuevo,No le da mantenimiento,De 38 a 40 litros (hasta 2 personas)
8724,1,1,6,3,1,4,3,De leña,Nuevo,Cada 2 años,De 70 a 80 litros (hasta 4 personas)
8727,1,1,6,1,1,20,4,De leña,Nuevo,No le da mantenimiento,De 38 a 40 litros (hasta 2 personas)
8728,1,1,6,1,1,8,2,De leña,Nuevo,Cada año,De 38 a 40 litros (hasta 2 personas)
8730,1,1,1,9,2,15,4,De gas con deposito,Usado,No le da mantenimiento,No sabe
8733,1,1,1,2,1,3,2,De gas con deposito,Nuevo,Cada año,De 50 a 60 litros (hasta 3 personas)
8735,1,1,6,2,1,99,4,De leña,Nuevo,No le da mantenimiento,De 50 a 60 litros (hasta 3 personas)
8736,1,1,6,2,2,2,4,De leña,Usado,No le da mantenimiento,De 50 a 60 litros (hasta 3 personas)
8737,1,1,6,1,2,4,4,De leña,Usado,No le da mantenimiento,De 38 a 40 litros (hasta 2 personas)
8738,1,1,6,2,1,10,4,De leña,Nuevo,No le da mantenimiento,De 50 a 60 litros (hasta 3 personas)
8739,1,1,6,1,1,1,4,De leña,Nuevo,No le da mantenimiento,De 38 a 40 litros (hasta 2 personas)
8740,1,1,7,9,1,1,4,Solar,Nuevo,No le da mantenimiento,No sabe
8741,1,1,6,1,1,4,4,De leña,Nuevo,No le da mantenimiento,De 38 a 40 litros (hasta 2 personas)
8742,1,1,1,1,1,3,4,De gas con deposito,Nuevo,No le da mantenimiento,De 38 a 40 litros (hasta 2 personas)
8743,1,1,6,1,1,2,4,De leña,Nuevo,No le da mantenimiento,De 38 a 40 litros (hasta 2 personas)
8744,1,1,6,2,1,40,4,De leña,Nuevo,No le da mantenimiento,De 50 a 60 litros (hasta 3 personas)
8745,1,1,7,4,1,1,4,Solar,Nuevo,No le da mantenimiento,De 90 a 110 litros (hasta 6 personas)
8747,1,1,6,1,1,9,4,De leña,Nuevo,No le da mantenimiento,De 38 a 40 litros (hasta 2 personas)
8747,1,2,7,9,1,1,4,Solar,Nuevo,No le da mantenimiento,No sabe
8749,1,1,7,9,1,99,4,Solar,Nuevo,No le da mantenimiento,No sabe
8750,1,1,6,2,1,5,4,De leña,Nuevo,No le da mantenimiento,De 50 a 60 litros (hasta 3 personas)
8751,1,1,7,9,1,1,4,Solar,Nuevo,No le da mantenimiento,No sabe
8752,1,1,7,3,1,1,4,Solar,Nuevo,No le da mantenimiento,De 70 a 80 litros (hasta 4 personas)
8753,1,1,7,6,1,1,4,Solar,Nuevo,No le da mantenimiento,Más de 140 litros (más de 7 personas)
8754,1,1,6,9,1,4,4,De leña,Nuevo,No le da mantenimiento,No sabe
8755,1,1,7,3,1,1,1,Solar,Nuevo,Cada 6 meses,De 70 a 80 litros (hasta 4 personas)
8756,1,1,6,9,1,3,4,De leña,Nuevo,No le da mantenimiento,No sabe
8757,1,1,6,4,2,7,4,De leña,Usado,No le da mantenimiento,De 90 a 110 litros (hasta 6 personas)
8758,1,1,1,9,1,13,4,De gas con deposito,Nuevo,No le da mantenimiento,No sabe
8759,1,1,1,3,2,7,4,De gas con deposito,Usado,No le da mantenimiento,De 70 a 80 litros (hasta 4 personas)
8760,1,1,6,2,1,2,4,De leña,Nuevo,No le da mantenimiento,De 50 a 60 litros (hasta 3 personas)
8761,1,1,2,0,1,13,2,De gas de rápida recuperación,Nuevo,Cada año,
8762,1,1,1,4,1,15,4,De gas con deposito,Nuevo,No le da mantenimiento,De 90 a 110 litros (hasta 6 personas)
8763,1,1,3,0,1,5,1,De gas instantáneo de paso,Nuevo,Cada 6 meses,
8764,1,1,1,4,1,15,2,De gas con deposito,Nuevo,Cada año,De 90 a 110 litros (hasta 6 personas)
8765,1,1,1,4,1,20,2,De gas con deposito,Nuevo,Cada año,De 90 a 110 litros (hasta 6 personas)
8765,1,2,7,4,1,1,4,Solar,Nuevo,No le da mantenimiento,De 90 a 110 litros (hasta 6 personas)
8766,1,2,7,4,1,2,4,Solar,Nuevo,No le da mantenimiento,De 90 a 110 litros (hasta 6 personas)
8766,1,1,2,0,1,1,4,De gas de rápida recuperación,Nuevo,No le da mantenimiento,
8767,1,1,6,9,2,5,4,De leña,Usado,No le da mantenimiento,No sabe
8768,1,1,7,1,1,2,1,Solar,Nuevo,Cada 6 meses,De 38 a 40 litros (hasta 2 personas)
8770,1,1,6,2,1,2,4,De leña,Nuevo,No le da mantenimiento,De 50 a 60 litros (hasta 3 personas)
8771,1,2,7,4,1,3,4,Solar,Nuevo,No le da mantenimiento,De 90 a 110 litros (hasta 6 personas)
8771,1,1,1,5,1,20,4,De gas con deposito,Nuevo,No le da mantenimiento,De 120 a 140 litros (hasta 7 personas)
8772,1,1,6,2,1,2,1,De leña,Nuevo,Cada 6 meses,De 50 a 60 litros (hasta 3 personas)
8773,1,1,7,6,1,4,4,Solar,Nuevo,No le da mantenimiento,Más de 140 litros (más de 7 personas)
8773,1,2,7,6,1,1,4,Solar,Nuevo,No le da mantenimiento,Más de 140 litros (más de 7 personas)
8774,1,1,6,2,2,10,4,De leña,Usado,No le da mantenimiento,De 50 a 60 litros (hasta 3 personas)
8775,1,1,6,1,2,8,4,De leña,Usado,No le da mantenimiento,De 38 a 40 litros (hasta 2 personas)
8776,1,1,3,0,1,1,4,De gas instantáneo de paso,Nuevo,No le da mantenimiento,
8777,1,1,6,2,2,2,4,De leña,Usado,No le da mantenimiento,De 50 a 60 litros (hasta 3 personas)
8778,1,1,6,2,1,20,3,De leña,Nuevo,Cada 2 años,De 50 a 60 litros (hasta 3 personas)
8779,1,1,1,1,2,2,4,De gas con deposito,Usado,No le da mantenimiento,De 38 a 40 litros (hasta 2 personas)
8781,1,1,6,2,2,8,4,De leña,Usado,No le da mantenimiento,De 50 a 60 litros (hasta 3 personas)
8782,1,1,6,2,1,12,4,De leña,Nuevo,No le da mantenimiento,De 50 a 60 litros (hasta 3 personas)
8783,1,1,6,2,1,15,1,De leña,Nuevo,Cada 6 meses,De 50 a 60 litros (hasta 3 personas)
8784,1,1,6,1,1,8,4,De leña,Nuevo,No le da mantenimiento,De 38 a 40 litros (hasta 2 personas)
8786,1,1,6,1,1,11,4,De leña,Nuevo,No le da mantenimiento,De 38 a 40 litros (hasta 2 personas)
8787,1,1,6,3,1,5,4,De leña,Nuevo,No le da mantenimiento,De 70 a 80 litros (hasta 4 personas)
8788,1,1,6,2,1,4,4,De leña,Nuevo,No le da mantenimiento,De 50 a 60 litros (hasta 3 personas)
8790,1,1,6,3,1,5,4,De leña,Nuevo,No le da mantenimiento,De 70 a 80 litros (hasta 4 personas)
8791,1,1,6,3,1,15,4,De leña,Nuevo,No le da mantenimiento,De 70 a 80 litros (hasta 4 personas)
8792,1,1,6,4,1,1,1,De leña,Nuevo,Cada 6 meses,De 90 a 110 litros (hasta 6 personas)
8794,1,1,6,9,2,10,4,De leña,Usado,No le da mantenimiento,No sabe
8798,1,1,6,9,1,4,4,De leña,Nuevo,No le da mantenimiento,No sabe
8800,1,1,6,3,1,4,3,De leña,Nuevo,Cada 2 años,De 70 a 80 litros (hasta 4 personas)
8801,1,1,6,9,1,4,4,De leña,Nuevo,No le da mantenimiento,No sabe
8805,1,1,6,9,1,1,4,De leña,Nuevo,No le da mantenimiento,No sabe
8809,1,1,6,9,1,2,4,De leña,Nuevo,No le da mantenimiento,No sabe
8810,1,1,6,9,1,99,4,De leña,Nuevo,No le da mantenimiento,No sabe
8811,1,1,6,3,1,5,4,De leña,Nuevo,No le da mantenimiento,De 70 a 80 litros (hasta 4 personas)
8812,1,1,6,3,1,99,4,De leña,Nuevo,No le da mantenimiento,De 70 a 80 litros (hasta 4 personas)
8813,1,1,6,1,1,2,4,De leña,Nuevo,No le da mantenimiento,De 38 a 40 litros (hasta 2 personas)
8815,1,1,6,2,1,4,4,De leña,Nuevo,No le da mantenimiento,De 50 a 60 litros (hasta 3 personas)
8817,1,1,1,3,1,1,4,De gas con deposito,Nuevo,No le da mantenimiento,De 70 a 80 litros (hasta 4 personas)
8818,1,1,6,3,1,15,1,De leña,Nuevo,Cada 6 meses,De 70 a 80 litros (hasta 4 personas)
8819,1,1,6,4,1,3,4,De leña,Nuevo,No le da mantenimiento,De 90 a 110 litros (hasta 6 personas)
8820,1,1,6,1,1,3,4,De leña,Nuevo,No le da mantenimiento,De 38 a 40 litros (hasta 2 personas)
8822,1,1,6,1,1,17,4,De leña,Nuevo,No le da mantenimiento,De 38 a 40 litros (hasta 2 personas)
8823,1,1,6,2,1,2,1,De leña,Nuevo,Cada 6 meses,De 50 a 60 litros (hasta 3 personas)
8824,1,1,6,4,1,2,4,De leña,Nuevo,No le da mantenimiento,De 90 a 110 litros (hasta 6 personas)
8825,1,1,7,6,1,2,4,Solar,Nuevo,No le da mantenimiento,Más de 140 litros (más de 7 personas)
8826,1,1,7,3,1,2,2,Solar,Nuevo,Cada año,De 70 a 80 litros (hasta 4 personas)
8827,1,1,7,5,1,1,4,Solar,Nuevo,No le da mantenimiento,De 120 a 140 litros (hasta 7 personas)
8828,1,1,7,6,1,2,4,Solar,Nuevo,No le da mantenimiento,Más de 140 litros (más de 7 personas)
8829,1,1,6,1,1,4,1,De leña,Nuevo,Cada 6 meses,De 38 a 40 litros (hasta 2 personas)
8830,1,1,6,3,1,12,4,De leña,Nuevo,No le da mantenimiento,De 70 a 80 litros (hasta 4 personas)
8831,1,1,6,1,1,20,4,De leña,Nuevo,No le da mantenimiento,De 38 a 40 litros (hasta 2 personas)
8832,1,1,6,1,1,3,4,De leña,Nuevo,No le da mantenimiento,De 38 a 40 litros (hasta 2 personas)
8834,1,1,6,1,1,20,4,De leña,Nuevo,No le da mantenimiento,De 38 a 40 litros (hasta 2 personas)
8836,1,1,6,3,1,2,4,De leña,Nuevo,No le da mantenimiento,De 70 a 80 litros (hasta 4 personas)
8837,1,1,6,2,1,1,4,De leña,Nuevo,No le da mantenimiento,De 50 a 60 litros (hasta 3 personas)
8838,1,1,6,4,1,20,4,De leña,Nuevo,No le da mantenimiento,De 90 a 110 litros (hasta 6 personas)
8840,1,1,6,9,1,99,4,De leña,Nuevo,No le da mantenimiento,No sabe
8842,1,1,6,9,1,5,4,De leña,Nuevo,No le da mantenimiento,No sabe
8844,1,1,6,9,2,4,4,De leña,Usado,No le da mantenimiento,No sabe
8847,1,1,6,2,1,1,4,De leña,Nuevo,No le da mantenimiento,De 50 a 60 litros (hasta 3 personas)
8848,1,1,7,6,1,4,4,Solar,Nuevo,No le da mantenimiento,Más de 140 litros (más de 7 personas)
8849,1,1,6,2,1,5,4,De leña,Nuevo,No le da mantenimiento,De 50 a 60 litros (hasta 3 personas)
8858,1,1,6,3,1,9,1,De leña,Nuevo,Cada 6 meses,De 70 a 80 litros (hasta 4 personas)
8859,1,1,1,3,1,3,2,De gas con deposito,Nuevo,Cada año,De 70 a 80 litros (hasta 4 personas)
8860,1,1,6,9,1,99,4,De leña,Nuevo,No le da mantenimiento,No sabe
8861,1,1,6,2,1,9,1,De leña,Nuevo,Cada 6 meses,De 50 a 60 litros (hasta 3 personas)
8862,1,1,6,3,2,10,4,De leña,Usado,No le da mantenimiento,De 70 a 80 litros (hasta 4 personas)
8864,1,1,6,9,1,5,4,De leña,Nuevo,No le da mantenimiento,No sabe
8865,1,1,6,4,2,2,4,De leña,Usado,No le da mantenimiento,De 90 a 110 litros (hasta 6 personas)
8867,1,1,6,9,1,2,4,De leña,Nuevo,No le da mantenimiento,No sabe
8868,1,1,6,9,1,1,4,De leña,Nuevo,No le da mantenimiento,No sabe
8870,1,1,2,0,1,2,4,De gas de rápida recuperación,Nuevo,No le da mantenimiento,
8873,1,1,1,2,1,10,2,De gas con deposito,Nuevo,Cada año,De 50 a 60 litros (hasta 3 personas)
8875,1,1,7,4,1,1,4,Solar,Nuevo,No le da mantenimiento,De 90 a 110 litros (hasta 6 personas)
8876,1,1,2,0,1,7,4,De gas de rápida recuperación,Nuevo,No le da mantenimiento,
8882,1,1,7,1,1,3,4,Solar,Nuevo,No le da mantenimiento,De 38 a 40 litros (hasta 2 personas)
8888,1,1,1,3,1,4,2,De gas con deposito,Nuevo,Cada año,De 70 a 80 litros (hasta 4 personas)
8889,1,1,1,3,1,20,2,De gas con deposito,Nuevo,Cada año,De 70 a 80 litros (hasta 4 personas)
8890,1,1,1,1,1,5,4,De gas con deposito,Nuevo,No le da mantenimiento,De 38 a 40 litros (hasta 2 personas)
8891,1,1,2,0,1,3,4,De gas de rápida recuperación,Nuevo,No le da mantenimiento,
8892,1,1,1,3,1,5,4,De gas con deposito,Nuevo,No le da mantenimiento,De 70 a 80 litros (hasta 4 personas)
8892,1,2,7,3,1,1,4,Solar,Nuevo,No le da mantenimiento,De 70 a 80 litros (hasta 4 personas)
8893,1,1,1,4,1,5,2,De gas con deposito,Nuevo,Cada año,De 90 a 110 litros (hasta 6 personas)
8896,1,1,1,2,1,15,3,De gas con deposito,Nuevo,Cada 2 años,De 50 a 60 litros (hasta 3 personas)
8897,1,1,2,0,1,5,1,De gas de rápida recuperación,Nuevo,Cada 6 meses,
8898,1,1,1,1,1,7,4,De gas con deposito,Nuevo,No le da mantenimiento,De 38 a 40 litros (hasta 2 personas)
8899,1,1,1,1,1,10,4,De gas con deposito,Nuevo,No le da mantenimiento,De 38 a 40 litros (hasta 2 personas)
8901,1,2,7,3,1,2,4,Solar,Nuevo,No le da mantenimiento,De 70 a 80 litros (hasta 4 personas)
8901,1,1,1,3,1,4,2,De gas con deposito,Nuevo,Cada año,De 70 a 80 litros (hasta 4 personas)
8902,1,1,1,2,2,4,4,De gas con deposito,Usado,No le da mantenimiento,De 50 a 60 litros (hasta 3 personas)
8904,1,1,1,2,2,4,4,De gas con deposito,Usado,No le da mantenimiento,De 50 a 60 litros (hasta 3 personas)
8907,1,1,1,1,1,10,2,De gas con deposito,Nuevo,Cada año,De 38 a 40 litros (hasta 2 personas)
8908,1,1,1,3,1,12,2,De gas con deposito,Nuevo,Cada año,De 70 a 80 litros (hasta 4 personas)
8909,1,1,1,4,1,2,1,De gas con deposito,Nuevo,Cada 6 meses,De 90 a 110 litros (hasta 6 personas)
8910,1,1,1,4,1,4,2,De gas con deposito,Nuevo,Cada año,De 90 a 110 litros (hasta 6 personas)
8914,1,1,1,3,1,8,2,De gas con deposito,Nuevo,Cada año,De 70 a 80 litros (hasta 4 personas)
8921,1,1,1,1,1,18,4,De gas con deposito,Nuevo,No le da mantenimiento,De 38 a 40 litros (hasta 2 personas)
8922,1,1,1,3,1,10,4,De gas con deposito,Nuevo,No le da mantenimiento,De 70 a 80 litros (hasta 4 personas)
8923,1,1,2,0,1,1,4,De gas de rápida recuperación,Nuevo,No le da mantenimiento,
8924,1,1,1,4,2,2,4,De gas con deposito,Usado,No le da mantenimiento,De 90 a 110 litros (hasta 6 personas)
8925,1,1,1,1,1,10,1,De gas con deposito,Nuevo,Cada 6 meses,De 38 a 40 litros (hasta 2 personas)
8926,1,1,1,3,2,6,1,De gas con deposito,Usado,Cada 6 meses,De 70 a 80 litros (hasta 4 personas)
8927,1,1,7,4,1,2,2,Solar,Nuevo,Cada año,De 90 a 110 litros (hasta 6 personas)
8928,1,1,3,0,1,10,1,De gas instantáneo de paso,Nuevo,Cada 6 meses,
8935,1,1,1,1,1,10,4,De gas con deposito,Nuevo,No le da mantenimiento,De 38 a 40 litros (hasta 2 personas)
8937,1,1,1,1,1,1,4,De gas con deposito,Nuevo,No le da mantenimiento,De 38 a 40 litros (hasta 2 personas)
8940,1,1,2,0,2,1,2,De gas de rápida recuperación,Usado,Cada año,
8941,1,1,7,6,1,4,4,Solar,Nuevo,No le da mantenimiento,Más de 140 litros (más de 7 personas)
8944,1,1,1,4,1,8,4,De gas con deposito,Nuevo,No le da mantenimiento,De 90 a 110 litros (hasta 6 personas)
8945,1,1,7,4,1,3,4,Solar,Nuevo,No le da mantenimiento,De 90 a 110 litros (hasta 6 personas)
8949,1,1,1,3,1,7,4,De gas con deposito,Nuevo,No le da mantenimiento,De 70 a 80 litros (hasta 4 personas)
8951,1,1,1,1,1,15,4,De gas con deposito,Nuevo,No le da mantenimiento,De 38 a 40 litros (hasta 2 personas)
8952,1,1,1,1,1,15,4,De gas con deposito,Nuevo,No le da mantenimiento,De 38 a 40 litros (hasta 2 personas)
8953,1,1,1,2,2,5,4,De gas con deposito,Usado,No le da mantenimiento,De 50 a 60 litros (hasta 3 personas)
8954,1,1,7,5,1,1,4,Solar,Nuevo,No le da mantenimiento,De 120 a 140 litros (hasta 7 personas)
8955,1,1,1,1,1,5,2,De gas con deposito,Nuevo,Cada año,De 38 a 40 litros (hasta 2 personas)
8956,1,1,1,4,1,5,4,De gas con deposito,Nuevo,No le da mantenimiento,De 90 a 110 litros (hasta 6 personas)
8957,1,1,1,1,1,1,4,De gas con deposito,Nuevo,No le da mantenimiento,De 38 a 40 litros (hasta 2 personas)
8958,1,1,1,2,1,10,3,De gas con deposito,Nuevo,Cada 2 años,De 50 a 60 litros (hasta 3 personas)
8959,1,1,1,3,1,20,2,De gas con deposito,Nuevo,Cada año,De 70 a 80 litros (hasta 4 personas)
8964,1,1,7,9,1,2,4,Solar,Nuevo,No le da mantenimiento,No sabe
8971,1,1,1,1,1,32,2,De gas con deposito,Nuevo,Cada año,De 38 a 40 litros (hasta 2 personas)
8972,1,1,5,2,2,3,2,Eléctrico con depósito,Usado,Cada año,De 50 a 60 litros (hasta 3 personas)
8980,1,1,7,4,1,2,2,Solar,Nuevo,Cada año,De 90 a 110 litros (hasta 6 personas)
8981,1,1,1,2,1,13,4,De gas con deposito,Nuevo,No le da mantenimiento,De 50 a 60 litros (hasta 3 personas)
8982,1,1,1,1,1,6,4,De gas con deposito,Nuevo,No le da mantenimiento,De 38 a 40 litros (hasta 2 personas)
8983,1,1,1,1,1,8,4,De gas con deposito,Nuevo,No le da mantenimiento,De 38 a 40 litros (hasta 2 personas)
8984,1,1,1,1,1,5,4,De gas con deposito,Nuevo,No le da mantenimiento,De 38 a 40 litros (hasta 2 personas)
8993,1,1,7,2,1,2,1,Solar,Nuevo,Cada 6 meses,De 50 a 60 litros (hasta 3 personas)
8994,1,1,1,2,1,15,4,De gas con deposito,Nuevo,No le da mantenimiento,De 50 a 60 litros (hasta 3 personas)
8995,1,1,2,0,2,99,4,De gas de rápida recuperación,Usado,No le da mantenimiento,
8996,1,1,1,3,2,8,1,De gas con deposito,Usado,Cada 6 meses,De 70 a 80 litros (hasta 4 personas)
8997,1,1,7,3,1,1,4,Solar,Nuevo,No le da mantenimiento,De 70 a 80 litros (hasta 4 personas)
8998,1,1,5,2,1,5,4,Eléctrico con depósito,Nuevo,No le da mantenimiento,De 50 a 60 litros (hasta 3 personas)
8999,1,1,1,4,1,11,1,De gas con deposito,Nuevo,Cada 6 meses,De 90 a 110 litros (hasta 6 personas)
9000,1,1,2,0,1,22,4,De gas de rápida recuperación,Nuevo,No le da mantenimiento,
9001,1,1,1,1,1,3,4,De gas con deposito,Nuevo,No le da mantenimiento,De 38 a 40 litros (hasta 2 personas)
9003,1,1,1,4,1,3,1,De gas con deposito,Nuevo,Cada 6 meses,De 90 a 110 litros (hasta 6 personas)
9006,1,1,1,9,2,99,4,De gas con deposito,Usado,No le da mantenimiento,No sabe
9009,1,1,7,4,1,4,4,Solar,Nuevo,No le da mantenimiento,De 90 a 110 litros (hasta 6 personas)
9013,1,1,1,3,1,10,4,De gas con deposito,Nuevo,No le da mantenimiento,De 70 a 80 litros (hasta 4 personas)
9014,1,1,1,3,1,10,4,De gas con deposito,Nuevo,No le da mantenimiento,De 70 a 80 litros (hasta 4 personas)
9015,1,1,1,3,2,5,4,De gas con deposito,Usado,No le da mantenimiento,De 70 a 80 litros (hasta 4 personas)
9016,1,1,2,0,1,1,4,De gas de rápida recuperación,Nuevo,No le da mantenimiento,
9018,1,2,7,4,1,1,4,Solar,Nuevo,No le da mantenimiento,De 90 a 110 litros (hasta 6 personas)
9018,1,1,2,0,1,3,1,De gas de rápida recuperación,Nuevo,Cada 6 meses,
9019,1,1,1,1,1,2,4,De gas con deposito,Nuevo,No le da mantenimiento,De 38 a 40 litros (hasta 2 personas)
9020,1,1,1,1,1,2,1,De gas con deposito,Nuevo,Cada 6 meses,De 38 a 40 litros (hasta 2 personas)
9021,1,1,7,3,1,1,4,Solar,Nuevo,No le da mantenimiento,De 70 a 80 litros (hasta 4 personas)
9023,1,1,7,9,1,3,2,Solar,Nuevo,Cada año,No sabe
9024,1,1,7,4,1,4,4,Solar,Nuevo,No le da mantenimiento,De 90 a 110 litros (hasta 6 personas)
9024,1,2,1,9,1,4,1,De gas con deposito,Nuevo,Cada 6 meses,No sabe
9025,1,1,1,3,1,10,4,De gas con deposito,Nuevo,No le da mantenimiento,De 70 a 80 litros (hasta 4 personas)
9030,1,1,1,1,1,1,4,De gas con deposito,Nuevo,No le da mantenimiento,De 38 a 40 litros (hasta 2 personas)
9031,1,1,1,9,2,3,4,De gas con deposito,Usado,No le da mantenimiento,No sabe
9033,1,1,3,0,1,1,1,De gas instantáneo de paso,Nuevo,Cada 6 meses,
9034,1,1,1,1,1,7,1,De gas con deposito,Nuevo,Cada 6 meses,De 38 a 40 litros (hasta 2 personas)
9036,1,1,1,1,2,3,2,De gas con deposito,Usado,Cada año,De 38 a 40 litros (hasta 2 personas)
9037,1,1,3,0,2,99,4,De gas instantáneo de paso,Usado,No le da mantenimiento,
9040,1,1,1,3,1,30,4,De gas con deposito,Nuevo,No le da mantenimiento,De 70 a 80 litros (hasta 4 personas)
9041,1,1,1,3,1,10,4,De gas con deposito,Nuevo,No le da mantenimiento,De 70 a 80 litros (hasta 4 personas)
9042,1,1,1,2,1,8,4,De gas con deposito,Nuevo,No le da mantenimiento,De 50 a 60 litros (hasta 3 personas)
9044,1,1,1,4,1,10,3,De gas con deposito,Nuevo,Cada 2 años,De 90 a 110 litros (hasta 6 personas)
9048,1,1,1,1,1,5,4,De gas con deposito,Nuevo,No le da mantenimiento,De 38 a 40 litros (hasta 2 personas)
9049,1,1,1,2,1,2,1,De gas con deposito,Nuevo,Cada 6 meses,De 50 a 60 litros (hasta 3 personas)
9050,1,1,1,3,1,10,3,De gas con deposito,Nuevo,Cada 2 años,De 70 a 80 litros (hasta 4 personas)
9051,1,1,1,1,1,2,2,De gas con deposito,Nuevo,Cada año,De 38 a 40 litros (hasta 2 personas)
9052,1,1,1,2,1,30,1,De gas con deposito,Nuevo,Cada 6 meses,De 50 a 60 litros (hasta 3 personas)
9052,1,2,7,3,1,1,4,Solar,Nuevo,No le da mantenimiento,De 70 a 80 litros (hasta 4 personas)
9053,1,1,1,2,1,5,4,De gas con deposito,Nuevo,No le da mantenimiento,De 50 a 60 litros (hasta 3 personas)
9054,1,1,1,4,1,2,2,De gas con deposito,Nuevo,Cada año,De 90 a 110 litros (hasta 6 personas)
9055,1,1,1,1,1,4,4,De gas con deposito,Nuevo,No le da mantenimiento,De 38 a 40 litros (hasta 2 personas)
9056,1,1,1,3,1,8,1,De gas con deposito,Nuevo,Cada 6 meses,De 70 a 80 litros (hasta 4 personas)
9057,1,1,2,0,1,1,4,De gas de rápida recuperación,Nuevo,No le da mantenimiento,
9057,1,2,7,4,1,1,4,Solar,Nuevo,No le da mantenimiento,De 90 a 110 litros (hasta 6 personas)
9058,1,1,1,4,1,10,4,De gas con deposito,Nuevo,No le da mantenimiento,De 90 a 110 litros (hasta 6 personas)
9059,1,1,2,0,1,10,2,De gas de rápida recuperación,Nuevo,Cada año,
9060,1,2,7,4,1,1,4,Solar,Nuevo,No le da mantenimiento,De 90 a 110 litros (hasta 6 personas)
9060,1,1,1,4,1,8,2,De gas con deposito,Nuevo,Cada año,De 90 a 110 litros (hasta 6 personas)
9061,1,1,1,4,1,1,4,De gas con deposito,Nuevo,No le da mantenimiento,De 90 a 110 litros (hasta 6 personas)
9064,1,1,1,2,1,4,1,De gas con deposito,Nuevo,Cada 6 meses,De 50 a 60 litros (hasta 3 personas)
9065,1,1,1,1,1,15,4,De gas con deposito,Nuevo,No le da mantenimiento,De 38 a 40 litros (hasta 2 personas)
9067,1,1,1,1,1,3,1,De gas con deposito,Nuevo,Cada 6 meses,De 38 a 40 litros (hasta 2 personas)
9068,1,1,1,3,1,37,1,De gas con deposito,Nuevo,Cada 6 meses,De 70 a 80 litros (hasta 4 personas)
9069,1,1,7,4,1,1,4,Solar,Nuevo,No le da mantenimiento,De 90 a 110 litros (hasta 6 personas)
9071,1,1,2,0,2,99,4,De gas de rápida recuperación,Usado,No le da mantenimiento,
9073,1,1,1,2,1,1,4,De gas con deposito,Nuevo,No le da mantenimiento,De 50 a 60 litros (hasta 3 personas)
9074,1,1,7,3,1,1,4,Solar,Nuevo,No le da mantenimiento,De 70 a 80 litros (hasta 4 personas)
9077,1,1,1,4,1,14,4,De gas con deposito,Nuevo,No le da mantenimiento,De 90 a 110 litros (hasta 6 personas)
9078,1,1,1,4,1,17,4,De gas con deposito,Nuevo,No le da mantenimiento,De 90 a 110 litros (hasta 6 personas)
9079,1,1,2,0,1,12,3,De gas de rápida recuperación,Nuevo,Cada 2 años,
9080,1,1,1,1,2,6,4,De gas con deposito,Usado,No le da mantenimiento,De 38 a 40 litros (hasta 2 personas)
9081,1,1,7,4,1,5,4,Solar,Nuevo,No le da mantenimiento,De 90 a 110 litros (hasta 6 personas)
9082,1,1,1,3,2,3,4,De gas con deposito,Usado,No le da mantenimiento,De 70 a 80 litros (hasta 4 personas)
9083,1,1,1,1,2,8,1,De gas con deposito,Usado,Cada 6 meses,De 38 a 40 litros (hasta 2 personas)
9084,1,1,1,2,2,7,4,De gas con deposito,Usado,No le da mantenimiento,De 50 a 60 litros (hasta 3 personas)
9086,1,1,2,0,1,2,4,De gas de rápida recuperación,Nuevo,No le da mantenimiento,
9088,1,1,1,2,1,8,1,De gas con deposito,Nuevo,Cada 6 meses,De 50 a 60 litros (hasta 3 personas)
9089,1,1,2,0,2,1,4,De gas de rápida recuperación,Usado,No le da mantenimiento,
9090,1,1,1,3,2,1,4,De gas con deposito,Usado,No le da mantenimiento,De 70 a 80 litros (hasta 4 personas)
9093,1,1,1,1,1,3,1,De gas con deposito,Nuevo,Cada 6 meses,De 38 a 40 litros (hasta 2 personas)
9094,1,1,2,0,2,5,2,De gas de rápida recuperación,Usado,Cada año,
9095,1,1,7,2,1,2,4,Solar,Nuevo,No le da mantenimiento,De 50 a 60 litros (hasta 3 personas)
9097,1,1,7,1,1,8,4,Solar,Nuevo,No le da mantenimiento,De 38 a 40 litros (hasta 2 personas)
9098,1,1,1,1,2,2,4,De gas con deposito,Usado,No le da mantenimiento,De 38 a 40 litros (hasta 2 personas)
9100,1,1,7,3,1,3,4,Solar,Nuevo,No le da mantenimiento,De 70 a 80 litros (hasta 4 personas)
9102,1,1,1,2,1,1,1,De gas con deposito,Nuevo,Cada 6 meses,De 50 a 60 litros (hasta 3 personas)
9103,1,1,1,2,1,2,1,De gas con deposito,Nuevo,Cada 6 meses,De 50 a 60 litros (hasta 3 personas)
9105,1,1,1,5,1,10,2,De gas con deposito,Nuevo,Cada año,De 120 a 140 litros (hasta 7 personas)
9109,1,1,1,2,1,5,4,De gas con deposito,Nuevo,No le da mantenimiento,De 50 a 60 litros (hasta 3 personas)
9112,1,1,1,1,1,15,3,De gas con deposito,Nuevo,Cada 2 años,De 38 a 40 litros (hasta 2 personas)
9114,1,1,1,1,1,3,4,De gas con deposito,Nuevo,No le da mantenimiento,De 38 a 40 litros (hasta 2 personas)
9116,1,1,1,2,1,8,2,De gas con deposito,Nuevo,Cada año,De 50 a 60 litros (hasta 3 personas)
9116,1,2,7,4,1,3,2,Solar,Nuevo,Cada año,De 90 a 110 litros (hasta 6 personas)
9117,1,1,7,2,1,6,4,Solar,Nuevo,No le da mantenimiento,De 50 a 60 litros (hasta 3 personas)
9117,1,2,2,0,1,6,3,De gas de rápida recuperación,Nuevo,Cada 2 años,
9118,1,2,1,2,1,99,4,De gas con deposito,Nuevo,No le da mantenimiento,De 50 a 60 litros (hasta 3 personas)
9118,1,1,7,4,1,99,4,Solar,Nuevo,No le da mantenimiento,De 90 a 110 litros (hasta 6 personas)
9119,1,1,2,0,1,1,1,De gas de rápida recuperación,Nuevo,Cada 6 meses,
9120,1,1,2,0,1,2,4,De gas de rápida recuperación,Nuevo,No le da mantenimiento,
9122,1,1,7,3,1,1,4,Solar,Nuevo,No le da mantenimiento,De 70 a 80 litros (hasta 4 personas)
9123,1,1,1,3,2,5,4,De gas con deposito,Usado,No le da mantenimiento,De 70 a 80 litros (hasta 4 personas)
9126,1,1,3,0,1,1,4,De gas instantáneo de paso,Nuevo,No le da mantenimiento,
9127,1,1,7,4,1,1,4,Solar,Nuevo,No le da mantenimiento,De 90 a 110 litros (hasta 6 personas)
9132,1,1,7,3,1,1,2,Solar,Nuevo,Cada año,De 70 a 80 litros (hasta 4 personas)
9133,1,1,7,3,1,1,4,Solar,Nuevo,No le da mantenimiento,De 70 a 80 litros (hasta 4 personas)
9135,1,1,2,0,1,5,1,De gas de rápida recuperación,Nuevo,Cada 6 meses,
9136,1,1,1,2,1,9,4,De gas con deposito,Nuevo,No le da mantenimiento,De 50 a 60 litros (hasta 3 personas)
9137,1,1,1,4,1,17,4,De gas con deposito,Nuevo,No le da mantenimiento,De 90 a 110 litros (hasta 6 personas)
9138,1,1,7,3,1,4,2,Solar,Nuevo,Cada año,De 70 a 80 litros (hasta 4 personas)
9139,1,1,7,3,1,3,4,Solar,Nuevo,No le da mantenimiento,De 70 a 80 litros (hasta 4 personas)
9140,1,2,7,3,1,2,4,Solar,Nuevo,No le da mantenimiento,De 70 a 80 litros (hasta 4 personas)
9140,1,1,2,0,1,2,4,De gas de rápida recuperación,Nuevo,No le da mantenimiento,
9143,1,1,2,0,1,2,4,De gas de rápida recuperación,Nuevo,No le da mantenimiento,
9145,1,1,7,4,1,1,4,Solar,Nuevo,No le da mantenimiento,De 90 a 110 litros (hasta 6 personas)
9146,1,1,1,3,1,4,2,De gas con deposito,Nuevo,Cada año,De 70 a 80 litros (hasta 4 personas)
9148,1,1,7,4,1,8,1,Solar,Nuevo,Cada 6 meses,De 90 a 110 litros (hasta 6 personas)
9149,1,1,7,6,1,1,4,Solar,Nuevo,No le da mantenimiento,Más de 140 litros (más de 7 personas)
9150,1,1,1,3,1,15,4,De gas con deposito,Nuevo,No le da mantenimiento,De 70 a 80 litros (hasta 4 personas)
9151,1,1,1,1,1,36,2,De gas con deposito,Nuevo,Cada año,De 38 a 40 litros (hasta 2 personas)
9152,1,1,1,1,2,4,4,De gas con deposito,Usado,No le da mantenimiento,De 38 a 40 litros (hasta 2 personas)
9153,1,1,1,1,1,31,2,De gas con deposito,Nuevo,Cada año,De 38 a 40 litros (hasta 2 personas)
9155,1,1,1,3,1,2,4,De gas con deposito,Nuevo,No le da mantenimiento,De 70 a 80 litros (hasta 4 personas)
9156,1,1,2,0,1,3,4,De gas de rápida recuperación,Nuevo,No le da mantenimiento,
9157,1,1,1,4,2,1,1,De gas con deposito,Usado,Cada 6 meses,De 90 a 110 litros (hasta 6 personas)
9158,1,1,1,1,1,10,3,De gas con deposito,Nuevo,Cada 2 años,De 38 a 40 litros (hasta 2 personas)
9159,1,1,7,3,1,1,4,Solar,Nuevo,No le da mantenimiento,De 70 a 80 litros (hasta 4 personas)
9160,1,1,1,9,1,10,2,De gas con deposito,Nuevo,Cada año,No sabe
9161,1,1,1,2,1,12,4,De gas con deposito,Nuevo,No le da mantenimiento,De 50 a 60 litros (hasta 3 personas)
9163,1,1,1,3,1,8,2,De gas con deposito,Nuevo,Cada año,De 70 a 80 litros (hasta 4 personas)
9164,1,1,1,1,2,15,2,De gas con deposito,Usado,Cada año,De 38 a 40 litros (hasta 2 personas)
9165,1,1,1,3,1,10,4,De gas con deposito,Nuevo,No le da mantenimiento,De 70 a 80 litros (hasta 4 personas)
9166,1,1,1,3,1,2,2,De gas con deposito,Nuevo,Cada año,De 70 a 80 litros (hasta 4 personas)
9166,1,2,7,3,1,2,2,Solar,Nuevo,Cada año,De 70 a 80 litros (hasta 4 personas)
9167,1,1,1,3,2,4,1,De gas con deposito,Usado,Cada 6 meses,De 70 a 80 litros (hasta 4 personas)
9170,1,1,1,2,1,2,1,De gas con deposito,Nuevo,Cada 6 meses,De 50 a 60 litros (hasta 3 personas)
9171,1,1,1,1,1,4,4,De gas con deposito,Nuevo,No le da mantenimiento,De 38 a 40 litros (hasta 2 personas)
9172,1,1,1,1,2,4,4,De gas con deposito,Usado,No le da mantenimiento,De 38 a 40 litros (hasta 2 personas)
9174,1,1,2,0,2,3,1,De gas de rápida recuperación,Usado,Cada 6 meses,
9175,1,1,2,0,1,1,4,De gas de rápida recuperación,Nuevo,No le da mantenimiento,
9176,1,1,1,2,1,14,4,De gas con deposito,Nuevo,No le da mantenimiento,De 50 a 60 litros (hasta 3 personas)
9178,1,1,1,4,1,5,1,De gas con deposito,Nuevo,Cada 6 meses,De 90 a 110 litros (hasta 6 personas)
9178,1,2,7,4,1,1,4,Solar,Nuevo,No le da mantenimiento,De 90 a 110 litros (hasta 6 personas)
9179,1,1,1,4,1,6,2,De gas con deposito,Nuevo,Cada año,De 90 a 110 litros (hasta 6 personas)
9180,1,1,1,4,1,8,1,De gas con deposito,Nuevo,Cada 6 meses,De 90 a 110 litros (hasta 6 personas)
9181,1,1,1,4,1,8,2,De gas con deposito,Nuevo,Cada año,De 90 a 110 litros (hasta 6 personas)
9183,1,1,7,3,1,3,2,Solar,Nuevo,Cada año,De 70 a 80 litros (hasta 4 personas)
9184,1,1,2,0,1,6,2,De gas de rápida recuperación,Nuevo,Cada año,
9185,1,1,1,2,1,5,2,De gas con deposito,Nuevo,Cada año,De 50 a 60 litros (hasta 3 personas)
9185,1,2,7,3,1,1,4,Solar,Nuevo,No le da mantenimiento,De 70 a 80 litros (hasta 4 personas)
9186,1,1,1,2,1,8,2,De gas con deposito,Nuevo,Cada año,De 50 a 60 litros (hasta 3 personas)
9187,1,1,1,2,2,3,1,De gas con deposito,Usado,Cada 6 meses,De 50 a 60 litros (hasta 3 personas)
9188,1,1,1,3,1,17,3,De gas con deposito,Nuevo,Cada 2 años,De 70 a 80 litros (hasta 4 personas)
9189,1,1,7,4,1,4,1,Solar,Nuevo,Cada 6 meses,De 90 a 110 litros (hasta 6 personas)
9192,1,1,1,3,1,15,2,De gas con deposito,Nuevo,Cada año,De 70 a 80 litros (hasta 4 personas)
9193,1,1,1,1,1,8,2,De gas con deposito,Nuevo,Cada año,De 38 a 40 litros (hasta 2 personas)
9194,1,1,1,1,2,1,4,De gas con deposito,Usado,No le da mantenimiento,De 38 a 40 litros (hasta 2 personas)
9195,1,1,1,1,1,2,1,De gas con deposito,Nuevo,Cada 6 meses,De 38 a 40 litros (hasta 2 personas)
9197,1,1,1,3,2,9,4,De gas con deposito,Usado,No le da mantenimiento,De 70 a 80 litros (hasta 4 personas)
9201,1,1,2,0,1,10,4,De gas de rápida recuperación,Nuevo,No le da mantenimiento,
9202,1,1,1,3,1,36,4,De gas con deposito,Nuevo,No le da mantenimiento,De 70 a 80 litros (hasta 4 personas)
9203,1,1,3,0,1,4,1,De gas instantáneo de paso,Nuevo,Cada 6 meses,
9204,1,1,3,0,1,4,2,De gas instantáneo de paso,Nuevo,Cada año,
9205,1,1,3,0,1,4,4,De gas instantáneo de paso,Nuevo,No le da mantenimiento,
9208,1,1,7,3,1,1,4,Solar,Nuevo,No le da mantenimiento,De 70 a 80 litros (hasta 4 personas)
9211,1,1,1,1,1,12,4,De gas con deposito,Nuevo,No le da mantenimiento,De 38 a 40 litros (hasta 2 personas)
9212,1,1,1,1,1,10,3,De gas con deposito,Nuevo,Cada 2 años,De 38 a 40 litros (hasta 2 personas)
9213,1,1,1,3,1,10,3,De gas con deposito,Nuevo,Cada 2 años,De 70 a 80 litros (hasta 4 personas)
9214,1,1,1,1,1,11,2,De gas con deposito,Nuevo,Cada año,De 38 a 40 litros (hasta 2 personas)
9215,1,1,7,6,1,1,4,Solar,Nuevo,No le da mantenimiento,Más de 140 litros (más de 7 personas)
9216,1,1,1,1,2,10,2,De gas con deposito,Usado,Cada año,De 38 a 40 litros (hasta 2 personas)
9217,1,1,1,3,1,5,1,De gas con deposito,Nuevo,Cada 6 meses,De 70 a 80 litros (hasta 4 personas)
9218,1,1,1,3,1,25,4,De gas con deposito,Nuevo,No le da mantenimiento,De 70 a 80 litros (hasta 4 personas)
9219,1,1,2,0,1,1,4,De gas de rápida recuperación,Nuevo,No le da mantenimiento,
9224,1,1,7,4,1,1,4,Solar,Nuevo,No le da mantenimiento,De 90 a 110 litros (hasta 6 personas)
9225,1,1,2,0,1,16,4,De gas de rápida recuperación,Nuevo,No le da mantenimiento,
9226,1,1,1,9,1,16,1,De gas con deposito,Nuevo,Cada 6 meses,No sabe
9227,1,1,3,0,1,2,1,De gas instantáneo de paso,Nuevo,Cada 6 meses,
9228,1,2,7,4,1,6,2,Solar,Nuevo,Cada año,De 90 a 110 litros (hasta 6 personas)
9228,1,1,3,0,1,3,1,De gas instantáneo de paso,Nuevo,Cada 6 meses,
9229,1,1,3,0,1,7,1,De gas instantáneo de paso,Nuevo,Cada 6 meses,
9229,1,2,7,3,1,7,4,Solar,Nuevo,No le da mantenimiento,De 70 a 80 litros (hasta 4 personas)
9230,1,1,1,1,2,4,2,De gas con deposito,Usado,Cada año,De 38 a 40 litros (hasta 2 personas)
9235,1,1,1,1,1,4,2,De gas con deposito,Nuevo,Cada año,De 38 a 40 litros (hasta 2 personas)
9236,1,1,7,3,1,1,4,Solar,Nuevo,No le da mantenimiento,De 70 a 80 litros (hasta 4 personas)
9238,1,1,1,1,1,3,3,De gas con deposito,Nuevo,Cada 2 años,De 38 a 40 litros (hasta 2 personas)
9239,1,1,1,6,2,3,4,De gas con deposito,Usado,No le da mantenimiento,Más de 140 litros (más de 7 personas)
9240,1,1,1,3,1,5,4,De gas con deposito,Nuevo,No le da mantenimiento,De 70 a 80 litros (hasta 4 personas)
9243,1,1,7,3,1,2,4,Solar,Nuevo,No le da mantenimiento,De 70 a 80 litros (hasta 4 personas)
9245,1,1,1,1,1,4,4,De gas con deposito,Nuevo,No le da mantenimiento,De 38 a 40 litros (hasta 2 personas)
9247,1,1,7,3,1,1,4,Solar,Nuevo,No le da mantenimiento,De 70 a 80 litros (hasta 4 personas)
9248,1,1,7,2,1,2,4,Solar,Nuevo,No le da mantenimiento,De 50 a 60 litros (hasta 3 personas)
9249,1,1,2,0,1,3,1,De gas de rápida recuperación,Nuevo,Cada 6 meses,
9250,1,1,3,0,2,1,4,De gas instantáneo de paso,Usado,No le da mantenimiento,
9251,1,1,1,2,1,20,4,De gas con deposito,Nuevo,No le da mantenimiento,De 50 a 60 litros (hasta 3 personas)
9252,1,1,1,1,1,30,3,De gas con deposito,Nuevo,Cada 2 años,De 38 a 40 litros (hasta 2 personas)
9254,1,1,7,4,1,3,4,Solar,Nuevo,No le da mantenimiento,De 90 a 110 litros (hasta 6 personas)
9256,1,1,1,4,1,15,4,De gas con deposito,Nuevo,No le da mantenimiento,De 90 a 110 litros (hasta 6 personas)
9259,1,1,7,6,1,1,4,Solar,Nuevo,No le da mantenimiento,Más de 140 litros (más de 7 personas)
9262,1,1,7,4,1,5,2,Solar,Nuevo,Cada año,De 90 a 110 litros (hasta 6 personas)
9264,1,1,1,1,2,7,2,De gas con deposito,Usado,Cada año,De 38 a 40 litros (hasta 2 personas)
9265,1,1,2,0,1,2,1,De gas de rápida recuperación,Nuevo,Cada 6 meses,
9266,1,1,1,4,1,10,2,De gas con deposito,Nuevo,Cada año,De 90 a 110 litros (hasta 6 personas)
9270,1,1,1,4,1,15,4,De gas con deposito,Nuevo,No le da mantenimiento,De 90 a 110 litros (hasta 6 personas)
9272,1,1,1,2,1,12,4,De gas con deposito,Nuevo,No le da mantenimiento,De 50 a 60 litros (hasta 3 personas)
9273,1,1,1,2,1,10,4,De gas con deposito,Nuevo,No le da mantenimiento,De 50 a 60 litros (hasta 3 personas)
9274,1,1,1,1,1,10,4,De gas con deposito,Nuevo,No le da mantenimiento,De 38 a 40 litros (hasta 2 personas)
9275,1,1,1,3,1,7,4,De gas con deposito,Nuevo,No le da mantenimiento,De 70 a 80 litros (hasta 4 personas)
9276,1,1,1,3,2,2,4,De gas con deposito,Usado,No le da mantenimiento,De 70 a 80 litros (hasta 4 personas)
9278,1,1,1,1,1,5,1,De gas con deposito,Nuevo,Cada 6 meses,De 38 a 40 litros (hasta 2 personas)
9279,1,1,1,1,1,8,4,De gas con deposito,Nuevo,No le da mantenimiento,De 38 a 40 litros (hasta 2 personas)
9282,1,1,1,3,1,24,4,De gas con deposito,Nuevo,No le da mantenimiento,De 70 a 80 litros (hasta 4 personas)
9285,1,1,2,0,1,1,4,De gas de rápida recuperación,Nuevo,No le da mantenimiento,
9287,1,1,2,0,1,1,4,De gas de rápida recuperación,Nuevo,No le da mantenimiento,
9289,1,2,7,5,1,3,2,Solar,Nuevo,Cada año,De 120 a 140 litros (hasta 7 personas)
9289,1,1,2,0,1,4,2,De gas de rápida recuperación,Nuevo,Cada año,
9290,1,1,1,1,1,1,3,De gas con deposito,Nuevo,Cada 2 años,De 38 a 40 litros (hasta 2 personas)
9291,1,1,3,0,1,1,4,De gas instantáneo de paso,Nuevo,No le da mantenimiento,
9292,1,1,7,4,1,2,1,Solar,Nuevo,Cada 6 meses,De 90 a 110 litros (hasta 6 personas)
9293,1,1,1,3,1,20,4,De gas con deposito,Nuevo,No le da mantenimiento,De 70 a 80 litros (hasta 4 personas)
9294,1,1,1,9,1,55,4,De gas con deposito,Nuevo,No le da mantenimiento,No sabe
9295,1,1,1,9,1,20,4,De gas con deposito,Nuevo,No le da mantenimiento,No sabe
9296,1,1,1,3,1,15,1,De gas con deposito,Nuevo,Cada 6 meses,De 70 a 80 litros (hasta 4 personas)
9297,1,1,1,9,1,8,4,De gas con deposito,Nuevo,No le da mantenimiento,No sabe
9298,1,1,1,9,2,3,1,De gas con deposito,Usado,Cada 6 meses,No sabe
9299,1,1,7,2,1,2,2,Solar,Nuevo,Cada año,De 50 a 60 litros (hasta 3 personas)
9300,1,1,7,3,1,1,2,Solar,Nuevo,Cada año,De 70 a 80 litros (hasta 4 personas)
9301,1,1,1,3,2,20,3,De gas con deposito,Usado,Cada 2 años,De 70 a 80 litros (hasta 4 personas)
9302,1,1,1,4,1,12,3,De gas con deposito,Nuevo,Cada 2 años,De 90 a 110 litros (hasta 6 personas)
9303,1,1,1,3,1,30,1,De gas con deposito,Nuevo,Cada 6 meses,De 70 a 80 litros (hasta 4 personas)
9304,1,1,1,9,1,1,4,De gas con deposito,Nuevo,No le da mantenimiento,No sabe
9305,1,1,1,2,1,4,4,De gas con deposito,Nuevo,No le da mantenimiento,De 50 a 60 litros (hasta 3 personas)
9307,1,1,2,0,1,6,1,De gas de rápida recuperación,Nuevo,Cada 6 meses,
9308,1,1,7,3,1,1,4,Solar,Nuevo,No le da mantenimiento,De 70 a 80 litros (hasta 4 personas)
9309,1,1,1,1,1,8,3,De gas con deposito,Nuevo,Cada 2 años,De 38 a 40 litros (hasta 2 personas)
9311,1,1,1,1,1,20,1,De gas con deposito,Nuevo,Cada 6 meses,De 38 a 40 litros (hasta 2 personas)
9315,1,1,7,3,1,6,2,Solar,Nuevo,Cada año,De 70 a 80 litros (hasta 4 personas)
9316,1,1,7,3,1,9,1,Solar,Nuevo,Cada 6 meses,De 70 a 80 litros (hasta 4 personas)
9317,1,1,7,1,2,2,4,Solar,Usado,No le da mantenimiento,De 38 a 40 litros (hasta 2 personas)
9318,1,1,7,6,1,8,2,Solar,Nuevo,Cada año,Más de 140 litros (más de 7 personas)
9319,1,1,7,3,1,3,2,Solar,Nuevo,Cada año,De 70 a 80 litros (hasta 4 personas)
9320,1,1,1,2,1,2,1,De gas con deposito,Nuevo,Cada 6 meses,De 50 a 60 litros (hasta 3 personas)
9323,1,1,7,3,1,1,4,Solar,Nuevo,No le da mantenimiento,De 70 a 80 litros (hasta 4 personas)
9324,1,1,7,4,1,3,4,Solar,Nuevo,No le da mantenimiento,De 90 a 110 litros (hasta 6 personas)
9328,1,1,7,1,1,1,1,Solar,Nuevo,Cada 6 meses,De 38 a 40 litros (hasta 2 personas)
9329,1,1,3,0,2,1,1,De gas instantáneo de paso,Usado,Cada 6 meses,
9331,1,2,7,1,1,3,4,Solar,Nuevo,No le da mantenimiento,De 38 a 40 litros (hasta 2 personas)
9331,1,1,2,0,1,10,4,De gas de rápida recuperación,Nuevo,No le da mantenimiento,
9332,1,1,2,0,1,5,2,De gas de rápida recuperación,Nuevo,Cada año,
9338,1,1,1,1,1,12,4,De gas con deposito,Nuevo,No le da mantenimiento,De 38 a 40 litros (hasta 2 personas)
9340,1,1,3,0,2,10,4,De gas instantáneo de paso,Usado,No le da mantenimiento,
9341,1,1,2,0,1,14,2,De gas de rápida recuperación,Nuevo,Cada año,
9342,1,1,1,2,1,10,2,De gas con deposito,Nuevo,Cada año,De 50 a 60 litros (hasta 3 personas)
9343,1,1,1,9,2,2,4,De gas con deposito,Usado,No le da mantenimiento,No sabe
9344,1,1,1,1,1,7,4,De gas con deposito,Nuevo,No le da mantenimiento,De 38 a 40 litros (hasta 2 personas)
9345,1,1,2,0,1,4,2,De gas de rápida recuperación,Nuevo,Cada año,
9346,1,1,7,2,2,6,4,Solar,Usado,No le da mantenimiento,De 50 a 60 litros (hasta 3 personas)
9348,1,1,7,6,1,1,4,Solar,Nuevo,No le da mantenimiento,Más de 140 litros (más de 7 personas)
9349,1,1,7,4,1,1,4,Solar,Nuevo,No le da mantenimiento,De 90 a 110 litros (hasta 6 personas)
9350,1,2,1,2,2,5,1,De gas con deposito,Usado,Cada 6 meses,De 50 a 60 litros (hasta 3 personas)
9350,1,1,7,4,1,1,4,Solar,Nuevo,No le da mantenimiento,De 90 a 110 litros (hasta 6 personas)
9351,1,1,7,3,1,4,4,Solar,Nuevo,No le da mantenimiento,De 70 a 80 litros (hasta 4 personas)
9352,1,1,7,5,1,5,3,Solar,Nuevo,Cada 2 años,De 120 a 140 litros (hasta 7 personas)
9353,1,1,1,1,1,9,2,De gas con deposito,Nuevo,Cada año,De 38 a 40 litros (hasta 2 personas)
9355,1,1,7,4,1,5,3,Solar,Nuevo,Cada 2 años,De 90 a 110 litros (hasta 6 personas)
9356,1,1,7,5,1,1,4,Solar,Nuevo,No le da mantenimiento,De 120 a 140 litros (hasta 7 personas)
9357,1,1,1,1,1,1,4,De gas con deposito,Nuevo,No le da mantenimiento,De 38 a 40 litros (hasta 2 personas)
9358,1,1,3,0,1,1,4,De gas instantáneo de paso,Nuevo,No le da mantenimiento,
9359,1,1,1,1,1,2,2,De gas con deposito,Nuevo,Cada año,De 38 a 40 litros (hasta 2 personas)
9361,1,1,1,3,2,4,4,De gas con deposito,Usado,No le da mantenimiento,De 70 a 80 litros (hasta 4 personas)
9362,1,1,2,0,1,3,1,De gas de rápida recuperación,Nuevo,Cada 6 meses,
9363,1,1,1,1,1,5,1,De gas con deposito,Nuevo,Cada 6 meses,De 38 a 40 litros (hasta 2 personas)
9364,1,1,2,0,1,5,2,De gas de rápida recuperación,Nuevo,Cada año,
9367,1,1,1,1,1,10,1,De gas con deposito,Nuevo,Cada 6 meses,De 38 a 40 litros (hasta 2 personas)
9368,1,1,1,4,1,4,1,De gas con deposito,Nuevo,Cada 6 meses,De 90 a 110 litros (hasta 6 personas)
9369,1,1,1,2,2,10,4,De gas con deposito,Usado,No le da mantenimiento,De 50 a 60 litros (hasta 3 personas)
9370,1,1,1,3,1,1,1,De gas con deposito,Nuevo,Cada 6 meses,De 70 a 80 litros (hasta 4 personas)
9371,1,1,3,0,2,99,4,De gas instantáneo de paso,Usado,No le da mantenimiento,
9372,1,1,7,3,1,5,4,Solar,Nuevo,No le da mantenimiento,De 70 a 80 litros (hasta 4 personas)
9373,1,2,7,3,1,2,4,Solar,Nuevo,No le da mantenimiento,De 70 a 80 litros (hasta 4 personas)
9373,1,1,2,0,1,10,1,De gas de rápida recuperación,Nuevo,Cada 6 meses,
9374,1,1,2,0,1,2,1,De gas de rápida recuperación,Nuevo,Cada 6 meses,
9375,1,1,2,0,1,4,1,De gas de rápida recuperación,Nuevo,Cada 6 meses,
9380,1,1,1,2,1,11,4,De gas con deposito,Nuevo,No le da mantenimiento,De 50 a 60 litros (hasta 3 personas)
9381,1,1,1,1,1,6,2,De gas con deposito,Nuevo,Cada año,De 38 a 40 litros (hasta 2 personas)
9383,1,1,7,2,1,2,4,Solar,Nuevo,No le da mantenimiento,De 50 a 60 litros (hasta 3 personas)
9386,1,1,1,3,2,20,3,De gas con deposito,Usado,Cada 2 años,De 70 a 80 litros (hasta 4 personas)
9387,1,1,3,0,1,1,1,De gas instantáneo de paso,Nuevo,Cada 6 meses,
9388,1,1,1,1,1,7,4,De gas con deposito,Nuevo,No le da mantenimiento,De 38 a 40 litros (hasta 2 personas)
9389,1,1,1,3,1,3,2,De gas con deposito,Nuevo,Cada año,De 70 a 80 litros (hasta 4 personas)
9391,1,1,1,1,1,10,4,De gas con deposito,Nuevo,No le da mantenimiento,De 38 a 40 litros (hasta 2 personas)
9393,1,1,1,1,1,6,4,De gas con deposito,Nuevo,No le da mantenimiento,De 38 a 40 litros (hasta 2 personas)
9396,1,1,1,1,1,5,2,De gas con deposito,Nuevo,Cada año,De 38 a 40 litros (hasta 2 personas)
9408,1,1,1,1,1,5,4,De gas con deposito,Nuevo,No le da mantenimiento,De 38 a 40 litros (hasta 2 personas)
9409,1,1,1,2,1,20,4,De gas con deposito,Nuevo,No le da mantenimiento,De 50 a 60 litros (hasta 3 personas)
9410,1,1,3,0,1,3,4,De gas instantáneo de paso,Nuevo,No le da mantenimiento,
9411,1,2,7,3,1,1,4,Solar,Nuevo,No le da mantenimiento,De 70 a 80 litros (hasta 4 personas)
9411,1,1,1,1,1,20,2,De gas con deposito,Nuevo,Cada año,De 38 a 40 litros (hasta 2 personas)
9412,1,1,1,2,1,15,4,De gas con deposito,Nuevo,No le da mantenimiento,De 50 a 60 litros (hasta 3 personas)
9417,1,1,1,1,2,10,4,De gas con deposito,Usado,No le da mantenimiento,De 38 a 40 litros (hasta 2 personas)
9419,1,1,7,3,1,2,2,Solar,Nuevo,Cada año,De 70 a 80 litros (hasta 4 personas)
9420,1,1,2,0,2,1,4,De gas de rápida recuperación,Usado,No le da mantenimiento,
9427,1,1,1,2,1,7,4,De gas con deposito,Nuevo,No le da mantenimiento,De 50 a 60 litros (hasta 3 personas)
9438,1,1,7,3,1,3,4,Solar,Nuevo,No le da mantenimiento,De 70 a 80 litros (hasta 4 personas)
9440,1,1,1,2,1,9,1,De gas con deposito,Nuevo,Cada 6 meses,De 50 a 60 litros (hasta 3 personas)
9441,1,1,2,0,1,4,4,De gas de rápida recuperación,Nuevo,No le da mantenimiento,
9442,1,1,1,3,1,3,1,De gas con deposito,Nuevo,Cada 6 meses,De 70 a 80 litros (hasta 4 personas)
9443,1,1,1,3,2,2,4,De gas con deposito,Usado,No le da mantenimiento,De 70 a 80 litros (hasta 4 personas)
9446,1,1,1,1,1,20,4,De gas con deposito,Nuevo,No le da mantenimiento,De 38 a 40 litros (hasta 2 personas)
9447,1,1,5,2,1,15,1,Eléctrico con depósito,Nuevo,Cada 6 meses,De 50 a 60 litros (hasta 3 personas)
9449,1,1,7,4,1,3,4,Solar,Nuevo,No le da mantenimiento,De 90 a 110 litros (hasta 6 personas)
9450,1,1,1,1,1,1,4,De gas con deposito,Nuevo,No le da mantenimiento,De 38 a 40 litros (hasta 2 personas)
9451,1,1,1,3,1,3,4,De gas con deposito,Nuevo,No le da mantenimiento,De 70 a 80 litros (hasta 4 personas)
9453,1,1,1,3,1,2,4,De gas con deposito,Nuevo,No le da mantenimiento,De 70 a 80 litros (hasta 4 personas)
9453,1,2,7,3,1,1,4,Solar,Nuevo,No le da mantenimiento,De 70 a 80 litros (hasta 4 personas)
9455,1,1,7,3,1,2,4,Solar,Nuevo,No le da mantenimiento,De 70 a 80 litros (hasta 4 personas)
9457,1,1,1,3,1,10,2,De gas con deposito,Nuevo,Cada año,De 70 a 80 litros (hasta 4 personas)
9458,1,1,1,3,2,6,4,De gas con deposito,Usado,No le da mantenimiento,De 70 a 80 litros (hasta 4 personas)
9462,1,1,7,2,1,1,4,Solar,Nuevo,No le da mantenimiento,De 50 a 60 litros (hasta 3 personas)
9463,1,1,1,1,1,3,1,De gas con deposito,Nuevo,Cada 6 meses,De 38 a 40 litros (hasta 2 personas)
9464,1,1,7,3,1,1,4,Solar,Nuevo,No le da mantenimiento,De 70 a 80 litros (hasta 4 personas)
9465,1,1,7,3,1,2,4,Solar,Nuevo,No le da mantenimiento,De 70 a 80 litros (hasta 4 personas)
9467,1,1,7,3,1,3,4,Solar,Nuevo,No le da mantenimiento,De 70 a 80 litros (hasta 4 personas)
9468,1,1,1,1,1,10,1,De gas con deposito,Nuevo,Cada 6 meses,De 38 a 40 litros (hasta 2 personas)
9468,1,2,7,3,1,1,4,Solar,Nuevo,No le da mantenimiento,De 70 a 80 litros (hasta 4 personas)
9469,1,1,7,6,1,2,2,Solar,Nuevo,Cada año,Más de 140 litros (más de 7 personas)
9470,1,1,7,3,1,1,4,Solar,Nuevo,No le da mantenimiento,De 70 a 80 litros (hasta 4 personas)
9471,1,1,7,3,1,1,4,Solar,Nuevo,No le da mantenimiento,De 70 a 80 litros (hasta 4 personas)
9472,1,1,7,4,1,1,4,Solar,Nuevo,No le da mantenimiento,De 90 a 110 litros (hasta 6 personas)
9484,1,1,7,3,1,1,2,Solar,Nuevo,Cada año,De 70 a 80 litros (hasta 4 personas)
9494,1,1,1,3,1,7,1,De gas con deposito,Nuevo,Cada 6 meses,De 70 a 80 litros (hasta 4 personas)
9500,1,1,7,6,1,1,4,Solar,Nuevo,No le da mantenimiento,Más de 140 litros (más de 7 personas)
9501,1,1,2,0,1,5,2,De gas de rápida recuperación,Nuevo,Cada año,
9502,1,1,1,2,1,15,2,De gas con deposito,Nuevo,Cada año,De 50 a 60 litros (hasta 3 personas)
9506,1,1,1,3,1,2,4,De gas con deposito,Nuevo,No le da mantenimiento,De 70 a 80 litros (hasta 4 personas)
9509,1,1,7,5,1,1,4,Solar,Nuevo,No le da mantenimiento,De 120 a 140 litros (hasta 7 personas)
9511,1,1,7,4,1,1,4,Solar,Nuevo,No le da mantenimiento,De 90 a 110 litros (hasta 6 personas)
9535,1,1,7,3,1,5,2,Solar,Nuevo,Cada año,De 70 a 80 litros (hasta 4 personas)
9539,1,1,7,2,1,99,4,Solar,Nuevo,No le da mantenimiento,De 50 a 60 litros (hasta 3 personas)
9541,1,1,7,1,1,1,1,Solar,Nuevo,Cada 6 meses,De 38 a 40 litros (hasta 2 personas)
9543,1,1,7,3,1,1,4,Solar,Nuevo,No le da mantenimiento,De 70 a 80 litros (hasta 4 personas)
9545,1,1,2,0,2,12,1,De gas de rápida recuperación,Usado,Cada 6 meses,
9546,1,1,1,1,1,16,1,De gas con deposito,Nuevo,Cada 6 meses,De 38 a 40 litros (hasta 2 personas)
9576,1,1,7,9,1,1,4,Solar,Nuevo,No le da mantenimiento,No sabe
9579,1,1,7,3,1,3,2,Solar,Nuevo,Cada año,De 70 a 80 litros (hasta 4 personas)
9582,1,1,2,0,1,3,2,De gas de rápida recuperación,Nuevo,Cada año,
9583,1,1,7,4,1,1,1,Solar,Nuevo,Cada 6 meses,De 90 a 110 litros (hasta 6 personas)
9584,1,1,1,9,1,4,2,De gas con deposito,Nuevo,Cada año,No sabe
9591,1,1,7,3,1,3,1,Solar,Nuevo,Cada 6 meses,De 70 a 80 litros (hasta 4 personas)
9591,1,2,1,2,1,14,2,De gas con deposito,Nuevo,Cada año,De 50 a 60 litros (hasta 3 personas)
9592,1,1,7,3,1,2,2,Solar,Nuevo,Cada año,De 70 a 80 litros (hasta 4 personas)
9594,1,1,1,2,1,8,4,De gas con deposito,Nuevo,No le da mantenimiento,De 50 a 60 litros (hasta 3 personas)
9596,1,1,7,3,1,2,4,Solar,Nuevo,No le da mantenimiento,De 70 a 80 litros (hasta 4 personas)
9597,1,1,7,6,1,1,4,Solar,Nuevo,No le da mantenimiento,Más de 140 litros (más de 7 personas)
9598,1,1,7,4,1,2,4,Solar,Nuevo,No le da mantenimiento,De 90 a 110 litros (hasta 6 personas)
9599,1,1,7,3,1,4,4,Solar,Nuevo,No le da mantenimiento,De 70 a 80 litros (hasta 4 personas)
9600,1,1,7,3,1,1,4,Solar,Nuevo,No le da mantenimiento,De 70 a 80 litros (hasta 4 personas)
9601,1,1,7,3,1,5,4,Solar,Nuevo,No le da mantenimiento,De 70 a 80 litros (hasta 4 personas)
9602,1,1,2,0,1,3,4,De gas de rápida recuperación,Nuevo,No le da mantenimiento,
9603,1,1,1,2,1,5,2,De gas con deposito,Nuevo,Cada año,De 50 a 60 litros (hasta 3 personas)
9604,1,1,7,4,1,5,1,Solar,Nuevo,Cada 6 meses,De 90 a 110 litros (hasta 6 personas)
9604,1,2,3,0,1,8,1,De gas instantáneo de paso,Nuevo,Cada 6 meses,
9605,1,1,7,2,1,1,4,Solar,Nuevo,No le da mantenimiento,De 50 a 60 litros (hasta 3 personas)
9606,1,1,2,0,1,2,4,De gas de rápida recuperación,Nuevo,No le da mantenimiento,
9607,1,1,2,0,1,2,4,De gas de rápida recuperación,Nuevo,No le da mantenimiento,
9608,1,1,7,4,1,2,2,Solar,Nuevo,Cada año,De 90 a 110 litros (hasta 6 personas)
9609,1,1,1,3,1,4,3,De gas con deposito,Nuevo,Cada 2 años,De 70 a 80 litros (hasta 4 personas)
9612,1,1,7,3,1,1,4,Solar,Nuevo,No le da mantenimiento,De 70 a 80 litros (hasta 4 personas)
9615,1,1,7,4,1,1,4,Solar,Nuevo,No le da mantenimiento,De 90 a 110 litros (hasta 6 personas)
9616,1,1,7,3,1,2,4,Solar,Nuevo,No le da mantenimiento,De 70 a 80 litros (hasta 4 personas)
9617,1,1,7,4,1,1,4,Solar,Nuevo,No le da mantenimiento,De 90 a 110 litros (hasta 6 personas)
9621,1,1,7,1,1,1,4,Solar,Nuevo,No le da mantenimiento,De 38 a 40 litros (hasta 2 personas)
9622,1,1,7,1,1,1,4,Solar,Nuevo,No le da mantenimiento,De 38 a 40 litros (hasta 2 personas)
9623,1,1,7,3,1,1,4,Solar,Nuevo,No le da mantenimiento,De 70 a 80 litros (hasta 4 personas)
9625,1,1,7,3,1,1,1,Solar,Nuevo,Cada 6 meses,De 70 a 80 litros (hasta 4 personas)
9629,1,1,7,3,1,2,4,Solar,Nuevo,No le da mantenimiento,De 70 a 80 litros (hasta 4 personas)
9630,1,1,7,4,1,1,1,Solar,Nuevo,Cada 6 meses,De 90 a 110 litros (hasta 6 personas)
9631,1,1,7,3,1,2,4,Solar,Nuevo,No le da mantenimiento,De 70 a 80 litros (hasta 4 personas)
9632,1,1,7,3,1,8,2,Solar,Nuevo,Cada año,De 70 a 80 litros (hasta 4 personas)
9633,1,1,7,3,1,10,1,Solar,Nuevo,Cada 6 meses,De 70 a 80 litros (hasta 4 personas)
9634,1,1,7,3,1,8,4,Solar,Nuevo,No le da mantenimiento,De 70 a 80 litros (hasta 4 personas)
9636,1,1,1,2,1,5,4,De gas con deposito,Nuevo,No le da mantenimiento,De 50 a 60 litros (hasta 3 personas)
9637,1,1,7,3,1,1,1,Solar,Nuevo,Cada 6 meses,De 70 a 80 litros (hasta 4 personas)
9640,1,1,7,2,1,1,4,Solar,Nuevo,No le da mantenimiento,De 50 a 60 litros (hasta 3 personas)
9644,1,1,7,4,1,1,4,Solar,Nuevo,No le da mantenimiento,De 90 a 110 litros (hasta 6 personas)
9646,1,1,1,2,1,7,4,De gas con deposito,Nuevo,No le da mantenimiento,De 50 a 60 litros (hasta 3 personas)
9649,1,1,2,0,1,2,1,De gas de rápida recuperación,Nuevo,Cada 6 meses,
9651,1,1,7,2,2,1,4,Solar,Usado,No le da mantenimiento,De 50 a 60 litros (hasta 3 personas)
9652,1,1,7,4,1,1,4,Solar,Nuevo,No le da mantenimiento,De 90 a 110 litros (hasta 6 personas)
9653,1,1,7,3,1,1,4,Solar,Nuevo,No le da mantenimiento,De 70 a 80 litros (hasta 4 personas)
9654,1,1,7,3,1,3,2,Solar,Nuevo,Cada año,De 70 a 80 litros (hasta 4 personas)
9655,1,1,7,1,1,2,4,Solar,Nuevo,No le da mantenimiento,De 38 a 40 litros (hasta 2 personas)
9656,1,1,7,4,1,5,4,Solar,Nuevo,No le da mantenimiento,De 90 a 110 litros (hasta 6 personas)
9657,1,1,6,1,2,5,4,De leña,Usado,No le da mantenimiento,De 38 a 40 litros (hasta 2 personas)
9659,1,1,7,2,1,1,4,Solar,Nuevo,No le da mantenimiento,De 50 a 60 litros (hasta 3 personas)
9660,1,1,1,1,1,20,1,De gas con deposito,Nuevo,Cada 6 meses,De 38 a 40 litros (hasta 2 personas)
9661,1,1,7,5,1,1,4,Solar,Nuevo,No le da mantenimiento,De 120 a 140 litros (hasta 7 personas)
9668,1,1,5,3,1,5,4,Eléctrico con depósito,Nuevo,No le da mantenimiento,De 70 a 80 litros (hasta 4 personas)
9670,1,1,7,3,1,2,4,Solar,Nuevo,No le da mantenimiento,De 70 a 80 litros (hasta 4 personas)
9671,1,1,7,3,1,3,4,Solar,Nuevo,No le da mantenimiento,De 70 a 80 litros (hasta 4 personas)
9673,1,1,7,4,1,1,4,Solar,Nuevo,No le da mantenimiento,De 90 a 110 litros (hasta 6 personas)
9674,1,1,1,9,1,3,2,De gas con deposito,Nuevo,Cada año,No sabe
9677,1,1,7,1,1,5,3,Solar,Nuevo,Cada 2 años,De 38 a 40 litros (hasta 2 personas)
9678,1,1,7,4,1,1,1,Solar,Nuevo,Cada 6 meses,De 90 a 110 litros (hasta 6 personas)
9680,1,1,7,4,1,3,4,Solar,Nuevo,No le da mantenimiento,De 90 a 110 litros (hasta 6 personas)
9682,1,1,7,4,1,1,4,Solar,Nuevo,No le da mantenimiento,De 90 a 110 litros (hasta 6 personas)
9684,1,1,7,3,1,5,4,Solar,Nuevo,No le da mantenimiento,De 70 a 80 litros (hasta 4 personas)
9685,1,1,7,4,1,3,4,Solar,Nuevo,No le da mantenimiento,De 90 a 110 litros (hasta 6 personas)
9686,1,1,7,4,1,1,1,Solar,Nuevo,Cada 6 meses,De 90 a 110 litros (hasta 6 personas)
9690,1,1,7,3,1,1,4,Solar,Nuevo,No le da mantenimiento,De 70 a 80 litros (hasta 4 personas)
9691,1,1,7,3,1,2,4,Solar,Nuevo,No le da mantenimiento,De 70 a 80 litros (hasta 4 personas)
9692,1,1,2,0,1,3,1,De gas de rápida recuperación,Nuevo,Cada 6 meses,
9694,1,1,7,4,1,1,4,Solar,Nuevo,No le da mantenimiento,De 90 a 110 litros (hasta 6 personas)
9697,1,1,7,1,1,1,4,Solar,Nuevo,No le da mantenimiento,De 38 a 40 litros (hasta 2 personas)
9698,1,1,7,6,1,1,4,Solar,Nuevo,No le da mantenimiento,Más de 140 litros (más de 7 personas)
9699,1,1,7,9,1,2,4,Solar,Nuevo,No le da mantenimiento,No sabe
9701,1,1,1,1,1,12,4,De gas con deposito,Nuevo,No le da mantenimiento,De 38 a 40 litros (hasta 2 personas)
9702,1,1,1,1,1,7,1,De gas con deposito,Nuevo,Cada 6 meses,De 38 a 40 litros (hasta 2 personas)
9703,1,1,2,0,1,5,4,De gas de rápida recuperación,Nuevo,No le da mantenimiento,
9704,1,1,7,9,1,2,4,Solar,Nuevo,No le da mantenimiento,No sabe
9705,1,1,1,4,2,7,4,De gas con deposito,Usado,No le da mantenimiento,De 90 a 110 litros (hasta 6 personas)
9710,1,1,7,3,1,1,4,Solar,Nuevo,No le da mantenimiento,De 70 a 80 litros (hasta 4 personas)
9711,1,1,7,3,1,1,4,Solar,Nuevo,No le da mantenimiento,De 70 a 80 litros (hasta 4 personas)
9721,1,1,1,1,1,6,1,De gas con deposito,Nuevo,Cada 6 meses,De 38 a 40 litros (hasta 2 personas)
9725,1,1,1,4,1,9,4,De gas con deposito,Nuevo,No le da mantenimiento,De 90 a 110 litros (hasta 6 personas)
9726,1,1,1,4,1,9,1,De gas con deposito,Nuevo,Cada 6 meses,De 90 a 110 litros (hasta 6 personas)
9727,1,1,1,3,1,1,2,De gas con deposito,Nuevo,Cada año,De 70 a 80 litros (hasta 4 personas)
9727,1,2,1,3,1,1,2,De gas con deposito,Nuevo,Cada año,De 70 a 80 litros (hasta 4 personas)
9728,1,1,1,2,1,8,2,De gas con deposito,Nuevo,Cada año,De 50 a 60 litros (hasta 3 personas)
9728,1,2,7,5,1,2,4,Solar,Nuevo,No le da mantenimiento,De 120 a 140 litros (hasta 7 personas)
9731,1,1,1,2,1,3,1,De gas con deposito,Nuevo,Cada 6 meses,De 50 a 60 litros (hasta 3 personas)
9734,1,1,7,4,1,1,4,Solar,Nuevo,No le da mantenimiento,De 90 a 110 litros (hasta 6 personas)
9735,1,1,7,4,1,1,4,Solar,Nuevo,No le da mantenimiento,De 90 a 110 litros (hasta 6 personas)
9736,1,1,1,3,1,2,4,De gas con deposito,Nuevo,No le da mantenimiento,De 70 a 80 litros (hasta 4 personas)
9737,1,1,7,2,1,1,4,Solar,Nuevo,No le da mantenimiento,De 50 a 60 litros (hasta 3 personas)
9739,1,1,7,4,1,1,4,Solar,Nuevo,No le da mantenimiento,De 90 a 110 litros (hasta 6 personas)
9740,1,1,7,4,1,1,4,Solar,Nuevo,No le da mantenimiento,De 90 a 110 litros (hasta 6 personas)
9748,1,1,1,3,1,8,2,De gas con deposito,Nuevo,Cada año,De 70 a 80 litros (hasta 4 personas)
9760,1,1,7,5,1,1,4,Solar,Nuevo,No le da mantenimiento,De 120 a 140 litros (hasta 7 personas)
9765,1,1,1,6,1,7,1,De gas con deposito,Nuevo,Cada 6 meses,Más de 140 litros (más de 7 personas)
9772,1,1,7,3,1,1,4,Solar,Nuevo,No le da mantenimiento,De 70 a 80 litros (hasta 4 personas)
9773,1,1,7,3,1,4,4,Solar,Nuevo,No le da mantenimiento,De 70 a 80 litros (hasta 4 personas)
9774,1,1,1,2,1,1,4,De gas con deposito,Nuevo,No le da mantenimiento,De 50 a 60 litros (hasta 3 personas)
9776,1,1,7,4,1,3,4,Solar,Nuevo,No le da mantenimiento,De 90 a 110 litros (hasta 6 personas)
9785,1,1,4,0,1,12,4,Eléctrico instantáneo de paso,Nuevo,No le da mantenimiento,
9786,1,1,7,4,1,2,4,Solar,Nuevo,No le da mantenimiento,De 90 a 110 litros (hasta 6 personas)
9791,1,1,7,6,2,2,4,Solar,Usado,No le da mantenimiento,Más de 140 litros (más de 7 personas)
9793,1,1,7,4,1,1,4,Solar,Nuevo,No le da mantenimiento,De 90 a 110 litros (hasta 6 personas)
9794,1,1,7,3,1,1,4,Solar,Nuevo,No le da mantenimiento,De 70 a 80 litros (hasta 4 personas)
9797,1,1,7,3,1,1,4,Solar,Nuevo,No le da mantenimiento,De 70 a 80 litros (hasta 4 personas)
9799,1,1,1,4,1,11,2,De gas con deposito,Nuevo,Cada año,De 90 a 110 litros (hasta 6 personas)
9800,1,2,1,3,2,1,4,De gas con deposito,Usado,No le da mantenimiento,De 70 a 80 litros (hasta 4 personas)
9800,1,1,7,4,1,1,4,Solar,Nuevo,No le da mantenimiento,De 90 a 110 litros (hasta 6 personas)
9802,1,1,1,3,1,20,4,De gas con deposito,Nuevo,No le da mantenimiento,De 70 a 80 litros (hasta 4 personas)
9803,1,1,7,3,1,3,4,Solar,Nuevo,No le da mantenimiento,De 70 a 80 litros (hasta 4 personas)
9806,1,1,1,1,1,10,4,De gas con deposito,Nuevo,No le da mantenimiento,De 38 a 40 litros (hasta 2 personas)
9808,1,1,7,4,1,1,4,Solar,Nuevo,No le da mantenimiento,De 90 a 110 litros (hasta 6 personas)
9810,1,1,7,3,1,1,4,Solar,Nuevo,No le da mantenimiento,De 70 a 80 litros (hasta 4 personas)
9812,1,1,7,5,1,2,4,Solar,Nuevo,No le da mantenimiento,De 120 a 140 litros (hasta 7 personas)
9813,1,1,7,6,1,1,4,Solar,Nuevo,No le da mantenimiento,Más de 140 litros (más de 7 personas)
9815,1,1,7,6,1,1,4,Solar,Nuevo,No le da mantenimiento,Más de 140 litros (más de 7 personas)
9817,1,1,7,1,1,3,4,Solar,Nuevo,No le da mantenimiento,De 38 a 40 litros (hasta 2 personas)
9818,1,1,7,3,1,1,4,Solar,Nuevo,No le da mantenimiento,De 70 a 80 litros (hasta 4 personas)
9819,1,1,7,1,1,3,4,Solar,Nuevo,No le da mantenimiento,De 38 a 40 litros (hasta 2 personas)
9820,1,1,7,4,1,1,4,Solar,Nuevo,No le da mantenimiento,De 90 a 110 litros (hasta 6 personas)
9821,1,1,7,3,1,3,4,Solar,Nuevo,No le da mantenimiento,De 70 a 80 litros (hasta 4 personas)
9822,1,1,7,3,1,1,4,Solar,Nuevo,No le da mantenimiento,De 70 a 80 litros (hasta 4 personas)
9823,1,1,2,0,1,5,1,De gas de rápida recuperación,Nuevo,Cada 6 meses,
9825,1,1,1,1,1,10,1,De gas con deposito,Nuevo,Cada 6 meses,De 38 a 40 litros (hasta 2 personas)
9825,1,2,7,3,1,2,1,Solar,Nuevo,Cada 6 meses,De 70 a 80 litros (hasta 4 personas)
9826,1,1,7,4,1,1,4,Solar,Nuevo,No le da mantenimiento,De 90 a 110 litros (hasta 6 personas)
9866,1,1,5,9,2,99,4,Eléctrico con depósito,Usado,No le da mantenimiento,No sabe
9881,1,1,3,0,1,7,2,De gas instantáneo de paso,Nuevo,Cada año,
9904,1,1,1,1,1,8,4,De gas con deposito,Nuevo,No le da mantenimiento,De 38 a 40 litros (hasta 2 personas)
10022,1,1,1,1,1,15,4,De gas con deposito,Nuevo,No le da mantenimiento,De 38 a 40 litros (hasta 2 personas)
10039,1,1,2,0,1,8,3,De gas de rápida recuperación,Nuevo,Cada 2 años,
10052,1,1,1,2,1,6,2,De gas con deposito,Nuevo,Cada año,De 50 a 60 litros (hasta 3 personas)
10057,1,1,2,0,1,9,4,De gas de rápida recuperación,Nuevo,No le da mantenimiento,
10069,1,1,1,1,1,8,2,De gas con deposito,Nuevo,Cada año,De 38 a 40 litros (hasta 2 personas)
10078,1,1,1,1,1,10,2,De gas con deposito,Nuevo,Cada año,De 38 a 40 litros (hasta 2 personas)
10119,1,1,1,1,1,10,1,De gas con deposito,Nuevo,Cada 6 meses,De 38 a 40 litros (hasta 2 personas)
10136,1,1,1,3,1,16,2,De gas con deposito,Nuevo,Cada año,De 70 a 80 litros (hasta 4 personas)
10139,1,1,2,0,1,10,2,De gas de rápida recuperación,Nuevo,Cada año,
10144,1,1,1,9,1,4,1,De gas con deposito,Nuevo,Cada 6 meses,No sabe
10149,1,1,1,1,1,4,4,De gas con deposito,Nuevo,No le da mantenimiento,De 38 a 40 litros (hasta 2 personas)
10150,1,1,7,6,1,12,4,Solar,Nuevo,No le da mantenimiento,Más de 140 litros (más de 7 personas)
10152,1,1,7,2,1,6,4,Solar,Nuevo,No le da mantenimiento,De 50 a 60 litros (hasta 3 personas)
10155,1,1,1,9,1,5,1,De gas con deposito,Nuevo,Cada 6 meses,No sabe
10156,1,1,1,3,1,15,1,De gas con deposito,Nuevo,Cada 6 meses,De 70 a 80 litros (hasta 4 personas)
10157,1,1,1,3,1,8,3,De gas con deposito,Nuevo,Cada 2 años,De 70 a 80 litros (hasta 4 personas)
10158,1,1,3,0,1,19,4,De gas instantáneo de paso,Nuevo,No le da mantenimiento,
10163,1,1,3,0,1,2,2,De gas instantáneo de paso,Nuevo,Cada año,
10166,1,1,1,1,1,10,2,De gas con deposito,Nuevo,Cada año,De 38 a 40 litros (hasta 2 personas)
10167,1,1,1,9,1,15,3,De gas con deposito,Nuevo,Cada 2 años,No sabe
10169,1,1,2,0,1,20,2,De gas de rápida recuperación,Nuevo,Cada año,
10176,1,1,1,3,1,2,1,De gas con deposito,Nuevo,Cada 6 meses,De 70 a 80 litros (hasta 4 personas)
10177,1,1,1,1,1,19,1,De gas con deposito,Nuevo,Cada 6 meses,De 38 a 40 litros (hasta 2 personas)
10180,1,1,2,0,1,6,4,De gas de rápida recuperación,Nuevo,No le da mantenimiento,
10184,1,1,2,0,1,10,4,De gas de rápida recuperación,Nuevo,No le da mantenimiento,
10186,1,1,1,9,1,10,4,De gas con deposito,Nuevo,No le da mantenimiento,No sabe
10188,1,1,3,0,1,5,1,De gas instantáneo de paso,Nuevo,Cada 6 meses,
10189,1,1,1,1,1,20,2,De gas con deposito,Nuevo,Cada año,De 38 a 40 litros (hasta 2 personas)
10482,1,1,2,0,1,20,1,De gas de rápida recuperación,Nuevo,Cada 6 meses,
10664,1,1,2,0,1,3,2,De gas de rápida recuperación,Nuevo,Cada año,
10686,1,1,1,1,1,3,2,De gas con deposito,Nuevo,Cada año,De 38 a 40 litros (hasta 2 personas)
10687,1,1,1,1,1,8,1,De gas con deposito,Nuevo,Cada 6 meses,De 38 a 40 litros (hasta 2 personas)
10688,1,2,7,1,1,1,4,Solar,Nuevo,No le da mantenimiento,De 38 a 40 litros (hasta 2 personas)
10688,1,1,4,0,1,2,4,Eléctrico instantáneo de paso,Nuevo,No le da mantenimiento,
10689,1,1,1,9,1,4,4,De gas con deposito,Nuevo,No le da mantenimiento,No sabe
10690,1,1,1,1,1,6,1,De gas con deposito,Nuevo,Cada 6 meses,De 38 a 40 litros (hasta 2 personas)
10691,1,1,1,1,2,99,4,De gas con deposito,Usado,No le da mantenimiento,De 38 a 40 litros (hasta 2 personas)
10692,1,1,7,9,1,99,4,Solar,Nuevo,No le da mantenimiento,No sabe
10693,1,1,2,0,1,15,3,De gas de rápida recuperación,Nuevo,Cada 2 años,
10694,1,2,1,2,1,15,4,De gas con deposito,Nuevo,No le da mantenimiento,De 50 a 60 litros (hasta 3 personas)
10694,1,1,7,4,1,4,4,Solar,Nuevo,No le da mantenimiento,De 90 a 110 litros (hasta 6 personas)
10695,1,1,1,1,2,99,1,De gas con deposito,Usado,Cada 6 meses,De 38 a 40 litros (hasta 2 personas)
10698,1,1,1,1,1,9,1,De gas con deposito,Nuevo,Cada 6 meses,De 38 a 40 litros (hasta 2 personas)
10700,1,1,1,1,1,10,4,De gas con deposito,Nuevo,No le da mantenimiento,De 38 a 40 litros (hasta 2 personas)
10701,1,1,1,1,1,7,2,De gas con deposito,Nuevo,Cada año,De 38 a 40 litros (hasta 2 personas)
10702,1,1,3,0,1,1,1,De gas instantáneo de paso,Nuevo,Cada 6 meses,
10703,1,1,3,0,1,15,1,De gas instantáneo de paso,Nuevo,Cada 6 meses,
10704,1,1,3,0,2,6,1,De gas instantáneo de paso,Usado,Cada 6 meses,
10705,1,1,3,0,1,22,4,De gas instantáneo de paso,Nuevo,No le da mantenimiento,
10706,1,1,7,3,1,4,4,Solar,Nuevo,No le da mantenimiento,De 70 a 80 litros (hasta 4 personas)
10707,1,1,1,3,2,99,1,De gas con deposito,Usado,Cada 6 meses,De 70 a 80 litros (hasta 4 personas)
10708,1,1,7,1,1,5,4,Solar,Nuevo,No le da mantenimiento,De 38 a 40 litros (hasta 2 personas)
10709,1,1,1,3,1,6,2,De gas con deposito,Nuevo,Cada año,De 70 a 80 litros (hasta 4 personas)
10710,1,1,1,9,1,3,1,De gas con deposito,Nuevo,Cada 6 meses,No sabe
10712,1,1,6,1,1,2,1,De leña,Nuevo,Cada 6 meses,De 38 a 40 litros (hasta 2 personas)
10715,1,1,1,1,2,10,1,De gas con deposito,Usado,Cada 6 meses,De 38 a 40 litros (hasta 2 personas)
10717,1,1,2,0,1,7,1,De gas de rápida recuperación,Nuevo,Cada 6 meses,
10718,1,1,1,1,1,3,1,De gas con deposito,Nuevo,Cada 6 meses,De 38 a 40 litros (hasta 2 personas)
10719,1,1,3,0,2,99,4,De gas instantáneo de paso,Usado,No le da mantenimiento,
10720,1,1,1,2,1,2,4,De gas con deposito,Nuevo,No le da mantenimiento,De 50 a 60 litros (hasta 3 personas)
10722,1,1,3,0,1,1,4,De gas instantáneo de paso,Nuevo,No le da mantenimiento,
10724,1,1,3,0,1,1,4,De gas instantáneo de paso,Nuevo,No le da mantenimiento,
10725,1,1,2,0,2,99,1,De gas de rápida recuperación,Usado,Cada 6 meses,
10726,1,1,1,1,1,7,2,De gas con deposito,Nuevo,Cada año,De 38 a 40 litros (hasta 2 personas)
10727,1,1,1,2,2,99,4,De gas con deposito,Usado,No le da mantenimiento,De 50 a 60 litros (hasta 3 personas)
10729,1,1,7,1,1,1,4,Solar,Nuevo,No le da mantenimiento,De 38 a 40 litros (hasta 2 personas)
10732,1,1,2,0,1,8,1,De gas de rápida recuperación,Nuevo,Cada 6 meses,
10733,1,1,1,1,1,19,3,De gas con deposito,Nuevo,Cada 2 años,De 38 a 40 litros (hasta 2 personas)
10734,1,1,1,1,1,10,2,De gas con deposito,Nuevo,Cada año,De 38 a 40 litros (hasta 2 personas)
10736,1,1,3,0,1,1,4,De gas instantáneo de paso,Nuevo,No le da mantenimiento,
10737,1,1,3,0,2,5,4,De gas instantáneo de paso,Usado,No le da mantenimiento,
10738,1,1,1,1,1,2,4,De gas con deposito,Nuevo,No le da mantenimiento,De 38 a 40 litros (hasta 2 personas)
10739,1,1,4,0,2,1,1,Eléctrico instantáneo de paso,Usado,Cada 6 meses,
10740,1,1,1,1,1,7,4,De gas con deposito,Nuevo,No le da mantenimiento,De 38 a 40 litros (hasta 2 personas)
10740,1,2,7,3,1,1,4,Solar,Nuevo,No le da mantenimiento,De 70 a 80 litros (hasta 4 personas)
10741,1,1,1,1,1,5,4,De gas con deposito,Nuevo,No le da mantenimiento,De 38 a 40 litros (hasta 2 personas)
10742,1,1,2,0,1,2,2,De gas de rápida recuperación,Nuevo,Cada año,
10743,1,1,3,0,1,3,4,De gas instantáneo de paso,Nuevo,No le da mantenimiento,
10744,1,1,2,0,1,1,4,De gas de rápida recuperación,Nuevo,No le da mantenimiento,
10745,1,1,1,1,1,20,4,De gas con deposito,Nuevo,No le da mantenimiento,De 38 a 40 litros (hasta 2 personas)
10747,1,1,3,0,1,2,4,De gas instantáneo de paso,Nuevo,No le da mantenimiento,
10748,1,1,3,0,1,5,3,De gas instantáneo de paso,Nuevo,Cada 2 años,
10750,1,1,1,1,2,1,1,De gas con deposito,Usado,Cada 6 meses,De 38 a 40 litros (hasta 2 personas)
10751,1,1,1,2,2,2,4,De gas con deposito,Usado,No le da mantenimiento,De 50 a 60 litros (hasta 3 personas)
10752,1,1,2,0,1,4,1,De gas de rápida recuperación,Nuevo,Cada 6 meses,
10753,1,1,1,1,1,16,1,De gas con deposito,Nuevo,Cada 6 meses,De 38 a 40 litros (hasta 2 personas)
10754,1,1,7,2,1,1,4,Solar,Nuevo,No le da mantenimiento,De 50 a 60 litros (hasta 3 personas)
10755,1,1,4,0,1,6,4,Eléctrico instantáneo de paso,Nuevo,No le da mantenimiento,
10756,1,1,1,1,1,6,1,De gas con deposito,Nuevo,Cada 6 meses,De 38 a 40 litros (hasta 2 personas)
10757,1,1,1,1,1,14,2,De gas con deposito,Nuevo,Cada año,De 38 a 40 litros (hasta 2 personas)
10758,1,1,1,1,1,4,1,De gas con deposito,Nuevo,Cada 6 meses,De 38 a 40 litros (hasta 2 personas)
10759,1,1,4,0,1,2,4,Eléctrico instantáneo de paso,Nuevo,No le da mantenimiento,
10760,1,1,3,0,1,6,3,De gas instantáneo de paso,Nuevo,Cada 2 años,
10761,1,1,1,2,1,1,1,De gas con deposito,Nuevo,Cada 6 meses,De 50 a 60 litros (hasta 3 personas)
10762,1,1,1,1,2,99,4,De gas con deposito,Usado,No le da mantenimiento,De 38 a 40 litros (hasta 2 personas)
10763,1,1,3,0,1,10,1,De gas instantáneo de paso,Nuevo,Cada 6 meses,
10764,1,1,3,0,1,15,3,De gas instantáneo de paso,Nuevo,Cada 2 años,
10765,1,1,1,3,1,12,2,De gas con deposito,Nuevo,Cada año,De 70 a 80 litros (hasta 4 personas)
10766,1,1,1,3,1,20,4,De gas con deposito,Nuevo,No le da mantenimiento,De 70 a 80 litros (hasta 4 personas)
10767,1,1,3,0,2,99,1,De gas instantáneo de paso,Usado,Cada 6 meses,
10770,1,1,2,0,1,5,2,De gas de rápida recuperación,Nuevo,Cada año,
10771,1,1,1,1,1,5,4,De gas con deposito,Nuevo,No le da mantenimiento,De 38 a 40 litros (hasta 2 personas)
10772,1,1,7,3,1,10,1,Solar,Nuevo,Cada 6 meses,De 70 a 80 litros (hasta 4 personas)
10773,1,1,1,1,1,4,4,De gas con deposito,Nuevo,No le da mantenimiento,De 38 a 40 litros (hasta 2 personas)
10775,1,1,2,0,1,3,4,De gas de rápida recuperación,Nuevo,No le da mantenimiento,
10777,1,1,1,1,1,10,1,De gas con deposito,Nuevo,Cada 6 meses,De 38 a 40 litros (hasta 2 personas)
10778,1,1,1,1,1,10,4,De gas con deposito,Nuevo,No le da mantenimiento,De 38 a 40 litros (hasta 2 personas)
10779,1,1,1,2,1,8,2,De gas con deposito,Nuevo,Cada año,De 50 a 60 litros (hasta 3 personas)
10780,1,1,7,3,1,3,1,Solar,Nuevo,Cada 6 meses,De 70 a 80 litros (hasta 4 personas)
10781,1,1,7,2,1,2,2,Solar,Nuevo,Cada año,De 50 a 60 litros (hasta 3 personas)
10782,1,1,1,1,2,9,3,De gas con deposito,Usado,Cada 2 años,De 38 a 40 litros (hasta 2 personas)
10783,1,1,1,3,1,10,2,De gas con deposito,Nuevo,Cada año,De 70 a 80 litros (hasta 4 personas)
10784,1,1,1,1,1,1,1,De gas con deposito,Nuevo,Cada 6 meses,De 38 a 40 litros (hasta 2 personas)
10785,1,1,3,0,2,1,4,De gas instantáneo de paso,Usado,No le da mantenimiento,
10787,1,1,2,0,1,9,1,De gas de rápida recuperación,Nuevo,Cada 6 meses,
10788,1,1,3,0,2,99,4,De gas instantáneo de paso,Usado,No le da mantenimiento,
10789,1,1,7,1,1,10,4,Solar,Nuevo,No le da mantenimiento,De 38 a 40 litros (hasta 2 personas)
10790,1,1,1,1,1,10,4,De gas con deposito,Nuevo,No le da mantenimiento,De 38 a 40 litros (hasta 2 personas)
10791,1,1,6,1,1,6,3,De leña,Nuevo,Cada 2 años,De 38 a 40 litros (hasta 2 personas)
10793,1,1,1,3,1,12,2,De gas con deposito,Nuevo,Cada año,De 70 a 80 litros (hasta 4 personas)
10794,1,1,1,1,2,15,1,De gas con deposito,Usado,Cada 6 meses,De 38 a 40 litros (hasta 2 personas)
10795,1,1,1,3,2,99,4,De gas con deposito,Usado,No le da mantenimiento,De 70 a 80 litros (hasta 4 personas)
10796,1,1,2,0,1,10,1,De gas de rápida recuperación,Nuevo,Cada 6 meses,
10797,1,1,3,0,1,2,2,De gas instantáneo de paso,Nuevo,Cada año,
10798,1,1,7,4,1,7,2,Solar,Nuevo,Cada año,De 90 a 110 litros (hasta 6 personas)
10799,1,1,4,0,1,5,2,Eléctrico instantáneo de paso,Nuevo,Cada año,
10800,1,1,1,9,2,15,1,De gas con deposito,Usado,Cada 6 meses,No sabe
10801,1,1,6,1,2,1,1,De leña,Usado,Cada 6 meses,De 38 a 40 litros (hasta 2 personas)
10802,1,1,1,1,2,10,4,De gas con deposito,Usado,No le da mantenimiento,De 38 a 40 litros (hasta 2 personas)
10803,1,1,3,0,1,5,4,De gas instantáneo de paso,Nuevo,No le da mantenimiento,
10804,1,1,4,0,1,2,2,Eléctrico instantáneo de paso,Nuevo,Cada año,
10805,1,1,6,1,2,15,4,De leña,Usado,No le da mantenimiento,De 38 a 40 litros (hasta 2 personas)
10806,1,1,1,1,1,30,2,De gas con deposito,Nuevo,Cada año,De 38 a 40 litros (hasta 2 personas)
10807,1,1,1,3,1,16,2,De gas con deposito,Nuevo,Cada año,De 70 a 80 litros (hasta 4 personas)
10808,1,1,3,0,1,1,4,De gas instantáneo de paso,Nuevo,No le da mantenimiento,
10809,1,1,6,1,1,2,1,De leña,Nuevo,Cada 6 meses,De 38 a 40 litros (hasta 2 personas)
10810,1,1,1,2,1,10,4,De gas con deposito,Nuevo,No le da mantenimiento,De 50 a 60 litros (hasta 3 personas)
10811,1,1,1,1,2,4,1,De gas con deposito,Usado,Cada 6 meses,De 38 a 40 litros (hasta 2 personas)
10812,1,1,1,1,1,15,2,De gas con deposito,Nuevo,Cada año,De 38 a 40 litros (hasta 2 personas)
10813,1,1,1,1,1,99,4,De gas con deposito,Nuevo,No le da mantenimiento,De 38 a 40 litros (hasta 2 personas)
10815,1,1,3,0,1,2,2,De gas instantáneo de paso,Nuevo,Cada año,
10816,1,1,1,2,1,15,1,De gas con deposito,Nuevo,Cada 6 meses,De 50 a 60 litros (hasta 3 personas)
10817,1,1,1,1,1,2,4,De gas con deposito,Nuevo,No le da mantenimiento,De 38 a 40 litros (hasta 2 personas)
10818,1,1,2,0,1,7,4,De gas de rápida recuperación,Nuevo,No le da mantenimiento,
10819,1,2,7,2,1,3,4,Solar,Nuevo,No le da mantenimiento,De 50 a 60 litros (hasta 3 personas)
10819,1,1,1,2,2,20,4,De gas con deposito,Usado,No le da mantenimiento,De 50 a 60 litros (hasta 3 personas)
10821,1,1,1,1,1,99,4,De gas con deposito,Nuevo,No le da mantenimiento,De 38 a 40 litros (hasta 2 personas)
10822,1,1,6,1,1,5,4,De leña,Nuevo,No le da mantenimiento,De 38 a 40 litros (hasta 2 personas)
10823,1,1,3,0,1,8,4,De gas instantáneo de paso,Nuevo,No le da mantenimiento,
10825,1,1,3,0,1,4,2,De gas instantáneo de paso,Nuevo,Cada año,
10829,1,1,7,5,1,6,4,Solar,Nuevo,No le da mantenimiento,De 120 a 140 litros (hasta 7 personas)
10830,1,1,2,0,1,7,2,De gas de rápida recuperación,Nuevo,Cada año,
10831,1,1,2,0,1,25,3,De gas de rápida recuperación,Nuevo,Cada 2 años,
10832,1,1,1,1,1,27,2,De gas con deposito,Nuevo,Cada año,De 38 a 40 litros (hasta 2 personas)
10833,1,1,3,0,1,4,1,De gas instantáneo de paso,Nuevo,Cada 6 meses,
10834,1,1,1,1,1,25,3,De gas con deposito,Nuevo,Cada 2 años,De 38 a 40 litros (hasta 2 personas)
10836,1,1,3,0,1,3,1,De gas instantáneo de paso,Nuevo,Cada 6 meses,
10837,1,1,1,2,1,12,3,De gas con deposito,Nuevo,Cada 2 años,De 50 a 60 litros (hasta 3 personas)
10839,1,1,1,1,1,11,3,De gas con deposito,Nuevo,Cada 2 años,De 38 a 40 litros (hasta 2 personas)
10840,1,1,3,0,1,4,1,De gas instantáneo de paso,Nuevo,Cada 6 meses,
10843,1,1,1,1,1,7,3,De gas con deposito,Nuevo,Cada 2 años,De 38 a 40 litros (hasta 2 personas)
10847,1,1,7,4,1,2,1,Solar,Nuevo,Cada 6 meses,De 90 a 110 litros (hasta 6 personas)
10848,1,1,2,0,1,1,2,De gas de rápida recuperación,Nuevo,Cada año,
10850,1,1,1,4,1,10,1,De gas con deposito,Nuevo,Cada 6 meses,De 90 a 110 litros (hasta 6 personas)
10851,1,1,2,0,1,5,4,De gas de rápida recuperación,Nuevo,No le da mantenimiento,
10853,1,1,2,0,1,8,3,De gas de rápida recuperación,Nuevo,Cada 2 años,
10855,1,1,1,2,1,1,1,De gas con deposito,Nuevo,Cada 6 meses,De 50 a 60 litros (hasta 3 personas)
10856,1,1,1,1,1,5,1,De gas con deposito,Nuevo,Cada 6 meses,De 38 a 40 litros (hasta 2 personas)
10859,1,1,1,4,2,3,1,De gas con deposito,Usado,Cada 6 meses,De 90 a 110 litros (hasta 6 personas)
10864,1,1,7,4,2,8,1,Solar,Usado,Cada 6 meses,De 90 a 110 litros (hasta 6 personas)
10865,1,1,2,0,1,2,1,De gas de rápida recuperación,Nuevo,Cada 6 meses,
10867,1,1,7,4,2,4,4,Solar,Usado,No le da mantenimiento,De 90 a 110 litros (hasta 6 personas)
10869,1,1,7,4,1,2,4,Solar,Nuevo,No le da mantenimiento,De 90 a 110 litros (hasta 6 personas)
10871,1,1,1,2,1,1,4,De gas con deposito,Nuevo,No le da mantenimiento,De 50 a 60 litros (hasta 3 personas)
10873,1,1,7,2,1,1,1,Solar,Nuevo,Cada 6 meses,De 50 a 60 litros (hasta 3 personas)
10874,1,1,1,1,1,24,1,De gas con deposito,Nuevo,Cada 6 meses,De 38 a 40 litros (hasta 2 personas)
10876,1,1,1,1,1,2,2,De gas con deposito,Nuevo,Cada año,De 38 a 40 litros (hasta 2 personas)
10878,1,1,2,0,1,15,2,De gas de rápida recuperación,Nuevo,Cada año,
10880,1,1,3,0,1,5,2,De gas instantáneo de paso,Nuevo,Cada año,
10883,1,1,1,1,1,1,1,De gas con deposito,Nuevo,Cada 6 meses,De 38 a 40 litros (hasta 2 personas)
10884,1,1,1,1,1,4,4,De gas con deposito,Nuevo,No le da mantenimiento,De 38 a 40 litros (hasta 2 personas)
10885,1,1,1,2,1,8,1,De gas con deposito,Nuevo,Cada 6 meses,De 50 a 60 litros (hasta 3 personas)
10886,1,1,1,2,1,20,3,De gas con deposito,Nuevo,Cada 2 años,De 50 a 60 litros (hasta 3 personas)
10887,1,1,1,1,2,14,1,De gas con deposito,Usado,Cada 6 meses,De 38 a 40 litros (hasta 2 personas)
10889,1,1,1,1,1,5,1,De gas con deposito,Nuevo,Cada 6 meses,De 38 a 40 litros (hasta 2 personas)
10891,1,1,1,1,1,10,4,De gas con deposito,Nuevo,No le da mantenimiento,De 38 a 40 litros (hasta 2 personas)
10892,1,1,1,1,1,2,4,De gas con deposito,Nuevo,No le da mantenimiento,De 38 a 40 litros (hasta 2 personas)
10893,1,1,1,1,1,4,1,De gas con deposito,Nuevo,Cada 6 meses,De 38 a 40 litros (hasta 2 personas)
10895,1,1,1,2,1,10,3,De gas con deposito,Nuevo,Cada 2 años,De 50 a 60 litros (hasta 3 personas)
10898,1,1,1,1,1,25,4,De gas con deposito,Nuevo,No le da mantenimiento,De 38 a 40 litros (hasta 2 personas)
10901,1,1,1,1,1,25,2,De gas con deposito,Nuevo,Cada año,De 38 a 40 litros (hasta 2 personas)
10902,1,1,7,2,2,3,4,Solar,Usado,No le da mantenimiento,De 50 a 60 litros (hasta 3 personas)
10903,1,1,1,1,1,10,1,De gas con deposito,Nuevo,Cada 6 meses,De 38 a 40 litros (hasta 2 personas)
10904,1,1,1,1,1,17,1,De gas con deposito,Nuevo,Cada 6 meses,De 38 a 40 litros (hasta 2 personas)
10905,1,1,7,3,1,6,4,Solar,Nuevo,No le da mantenimiento,De 70 a 80 litros (hasta 4 personas)
10906,1,1,6,1,1,10,1,De leña,Nuevo,Cada 6 meses,De 38 a 40 litros (hasta 2 personas)
10907,1,1,7,1,1,2,4,Solar,Nuevo,No le da mantenimiento,De 38 a 40 litros (hasta 2 personas)
10908,1,1,1,2,1,7,2,De gas con deposito,Nuevo,Cada año,De 50 a 60 litros (hasta 3 personas)
10910,1,1,1,1,1,7,4,De gas con deposito,Nuevo,No le da mantenimiento,De 38 a 40 litros (hasta 2 personas)
10911,1,1,1,1,1,4,4,De gas con deposito,Nuevo,No le da mantenimiento,De 38 a 40 litros (hasta 2 personas)
10912,1,1,2,0,1,6,4,De gas de rápida recuperación,Nuevo,No le da mantenimiento,
10914,1,1,1,1,1,6,4,De gas con deposito,Nuevo,No le da mantenimiento,De 38 a 40 litros (hasta 2 personas)
10916,1,1,1,1,1,15,4,De gas con deposito,Nuevo,No le da mantenimiento,De 38 a 40 litros (hasta 2 personas)
10917,1,1,1,1,1,10,1,De gas con deposito,Nuevo,Cada 6 meses,De 38 a 40 litros (hasta 2 personas)
10918,1,1,1,2,1,10,1,De gas con deposito,Nuevo,Cada 6 meses,De 50 a 60 litros (hasta 3 personas)
10919,1,1,2,0,1,8,2,De gas de rápida recuperación,Nuevo,Cada año,
10920,1,1,1,3,1,3,1,De gas con deposito,Nuevo,Cada 6 meses,De 70 a 80 litros (hasta 4 personas)
10921,1,1,2,0,1,12,4,De gas de rápida recuperación,Nuevo,No le da mantenimiento,
10922,1,1,3,0,1,2,4,De gas instantáneo de paso,Nuevo,No le da mantenimiento,
10923,1,1,1,1,1,7,2,De gas con deposito,Nuevo,Cada año,De 38 a 40 litros (hasta 2 personas)
10924,1,1,1,3,1,6,1,De gas con deposito,Nuevo,Cada 6 meses,De 70 a 80 litros (hasta 4 personas)
10925,1,1,2,0,1,1,4,De gas de rápida recuperación,Nuevo,No le da mantenimiento,
10926,1,1,1,2,1,10,2,De gas con deposito,Nuevo,Cada año,De 50 a 60 litros (hasta 3 personas)
10927,1,1,7,4,1,1,4,Solar,Nuevo,No le da mantenimiento,De 90 a 110 litros (hasta 6 personas)
10928,1,1,1,1,1,5,3,De gas con deposito,Nuevo,Cada 2 años,De 38 a 40 litros (hasta 2 personas)
10929,1,1,1,1,1,4,1,De gas con deposito,Nuevo,Cada 6 meses,De 38 a 40 litros (hasta 2 personas)
10930,1,1,1,1,1,10,1,De gas con deposito,Nuevo,Cada 6 meses,De 38 a 40 litros (hasta 2 personas)
10931,1,1,1,2,1,6,4,De gas con deposito,Nuevo,No le da mantenimiento,De 50 a 60 litros (hasta 3 personas)
10932,1,1,1,1,2,99,4,De gas con deposito,Usado,No le da mantenimiento,De 38 a 40 litros (hasta 2 personas)
10934,1,1,1,1,1,3,4,De gas con deposito,Nuevo,No le da mantenimiento,De 38 a 40 litros (hasta 2 personas)
10935,1,1,1,1,1,1,4,De gas con deposito,Nuevo,No le da mantenimiento,De 38 a 40 litros (hasta 2 personas)
10938,1,1,1,1,1,10,2,De gas con deposito,Nuevo,Cada año,De 38 a 40 litros (hasta 2 personas)
10939,1,1,3,0,2,1,4,De gas instantáneo de paso,Usado,No le da mantenimiento,
10940,1,1,6,1,1,2,4,De leña,Nuevo,No le da mantenimiento,De 38 a 40 litros (hasta 2 personas)
10941,1,1,1,1,1,4,2,De gas con deposito,Nuevo,Cada año,De 38 a 40 litros (hasta 2 personas)
10942,1,1,1,1,1,6,4,De gas con deposito,Nuevo,No le da mantenimiento,De 38 a 40 litros (hasta 2 personas)
10943,1,1,7,3,1,7,4,Solar,Nuevo,No le da mantenimiento,De 70 a 80 litros (hasta 4 personas)
10944,1,1,1,1,1,5,4,De gas con deposito,Nuevo,No le da mantenimiento,De 38 a 40 litros (hasta 2 personas)
10946,1,1,2,0,1,7,2,De gas de rápida recuperación,Nuevo,Cada año,
10947,1,1,1,1,1,10,3,De gas con deposito,Nuevo,Cada 2 años,De 38 a 40 litros (hasta 2 personas)
10948,1,1,1,2,1,6,1,De gas con deposito,Nuevo,Cada 6 meses,De 50 a 60 litros (hasta 3 personas)
10949,1,1,1,1,2,3,1,De gas con deposito,Usado,Cada 6 meses,De 38 a 40 litros (hasta 2 personas)
10950,1,1,3,0,1,10,2,De gas instantáneo de paso,Nuevo,Cada año,
10951,1,1,3,0,1,7,2,De gas instantáneo de paso,Nuevo,Cada año,
10952,1,1,1,1,2,99,4,De gas con deposito,Usado,No le da mantenimiento,De 38 a 40 litros (hasta 2 personas)
10954,1,1,1,2,1,8,2,De gas con deposito,Nuevo,Cada año,De 50 a 60 litros (hasta 3 personas)
10955,1,2,7,3,1,5,2,Solar,Nuevo,Cada año,De 70 a 80 litros (hasta 4 personas)
10955,1,1,1,2,1,18,3,De gas con deposito,Nuevo,Cada 2 años,De 50 a 60 litros (hasta 3 personas)
10956,1,1,3,0,1,15,2,De gas instantáneo de paso,Nuevo,Cada año,
10958,1,2,7,3,1,3,3,Solar,Nuevo,Cada 2 años,De 70 a 80 litros (hasta 4 personas)
10958,1,1,1,1,1,8,4,De gas con deposito,Nuevo,No le da mantenimiento,De 38 a 40 litros (hasta 2 personas)
10959,1,1,7,4,1,1,1,Solar,Nuevo,Cada 6 meses,De 90 a 110 litros (hasta 6 personas)
10960,1,1,1,3,1,1,4,De gas con deposito,Nuevo,No le da mantenimiento,De 70 a 80 litros (hasta 4 personas)
10961,1,1,1,2,1,6,2,De gas con deposito,Nuevo,Cada año,De 50 a 60 litros (hasta 3 personas)
10962,1,1,4,0,1,5,4,Eléctrico instantáneo de paso,Nuevo,No le da mantenimiento,
10964,1,1,1,1,1,4,2,De gas con deposito,Nuevo,Cada año,De 38 a 40 litros (hasta 2 personas)
10965,1,1,1,3,1,2,2,De gas con deposito,Nuevo,Cada año,De 70 a 80 litros (hasta 4 personas)
10966,1,1,6,1,1,3,2,De leña,Nuevo,Cada año,De 38 a 40 litros (hasta 2 personas)
10967,1,1,1,1,1,8,2,De gas con deposito,Nuevo,Cada año,De 38 a 40 litros (hasta 2 personas)
10968,1,1,1,1,1,1,4,De gas con deposito,Nuevo,No le da mantenimiento,De 38 a 40 litros (hasta 2 personas)
10969,1,1,2,0,1,12,1,De gas de rápida recuperación,Nuevo,Cada 6 meses,
10970,1,1,1,1,2,3,4,De gas con deposito,Usado,No le da mantenimiento,De 38 a 40 litros (hasta 2 personas)
10971,1,1,1,1,1,4,2,De gas con deposito,Nuevo,Cada año,De 38 a 40 litros (hasta 2 personas)
10975,1,1,3,0,2,1,4,De gas instantáneo de paso,Usado,No le da mantenimiento,
10976,1,1,2,0,1,2,2,De gas de rápida recuperación,Nuevo,Cada año,
10977,1,1,2,0,1,3,2,De gas de rápida recuperación,Nuevo,Cada año,
10978,1,1,1,3,1,6,4,De gas con deposito,Nuevo,No le da mantenimiento,De 70 a 80 litros (hasta 4 personas)
10982,1,1,3,0,1,10,4,De gas instantáneo de paso,Nuevo,No le da mantenimiento,
10983,1,1,1,1,1,1,4,De gas con deposito,Nuevo,No le da mantenimiento,De 38 a 40 litros (hasta 2 personas)
10984,1,2,7,4,1,1,4,Solar,Nuevo,No le da mantenimiento,De 90 a 110 litros (hasta 6 personas)
10984,1,1,1,3,1,1,4,De gas con deposito,Nuevo,No le da mantenimiento,De 70 a 80 litros (hasta 4 personas)
10985,1,1,3,0,1,6,1,De gas instantáneo de paso,Nuevo,Cada 6 meses,
10986,1,1,3,0,1,10,4,De gas instantáneo de paso,Nuevo,No le da mantenimiento,
10987,1,1,6,6,1,2,1,De leña,Nuevo,Cada 6 meses,Más de 140 litros (más de 7 personas)
10988,1,1,1,1,1,10,4,De gas con deposito,Nuevo,No le da mantenimiento,De 38 a 40 litros (hasta 2 personas)
10989,1,1,3,0,2,4,2,De gas instantáneo de paso,Usado,Cada año,
10992,1,1,1,3,1,2,2,De gas con deposito,Nuevo,Cada año,De 70 a 80 litros (hasta 4 personas)
10993,1,1,1,1,1,2,4,De gas con deposito,Nuevo,No le da mantenimiento,De 38 a 40 litros (hasta 2 personas)
10994,1,1,1,1,1,20,2,De gas con deposito,Nuevo,Cada año,De 38 a 40 litros (hasta 2 personas)
10995,1,1,1,2,1,18,2,De gas con deposito,Nuevo,Cada año,De 50 a 60 litros (hasta 3 personas)
10996,1,1,1,2,1,4,2,De gas con deposito,Nuevo,Cada año,De 50 a 60 litros (hasta 3 personas)
10997,1,1,2,0,1,1,4,De gas de rápida recuperación,Nuevo,No le da mantenimiento,
10998,1,1,2,0,1,5,2,De gas de rápida recuperación,Nuevo,Cada año,
11001,1,1,1,2,1,10,4,De gas con deposito,Nuevo,No le da mantenimiento,De 50 a 60 litros (hasta 3 personas)
11002,1,1,1,2,2,25,2,De gas con deposito,Usado,Cada año,De 50 a 60 litros (hasta 3 personas)
11003,1,1,1,1,1,3,1,De gas con deposito,Nuevo,Cada 6 meses,De 38 a 40 litros (hasta 2 personas)
11005,1,1,1,1,2,1,1,De gas con deposito,Usado,Cada 6 meses,De 38 a 40 litros (hasta 2 personas)
11006,1,1,3,0,2,10,2,De gas instantáneo de paso,Usado,Cada año,
11008,1,1,3,0,1,15,3,De gas instantáneo de paso,Nuevo,Cada 2 años,
11009,1,1,3,0,1,2,1,De gas instantáneo de paso,Nuevo,Cada 6 meses,
11010,1,1,1,1,2,3,4,De gas con deposito,Usado,No le da mantenimiento,De 38 a 40 litros (hasta 2 personas)
11011,1,1,1,1,1,5,2,De gas con deposito,Nuevo,Cada año,De 38 a 40 litros (hasta 2 personas)
11012,1,1,1,3,1,8,4,De gas con deposito,Nuevo,No le da mantenimiento,De 70 a 80 litros (hasta 4 personas)
11013,1,1,7,3,1,1,4,Solar,Nuevo,No le da mantenimiento,De 70 a 80 litros (hasta 4 personas)
11015,1,1,1,1,1,9,2,De gas con deposito,Nuevo,Cada año,De 38 a 40 litros (hasta 2 personas)
11017,1,1,1,1,1,2,4,De gas con deposito,Nuevo,No le da mantenimiento,De 38 a 40 litros (hasta 2 personas)
11018,1,1,1,1,1,16,4,De gas con deposito,Nuevo,No le da mantenimiento,De 38 a 40 litros (hasta 2 personas)
11019,1,1,1,3,2,99,2,De gas con deposito,Usado,Cada año,De 70 a 80 litros (hasta 4 personas)
11021,1,1,1,3,2,20,4,De gas con deposito,Usado,No le da mantenimiento,De 70 a 80 litros (hasta 4 personas)
11022,1,1,1,1,1,29,2,De gas con deposito,Nuevo,Cada año,De 38 a 40 litros (hasta 2 personas)
11023,1,1,2,0,1,3,3,De gas de rápida recuperación,Nuevo,Cada 2 años,
11024,1,1,1,1,2,3,1,De gas con deposito,Usado,Cada 6 meses,De 38 a 40 litros (hasta 2 personas)
11026,1,1,2,0,1,10,1,De gas de rápida recuperación,Nuevo,Cada 6 meses,
11027,1,1,7,2,1,1,4,Solar,Nuevo,No le da mantenimiento,De 50 a 60 litros (hasta 3 personas)
11028,1,1,1,1,1,25,1,De gas con deposito,Nuevo,Cada 6 meses,De 38 a 40 litros (hasta 2 personas)
11029,1,1,7,3,1,4,4,Solar,Nuevo,No le da mantenimiento,De 70 a 80 litros (hasta 4 personas)
11030,1,1,2,0,1,1,1,De gas de rápida recuperación,Nuevo,Cada 6 meses,
11031,1,1,1,9,2,99,4,De gas con deposito,Usado,No le da mantenimiento,No sabe
11033,1,1,3,0,1,3,1,De gas instantáneo de paso,Nuevo,Cada 6 meses,
11035,1,1,1,1,1,15,2,De gas con deposito,Nuevo,Cada año,De 38 a 40 litros (hasta 2 personas)
11036,1,1,3,0,1,2,4,De gas instantáneo de paso,Nuevo,No le da mantenimiento,
11037,1,1,1,9,1,8,1,De gas con deposito,Nuevo,Cada 6 meses,No sabe
11038,1,1,3,0,1,7,1,De gas instantáneo de paso,Nuevo,Cada 6 meses,
11039,1,1,4,0,1,1,4,Eléctrico instantáneo de paso,Nuevo,No le da mantenimiento,
11040,1,1,1,1,1,15,4,De gas con deposito,Nuevo,No le da mantenimiento,De 38 a 40 litros (hasta 2 personas)
11041,1,1,2,0,1,1,1,De gas de rápida recuperación,Nuevo,Cada 6 meses,
11042,1,1,3,0,1,1,1,De gas instantáneo de paso,Nuevo,Cada 6 meses,
11042,1,2,7,5,1,1,1,Solar,Nuevo,Cada 6 meses,De 120 a 140 litros (hasta 7 personas)
11043,1,1,1,1,1,4,1,De gas con deposito,Nuevo,Cada 6 meses,De 38 a 40 litros (hasta 2 personas)
11045,1,1,1,1,1,5,1,De gas con deposito,Nuevo,Cada 6 meses,De 38 a 40 litros (hasta 2 personas)
11046,1,1,7,4,1,1,4,Solar,Nuevo,No le da mantenimiento,De 90 a 110 litros (hasta 6 personas)
11047,1,1,1,1,1,2,1,De gas con deposito,Nuevo,Cada 6 meses,De 38 a 40 litros (hasta 2 personas)
11048,1,1,3,0,1,10,4,De gas instantáneo de paso,Nuevo,No le da mantenimiento,
11049,1,1,7,4,1,3,4,Solar,Nuevo,No le da mantenimiento,De 90 a 110 litros (hasta 6 personas)
11050,1,1,1,4,1,10,1,De gas con deposito,Nuevo,Cada 6 meses,De 90 a 110 litros (hasta 6 personas)
11051,1,1,7,2,1,3,1,Solar,Nuevo,Cada 6 meses,De 50 a 60 litros (hasta 3 personas)
11052,1,1,7,4,2,2,2,Solar,Usado,Cada año,De 90 a 110 litros (hasta 6 personas)
11053,1,1,2,0,1,8,2,De gas de rápida recuperación,Nuevo,Cada año,
11054,1,1,1,1,1,6,1,De gas con deposito,Nuevo,Cada 6 meses,De 38 a 40 litros (hasta 2 personas)
11055,1,1,1,1,1,1,1,De gas con deposito,Nuevo,Cada 6 meses,De 38 a 40 litros (hasta 2 personas)
11057,1,1,1,1,2,5,4,De gas con deposito,Usado,No le da mantenimiento,De 38 a 40 litros (hasta 2 personas)
11058,1,1,1,1,1,6,1,De gas con deposito,Nuevo,Cada 6 meses,De 38 a 40 litros (hasta 2 personas)
11060,1,1,3,0,1,10,2,De gas instantáneo de paso,Nuevo,Cada año,
11062,1,1,1,1,1,13,1,De gas con deposito,Nuevo,Cada 6 meses,De 38 a 40 litros (hasta 2 personas)
11064,1,1,7,9,1,1,1,Solar,Nuevo,Cada 6 meses,No sabe
11066,1,2,7,2,2,5,4,Solar,Usado,No le da mantenimiento,De 50 a 60 litros (hasta 3 personas)
11066,1,1,3,0,2,5,1,De gas instantáneo de paso,Usado,Cada 6 meses,
11067,1,1,7,2,1,7,1,Solar,Nuevo,Cada 6 meses,De 50 a 60 litros (hasta 3 personas)
11068,1,2,7,4,1,5,4,Solar,Nuevo,No le da mantenimiento,De 90 a 110 litros (hasta 6 personas)
11068,1,1,3,0,1,5,4,De gas instantáneo de paso,Nuevo,No le da mantenimiento,
11069,1,2,7,3,1,5,1,Solar,Nuevo,Cada 6 meses,De 70 a 80 litros (hasta 4 personas)
11069,1,1,1,1,1,5,1,De gas con deposito,Nuevo,Cada 6 meses,De 38 a 40 litros (hasta 2 personas)
11070,1,1,3,0,1,6,4,De gas instantáneo de paso,Nuevo,No le da mantenimiento,
11071,1,1,2,0,1,5,2,De gas de rápida recuperación,Nuevo,Cada año,
11074,1,1,3,0,1,1,4,De gas instantáneo de paso,Nuevo,No le da mantenimiento,
11078,1,1,3,0,1,5,1,De gas instantáneo de paso,Nuevo,Cada 6 meses,
11079,1,1,7,4,1,1,4,Solar,Nuevo,No le da mantenimiento,De 90 a 110 litros (hasta 6 personas)
11080,1,1,1,1,2,99,4,De gas con deposito,Usado,No le da mantenimiento,De 38 a 40 litros (hasta 2 personas)
11081,1,1,2,0,1,2,2,De gas de rápida recuperación,Nuevo,Cada año,
11082,1,1,1,2,1,3,4,De gas con deposito,Nuevo,No le da mantenimiento,De 50 a 60 litros (hasta 3 personas)
11083,1,1,1,1,1,3,4,De gas con deposito,Nuevo,No le da mantenimiento,De 38 a 40 litros (hasta 2 personas)
11085,1,1,1,1,1,8,4,De gas con deposito,Nuevo,No le da mantenimiento,De 38 a 40 litros (hasta 2 personas)
11086,1,1,7,3,1,2,4,Solar,Nuevo,No le da mantenimiento,De 70 a 80 litros (hasta 4 personas)
11092,1,1,3,0,2,1,4,De gas instantáneo de paso,Usado,No le da mantenimiento,
11096,1,1,1,2,1,2,4,De gas con deposito,Nuevo,No le da mantenimiento,De 50 a 60 litros (hasta 3 personas)
11098,1,1,1,1,1,5,1,De gas con deposito,Nuevo,Cada 6 meses,De 38 a 40 litros (hasta 2 personas)
11099,1,2,3,0,1,2,1,De gas instantáneo de paso,Nuevo,Cada 6 meses,
11099,1,1,7,5,1,1,4,Solar,Nuevo,No le da mantenimiento,De 120 a 140 litros (hasta 7 personas)
11104,1,1,3,0,2,1,4,De gas instantáneo de paso,Usado,No le da mantenimiento,
11108,1,1,1,1,1,9,3,De gas con deposito,Nuevo,Cada 2 años,De 38 a 40 litros (hasta 2 personas)
11111,1,1,3,0,1,1,4,De gas instantáneo de paso,Nuevo,No le da mantenimiento,
11112,1,1,2,0,2,2,4,De gas de rápida recuperación,Usado,No le da mantenimiento,
11113,1,1,3,0,1,2,1,De gas instantáneo de paso,Nuevo,Cada 6 meses,
11114,1,1,2,0,2,5,1,De gas de rápida recuperación,Usado,Cada 6 meses,
11115,1,1,1,2,1,4,2,De gas con deposito,Nuevo,Cada año,De 50 a 60 litros (hasta 3 personas)
11116,1,1,1,1,1,6,2,De gas con deposito,Nuevo,Cada año,De 38 a 40 litros (hasta 2 personas)
11117,1,1,6,9,1,2,1,De leña,Nuevo,Cada 6 meses,No sabe
11118,1,1,2,0,1,1,1,De gas de rápida recuperación,Nuevo,Cada 6 meses,
11119,1,1,1,1,1,15,2,De gas con deposito,Nuevo,Cada año,De 38 a 40 litros (hasta 2 personas)
11120,1,1,3,0,1,1,1,De gas instantáneo de paso,Nuevo,Cada 6 meses,
11122,1,1,1,2,1,3,4,De gas con deposito,Nuevo,No le da mantenimiento,De 50 a 60 litros (hasta 3 personas)
11123,1,1,3,0,1,1,4,De gas instantáneo de paso,Nuevo,No le da mantenimiento,
11124,1,1,2,0,1,4,1,De gas de rápida recuperación,Nuevo,Cada 6 meses,
11125,1,1,7,1,1,2,1,Solar,Nuevo,Cada 6 meses,De 38 a 40 litros (hasta 2 personas)
11126,1,1,2,0,1,4,3,De gas de rápida recuperación,Nuevo,Cada 2 años,
11127,1,1,7,3,1,1,4,Solar,Nuevo,No le da mantenimiento,De 70 a 80 litros (hasta 4 personas)
11128,1,1,1,9,1,6,2,De gas con deposito,Nuevo,Cada año,No sabe
11128,1,2,7,3,1,3,1,Solar,Nuevo,Cada 6 meses,De 70 a 80 litros (hasta 4 personas)
11129,1,1,7,3,1,3,4,Solar,Nuevo,No le da mantenimiento,De 70 a 80 litros (hasta 4 personas)
11130,1,1,7,3,1,1,4,Solar,Nuevo,No le da mantenimiento,De 70 a 80 litros (hasta 4 personas)
11131,1,1,3,0,1,1,1,De gas instantáneo de paso,Nuevo,Cada 6 meses,
11132,1,1,7,1,1,1,1,Solar,Nuevo,Cada 6 meses,De 38 a 40 litros (hasta 2 personas)
11133,1,1,7,3,1,2,4,Solar,Nuevo,No le da mantenimiento,De 70 a 80 litros (hasta 4 personas)
11134,1,1,1,1,2,10,4,De gas con deposito,Usado,No le da mantenimiento,De 38 a 40 litros (hasta 2 personas)
11135,1,1,7,3,1,7,3,Solar,Nuevo,Cada 2 años,De 70 a 80 litros (hasta 4 personas)
11136,1,2,7,4,1,5,3,Solar,Nuevo,Cada 2 años,De 90 a 110 litros (hasta 6 personas)
11136,1,1,2,0,1,2,4,De gas de rápida recuperación,Nuevo,No le da mantenimiento,
11137,1,1,1,3,1,15,2,De gas con deposito,Nuevo,Cada año,De 70 a 80 litros (hasta 4 personas)
11138,1,1,2,0,1,1,4,De gas de rápida recuperación,Nuevo,No le da mantenimiento,
11139,1,1,7,4,1,6,3,Solar,Nuevo,Cada 2 años,De 90 a 110 litros (hasta 6 personas)
11140,1,1,3,0,1,20,4,De gas instantáneo de paso,Nuevo,No le da mantenimiento,
11140,1,2,7,3,1,3,4,Solar,Nuevo,No le da mantenimiento,De 70 a 80 litros (hasta 4 personas)
11141,1,1,7,3,1,2,4,Solar,Nuevo,No le da mantenimiento,De 70 a 80 litros (hasta 4 personas)
11145,1,1,7,3,1,5,3,Solar,Nuevo,Cada 2 años,De 70 a 80 litros (hasta 4 personas)
11148,1,1,1,3,1,20,3,De gas con deposito,Nuevo,Cada 2 años,De 70 a 80 litros (hasta 4 personas)
11149,1,1,1,1,2,1,4,De gas con deposito,Usado,No le da mantenimiento,De 38 a 40 litros (hasta 2 personas)
11150,1,1,4,0,1,1,4,Eléctrico instantáneo de paso,Nuevo,No le da mantenimiento,
11150,1,2,7,4,1,1,4,Solar,Nuevo,No le da mantenimiento,De 90 a 110 litros (hasta 6 personas)
11151,1,1,1,2,1,10,2,De gas con deposito,Nuevo,Cada año,De 50 a 60 litros (hasta 3 personas)
11152,1,1,2,0,1,99,2,De gas de rápida recuperación,Nuevo,Cada año,
11153,1,1,1,9,1,3,1,De gas con deposito,Nuevo,Cada 6 meses,No sabe
11154,1,1,2,0,1,3,2,De gas de rápida recuperación,Nuevo,Cada año,
11155,1,1,1,3,1,2,4,De gas con deposito,Nuevo,No le da mantenimiento,De 70 a 80 litros (hasta 4 personas)
11156,1,1,7,4,1,5,4,Solar,Nuevo,No le da mantenimiento,De 90 a 110 litros (hasta 6 personas)
11157,1,1,2,0,2,99,4,De gas de rápida recuperación,Usado,No le da mantenimiento,
11158,1,1,1,3,1,7,2,De gas con deposito,Nuevo,Cada año,De 70 a 80 litros (hasta 4 personas)
11159,1,1,1,2,1,10,2,De gas con deposito,Nuevo,Cada año,De 50 a 60 litros (hasta 3 personas)
11160,1,1,3,0,2,99,2,De gas instantáneo de paso,Usado,Cada año,
11161,1,2,7,6,1,1,4,Solar,Nuevo,No le da mantenimiento,Más de 140 litros (más de 7 personas)
11161,1,1,1,1,1,2,1,De gas con deposito,Nuevo,Cada 6 meses,De 38 a 40 litros (hasta 2 personas)
11162,1,1,4,0,1,7,2,Eléctrico instantáneo de paso,Nuevo,Cada año,
11163,1,1,6,1,1,12,2,De leña,Nuevo,Cada año,De 38 a 40 litros (hasta 2 personas)
11164,1,1,1,1,1,15,1,De gas con deposito,Nuevo,Cada 6 meses,De 38 a 40 litros (hasta 2 personas)
11165,1,1,1,1,1,3,1,De gas con deposito,Nuevo,Cada 6 meses,De 38 a 40 litros (hasta 2 personas)
11166,1,1,1,1,1,4,4,De gas con deposito,Nuevo,No le da mantenimiento,De 38 a 40 litros (hasta 2 personas)
11167,1,1,7,4,1,1,4,Solar,Nuevo,No le da mantenimiento,De 90 a 110 litros (hasta 6 personas)
11168,1,1,2,0,1,5,2,De gas de rápida recuperación,Nuevo,Cada año,
11168,1,2,7,2,1,5,4,Solar,Nuevo,No le da mantenimiento,De 50 a 60 litros (hasta 3 personas)
11171,1,1,3,0,1,99,4,De gas instantáneo de paso,Nuevo,No le da mantenimiento,
11175,1,1,7,3,1,1,4,Solar,Nuevo,No le da mantenimiento,De 70 a 80 litros (hasta 4 personas)
11176,1,1,6,9,2,12,1,De leña,Usado,Cada 6 meses,No sabe
11177,1,1,7,3,1,1,4,Solar,Nuevo,No le da mantenimiento,De 70 a 80 litros (hasta 4 personas)
11178,1,1,7,3,1,2,1,Solar,Nuevo,Cada 6 meses,De 70 a 80 litros (hasta 4 personas)
11179,1,1,6,9,2,4,4,De leña,Usado,No le da mantenimiento,No sabe
11181,1,1,7,3,1,1,4,Solar,Nuevo,No le da mantenimiento,De 70 a 80 litros (hasta 4 personas)
11182,1,1,7,4,1,1,4,Solar,Nuevo,No le da mantenimiento,De 90 a 110 litros (hasta 6 personas)
11186,1,1,3,0,1,3,2,De gas instantáneo de paso,Nuevo,Cada año,
11187,1,1,2,0,1,20,2,De gas de rápida recuperación,Nuevo,Cada año,
11189,1,1,3,0,1,1,4,De gas instantáneo de paso,Nuevo,No le da mantenimiento,
11204,1,1,2,0,1,4,3,De gas de rápida recuperación,Nuevo,Cada 2 años,
11205,1,1,6,1,2,13,1,De leña,Usado,Cada 6 meses,De 38 a 40 litros (hasta 2 personas)
11206,1,1,2,0,1,10,1,De gas de rápida recuperación,Nuevo,Cada 6 meses,
11209,1,1,3,0,2,4,3,De gas instantáneo de paso,Usado,Cada 2 años,
11213,1,1,6,1,2,4,4,De leña,Usado,No le da mantenimiento,De 38 a 40 litros (hasta 2 personas)
11214,1,1,2,0,2,5,3,De gas de rápida recuperación,Usado,Cada 2 años,
11215,1,1,6,1,1,10,4,De leña,Nuevo,No le da mantenimiento,De 38 a 40 litros (hasta 2 personas)
11218,1,1,1,1,1,14,2,De gas con deposito,Nuevo,Cada año,De 38 a 40 litros (hasta 2 personas)
11221,1,1,6,2,2,5,4,De leña,Usado,No le da mantenimiento,De 50 a 60 litros (hasta 3 personas)
11223,1,1,2,0,1,1,4,De gas de rápida recuperación,Nuevo,No le da mantenimiento,
11224,1,1,1,2,1,15,1,De gas con deposito,Nuevo,Cada 6 meses,De 50 a 60 litros (hasta 3 personas)
11228,1,1,1,9,1,5,2,De gas con deposito,Nuevo,Cada año,No sabe
11230,1,1,3,0,1,2,4,De gas instantáneo de paso,Nuevo,No le da mantenimiento,
11233,1,1,4,0,1,1,4,Eléctrico instantáneo de paso,Nuevo,No le da mantenimiento,
11238,1,1,7,3,1,1,1,Solar,Nuevo,Cada 6 meses,De 70 a 80 litros (hasta 4 personas)
11241,1,1,3,0,1,1,1,De gas instantáneo de paso,Nuevo,Cada 6 meses,
11247,1,1,3,0,1,8,2,De gas instantáneo de paso,Nuevo,Cada año,
11248,1,1,1,2,1,10,4,De gas con deposito,Nuevo,No le da mantenimiento,De 50 a 60 litros (hasta 3 personas)
11249,1,1,2,0,2,2,4,De gas de rápida recuperación,Usado,No le da mantenimiento,
11253,1,1,2,0,1,1,4,De gas de rápida recuperación,Nuevo,No le da mantenimiento,
11257,1,1,7,6,1,2,4,Solar,Nuevo,No le da mantenimiento,Más de 140 litros (más de 7 personas)
11259,1,1,2,0,1,3,4,De gas de rápida recuperación,Nuevo,No le da mantenimiento,
11263,1,1,2,0,1,1,4,De gas de rápida recuperación,Nuevo,No le da mantenimiento,
11264,1,1,7,5,1,1,4,Solar,Nuevo,No le da mantenimiento,De 120 a 140 litros (hasta 7 personas)
11266,1,1,6,1,2,32,4,De leña,Usado,No le da mantenimiento,De 38 a 40 litros (hasta 2 personas)
11267,1,1,7,2,1,4,4,Solar,Nuevo,No le da mantenimiento,De 50 a 60 litros (hasta 3 personas)
11269,1,1,7,5,1,1,4,Solar,Nuevo,No le da mantenimiento,De 120 a 140 litros (hasta 7 personas)
11270,1,1,1,1,1,14,1,De gas con deposito,Nuevo,Cada 6 meses,De 38 a 40 litros (hasta 2 personas)
11272,1,1,7,3,1,1,4,Solar,Nuevo,No le da mantenimiento,De 70 a 80 litros (hasta 4 personas)
11275,1,1,1,3,1,15,2,De gas con deposito,Nuevo,Cada año,De 70 a 80 litros (hasta 4 personas)
11276,1,1,1,1,2,10,3,De gas con deposito,Usado,Cada 2 años,De 38 a 40 litros (hasta 2 personas)
11277,1,1,7,2,1,3,4,Solar,Nuevo,No le da mantenimiento,De 50 a 60 litros (hasta 3 personas)
11277,1,2,2,0,1,7,4,De gas de rápida recuperación,Nuevo,No le da mantenimiento,
11278,1,1,7,1,1,3,2,Solar,Nuevo,Cada año,De 38 a 40 litros (hasta 2 personas)
11280,1,1,2,0,1,7,2,De gas de rápida recuperación,Nuevo,Cada año,
11281,1,1,1,1,1,15,2,De gas con deposito,Nuevo,Cada año,De 38 a 40 litros (hasta 2 personas)
11284,1,1,1,2,1,30,1,De gas con deposito,Nuevo,Cada 6 meses,De 50 a 60 litros (hasta 3 personas)
11286,1,1,1,1,1,2,1,De gas con deposito,Nuevo,Cada 6 meses,De 38 a 40 litros (hasta 2 personas)
11290,1,1,3,0,1,10,4,De gas instantáneo de paso,Nuevo,No le da mantenimiento,
11291,1,1,1,2,1,1,1,De gas con deposito,Nuevo,Cada 6 meses,De 50 a 60 litros (hasta 3 personas)
11292,1,1,6,1,1,1,4,De leña,Nuevo,No le da mantenimiento,De 38 a 40 litros (hasta 2 personas)
11295,1,1,6,1,1,10,4,De leña,Nuevo,No le da mantenimiento,De 38 a 40 litros (hasta 2 personas)
11318,1,1,3,0,1,1,4,De gas instantáneo de paso,Nuevo,No le da mantenimiento,
11319,1,1,1,1,1,7,1,De gas con deposito,Nuevo,Cada 6 meses,De 38 a 40 litros (hasta 2 personas)
11320,1,1,3,0,1,4,4,De gas instantáneo de paso,Nuevo,No le da mantenimiento,
11321,1,1,7,1,1,8,4,Solar,Nuevo,No le da mantenimiento,De 38 a 40 litros (hasta 2 personas)
11323,1,2,1,1,1,5,1,De gas con deposito,Nuevo,Cada 6 meses,De 38 a 40 litros (hasta 2 personas)
11323,1,1,7,4,1,1,4,Solar,Nuevo,No le da mantenimiento,De 90 a 110 litros (hasta 6 personas)
11324,1,1,7,5,1,11,1,Solar,Nuevo,Cada 6 meses,De 120 a 140 litros (hasta 7 personas)
11326,1,1,2,0,1,5,1,De gas de rápida recuperación,Nuevo,Cada 6 meses,
11327,1,1,1,1,1,6,4,De gas con deposito,Nuevo,No le da mantenimiento,De 38 a 40 litros (hasta 2 personas)
11328,1,1,1,2,1,1,1,De gas con deposito,Nuevo,Cada 6 meses,De 50 a 60 litros (hasta 3 personas)
11329,1,1,1,1,1,6,2,De gas con deposito,Nuevo,Cada año,De 38 a 40 litros (hasta 2 personas)
11333,1,1,6,1,1,5,4,De leña,Nuevo,No le da mantenimiento,De 38 a 40 litros (hasta 2 personas)
11336,1,1,6,1,1,2,4,De leña,Nuevo,No le da mantenimiento,De 38 a 40 litros (hasta 2 personas)
11339,1,1,6,3,1,4,4,De leña,Nuevo,No le da mantenimiento,De 70 a 80 litros (hasta 4 personas)
11340,1,1,7,3,1,1,4,Solar,Nuevo,No le da mantenimiento,De 70 a 80 litros (hasta 4 personas)
11342,1,1,6,9,1,1,4,De leña,Nuevo,No le da mantenimiento,No sabe
11344,1,1,1,4,1,4,1,De gas con deposito,Nuevo,Cada 6 meses,De 90 a 110 litros (hasta 6 personas)
11349,1,1,6,3,1,1,4,De leña,Nuevo,No le da mantenimiento,De 70 a 80 litros (hasta 4 personas)
11352,1,1,3,0,1,3,4,De gas instantáneo de paso,Nuevo,No le da mantenimiento,
11357,1,1,1,3,1,10,4,De gas con deposito,Nuevo,No le da mantenimiento,De 70 a 80 litros (hasta 4 personas)
11361,1,1,1,1,1,1,4,De gas con deposito,Nuevo,No le da mantenimiento,De 38 a 40 litros (hasta 2 personas)
11377,1,1,7,4,1,1,4,Solar,Nuevo,No le da mantenimiento,De 90 a 110 litros (hasta 6 personas)
11378,1,1,1,1,2,6,4,De gas con deposito,Usado,No le da mantenimiento,De 38 a 40 litros (hasta 2 personas)
11379,1,1,6,2,1,15,4,De leña,Nuevo,No le da mantenimiento,De 50 a 60 litros (hasta 3 personas)
11380,1,1,2,0,2,3,4,De gas de rápida recuperación,Usado,No le da mantenimiento,
11384,1,1,1,1,1,12,1,De gas con deposito,Nuevo,Cada 6 meses,De 38 a 40 litros (hasta 2 personas)
11402,1,1,6,2,1,1,4,De leña,Nuevo,No le da mantenimiento,De 50 a 60 litros (hasta 3 personas)
11403,1,1,6,1,1,1,2,De leña,Nuevo,Cada año,De 38 a 40 litros (hasta 2 personas)
11404,1,1,6,2,1,2,1,De leña,Nuevo,Cada 6 meses,De 50 a 60 litros (hasta 3 personas)
11405,1,1,6,1,1,2,4,De leña,Nuevo,No le da mantenimiento,De 38 a 40 litros (hasta 2 personas)
11454,1,1,3,0,2,5,1,De gas instantáneo de paso,Usado,Cada 6 meses,
11458,1,1,1,9,2,99,4,De gas con deposito,Usado,No le da mantenimiento,No sabe
11460,1,1,1,1,1,15,2,De gas con deposito,Nuevo,Cada año,De 38 a 40 litros (hasta 2 personas)
11463,1,1,3,0,1,6,1,De gas instantáneo de paso,Nuevo,Cada 6 meses,
11464,1,1,1,3,1,5,2,De gas con deposito,Nuevo,Cada año,De 70 a 80 litros (hasta 4 personas)
11467,1,1,6,2,1,3,4,De leña,Nuevo,No le da mantenimiento,De 50 a 60 litros (hasta 3 personas)
11468,1,1,7,3,1,4,4,Solar,Nuevo,No le da mantenimiento,De 70 a 80 litros (hasta 4 personas)
11469,1,1,4,0,1,4,4,Eléctrico instantáneo de paso,Nuevo,No le da mantenimiento,
11494,1,1,7,1,2,2,4,Solar,Usado,No le da mantenimiento,De 38 a 40 litros (hasta 2 personas)
11495,1,1,1,2,1,1,2,De gas con deposito,Nuevo,Cada año,De 50 a 60 litros (hasta 3 personas)
11496,1,1,1,1,1,1,1,De gas con deposito,Nuevo,Cada 6 meses,De 38 a 40 litros (hasta 2 personas)
11498,1,1,1,1,1,6,3,De gas con deposito,Nuevo,Cada 2 años,De 38 a 40 litros (hasta 2 personas)
11499,1,1,2,0,1,7,1,De gas de rápida recuperación,Nuevo,Cada 6 meses,
11500,1,1,7,2,1,1,4,Solar,Nuevo,No le da mantenimiento,De 50 a 60 litros (hasta 3 personas)
11504,1,1,1,1,2,9,2,De gas con deposito,Usado,Cada año,De 38 a 40 litros (hasta 2 personas)
11528,1,1,6,1,1,2,4,De leña,Nuevo,No le da mantenimiento,De 38 a 40 litros (hasta 2 personas)
11530,1,1,6,2,1,3,4,De leña,Nuevo,No le da mantenimiento,De 50 a 60 litros (hasta 3 personas)
11531,1,1,1,1,1,3,1,De gas con deposito,Nuevo,Cada 6 meses,De 38 a 40 litros (hasta 2 personas)
11534,1,1,6,1,1,99,4,De leña,Nuevo,No le da mantenimiento,De 38 a 40 litros (hasta 2 personas)
11535,1,1,6,1,1,1,2,De leña,Nuevo,Cada año,De 38 a 40 litros (hasta 2 personas)
11536,1,1,6,1,1,1,4,De leña,Nuevo,No le da mantenimiento,De 38 a 40 litros (hasta 2 personas)
11537,1,1,3,0,1,10,4,De gas instantáneo de paso,Nuevo,No le da mantenimiento,
11538,1,1,1,3,1,6,2,De gas con deposito,Nuevo,Cada año,De 70 a 80 litros (hasta 4 personas)
11539,1,1,1,1,1,8,3,De gas con deposito,Nuevo,Cada 2 años,De 38 a 40 litros (hasta 2 personas)
11542,1,1,6,1,2,1,4,De leña,Usado,No le da mantenimiento,De 38 a 40 litros (hasta 2 personas)
11543,1,1,1,2,1,8,2,De gas con deposito,Nuevo,Cada año,De 50 a 60 litros (hasta 3 personas)
11545,1,1,7,3,1,4,2,Solar,Nuevo,Cada año,De 70 a 80 litros (hasta 4 personas)
11546,1,1,3,0,1,4,1,De gas instantáneo de paso,Nuevo,Cada 6 meses,
11547,1,1,1,2,1,5,1,De gas con deposito,Nuevo,Cada 6 meses,De 50 a 60 litros (hasta 3 personas)
11548,1,1,7,6,1,7,4,Solar,Nuevo,No le da mantenimiento,Más de 140 litros (más de 7 personas)
11549,1,1,3,0,1,6,2,De gas instantáneo de paso,Nuevo,Cada año,
11551,1,1,7,4,1,1,4,Solar,Nuevo,No le da mantenimiento,De 90 a 110 litros (hasta 6 personas)
11553,1,1,1,2,1,1,4,De gas con deposito,Nuevo,No le da mantenimiento,De 50 a 60 litros (hasta 3 personas)
11555,1,1,7,3,1,8,4,Solar,Nuevo,No le da mantenimiento,De 70 a 80 litros (hasta 4 personas)
11557,1,1,3,0,1,2,1,De gas instantáneo de paso,Nuevo,Cada 6 meses,
11568,1,1,7,4,1,3,4,Solar,Nuevo,No le da mantenimiento,De 90 a 110 litros (hasta 6 personas)
11569,1,1,1,1,1,7,1,De gas con deposito,Nuevo,Cada 6 meses,De 38 a 40 litros (hasta 2 personas)
11571,1,1,1,2,1,1,4,De gas con deposito,Nuevo,No le da mantenimiento,De 50 a 60 litros (hasta 3 personas)
11572,1,1,1,1,1,18,4,De gas con deposito,Nuevo,No le da mantenimiento,De 38 a 40 litros (hasta 2 personas)
11577,1,1,4,0,1,4,4,Eléctrico instantáneo de paso,Nuevo,No le da mantenimiento,
11579,1,1,7,2,1,1,4,Solar,Nuevo,No le da mantenimiento,De 50 a 60 litros (hasta 3 personas)
11580,1,1,1,3,1,1,4,De gas con deposito,Nuevo,No le da mantenimiento,De 70 a 80 litros (hasta 4 personas)
11581,1,1,1,3,1,9,4,De gas con deposito,Nuevo,No le da mantenimiento,De 70 a 80 litros (hasta 4 personas)
11582,1,1,1,3,1,99,4,De gas con deposito,Nuevo,No le da mantenimiento,De 70 a 80 litros (hasta 4 personas)
11583,1,1,2,0,1,99,1,De gas de rápida recuperación,Nuevo,Cada 6 meses,
11584,1,1,1,3,1,6,1,De gas con deposito,Nuevo,Cada 6 meses,De 70 a 80 litros (hasta 4 personas)
11585,1,1,7,3,1,4,1,Solar,Nuevo,Cada 6 meses,De 70 a 80 litros (hasta 4 personas)
11586,1,1,1,9,1,10,2,De gas con deposito,Nuevo,Cada año,No sabe
11587,1,1,1,1,1,20,2,De gas con deposito,Nuevo,Cada año,De 38 a 40 litros (hasta 2 personas)
11588,1,1,7,9,1,1,4,Solar,Nuevo,No le da mantenimiento,No sabe
11589,1,1,3,0,1,4,4,De gas instantáneo de paso,Nuevo,No le da mantenimiento,
11590,1,1,1,3,1,2,1,De gas con deposito,Nuevo,Cada 6 meses,De 70 a 80 litros (hasta 4 personas)
11591,1,1,1,3,1,10,4,De gas con deposito,Nuevo,No le da mantenimiento,De 70 a 80 litros (hasta 4 personas)
11592,1,1,1,1,2,7,1,De gas con deposito,Usado,Cada 6 meses,De 38 a 40 litros (hasta 2 personas)
11593,1,1,7,4,1,1,4,Solar,Nuevo,No le da mantenimiento,De 90 a 110 litros (hasta 6 personas)
11598,1,1,1,3,1,3,1,De gas con deposito,Nuevo,Cada 6 meses,De 70 a 80 litros (hasta 4 personas)
11599,1,1,1,1,2,4,4,De gas con deposito,Usado,No le da mantenimiento,De 38 a 40 litros (hasta 2 personas)
11600,1,1,1,9,2,4,4,De gas con deposito,Usado,No le da mantenimiento,No sabe
11601,1,1,1,9,1,4,4,De gas con deposito,Nuevo,No le da mantenimiento,No sabe
11602,1,1,3,0,1,1,1,De gas instantáneo de paso,Nuevo,Cada 6 meses,
11605,1,1,1,3,1,10,1,De gas con deposito,Nuevo,Cada 6 meses,De 70 a 80 litros (hasta 4 personas)
11606,1,1,1,1,1,10,4,De gas con deposito,Nuevo,No le da mantenimiento,De 38 a 40 litros (hasta 2 personas)
11607,1,1,1,1,1,7,4,De gas con deposito,Nuevo,No le da mantenimiento,De 38 a 40 litros (hasta 2 personas)
11608,1,1,7,3,1,1,4,Solar,Nuevo,No le da mantenimiento,De 70 a 80 litros (hasta 4 personas)
11609,1,1,1,1,2,99,4,De gas con deposito,Usado,No le da mantenimiento,De 38 a 40 litros (hasta 2 personas)
11612,1,1,1,1,2,6,4,De gas con deposito,Usado,No le da mantenimiento,De 38 a 40 litros (hasta 2 personas)
11613,1,1,1,1,2,3,4,De gas con deposito,Usado,No le da mantenimiento,De 38 a 40 litros (hasta 2 personas)
11615,1,1,1,1,1,5,2,De gas con deposito,Nuevo,Cada año,De 38 a 40 litros (hasta 2 personas)
11616,1,1,1,1,1,8,1,De gas con deposito,Nuevo,Cada 6 meses,De 38 a 40 litros (hasta 2 personas)
11617,1,1,1,1,1,10,4,De gas con deposito,Nuevo,No le da mantenimiento,De 38 a 40 litros (hasta 2 personas)
11618,1,1,1,4,1,1,4,De gas con deposito,Nuevo,No le da mantenimiento,De 90 a 110 litros (hasta 6 personas)
11619,1,1,1,4,2,4,1,De gas con deposito,Usado,Cada 6 meses,De 90 a 110 litros (hasta 6 personas)
11622,1,1,1,2,1,12,2,De gas con deposito,Nuevo,Cada año,De 50 a 60 litros (hasta 3 personas)
11623,1,1,7,4,1,20,2,Solar,Nuevo,Cada año,De 90 a 110 litros (hasta 6 personas)
11624,1,1,1,3,1,2,1,De gas con deposito,Nuevo,Cada 6 meses,De 70 a 80 litros (hasta 4 personas)
11627,1,1,1,1,1,1,1,De gas con deposito,Nuevo,Cada 6 meses,De 38 a 40 litros (hasta 2 personas)
11628,1,1,5,4,1,3,4,Eléctrico con depósito,Nuevo,No le da mantenimiento,De 90 a 110 litros (hasta 6 personas)
11630,1,1,1,2,1,20,1,De gas con deposito,Nuevo,Cada 6 meses,De 50 a 60 litros (hasta 3 personas)
11631,1,1,1,1,1,8,4,De gas con deposito,Nuevo,No le da mantenimiento,De 38 a 40 litros (hasta 2 personas)
11632,1,1,1,3,1,10,1,De gas con deposito,Nuevo,Cada 6 meses,De 70 a 80 litros (hasta 4 personas)
11633,1,1,2,0,1,10,1,De gas de rápida recuperación,Nuevo,Cada 6 meses,
11634,1,1,2,0,1,2,4,De gas de rápida recuperación,Nuevo,No le da mantenimiento,
11635,1,1,2,0,1,36,1,De gas de rápida recuperación,Nuevo,Cada 6 meses,
11636,1,1,7,3,1,99,4,Solar,Nuevo,No le da mantenimiento,De 70 a 80 litros (hasta 4 personas)
11637,1,1,1,3,1,5,2,De gas con deposito,Nuevo,Cada año,De 70 a 80 litros (hasta 4 personas)
11638,1,1,4,0,1,15,2,Eléctrico instantáneo de paso,Nuevo,Cada año,
11639,1,1,1,1,1,6,4,De gas con deposito,Nuevo,No le da mantenimiento,De 38 a 40 litros (hasta 2 personas)
11641,1,1,1,3,1,4,1,De gas con deposito,Nuevo,Cada 6 meses,De 70 a 80 litros (hasta 4 personas)
11643,1,1,1,3,1,8,1,De gas con deposito,Nuevo,Cada 6 meses,De 70 a 80 litros (hasta 4 personas)
11646,1,1,1,2,1,5,4,De gas con deposito,Nuevo,No le da mantenimiento,De 50 a 60 litros (hasta 3 personas)
11647,1,1,1,2,1,1,4,De gas con deposito,Nuevo,No le da mantenimiento,De 50 a 60 litros (hasta 3 personas)
11649,1,1,1,1,1,7,2,De gas con deposito,Nuevo,Cada año,De 38 a 40 litros (hasta 2 personas)
11650,1,1,1,9,1,1,4,De gas con deposito,Nuevo,No le da mantenimiento,No sabe
11651,1,1,1,1,2,7,4,De gas con deposito,Usado,No le da mantenimiento,De 38 a 40 litros (hasta 2 personas)
11653,1,1,1,3,1,20,4,De gas con deposito,Nuevo,No le da mantenimiento,De 70 a 80 litros (hasta 4 personas)
11654,1,1,3,0,1,14,4,De gas instantáneo de paso,Nuevo,No le da mantenimiento,
11655,1,1,2,0,1,4,2,De gas de rápida recuperación,Nuevo,Cada año,
11656,1,1,1,1,1,15,2,De gas con deposito,Nuevo,Cada año,De 38 a 40 litros (hasta 2 personas)
11658,1,1,1,1,1,10,4,De gas con deposito,Nuevo,No le da mantenimiento,De 38 a 40 litros (hasta 2 personas)
11659,1,1,1,1,1,6,1,De gas con deposito,Nuevo,Cada 6 meses,De 38 a 40 litros (hasta 2 personas)
11660,1,1,1,1,2,99,4,De gas con deposito,Usado,No le da mantenimiento,De 38 a 40 litros (hasta 2 personas)
11663,1,1,1,2,1,15,1,De gas con deposito,Nuevo,Cada 6 meses,De 50 a 60 litros (hasta 3 personas)
11664,1,1,1,3,1,6,2,De gas con deposito,Nuevo,Cada año,De 70 a 80 litros (hasta 4 personas)
11665,1,1,1,2,1,2,1,De gas con deposito,Nuevo,Cada 6 meses,De 50 a 60 litros (hasta 3 personas)
11666,1,1,7,3,1,5,4,Solar,Nuevo,No le da mantenimiento,De 70 a 80 litros (hasta 4 personas)
11667,1,1,1,3,1,99,2,De gas con deposito,Nuevo,Cada año,De 70 a 80 litros (hasta 4 personas)
11668,1,1,1,4,1,5,1,De gas con deposito,Nuevo,Cada 6 meses,De 90 a 110 litros (hasta 6 personas)
11669,1,1,1,1,1,4,4,De gas con deposito,Nuevo,No le da mantenimiento,De 38 a 40 litros (hasta 2 personas)
11670,1,1,1,2,1,15,2,De gas con deposito,Nuevo,Cada año,De 50 a 60 litros (hasta 3 personas)
11671,1,1,7,5,1,8,4,Solar,Nuevo,No le da mantenimiento,De 120 a 140 litros (hasta 7 personas)
11672,1,1,2,0,1,20,3,De gas de rápida recuperación,Nuevo,Cada 2 años,
11673,1,1,2,0,1,20,2,De gas de rápida recuperación,Nuevo,Cada año,
11674,1,1,7,3,1,4,3,Solar,Nuevo,Cada 2 años,De 70 a 80 litros (hasta 4 personas)
11675,1,1,1,1,1,10,4,De gas con deposito,Nuevo,No le da mantenimiento,De 38 a 40 litros (hasta 2 personas)
11676,1,1,3,0,1,1,4,De gas instantáneo de paso,Nuevo,No le da mantenimiento,
11677,1,1,1,1,1,15,4,De gas con deposito,Nuevo,No le da mantenimiento,De 38 a 40 litros (hasta 2 personas)
11678,1,1,1,2,2,5,4,De gas con deposito,Usado,No le da mantenimiento,De 50 a 60 litros (hasta 3 personas)
11679,1,1,1,3,1,3,1,De gas con deposito,Nuevo,Cada 6 meses,De 70 a 80 litros (hasta 4 personas)
11681,1,1,2,0,1,3,1,De gas de rápida recuperación,Nuevo,Cada 6 meses,
11682,1,1,7,3,1,1,1,Solar,Nuevo,Cada 6 meses,De 70 a 80 litros (hasta 4 personas)
11683,1,1,1,2,1,1,4,De gas con deposito,Nuevo,No le da mantenimiento,De 50 a 60 litros (hasta 3 personas)
11685,1,1,1,2,1,4,1,De gas con deposito,Nuevo,Cada 6 meses,De 50 a 60 litros (hasta 3 personas)
11688,1,1,7,5,1,9,4,Solar,Nuevo,No le da mantenimiento,De 120 a 140 litros (hasta 7 personas)
11689,1,1,1,3,1,4,1,De gas con deposito,Nuevo,Cada 6 meses,De 70 a 80 litros (hasta 4 personas)
11690,1,1,1,3,1,99,2,De gas con deposito,Nuevo,Cada año,De 70 a 80 litros (hasta 4 personas)
11691,1,1,7,3,1,6,3,Solar,Nuevo,Cada 2 años,De 70 a 80 litros (hasta 4 personas)
11692,1,1,7,3,1,99,4,Solar,Nuevo,No le da mantenimiento,De 70 a 80 litros (hasta 4 personas)
11693,1,1,7,2,1,12,3,Solar,Nuevo,Cada 2 años,De 50 a 60 litros (hasta 3 personas)
11694,1,1,1,2,2,99,1,De gas con deposito,Usado,Cada 6 meses,De 50 a 60 litros (hasta 3 personas)
11699,1,1,1,1,1,1,1,De gas con deposito,Nuevo,Cada 6 meses,De 38 a 40 litros (hasta 2 personas)
11700,1,1,3,0,1,99,1,De gas instantáneo de paso,Nuevo,Cada 6 meses,
11701,1,1,3,0,1,11,4,De gas instantáneo de paso,Nuevo,No le da mantenimiento,
11702,1,1,1,3,1,15,1,De gas con deposito,Nuevo,Cada 6 meses,De 70 a 80 litros (hasta 4 personas)
11704,1,1,1,1,1,99,4,De gas con deposito,Nuevo,No le da mantenimiento,De 38 a 40 litros (hasta 2 personas)
11705,1,1,1,3,1,1,4,De gas con deposito,Nuevo,No le da mantenimiento,De 70 a 80 litros (hasta 4 personas)
11706,1,1,3,0,1,10,3,De gas instantáneo de paso,Nuevo,Cada 2 años,
11707,1,1,3,0,1,11,1,De gas instantáneo de paso,Nuevo,Cada 6 meses,
11707,1,2,7,3,1,2,2,Solar,Nuevo,Cada año,De 70 a 80 litros (hasta 4 personas)
11708,1,1,7,3,1,2,1,Solar,Nuevo,Cada 6 meses,De 70 a 80 litros (hasta 4 personas)
11709,1,1,1,3,1,99,4,De gas con deposito,Nuevo,No le da mantenimiento,De 70 a 80 litros (hasta 4 personas)
11710,1,1,3,0,1,1,4,De gas instantáneo de paso,Nuevo,No le da mantenimiento,
11711,1,1,1,3,2,14,4,De gas con deposito,Usado,No le da mantenimiento,De 70 a 80 litros (hasta 4 personas)
11712,1,1,3,0,1,5,1,De gas instantáneo de paso,Nuevo,Cada 6 meses,
11713,1,1,1,2,1,3,4,De gas con deposito,Nuevo,No le da mantenimiento,De 50 a 60 litros (hasta 3 personas)
11714,1,1,1,3,1,2,4,De gas con deposito,Nuevo,No le da mantenimiento,De 70 a 80 litros (hasta 4 personas)
11716,1,1,7,4,1,15,2,Solar,Nuevo,Cada año,De 90 a 110 litros (hasta 6 personas)
11717,1,1,1,1,1,10,4,De gas con deposito,Nuevo,No le da mantenimiento,De 38 a 40 litros (hasta 2 personas)
11718,1,1,1,3,1,8,4,De gas con deposito,Nuevo,No le da mantenimiento,De 70 a 80 litros (hasta 4 personas)
11722,1,1,1,2,1,4,1,De gas con deposito,Nuevo,Cada 6 meses,De 50 a 60 litros (hasta 3 personas)
11724,1,1,1,2,1,99,4,De gas con deposito,Nuevo,No le da mantenimiento,De 50 a 60 litros (hasta 3 personas)
11728,1,1,1,2,1,3,4,De gas con deposito,Nuevo,No le da mantenimiento,De 50 a 60 litros (hasta 3 personas)
11729,1,1,1,1,1,1,4,De gas con deposito,Nuevo,No le da mantenimiento,De 38 a 40 litros (hasta 2 personas)
11732,1,1,1,2,1,12,2,De gas con deposito,Nuevo,Cada año,De 50 a 60 litros (hasta 3 personas)
11733,1,1,1,3,1,1,1,De gas con deposito,Nuevo,Cada 6 meses,De 70 a 80 litros (hasta 4 personas)
11734,1,1,1,3,1,7,4,De gas con deposito,Nuevo,No le da mantenimiento,De 70 a 80 litros (hasta 4 personas)
11735,1,1,1,2,1,99,2,De gas con deposito,Nuevo,Cada año,De 50 a 60 litros (hasta 3 personas)
11738,1,1,1,2,1,15,1,De gas con deposito,Nuevo,Cada 6 meses,De 50 a 60 litros (hasta 3 personas)
11742,1,1,1,9,1,20,4,De gas con deposito,Nuevo,No le da mantenimiento,No sabe
11745,1,1,3,0,2,1,4,De gas instantáneo de paso,Usado,No le da mantenimiento,
11747,1,1,1,9,1,20,4,De gas con deposito,Nuevo,No le da mantenimiento,No sabe
11754,1,1,1,1,1,8,4,De gas con deposito,Nuevo,No le da mantenimiento,De 38 a 40 litros (hasta 2 personas)
11760,1,1,2,0,1,3,1,De gas de rápida recuperación,Nuevo,Cada 6 meses,
11763,1,1,1,4,1,1,4,De gas con deposito,Nuevo,No le da mantenimiento,De 90 a 110 litros (hasta 6 personas)
11764,1,1,1,2,1,10,2,De gas con deposito,Nuevo,Cada año,De 50 a 60 litros (hasta 3 personas)
11773,1,1,1,2,1,5,2,De gas con deposito,Nuevo,Cada año,De 50 a 60 litros (hasta 3 personas)
11774,1,1,1,9,2,99,4,De gas con deposito,Usado,No le da mantenimiento,No sabe
11776,1,1,1,1,1,10,2,De gas con deposito,Nuevo,Cada año,De 38 a 40 litros (hasta 2 personas)
11777,1,1,1,3,1,10,4,De gas con deposito,Nuevo,No le da mantenimiento,De 70 a 80 litros (hasta 4 personas)
11779,1,1,7,4,1,2,2,Solar,Nuevo,Cada año,De 90 a 110 litros (hasta 6 personas)
11785,1,1,7,4,2,3,4,Solar,Usado,No le da mantenimiento,De 90 a 110 litros (hasta 6 personas)
11793,1,1,3,0,1,6,1,De gas instantáneo de paso,Nuevo,Cada 6 meses,
11794,1,1,1,3,2,10,2,De gas con deposito,Usado,Cada año,De 70 a 80 litros (hasta 4 personas)
11796,1,1,1,3,1,5,4,De gas con deposito,Nuevo,No le da mantenimiento,De 70 a 80 litros (hasta 4 personas)
11798,1,1,1,4,1,2,4,De gas con deposito,Nuevo,No le da mantenimiento,De 90 a 110 litros (hasta 6 personas)
11799,1,1,1,1,2,99,3,De gas con deposito,Usado,Cada 2 años,De 38 a 40 litros (hasta 2 personas)
11801,1,1,1,1,2,6,2,De gas con deposito,Usado,Cada año,De 38 a 40 litros (hasta 2 personas)
11802,1,1,1,9,1,5,4,De gas con deposito,Nuevo,No le da mantenimiento,No sabe
11803,1,1,1,1,1,10,1,De gas con deposito,Nuevo,Cada 6 meses,De 38 a 40 litros (hasta 2 personas)
11804,1,1,1,9,1,10,2,De gas con deposito,Nuevo,Cada año,No sabe
11806,1,1,1,1,1,1,4,De gas con deposito,Nuevo,No le da mantenimiento,De 38 a 40 litros (hasta 2 personas)
11807,1,1,1,2,1,99,4,De gas con deposito,Nuevo,No le da mantenimiento,De 50 a 60 litros (hasta 3 personas)
11809,1,1,7,4,1,1,4,Solar,Nuevo,No le da mantenimiento,De 90 a 110 litros (hasta 6 personas)
11815,1,1,1,1,2,3,4,De gas con deposito,Usado,No le da mantenimiento,De 38 a 40 litros (hasta 2 personas)
11817,1,1,1,1,1,18,4,De gas con deposito,Nuevo,No le da mantenimiento,De 38 a 40 litros (hasta 2 personas)
11819,1,1,1,1,2,10,2,De gas con deposito,Usado,Cada año,De 38 a 40 litros (hasta 2 personas)
11821,1,1,2,0,1,4,1,De gas de rápida recuperación,Nuevo,Cada 6 meses,
11826,1,1,7,6,1,5,4,Solar,Nuevo,No le da mantenimiento,Más de 140 litros (más de 7 personas)
11827,1,1,1,1,1,3,4,De gas con deposito,Nuevo,No le da mantenimiento,De 38 a 40 litros (hasta 2 personas)
11830,1,1,1,2,2,10,2,De gas con deposito,Usado,Cada año,De 50 a 60 litros (hasta 3 personas)
11831,1,1,1,2,1,1,4,De gas con deposito,Nuevo,No le da mantenimiento,De 50 a 60 litros (hasta 3 personas)
11833,1,1,1,9,1,10,2,De gas con deposito,Nuevo,Cada año,No sabe
11834,1,1,1,2,1,3,4,De gas con deposito,Nuevo,No le da mantenimiento,De 50 a 60 litros (hasta 3 personas)
11835,1,1,1,3,2,99,1,De gas con deposito,Usado,Cada 6 meses,De 70 a 80 litros (hasta 4 personas)
11836,1,1,2,0,2,2,1,De gas de rápida recuperación,Usado,Cada 6 meses,
11838,1,1,1,3,1,4,4,De gas con deposito,Nuevo,No le da mantenimiento,De 70 a 80 litros (hasta 4 personas)
11839,1,1,1,3,2,99,1,De gas con deposito,Usado,Cada 6 meses,De 70 a 80 litros (hasta 4 personas)
11840,1,1,2,0,1,99,4,De gas de rápida recuperación,Nuevo,No le da mantenimiento,
11841,1,1,1,2,1,99,4,De gas con deposito,Nuevo,No le da mantenimiento,De 50 a 60 litros (hasta 3 personas)
11842,1,1,1,1,1,1,4,De gas con deposito,Nuevo,No le da mantenimiento,De 38 a 40 litros (hasta 2 personas)
11843,1,1,1,1,2,99,4,De gas con deposito,Usado,No le da mantenimiento,De 38 a 40 litros (hasta 2 personas)
11844,1,1,1,1,2,4,3,De gas con deposito,Usado,Cada 2 años,De 38 a 40 litros (hasta 2 personas)
11845,1,2,7,1,1,6,1,Solar,Nuevo,Cada 6 meses,De 38 a 40 litros (hasta 2 personas)
11845,1,1,1,1,2,6,1,De gas con deposito,Usado,Cada 6 meses,De 38 a 40 litros (hasta 2 personas)
11846,1,1,1,1,1,7,3,De gas con deposito,Nuevo,Cada 2 años,De 38 a 40 litros (hasta 2 personas)
11847,1,1,7,1,1,1,1,Solar,Nuevo,Cada 6 meses,De 38 a 40 litros (hasta 2 personas)
11848,1,1,1,3,1,7,4,De gas con deposito,Nuevo,No le da mantenimiento,De 70 a 80 litros (hasta 4 personas)
11849,1,1,7,2,1,4,1,Solar,Nuevo,Cada 6 meses,De 50 a 60 litros (hasta 3 personas)
11850,1,1,1,1,1,6,1,De gas con deposito,Nuevo,Cada 6 meses,De 38 a 40 litros (hasta 2 personas)
11851,1,1,2,0,1,5,2,De gas de rápida recuperación,Nuevo,Cada año,
11852,1,1,1,1,2,12,2,De gas con deposito,Usado,Cada año,De 38 a 40 litros (hasta 2 personas)
11853,1,1,1,1,2,10,4,De gas con deposito,Usado,No le da mantenimiento,De 38 a 40 litros (hasta 2 personas)
11854,1,1,1,1,2,99,4,De gas con deposito,Usado,No le da mantenimiento,De 38 a 40 litros (hasta 2 personas)
11855,1,1,7,3,1,4,2,Solar,Nuevo,Cada año,De 70 a 80 litros (hasta 4 personas)
11859,1,1,7,4,1,3,1,Solar,Nuevo,Cada 6 meses,De 90 a 110 litros (hasta 6 personas)
11860,1,1,7,4,1,3,4,Solar,Nuevo,No le da mantenimiento,De 90 a 110 litros (hasta 6 personas)
11861,1,1,7,5,1,8,1,Solar,Nuevo,Cada 6 meses,De 120 a 140 litros (hasta 7 personas)
11862,1,2,1,1,1,6,1,De gas con deposito,Nuevo,Cada 6 meses,De 38 a 40 litros (hasta 2 personas)
11862,1,1,7,3,1,6,4,Solar,Nuevo,No le da mantenimiento,De 70 a 80 litros (hasta 4 personas)
11863,1,1,1,9,1,6,4,De gas con deposito,Nuevo,No le da mantenimiento,No sabe
11864,1,1,7,6,1,4,4,Solar,Nuevo,No le da mantenimiento,Más de 140 litros (más de 7 personas)
11866,1,1,2,0,1,2,1,De gas de rápida recuperación,Nuevo,Cada 6 meses,
11867,1,1,1,4,1,20,1,De gas con deposito,Nuevo,Cada 6 meses,De 90 a 110 litros (hasta 6 personas)
11869,1,1,2,0,1,3,2,De gas de rápida recuperación,Nuevo,Cada año,
11870,1,1,1,3,1,15,1,De gas con deposito,Nuevo,Cada 6 meses,De 70 a 80 litros (hasta 4 personas)
11872,1,1,1,4,1,12,4,De gas con deposito,Nuevo,No le da mantenimiento,De 90 a 110 litros (hasta 6 personas)
11873,1,1,7,3,1,99,4,Solar,Nuevo,No le da mantenimiento,De 70 a 80 litros (hasta 4 personas)
11875,1,1,7,3,1,4,4,Solar,Nuevo,No le da mantenimiento,De 70 a 80 litros (hasta 4 personas)
11878,1,1,1,3,1,1,4,De gas con deposito,Nuevo,No le da mantenimiento,De 70 a 80 litros (hasta 4 personas)
11881,1,1,3,0,1,1,4,De gas instantáneo de paso,Nuevo,No le da mantenimiento,
11884,1,1,2,0,1,1,4,De gas de rápida recuperación,Nuevo,No le da mantenimiento,
11885,1,1,1,1,1,2,4,De gas con deposito,Nuevo,No le da mantenimiento,De 38 a 40 litros (hasta 2 personas)
11886,1,1,7,3,1,1,4,Solar,Nuevo,No le da mantenimiento,De 70 a 80 litros (hasta 4 personas)
11887,1,1,7,4,1,1,4,Solar,Nuevo,No le da mantenimiento,De 90 a 110 litros (hasta 6 personas)
11889,1,1,1,9,1,1,4,De gas con deposito,Nuevo,No le da mantenimiento,No sabe
11890,1,1,2,0,1,15,4,De gas de rápida recuperación,Nuevo,No le da mantenimiento,
11892,1,1,1,2,1,17,1,De gas con deposito,Nuevo,Cada 6 meses,De 50 a 60 litros (hasta 3 personas)
11893,1,1,1,3,1,14,4,De gas con deposito,Nuevo,No le da mantenimiento,De 70 a 80 litros (hasta 4 personas)
11895,1,1,7,3,1,4,4,Solar,Nuevo,No le da mantenimiento,De 70 a 80 litros (hasta 4 personas)
11899,1,1,1,9,2,4,4,De gas con deposito,Usado,No le da mantenimiento,No sabe
11900,1,1,1,1,2,99,2,De gas con deposito,Usado,Cada año,De 38 a 40 litros (hasta 2 personas)
11902,1,1,1,9,2,99,4,De gas con deposito,Usado,No le da mantenimiento,No sabe
11903,1,1,1,1,1,3,4,De gas con deposito,Nuevo,No le da mantenimiento,De 38 a 40 litros (hasta 2 personas)
11904,1,1,7,3,2,99,4,Solar,Usado,No le da mantenimiento,De 70 a 80 litros (hasta 4 personas)
11905,1,1,1,3,2,99,4,De gas con deposito,Usado,No le da mantenimiento,De 70 a 80 litros (hasta 4 personas)
11906,1,1,1,2,2,99,4,De gas con deposito,Usado,No le da mantenimiento,De 50 a 60 litros (hasta 3 personas)
11908,1,1,7,3,1,4,4,Solar,Nuevo,No le da mantenimiento,De 70 a 80 litros (hasta 4 personas)
11911,1,1,7,4,1,3,4,Solar,Nuevo,No le da mantenimiento,De 90 a 110 litros (hasta 6 personas)
11913,1,1,2,0,2,4,1,De gas de rápida recuperación,Usado,Cada 6 meses,
11914,1,1,3,0,1,1,4,De gas instantáneo de paso,Nuevo,No le da mantenimiento,
11917,1,1,1,2,1,1,1,De gas con deposito,Nuevo,Cada 6 meses,De 50 a 60 litros (hasta 3 personas)
11918,1,1,1,3,2,1,4,De gas con deposito,Usado,No le da mantenimiento,De 70 a 80 litros (hasta 4 personas)
11919,1,1,1,1,1,4,1,De gas con deposito,Nuevo,Cada 6 meses,De 38 a 40 litros (hasta 2 personas)
11920,1,1,1,2,1,8,4,De gas con deposito,Nuevo,No le da mantenimiento,De 50 a 60 litros (hasta 3 personas)
11921,1,1,1,1,1,1,3,De gas con deposito,Nuevo,Cada 2 años,De 38 a 40 litros (hasta 2 personas)
11923,1,1,1,1,1,4,2,De gas con deposito,Nuevo,Cada año,De 38 a 40 litros (hasta 2 personas)
11925,1,1,1,1,1,1,4,De gas con deposito,Nuevo,No le da mantenimiento,De 38 a 40 litros (hasta 2 personas)
11926,1,1,1,1,1,5,2,De gas con deposito,Nuevo,Cada año,De 38 a 40 litros (hasta 2 personas)
11928,1,1,1,1,1,11,4,De gas con deposito,Nuevo,No le da mantenimiento,De 38 a 40 litros (hasta 2 personas)
11929,1,1,1,1,1,2,1,De gas con deposito,Nuevo,Cada 6 meses,De 38 a 40 litros (hasta 2 personas)
11931,1,1,1,3,1,1,2,De gas con deposito,Nuevo,Cada año,De 70 a 80 litros (hasta 4 personas)
11932,1,1,3,0,1,15,4,De gas instantáneo de paso,Nuevo,No le da mantenimiento,
11933,1,1,3,0,1,99,4,De gas instantáneo de paso,Nuevo,No le da mantenimiento,
11934,1,1,1,3,2,99,3,De gas con deposito,Usado,Cada 2 años,De 70 a 80 litros (hasta 4 personas)
11936,1,1,1,4,2,99,1,De gas con deposito,Usado,Cada 6 meses,De 90 a 110 litros (hasta 6 personas)
11939,1,1,3,0,1,2,4,De gas instantáneo de paso,Nuevo,No le da mantenimiento,
11940,1,1,1,4,1,7,1,De gas con deposito,Nuevo,Cada 6 meses,De 90 a 110 litros (hasta 6 personas)
11941,1,1,4,0,1,1,1,Eléctrico instantáneo de paso,Nuevo,Cada 6 meses,
11943,1,1,1,4,1,6,3,De gas con deposito,Nuevo,Cada 2 años,De 90 a 110 litros (hasta 6 personas)
11944,1,1,3,0,1,2,1,De gas instantáneo de paso,Nuevo,Cada 6 meses,
11945,1,1,1,3,1,5,1,De gas con deposito,Nuevo,Cada 6 meses,De 70 a 80 litros (hasta 4 personas)
11946,1,1,4,0,1,4,2,Eléctrico instantáneo de paso,Nuevo,Cada año,
11947,1,1,7,4,1,4,4,Solar,Nuevo,No le da mantenimiento,De 90 a 110 litros (hasta 6 personas)
11948,1,1,1,3,2,99,3,De gas con deposito,Usado,Cada 2 años,De 70 a 80 litros (hasta 4 personas)
11950,1,1,1,2,1,4,4,De gas con deposito,Nuevo,No le da mantenimiento,De 50 a 60 litros (hasta 3 personas)
11951,1,1,1,2,1,5,4,De gas con deposito,Nuevo,No le da mantenimiento,De 50 a 60 litros (hasta 3 personas)
11954,1,1,1,1,1,2,4,De gas con deposito,Nuevo,No le da mantenimiento,De 38 a 40 litros (hasta 2 personas)
11956,1,1,2,0,1,6,2,De gas de rápida recuperación,Nuevo,Cada año,
11957,1,1,1,9,1,20,2,De gas con deposito,Nuevo,Cada año,No sabe
11958,1,1,2,0,2,10,4,De gas de rápida recuperación,Usado,No le da mantenimiento,
11959,1,1,2,0,2,99,4,De gas de rápida recuperación,Usado,No le da mantenimiento,
11960,1,1,1,2,1,3,4,De gas con deposito,Nuevo,No le da mantenimiento,De 50 a 60 litros (hasta 3 personas)
11961,1,1,1,3,2,99,4,De gas con deposito,Usado,No le da mantenimiento,De 70 a 80 litros (hasta 4 personas)
11962,1,1,1,3,2,99,4,De gas con deposito,Usado,No le da mantenimiento,De 70 a 80 litros (hasta 4 personas)
11963,1,1,1,9,1,20,4,De gas con deposito,Nuevo,No le da mantenimiento,No sabe
11964,1,1,1,9,1,1,4,De gas con deposito,Nuevo,No le da mantenimiento,No sabe
11966,1,1,1,4,1,2,1,De gas con deposito,Nuevo,Cada 6 meses,De 90 a 110 litros (hasta 6 personas)
11973,1,1,1,1,1,1,4,De gas con deposito,Nuevo,No le da mantenimiento,De 38 a 40 litros (hasta 2 personas)
11976,1,1,1,1,1,1,4,De gas con deposito,Nuevo,No le da mantenimiento,De 38 a 40 litros (hasta 2 personas)
11977,1,1,1,1,2,15,4,De gas con deposito,Usado,No le da mantenimiento,De 38 a 40 litros (hasta 2 personas)
11978,1,1,1,1,1,10,1,De gas con deposito,Nuevo,Cada 6 meses,De 38 a 40 litros (hasta 2 personas)
11979,1,1,1,1,1,15,2,De gas con deposito,Nuevo,Cada año,De 38 a 40 litros (hasta 2 personas)
11980,1,1,1,1,1,1,1,De gas con deposito,Nuevo,Cada 6 meses,De 38 a 40 litros (hasta 2 personas)
11981,1,1,1,9,2,10,2,De gas con deposito,Usado,Cada año,No sabe
11982,1,1,1,1,1,15,4,De gas con deposito,Nuevo,No le da mantenimiento,De 38 a 40 litros (hasta 2 personas)
11983,1,1,1,1,1,4,4,De gas con deposito,Nuevo,No le da mantenimiento,De 38 a 40 litros (hasta 2 personas)
11985,1,1,7,6,1,4,4,Solar,Nuevo,No le da mantenimiento,Más de 140 litros (más de 7 personas)
11986,1,1,1,3,1,1,4,De gas con deposito,Nuevo,No le da mantenimiento,De 70 a 80 litros (hasta 4 personas)
11987,1,1,1,9,1,6,4,De gas con deposito,Nuevo,No le da mantenimiento,No sabe
11988,1,1,1,3,1,7,1,De gas con deposito,Nuevo,Cada 6 meses,De 70 a 80 litros (hasta 4 personas)
11989,1,1,1,2,1,5,4,De gas con deposito,Nuevo,No le da mantenimiento,De 50 a 60 litros (hasta 3 personas)
11990,1,1,7,6,1,2,4,Solar,Nuevo,No le da mantenimiento,Más de 140 litros (más de 7 personas)
11991,1,1,2,0,1,7,4,De gas de rápida recuperación,Nuevo,No le da mantenimiento,
11992,1,1,1,3,1,7,4,De gas con deposito,Nuevo,No le da mantenimiento,De 70 a 80 litros (hasta 4 personas)
11995,1,1,1,2,1,3,4,De gas con deposito,Nuevo,No le da mantenimiento,De 50 a 60 litros (hasta 3 personas)
11996,1,1,1,1,1,13,1,De gas con deposito,Nuevo,Cada 6 meses,De 38 a 40 litros (hasta 2 personas)
11997,1,1,1,3,1,3,1,De gas con deposito,Nuevo,Cada 6 meses,De 70 a 80 litros (hasta 4 personas)
11998,1,1,1,3,1,9,1,De gas con deposito,Nuevo,Cada 6 meses,De 70 a 80 litros (hasta 4 personas)
11999,1,1,1,2,1,4,1,De gas con deposito,Nuevo,Cada 6 meses,De 50 a 60 litros (hasta 3 personas)
12000,1,1,1,9,1,99,2,De gas con deposito,Nuevo,Cada año,No sabe
12001,1,1,1,1,1,15,1,De gas con deposito,Nuevo,Cada 6 meses,De 38 a 40 litros (hasta 2 personas)
12005,1,1,7,3,1,1,2,Solar,Nuevo,Cada año,De 70 a 80 litros (hasta 4 personas)
12007,1,1,7,4,1,2,4,Solar,Nuevo,No le da mantenimiento,De 90 a 110 litros (hasta 6 personas)
12008,1,1,7,4,1,4,4,Solar,Nuevo,No le da mantenimiento,De 90 a 110 litros (hasta 6 personas)
12010,1,1,2,0,1,4,4,De gas de rápida recuperación,Nuevo,No le da mantenimiento,
12013,1,1,7,3,1,1,1,Solar,Nuevo,Cada 6 meses,De 70 a 80 litros (hasta 4 personas)
12016,1,1,7,3,1,4,1,Solar,Nuevo,Cada 6 meses,De 70 a 80 litros (hasta 4 personas)
12017,1,1,1,1,1,8,2,De gas con deposito,Nuevo,Cada año,De 38 a 40 litros (hasta 2 personas)
12018,1,1,7,4,1,1,4,Solar,Nuevo,No le da mantenimiento,De 90 a 110 litros (hasta 6 personas)
12019,1,1,1,1,1,2,4,De gas con deposito,Nuevo,No le da mantenimiento,De 38 a 40 litros (hasta 2 personas)
12020,1,1,7,4,1,4,2,Solar,Nuevo,Cada año,De 90 a 110 litros (hasta 6 personas)
12022,1,1,1,9,1,7,1,De gas con deposito,Nuevo,Cada 6 meses,No sabe
12025,1,1,3,0,2,6,4,De gas instantáneo de paso,Usado,No le da mantenimiento,
12026,1,1,2,0,2,10,4,De gas de rápida recuperación,Usado,No le da mantenimiento,
12027,1,1,1,2,1,12,1,De gas con deposito,Nuevo,Cada 6 meses,De 50 a 60 litros (hasta 3 personas)
12029,1,1,7,4,1,1,4,Solar,Nuevo,No le da mantenimiento,De 90 a 110 litros (hasta 6 personas)
12030,1,1,1,9,1,12,1,De gas con deposito,Nuevo,Cada 6 meses,No sabe
12037,1,1,7,9,1,1,4,Solar,Nuevo,No le da mantenimiento,No sabe
12038,1,1,1,1,1,1,4,De gas con deposito,Nuevo,No le da mantenimiento,De 38 a 40 litros (hasta 2 personas)
12039,1,1,1,2,1,2,4,De gas con deposito,Nuevo,No le da mantenimiento,De 50 a 60 litros (hasta 3 personas)
12040,1,1,2,0,2,99,4,De gas de rápida recuperación,Usado,No le da mantenimiento,
12042,1,1,1,1,1,4,4,De gas con deposito,Nuevo,No le da mantenimiento,De 38 a 40 litros (hasta 2 personas)
12043,1,1,1,3,1,18,1,De gas con deposito,Nuevo,Cada 6 meses,De 70 a 80 litros (hasta 4 personas)
12044,1,1,1,1,1,10,1,De gas con deposito,Nuevo,Cada 6 meses,De 38 a 40 litros (hasta 2 personas)
12045,1,1,1,1,1,9,4,De gas con deposito,Nuevo,No le da mantenimiento,De 38 a 40 litros (hasta 2 personas)
12046,1,1,1,3,1,3,1,De gas con deposito,Nuevo,Cada 6 meses,De 70 a 80 litros (hasta 4 personas)
12047,1,1,1,1,1,99,4,De gas con deposito,Nuevo,No le da mantenimiento,De 38 a 40 litros (hasta 2 personas)
12048,1,2,7,3,1,1,4,Solar,Nuevo,No le da mantenimiento,De 70 a 80 litros (hasta 4 personas)
12048,1,1,1,9,1,40,2,De gas con deposito,Nuevo,Cada año,No sabe
12049,1,1,1,1,1,3,4,De gas con deposito,Nuevo,No le da mantenimiento,De 38 a 40 litros (hasta 2 personas)
12050,1,1,7,4,1,6,4,Solar,Nuevo,No le da mantenimiento,De 90 a 110 litros (hasta 6 personas)
12051,1,1,1,3,1,5,2,De gas con deposito,Nuevo,Cada año,De 70 a 80 litros (hasta 4 personas)
12052,1,1,7,2,1,1,4,Solar,Nuevo,No le da mantenimiento,De 50 a 60 litros (hasta 3 personas)
12053,1,2,7,3,1,2,4,Solar,Nuevo,No le da mantenimiento,De 70 a 80 litros (hasta 4 personas)
12053,1,1,7,3,1,5,4,Solar,Nuevo,No le da mantenimiento,De 70 a 80 litros (hasta 4 personas)
12054,1,1,1,9,1,5,4,De gas con deposito,Nuevo,No le da mantenimiento,No sabe
12055,1,1,1,1,1,10,1,De gas con deposito,Nuevo,Cada 6 meses,De 38 a 40 litros (hasta 2 personas)
12056,1,1,4,0,1,9,4,Eléctrico instantáneo de paso,Nuevo,No le da mantenimiento,
12057,1,1,1,9,1,6,4,De gas con deposito,Nuevo,No le da mantenimiento,No sabe
12058,1,1,1,4,1,40,4,De gas con deposito,Nuevo,No le da mantenimiento,De 90 a 110 litros (hasta 6 personas)
12059,1,1,1,1,1,99,4,De gas con deposito,Nuevo,No le da mantenimiento,De 38 a 40 litros (hasta 2 personas)
12062,1,1,7,4,1,6,2,Solar,Nuevo,Cada año,De 90 a 110 litros (hasta 6 personas)
12063,1,1,7,4,1,5,2,Solar,Nuevo,Cada año,De 90 a 110 litros (hasta 6 personas)
12064,1,1,1,4,1,1,4,De gas con deposito,Nuevo,No le da mantenimiento,De 90 a 110 litros (hasta 6 personas)
12065,1,1,1,1,1,8,4,De gas con deposito,Nuevo,No le da mantenimiento,De 38 a 40 litros (hasta 2 personas)
12067,1,1,7,6,1,5,4,Solar,Nuevo,No le da mantenimiento,Más de 140 litros (más de 7 personas)
12068,1,1,7,4,1,10,4,Solar,Nuevo,No le da mantenimiento,De 90 a 110 litros (hasta 6 personas)
12070,1,1,7,4,1,10,2,Solar,Nuevo,Cada año,De 90 a 110 litros (hasta 6 personas)
12071,1,1,1,1,2,5,4,De gas con deposito,Usado,No le da mantenimiento,De 38 a 40 litros (hasta 2 personas)
12073,1,1,1,1,1,2,1,De gas con deposito,Nuevo,Cada 6 meses,De 38 a 40 litros (hasta 2 personas)
12074,1,1,1,1,1,2,1,De gas con deposito,Nuevo,Cada 6 meses,De 38 a 40 litros (hasta 2 personas)
12075,1,1,1,1,1,1,4,De gas con deposito,Nuevo,No le da mantenimiento,De 38 a 40 litros (hasta 2 personas)
12076,1,1,1,1,1,30,4,De gas con deposito,Nuevo,No le da mantenimiento,De 38 a 40 litros (hasta 2 personas)
12077,1,1,7,4,1,8,4,Solar,Nuevo,No le da mantenimiento,De 90 a 110 litros (hasta 6 personas)
12079,1,1,1,1,1,7,2,De gas con deposito,Nuevo,Cada año,De 38 a 40 litros (hasta 2 personas)
12080,1,1,7,9,1,10,1,Solar,Nuevo,Cada 6 meses,No sabe
12081,1,1,1,1,1,15,4,De gas con deposito,Nuevo,No le da mantenimiento,De 38 a 40 litros (hasta 2 personas)
12082,1,1,7,6,2,4,1,Solar,Usado,Cada 6 meses,Más de 140 litros (más de 7 personas)
12083,1,1,7,4,1,4,4,Solar,Nuevo,No le da mantenimiento,De 90 a 110 litros (hasta 6 personas)
12084,1,1,1,3,2,99,4,De gas con deposito,Usado,No le da mantenimiento,De 70 a 80 litros (hasta 4 personas)
12086,1,1,7,5,1,8,2,Solar,Nuevo,Cada año,De 120 a 140 litros (hasta 7 personas)
12087,1,1,7,3,1,2,1,Solar,Nuevo,Cada 6 meses,De 70 a 80 litros (hasta 4 personas)
12088,1,1,1,2,2,99,4,De gas con deposito,Usado,No le da mantenimiento,De 50 a 60 litros (hasta 3 personas)
12089,1,1,7,9,2,99,4,Solar,Usado,No le da mantenimiento,No sabe
12090,1,1,7,4,1,99,1,Solar,Nuevo,Cada 6 meses,De 90 a 110 litros (hasta 6 personas)
12091,1,1,7,3,1,9,4,Solar,Nuevo,No le da mantenimiento,De 70 a 80 litros (hasta 4 personas)
12093,1,1,1,1,2,5,4,De gas con deposito,Usado,No le da mantenimiento,De 38 a 40 litros (hasta 2 personas)
12094,1,1,7,9,2,2,4,Solar,Usado,No le da mantenimiento,No sabe
12095,1,1,1,4,1,3,2,De gas con deposito,Nuevo,Cada año,De 90 a 110 litros (hasta 6 personas)
12097,1,1,1,3,1,99,4,De gas con deposito,Nuevo,No le da mantenimiento,De 70 a 80 litros (hasta 4 personas)
12098,1,1,7,3,2,2,4,Solar,Usado,No le da mantenimiento,De 70 a 80 litros (hasta 4 personas)
12100,1,1,7,3,1,99,4,Solar,Nuevo,No le da mantenimiento,De 70 a 80 litros (hasta 4 personas)
12106,1,1,7,3,1,6,4,Solar,Nuevo,No le da mantenimiento,De 70 a 80 litros (hasta 4 personas)
12111,1,1,7,6,1,5,4,Solar,Nuevo,No le da mantenimiento,Más de 140 litros (más de 7 personas)
12113,1,1,7,4,1,15,3,Solar,Nuevo,Cada 2 años,De 90 a 110 litros (hasta 6 personas)
12115,1,1,1,2,2,10,3,De gas con deposito,Usado,Cada 2 años,De 50 a 60 litros (hasta 3 personas)
12116,1,1,7,1,1,5,4,Solar,Nuevo,No le da mantenimiento,De 38 a 40 litros (hasta 2 personas)
12119,1,1,1,1,1,6,4,De gas con deposito,Nuevo,No le da mantenimiento,De 38 a 40 litros (hasta 2 personas)
12121,1,1,1,1,1,15,2,De gas con deposito,Nuevo,Cada año,De 38 a 40 litros (hasta 2 personas)
12122,1,1,1,1,1,6,4,De gas con deposito,Nuevo,No le da mantenimiento,De 38 a 40 litros (hasta 2 personas)
12127,1,1,1,2,1,9,4,De gas con deposito,Nuevo,No le da mantenimiento,De 50 a 60 litros (hasta 3 personas)
12128,1,1,2,0,1,99,4,De gas de rápida recuperación,Nuevo,No le da mantenimiento,
12129,1,1,7,2,1,2,2,Solar,Nuevo,Cada año,De 50 a 60 litros (hasta 3 personas)
12131,1,1,7,2,1,5,2,Solar,Nuevo,Cada año,De 50 a 60 litros (hasta 3 personas)
12133,1,1,1,2,1,7,1,De gas con deposito,Nuevo,Cada 6 meses,De 50 a 60 litros (hasta 3 personas)
12134,1,1,1,4,1,9,4,De gas con deposito,Nuevo,No le da mantenimiento,De 90 a 110 litros (hasta 6 personas)
12137,1,1,1,3,1,15,3,De gas con deposito,Nuevo,Cada 2 años,De 70 a 80 litros (hasta 4 personas)
12143,1,1,7,2,1,3,4,Solar,Nuevo,No le da mantenimiento,De 50 a 60 litros (hasta 3 personas)
12146,1,1,1,1,2,99,4,De gas con deposito,Usado,No le da mantenimiento,De 38 a 40 litros (hasta 2 personas)
12147,1,1,1,2,2,99,4,De gas con deposito,Usado,No le da mantenimiento,De 50 a 60 litros (hasta 3 personas)
12148,1,1,1,3,1,10,2,De gas con deposito,Nuevo,Cada año,De 70 a 80 litros (hasta 4 personas)
12149,1,1,1,2,1,2,1,De gas con deposito,Nuevo,Cada 6 meses,De 50 a 60 litros (hasta 3 personas)
12150,1,1,7,3,1,10,4,Solar,Nuevo,No le da mantenimiento,De 70 a 80 litros (hasta 4 personas)
12152,1,1,2,0,1,10,3,De gas de rápida recuperación,Nuevo,Cada 2 años,
12155,1,1,7,6,1,2,1,Solar,Nuevo,Cada 6 meses,Más de 140 litros (más de 7 personas)
12159,1,1,7,4,1,99,3,Solar,Nuevo,Cada 2 años,De 90 a 110 litros (hasta 6 personas)
12160,1,1,1,3,1,4,1,De gas con deposito,Nuevo,Cada 6 meses,De 70 a 80 litros (hasta 4 personas)
12161,1,1,7,5,1,4,1,Solar,Nuevo,Cada 6 meses,De 120 a 140 litros (hasta 7 personas)
12163,1,1,7,6,1,1,4,Solar,Nuevo,No le da mantenimiento,Más de 140 litros (más de 7 personas)
12164,1,1,7,4,1,3,4,Solar,Nuevo,No le da mantenimiento,De 90 a 110 litros (hasta 6 personas)
12165,1,1,1,9,1,18,2,De gas con deposito,Nuevo,Cada año,No sabe
12170,1,1,7,1,1,15,4,Solar,Nuevo,No le da mantenimiento,De 38 a 40 litros (hasta 2 personas)
12171,1,1,7,9,1,99,4,Solar,Nuevo,No le da mantenimiento,No sabe
12173,1,1,7,4,1,1,4,Solar,Nuevo,No le da mantenimiento,De 90 a 110 litros (hasta 6 personas)
12174,1,1,7,2,1,2,4,Solar,Nuevo,No le da mantenimiento,De 50 a 60 litros (hasta 3 personas)
12175,1,1,7,3,1,5,4,Solar,Nuevo,No le da mantenimiento,De 70 a 80 litros (hasta 4 personas)
12176,1,1,7,3,1,6,4,Solar,Nuevo,No le da mantenimiento,De 70 a 80 litros (hasta 4 personas)
12177,1,1,1,1,1,20,3,De gas con deposito,Nuevo,Cada 2 años,De 38 a 40 litros (hasta 2 personas)
12178,1,1,7,2,1,4,1,Solar,Nuevo,Cada 6 meses,De 50 a 60 litros (hasta 3 personas)
12179,1,1,7,2,1,3,4,Solar,Nuevo,No le da mantenimiento,De 50 a 60 litros (hasta 3 personas)
12181,1,1,7,3,1,3,4,Solar,Nuevo,No le da mantenimiento,De 70 a 80 litros (hasta 4 personas)
12182,1,1,1,1,1,20,4,De gas con deposito,Nuevo,No le da mantenimiento,De 38 a 40 litros (hasta 2 personas)
12183,1,1,7,3,1,7,4,Solar,Nuevo,No le da mantenimiento,De 70 a 80 litros (hasta 4 personas)
12185,1,1,1,1,1,6,4,De gas con deposito,Nuevo,No le da mantenimiento,De 38 a 40 litros (hasta 2 personas)
12186,1,1,7,3,1,1,1,Solar,Nuevo,Cada 6 meses,De 70 a 80 litros (hasta 4 personas)
12188,1,1,1,3,2,99,4,De gas con deposito,Usado,No le da mantenimiento,De 70 a 80 litros (hasta 4 personas)
12189,1,1,1,2,2,99,4,De gas con deposito,Usado,No le da mantenimiento,De 50 a 60 litros (hasta 3 personas)
12190,1,1,7,3,1,3,4,Solar,Nuevo,No le da mantenimiento,De 70 a 80 litros (hasta 4 personas)
12191,1,1,7,4,1,3,1,Solar,Nuevo,Cada 6 meses,De 90 a 110 litros (hasta 6 personas)
12192,1,1,1,2,1,18,2,De gas con deposito,Nuevo,Cada año,De 50 a 60 litros (hasta 3 personas)
12193,1,1,1,4,1,10,4,De gas con deposito,Nuevo,No le da mantenimiento,De 90 a 110 litros (hasta 6 personas)
12195,1,1,7,3,1,2,4,Solar,Nuevo,No le da mantenimiento,De 70 a 80 litros (hasta 4 personas)
12196,1,1,7,5,1,4,4,Solar,Nuevo,No le da mantenimiento,De 120 a 140 litros (hasta 7 personas)
12198,1,1,7,4,1,6,4,Solar,Nuevo,No le da mantenimiento,De 90 a 110 litros (hasta 6 personas)
12199,1,1,2,0,1,7,4,De gas de rápida recuperación,Nuevo,No le da mantenimiento,
12201,1,1,7,3,1,2,4,Solar,Nuevo,No le da mantenimiento,De 70 a 80 litros (hasta 4 personas)
12202,1,1,7,5,1,1,4,Solar,Nuevo,No le da mantenimiento,De 120 a 140 litros (hasta 7 personas)
12203,1,1,7,4,1,8,4,Solar,Nuevo,No le da mantenimiento,De 90 a 110 litros (hasta 6 personas)
12204,1,1,1,1,1,6,4,De gas con deposito,Nuevo,No le da mantenimiento,De 38 a 40 litros (hasta 2 personas)
12205,1,1,1,1,1,1,4,De gas con deposito,Nuevo,No le da mantenimiento,De 38 a 40 litros (hasta 2 personas)
12208,1,1,1,1,2,99,1,De gas con deposito,Usado,Cada 6 meses,De 38 a 40 litros (hasta 2 personas)
12211,1,1,1,3,1,10,2,De gas con deposito,Nuevo,Cada año,De 70 a 80 litros (hasta 4 personas)
12212,1,1,7,6,1,13,4,Solar,Nuevo,No le da mantenimiento,Más de 140 litros (más de 7 personas)
12213,1,1,1,9,1,4,2,De gas con deposito,Nuevo,Cada año,No sabe
12215,1,1,7,4,1,3,4,Solar,Nuevo,No le da mantenimiento,De 90 a 110 litros (hasta 6 personas)
12221,1,1,7,3,1,1,1,Solar,Nuevo,Cada 6 meses,De 70 a 80 litros (hasta 4 personas)
12229,1,1,1,4,1,5,4,De gas con deposito,Nuevo,No le da mantenimiento,De 90 a 110 litros (hasta 6 personas)
12230,1,1,7,3,1,3,4,Solar,Nuevo,No le da mantenimiento,De 70 a 80 litros (hasta 4 personas)
12235,1,1,1,1,1,99,4,De gas con deposito,Nuevo,No le da mantenimiento,De 38 a 40 litros (hasta 2 personas)
12237,1,1,7,3,1,9,4,Solar,Nuevo,No le da mantenimiento,De 70 a 80 litros (hasta 4 personas)
12238,1,1,7,2,1,2,4,Solar,Nuevo,No le da mantenimiento,De 50 a 60 litros (hasta 3 personas)
12239,1,1,7,4,1,4,2,Solar,Nuevo,Cada año,De 90 a 110 litros (hasta 6 personas)
12242,1,1,1,3,1,12,1,De gas con deposito,Nuevo,Cada 6 meses,De 70 a 80 litros (hasta 4 personas)
12243,1,1,7,4,1,1,4,Solar,Nuevo,No le da mantenimiento,De 90 a 110 litros (hasta 6 personas)
12245,1,1,7,4,1,5,4,Solar,Nuevo,No le da mantenimiento,De 90 a 110 litros (hasta 6 personas)
12246,1,1,7,3,1,1,1,Solar,Nuevo,Cada 6 meses,De 70 a 80 litros (hasta 4 personas)
12248,1,1,7,3,1,99,4,Solar,Nuevo,No le da mantenimiento,De 70 a 80 litros (hasta 4 personas)
12250,1,1,1,3,1,99,1,De gas con deposito,Nuevo,Cada 6 meses,De 70 a 80 litros (hasta 4 personas)
12253,1,1,2,0,1,3,4,De gas de rápida recuperación,Nuevo,No le da mantenimiento,
12256,1,1,1,3,1,10,1,De gas con deposito,Nuevo,Cada 6 meses,De 70 a 80 litros (hasta 4 personas)
12258,1,1,1,2,1,20,1,De gas con deposito,Nuevo,Cada 6 meses,De 50 a 60 litros (hasta 3 personas)
12259,1,1,3,0,1,4,1,De gas instantáneo de paso,Nuevo,Cada 6 meses,
12260,1,1,3,0,1,5,1,De gas instantáneo de paso,Nuevo,Cada 6 meses,
12261,1,1,1,2,1,10,4,De gas con deposito,Nuevo,No le da mantenimiento,De 50 a 60 litros (hasta 3 personas)
12263,1,1,3,0,1,1,4,De gas instantáneo de paso,Nuevo,No le da mantenimiento,
12264,1,1,1,1,1,2,4,De gas con deposito,Nuevo,No le da mantenimiento,De 38 a 40 litros (hasta 2 personas)
12266,1,1,1,3,1,8,4,De gas con deposito,Nuevo,No le da mantenimiento,De 70 a 80 litros (hasta 4 personas)
12267,1,1,7,5,1,1,4,Solar,Nuevo,No le da mantenimiento,De 120 a 140 litros (hasta 7 personas)
12269,1,1,7,5,1,1,1,Solar,Nuevo,Cada 6 meses,De 120 a 140 litros (hasta 7 personas)
12270,1,1,1,1,2,1,4,De gas con deposito,Usado,No le da mantenimiento,De 38 a 40 litros (hasta 2 personas)
12273,1,1,7,3,1,2,1,Solar,Nuevo,Cada 6 meses,De 70 a 80 litros (hasta 4 personas)
12274,1,1,7,6,1,1,4,Solar,Nuevo,No le da mantenimiento,Más de 140 litros (más de 7 personas)
12275,1,1,7,3,1,1,2,Solar,Nuevo,Cada año,De 70 a 80 litros (hasta 4 personas)
12277,1,1,7,3,1,6,4,Solar,Nuevo,No le da mantenimiento,De 70 a 80 litros (hasta 4 personas)
12278,1,1,7,5,1,1,2,Solar,Nuevo,Cada año,De 120 a 140 litros (hasta 7 personas)
12279,1,1,7,3,1,4,4,Solar,Nuevo,No le da mantenimiento,De 70 a 80 litros (hasta 4 personas)
12280,1,1,7,4,1,4,2,Solar,Nuevo,Cada año,De 90 a 110 litros (hasta 6 personas)
12281,1,1,7,4,1,1,4,Solar,Nuevo,No le da mantenimiento,De 90 a 110 litros (hasta 6 personas)
12282,1,1,7,4,1,2,4,Solar,Nuevo,No le da mantenimiento,De 90 a 110 litros (hasta 6 personas)
12283,1,1,7,6,1,2,4,Solar,Nuevo,No le da mantenimiento,Más de 140 litros (más de 7 personas)
12284,1,1,1,4,2,13,4,De gas con deposito,Usado,No le da mantenimiento,De 90 a 110 litros (hasta 6 personas)
12286,1,1,7,3,1,1,4,Solar,Nuevo,No le da mantenimiento,De 70 a 80 litros (hasta 4 personas)
12287,1,1,1,3,1,9,4,De gas con deposito,Nuevo,No le da mantenimiento,De 70 a 80 litros (hasta 4 personas)
12288,1,1,7,3,2,7,2,Solar,Usado,Cada año,De 70 a 80 litros (hasta 4 personas)
12289,1,1,7,3,1,1,4,Solar,Nuevo,No le da mantenimiento,De 70 a 80 litros (hasta 4 personas)
12290,1,1,7,3,1,1,4,Solar,Nuevo,No le da mantenimiento,De 70 a 80 litros (hasta 4 personas)
12291,1,1,1,4,1,12,3,De gas con deposito,Nuevo,Cada 2 años,De 90 a 110 litros (hasta 6 personas)
12295,1,1,7,3,1,1,4,Solar,Nuevo,No le da mantenimiento,De 70 a 80 litros (hasta 4 personas)
12296,1,1,7,4,1,1,4,Solar,Nuevo,No le da mantenimiento,De 90 a 110 litros (hasta 6 personas)
12308,1,1,7,3,1,5,4,Solar,Nuevo,No le da mantenimiento,De 70 a 80 litros (hasta 4 personas)
12309,1,1,7,1,1,5,4,Solar,Nuevo,No le da mantenimiento,De 38 a 40 litros (hasta 2 personas)
12310,1,1,7,4,1,2,4,Solar,Nuevo,No le da mantenimiento,De 90 a 110 litros (hasta 6 personas)
12311,1,1,7,2,1,2,4,Solar,Nuevo,No le da mantenimiento,De 50 a 60 litros (hasta 3 personas)
12312,1,1,2,0,1,3,1,De gas de rápida recuperación,Nuevo,Cada 6 meses,
12313,1,1,1,1,1,4,4,De gas con deposito,Nuevo,No le da mantenimiento,De 38 a 40 litros (hasta 2 personas)
12314,1,1,1,1,1,1,1,De gas con deposito,Nuevo,Cada 6 meses,De 38 a 40 litros (hasta 2 personas)
12317,1,1,7,3,1,10,1,Solar,Nuevo,Cada 6 meses,De 70 a 80 litros (hasta 4 personas)
12319,1,1,1,2,1,20,4,De gas con deposito,Nuevo,No le da mantenimiento,De 50 a 60 litros (hasta 3 personas)
12320,1,1,1,1,1,5,4,De gas con deposito,Nuevo,No le da mantenimiento,De 38 a 40 litros (hasta 2 personas)
12321,1,1,7,2,1,1,4,Solar,Nuevo,No le da mantenimiento,De 50 a 60 litros (hasta 3 personas)
12322,1,1,7,2,1,3,4,Solar,Nuevo,No le da mantenimiento,De 50 a 60 litros (hasta 3 personas)
12323,1,1,1,1,1,15,1,De gas con deposito,Nuevo,Cada 6 meses,De 38 a 40 litros (hasta 2 personas)
12324,1,1,1,9,2,99,4,De gas con deposito,Usado,No le da mantenimiento,No sabe
12325,1,1,1,1,1,12,4,De gas con deposito,Nuevo,No le da mantenimiento,De 38 a 40 litros (hasta 2 personas)
12327,1,1,7,4,1,2,2,Solar,Nuevo,Cada año,De 90 a 110 litros (hasta 6 personas)
12329,1,1,7,3,1,6,2,Solar,Nuevo,Cada año,De 70 a 80 litros (hasta 4 personas)
12330,1,1,7,9,1,1,4,Solar,Nuevo,No le da mantenimiento,No sabe
12331,1,1,7,3,1,5,4,Solar,Nuevo,No le da mantenimiento,De 70 a 80 litros (hasta 4 personas)
12332,1,1,7,3,1,5,1,Solar,Nuevo,Cada 6 meses,De 70 a 80 litros (hasta 4 personas)
12333,1,1,7,4,1,6,2,Solar,Nuevo,Cada año,De 90 a 110 litros (hasta 6 personas)
12334,1,1,7,6,1,15,4,Solar,Nuevo,No le da mantenimiento,Más de 140 litros (más de 7 personas)
12336,1,1,7,3,1,1,4,Solar,Nuevo,No le da mantenimiento,De 70 a 80 litros (hasta 4 personas)
12337,1,1,1,3,1,1,1,De gas con deposito,Nuevo,Cada 6 meses,De 70 a 80 litros (hasta 4 personas)
12338,1,1,7,5,1,10,4,Solar,Nuevo,No le da mantenimiento,De 120 a 140 litros (hasta 7 personas)
12342,1,1,7,4,1,3,4,Solar,Nuevo,No le da mantenimiento,De 90 a 110 litros (hasta 6 personas)
12344,1,1,7,4,1,10,4,Solar,Nuevo,No le da mantenimiento,De 90 a 110 litros (hasta 6 personas)
12346,1,1,7,4,1,14,4,Solar,Nuevo,No le da mantenimiento,De 90 a 110 litros (hasta 6 personas)
12347,1,1,7,4,1,6,2,Solar,Nuevo,Cada año,De 90 a 110 litros (hasta 6 personas)
12349,1,1,7,2,1,3,4,Solar,Nuevo,No le da mantenimiento,De 50 a 60 litros (hasta 3 personas)
12350,1,1,7,4,1,3,4,Solar,Nuevo,No le da mantenimiento,De 90 a 110 litros (hasta 6 personas)
12352,1,1,7,4,1,5,4,Solar,Nuevo,No le da mantenimiento,De 90 a 110 litros (hasta 6 personas)
12353,1,1,7,4,1,5,4,Solar,Nuevo,No le da mantenimiento,De 90 a 110 litros (hasta 6 personas)
12354,1,1,7,4,1,1,4,Solar,Nuevo,No le da mantenimiento,De 90 a 110 litros (hasta 6 personas)
12357,1,1,7,3,1,10,4,Solar,Nuevo,No le da mantenimiento,De 70 a 80 litros (hasta 4 personas)
12360,1,1,7,2,1,8,1,Solar,Nuevo,Cada 6 meses,De 50 a 60 litros (hasta 3 personas)
12361,1,1,7,4,1,15,4,Solar,Nuevo,No le da mantenimiento,De 90 a 110 litros (hasta 6 personas)
12363,1,1,6,4,2,8,1,De leña,Usado,Cada 6 meses,De 90 a 110 litros (hasta 6 personas)
12370,1,1,1,2,1,10,2,De gas con deposito,Nuevo,Cada año,De 50 a 60 litros (hasta 3 personas)
12373,1,1,7,4,1,1,4,Solar,Nuevo,No le da mantenimiento,De 90 a 110 litros (hasta 6 personas)
12374,1,1,7,4,1,3,2,Solar,Nuevo,Cada año,De 90 a 110 litros (hasta 6 personas)
12383,1,1,7,2,1,1,4,Solar,Nuevo,No le da mantenimiento,De 50 a 60 litros (hasta 3 personas)
12384,1,1,7,2,1,2,1,Solar,Nuevo,Cada 6 meses,De 50 a 60 litros (hasta 3 personas)
12386,1,1,6,2,1,9,4,De leña,Nuevo,No le da mantenimiento,De 50 a 60 litros (hasta 3 personas)
12387,1,1,6,2,1,4,4,De leña,Nuevo,No le da mantenimiento,De 50 a 60 litros (hasta 3 personas)
12389,1,1,6,2,1,5,4,De leña,Nuevo,No le da mantenimiento,De 50 a 60 litros (hasta 3 personas)
12390,1,1,7,2,1,1,4,Solar,Nuevo,No le da mantenimiento,De 50 a 60 litros (hasta 3 personas)
12393,1,1,7,3,1,2,2,Solar,Nuevo,Cada año,De 70 a 80 litros (hasta 4 personas)
12417,1,1,1,4,1,8,4,De gas con deposito,Nuevo,No le da mantenimiento,De 90 a 110 litros (hasta 6 personas)
12419,1,1,7,6,1,1,4,Solar,Nuevo,No le da mantenimiento,Más de 140 litros (más de 7 personas)
12420,1,1,7,9,1,1,4,Solar,Nuevo,No le da mantenimiento,No sabe
12421,1,1,7,3,1,3,4,Solar,Nuevo,No le da mantenimiento,De 70 a 80 litros (hasta 4 personas)
12424,1,1,7,4,1,1,4,Solar,Nuevo,No le da mantenimiento,De 90 a 110 litros (hasta 6 personas)
12426,1,1,7,4,1,5,4,Solar,Nuevo,No le da mantenimiento,De 90 a 110 litros (hasta 6 personas)
12427,1,1,7,4,1,1,4,Solar,Nuevo,No le da mantenimiento,De 90 a 110 litros (hasta 6 personas)
12428,1,1,7,5,1,2,2,Solar,Nuevo,Cada año,De 120 a 140 litros (hasta 7 personas)
12429,1,1,7,3,1,6,4,Solar,Nuevo,No le da mantenimiento,De 70 a 80 litros (hasta 4 personas)
12430,1,1,1,1,1,99,4,De gas con deposito,Nuevo,No le da mantenimiento,De 38 a 40 litros (hasta 2 personas)
12442,1,1,7,3,1,1,4,Solar,Nuevo,No le da mantenimiento,De 70 a 80 litros (hasta 4 personas)
12448,1,1,6,1,2,4,4,De leña,Usado,No le da mantenimiento,De 38 a 40 litros (hasta 2 personas)
12454,1,1,2,0,1,6,3,De gas de rápida recuperación,Nuevo,Cada 2 años,
12456,1,1,7,2,1,3,4,Solar,Nuevo,No le da mantenimiento,De 50 a 60 litros (hasta 3 personas)
12458,1,1,3,0,2,4,2,De gas instantáneo de paso,Usado,Cada año,
12460,1,1,1,1,1,4,4,De gas con deposito,Nuevo,No le da mantenimiento,De 38 a 40 litros (hasta 2 personas)
12461,1,1,1,1,1,3,4,De gas con deposito,Nuevo,No le da mantenimiento,De 38 a 40 litros (hasta 2 personas)
12463,1,1,2,0,2,5,3,De gas de rápida recuperación,Usado,Cada 2 años,
12465,1,1,3,0,1,10,4,De gas instantáneo de paso,Nuevo,No le da mantenimiento,
12466,1,1,1,3,1,3,2,De gas con deposito,Nuevo,Cada año,De 70 a 80 litros (hasta 4 personas)
12468,1,1,1,2,1,7,2,De gas con deposito,Nuevo,Cada año,De 50 a 60 litros (hasta 3 personas)
12473,1,1,1,2,1,2,4,De gas con deposito,Nuevo,No le da mantenimiento,De 50 a 60 litros (hasta 3 personas)
12474,1,1,1,1,1,1,1,De gas con deposito,Nuevo,Cada 6 meses,De 38 a 40 litros (hasta 2 personas)
12475,1,1,1,1,1,15,1,De gas con deposito,Nuevo,Cada 6 meses,De 38 a 40 litros (hasta 2 personas)
12476,1,1,1,2,1,6,1,De gas con deposito,Nuevo,Cada 6 meses,De 50 a 60 litros (hasta 3 personas)
12479,1,1,1,1,1,1,4,De gas con deposito,Nuevo,No le da mantenimiento,De 38 a 40 litros (hasta 2 personas)
12480,1,1,3,0,1,2,2,De gas instantáneo de paso,Nuevo,Cada año,
12481,1,1,1,1,1,1,4,De gas con deposito,Nuevo,No le da mantenimiento,De 38 a 40 litros (hasta 2 personas)
12482,1,1,3,0,2,3,4,De gas instantáneo de paso,Usado,No le da mantenimiento,
12484,1,1,1,4,2,2,4,De gas con deposito,Usado,No le da mantenimiento,De 90 a 110 litros (hasta 6 personas)
12486,1,1,1,2,1,15,4,De gas con deposito,Nuevo,No le da mantenimiento,De 50 a 60 litros (hasta 3 personas)
12488,1,1,1,2,2,5,4,De gas con deposito,Usado,No le da mantenimiento,De 50 a 60 litros (hasta 3 personas)
12490,1,1,1,2,1,20,3,De gas con deposito,Nuevo,Cada 2 años,De 50 a 60 litros (hasta 3 personas)
12491,1,1,3,0,1,1,4,De gas instantáneo de paso,Nuevo,No le da mantenimiento,
12497,1,1,1,1,1,8,1,De gas con deposito,Nuevo,Cada 6 meses,De 38 a 40 litros (hasta 2 personas)
12500,1,1,1,1,2,4,4,De gas con deposito,Usado,No le da mantenimiento,De 38 a 40 litros (hasta 2 personas)
12501,1,1,4,0,1,5,2,Eléctrico instantáneo de paso,Nuevo,Cada año,
12502,1,1,3,0,1,2,2,De gas instantáneo de paso,Nuevo,Cada año,
12503,1,1,2,0,1,4,1,De gas de rápida recuperación,Nuevo,Cada 6 meses,
12504,1,1,1,1,1,5,1,De gas con deposito,Nuevo,Cada 6 meses,De 38 a 40 litros (hasta 2 personas)
12506,1,1,3,0,1,2,1,De gas instantáneo de paso,Nuevo,Cada 6 meses,
12507,1,1,3,0,1,6,1,De gas instantáneo de paso,Nuevo,Cada 6 meses,
12508,1,1,7,6,1,3,4,Solar,Nuevo,No le da mantenimiento,Más de 140 litros (más de 7 personas)
12509,1,1,3,0,1,4,2,De gas instantáneo de paso,Nuevo,Cada año,
12509,1,2,7,6,1,2,4,Solar,Nuevo,No le da mantenimiento,Más de 140 litros (más de 7 personas)
12510,1,1,1,1,2,7,2,De gas con deposito,Usado,Cada año,De 38 a 40 litros (hasta 2 personas)
12511,1,1,3,0,2,99,4,De gas instantáneo de paso,Usado,No le da mantenimiento,
12512,1,1,1,2,1,15,4,De gas con deposito,Nuevo,No le da mantenimiento,De 50 a 60 litros (hasta 3 personas)
12513,1,1,3,0,1,2,4,De gas instantáneo de paso,Nuevo,No le da mantenimiento,
12514,1,1,1,1,1,10,1,De gas con deposito,Nuevo,Cada 6 meses,De 38 a 40 litros (hasta 2 personas)
12515,1,1,1,1,2,12,2,De gas con deposito,Usado,Cada año,De 38 a 40 litros (hasta 2 personas)
12516,1,1,1,1,1,7,2,De gas con deposito,Nuevo,Cada año,De 38 a 40 litros (hasta 2 personas)
12517,1,1,1,1,1,8,4,De gas con deposito,Nuevo,No le da mantenimiento,De 38 a 40 litros (hasta 2 personas)
12518,1,1,3,0,1,3,2,De gas instantáneo de paso,Nuevo,Cada año,
12519,1,1,3,0,1,1,4,De gas instantáneo de paso,Nuevo,No le da mantenimiento,
12521,1,1,4,0,1,4,4,Eléctrico instantáneo de paso,Nuevo,No le da mantenimiento,
12522,1,1,4,0,1,4,2,Eléctrico instantáneo de paso,Nuevo,Cada año,
12523,1,1,3,0,1,1,4,De gas instantáneo de paso,Nuevo,No le da mantenimiento,
12524,1,1,1,2,1,2,4,De gas con deposito,Nuevo,No le da mantenimiento,De 50 a 60 litros (hasta 3 personas)
12525,1,1,1,1,1,1,4,De gas con deposito,Nuevo,No le da mantenimiento,De 38 a 40 litros (hasta 2 personas)
12526,1,1,1,2,1,15,2,De gas con deposito,Nuevo,Cada año,De 50 a 60 litros (hasta 3 personas)
12527,1,1,2,0,1,10,2,De gas de rápida recuperación,Nuevo,Cada año,
12528,1,1,1,3,1,10,3,De gas con deposito,Nuevo,Cada 2 años,De 70 a 80 litros (hasta 4 personas)
12529,1,1,1,2,1,15,2,De gas con deposito,Nuevo,Cada año,De 50 a 60 litros (hasta 3 personas)
12530,1,1,3,0,1,6,2,De gas instantáneo de paso,Nuevo,Cada año,
12531,1,1,1,2,1,8,1,De gas con deposito,Nuevo,Cada 6 meses,De 50 a 60 litros (hasta 3 personas)
12532,1,1,1,4,1,15,2,De gas con deposito,Nuevo,Cada año,De 90 a 110 litros (hasta 6 personas)
12533,1,1,4,0,1,6,4,Eléctrico instantáneo de paso,Nuevo,No le da mantenimiento,
12534,1,1,7,5,1,2,4,Solar,Nuevo,No le da mantenimiento,De 120 a 140 litros (hasta 7 personas)
12535,1,1,3,0,1,5,1,De gas instantáneo de paso,Nuevo,Cada 6 meses,
12536,1,1,2,0,1,14,3,De gas de rápida recuperación,Nuevo,Cada 2 años,
12538,1,1,3,0,1,1,4,De gas instantáneo de paso,Nuevo,No le da mantenimiento,
12541,1,1,3,0,1,15,1,De gas instantáneo de paso,Nuevo,Cada 6 meses,
12542,1,1,1,1,1,99,4,De gas con deposito,Nuevo,No le da mantenimiento,De 38 a 40 litros (hasta 2 personas)
12543,1,1,2,0,1,99,4,De gas de rápida recuperación,Nuevo,No le da mantenimiento,
12544,1,1,1,2,1,20,1,De gas con deposito,Nuevo,Cada 6 meses,De 50 a 60 litros (hasta 3 personas)
12545,1,1,2,0,1,99,4,De gas de rápida recuperación,Nuevo,No le da mantenimiento,
12549,1,1,2,0,1,10,4,De gas de rápida recuperación,Nuevo,No le da mantenimiento,
12550,1,1,2,0,1,17,4,De gas de rápida recuperación,Nuevo,No le da mantenimiento,
12552,1,1,1,1,1,30,4,De gas con deposito,Nuevo,No le da mantenimiento,De 38 a 40 litros (hasta 2 personas)
12554,1,1,1,1,1,9,4,De gas con deposito,Nuevo,No le da mantenimiento,De 38 a 40 litros (hasta 2 personas)
12560,1,1,2,0,1,15,2,De gas de rápida recuperación,Nuevo,Cada año,
12561,1,1,1,1,2,20,4,De gas con deposito,Usado,No le da mantenimiento,De 38 a 40 litros (hasta 2 personas)
12563,1,1,1,1,1,7,1,De gas con deposito,Nuevo,Cada 6 meses,De 38 a 40 litros (hasta 2 personas)
12564,1,1,3,0,1,10,1,De gas instantáneo de paso,Nuevo,Cada 6 meses,
12570,1,1,3,0,1,6,4,De gas instantáneo de paso,Nuevo,No le da mantenimiento,
12571,1,1,2,0,1,5,1,De gas de rápida recuperación,Nuevo,Cada 6 meses,
12573,1,1,3,0,1,8,4,De gas instantáneo de paso,Nuevo,No le da mantenimiento,
12575,1,1,3,0,1,4,4,De gas instantáneo de paso,Nuevo,No le da mantenimiento,
12577,1,1,3,0,1,1,4,De gas instantáneo de paso,Nuevo,No le da mantenimiento,
12579,1,1,3,0,1,5,2,De gas instantáneo de paso,Nuevo,Cada año,
12584,1,1,3,0,1,2,4,De gas instantáneo de paso,Nuevo,No le da mantenimiento,
12585,1,1,2,0,1,7,2,De gas de rápida recuperación,Nuevo,Cada año,
12587,1,1,1,1,1,10,2,De gas con deposito,Nuevo,Cada año,De 38 a 40 litros (hasta 2 personas)
12597,1,1,1,1,1,2,1,De gas con deposito,Nuevo,Cada 6 meses,De 38 a 40 litros (hasta 2 personas)
12599,1,1,1,1,1,7,2,De gas con deposito,Nuevo,Cada año,De 38 a 40 litros (hasta 2 personas)
12600,1,1,1,1,1,5,4,De gas con deposito,Nuevo,No le da mantenimiento,De 38 a 40 litros (hasta 2 personas)
12601,1,1,2,0,1,20,1,De gas de rápida recuperación,Nuevo,Cada 6 meses,
12602,1,1,4,0,1,3,1,Eléctrico instantáneo de paso,Nuevo,Cada 6 meses,
12603,1,1,1,2,1,15,4,De gas con deposito,Nuevo,No le da mantenimiento,De 50 a 60 litros (hasta 3 personas)
12603,1,2,1,4,1,15,4,De gas con deposito,Nuevo,No le da mantenimiento,De 90 a 110 litros (hasta 6 personas)
12604,1,1,1,1,1,3,1,De gas con deposito,Nuevo,Cada 6 meses,De 38 a 40 litros (hasta 2 personas)
12605,1,1,1,1,1,99,4,De gas con deposito,Nuevo,No le da mantenimiento,De 38 a 40 litros (hasta 2 personas)
12606,1,1,1,4,1,10,4,De gas con deposito,Nuevo,No le da mantenimiento,De 90 a 110 litros (hasta 6 personas)
12607,1,1,1,1,1,3,2,De gas con deposito,Nuevo,Cada año,De 38 a 40 litros (hasta 2 personas)
12608,1,1,2,0,1,5,1,De gas de rápida recuperación,Nuevo,Cada 6 meses,
12611,1,1,1,1,1,15,4,De gas con deposito,Nuevo,No le da mantenimiento,De 38 a 40 litros (hasta 2 personas)
12612,1,1,1,1,1,7,1,De gas con deposito,Nuevo,Cada 6 meses,De 38 a 40 litros (hasta 2 personas)
12613,1,1,1,3,1,10,3,De gas con deposito,Nuevo,Cada 2 años,De 70 a 80 litros (hasta 4 personas)
12614,1,1,1,4,1,25,4,De gas con deposito,Nuevo,No le da mantenimiento,De 90 a 110 litros (hasta 6 personas)
12615,1,1,1,1,1,10,2,De gas con deposito,Nuevo,Cada año,De 38 a 40 litros (hasta 2 personas)
12616,1,1,4,0,2,99,4,Eléctrico instantáneo de paso,Usado,No le da mantenimiento,
12619,1,1,3,0,1,3,1,De gas instantáneo de paso,Nuevo,Cada 6 meses,
12621,1,1,1,1,1,8,4,De gas con deposito,Nuevo,No le da mantenimiento,De 38 a 40 litros (hasta 2 personas)
12622,1,1,3,0,1,10,4,De gas instantáneo de paso,Nuevo,No le da mantenimiento,
12626,1,1,2,0,1,15,2,De gas de rápida recuperación,Nuevo,Cada año,
12627,1,1,2,0,1,99,4,De gas de rápida recuperación,Nuevo,No le da mantenimiento,
12628,1,1,1,1,1,1,4,De gas con deposito,Nuevo,No le da mantenimiento,De 38 a 40 litros (hasta 2 personas)
12631,1,1,3,0,1,2,1,De gas instantáneo de paso,Nuevo,Cada 6 meses,
12632,1,1,1,1,1,3,1,De gas con deposito,Nuevo,Cada 6 meses,De 38 a 40 litros (hasta 2 personas)
12633,1,1,1,3,1,25,4,De gas con deposito,Nuevo,No le da mantenimiento,De 70 a 80 litros (hasta 4 personas)
12634,1,1,6,1,1,1,4,De leña,Nuevo,No le da mantenimiento,De 38 a 40 litros (hasta 2 personas)
12635,1,1,2,0,1,3,4,De gas de rápida recuperación,Nuevo,No le da mantenimiento,
12636,1,1,1,1,1,20,3,De gas con deposito,Nuevo,Cada 2 años,De 38 a 40 litros (hasta 2 personas)
12639,1,1,1,1,1,5,3,De gas con deposito,Nuevo,Cada 2 años,De 38 a 40 litros (hasta 2 personas)
12642,1,1,1,1,1,99,4,De gas con deposito,Nuevo,No le da mantenimiento,De 38 a 40 litros (hasta 2 personas)
12645,1,1,3,0,1,6,2,De gas instantáneo de paso,Nuevo,Cada año,
12646,1,1,1,2,1,25,1,De gas con deposito,Nuevo,Cada 6 meses,De 50 a 60 litros (hasta 3 personas)
12647,1,1,3,0,1,8,2,De gas instantáneo de paso,Nuevo,Cada año,
12648,1,1,1,1,1,5,2,De gas con deposito,Nuevo,Cada año,De 38 a 40 litros (hasta 2 personas)
12649,1,1,1,3,1,8,2,De gas con deposito,Nuevo,Cada año,De 70 a 80 litros (hasta 4 personas)
12650,1,1,1,1,2,15,4,De gas con deposito,Usado,No le da mantenimiento,De 38 a 40 litros (hasta 2 personas)
12651,1,1,3,0,1,10,2,De gas instantáneo de paso,Nuevo,Cada año,
12652,1,1,4,0,1,3,4,Eléctrico instantáneo de paso,Nuevo,No le da mantenimiento,
12653,1,1,4,0,1,1,1,Eléctrico instantáneo de paso,Nuevo,Cada 6 meses,
12654,1,1,1,3,1,20,2,De gas con deposito,Nuevo,Cada año,De 70 a 80 litros (hasta 4 personas)
12655,1,1,3,0,1,1,4,De gas instantáneo de paso,Nuevo,No le da mantenimiento,
12656,1,1,3,0,1,2,1,De gas instantáneo de paso,Nuevo,Cada 6 meses,
12657,1,1,3,0,1,5,1,De gas instantáneo de paso,Nuevo,Cada 6 meses,
12658,1,1,1,1,1,2,2,De gas con deposito,Nuevo,Cada año,De 38 a 40 litros (hasta 2 personas)
12659,1,1,3,0,1,2,4,De gas instantáneo de paso,Nuevo,No le da mantenimiento,
12661,1,1,1,4,1,5,2,De gas con deposito,Nuevo,Cada año,De 90 a 110 litros (hasta 6 personas)
12662,1,1,3,0,1,5,4,De gas instantáneo de paso,Nuevo,No le da mantenimiento,
12663,1,1,1,3,1,10,4,De gas con deposito,Nuevo,No le da mantenimiento,De 70 a 80 litros (hasta 4 personas)
12666,1,1,2,0,1,5,1,De gas de rápida recuperación,Nuevo,Cada 6 meses,
12667,1,1,3,0,1,1,4,De gas instantáneo de paso,Nuevo,No le da mantenimiento,
12668,1,1,1,1,1,2,4,De gas con deposito,Nuevo,No le da mantenimiento,De 38 a 40 litros (hasta 2 personas)
12669,1,1,2,0,1,2,1,De gas de rápida recuperación,Nuevo,Cada 6 meses,
12670,1,1,1,1,1,10,4,De gas con deposito,Nuevo,No le da mantenimiento,De 38 a 40 litros (hasta 2 personas)
12674,1,1,1,2,1,3,4,De gas con deposito,Nuevo,No le da mantenimiento,De 50 a 60 litros (hasta 3 personas)
12677,1,1,1,1,1,12,1,De gas con deposito,Nuevo,Cada 6 meses,De 38 a 40 litros (hasta 2 personas)
12678,1,1,1,1,1,7,1,De gas con deposito,Nuevo,Cada 6 meses,De 38 a 40 litros (hasta 2 personas)
12684,1,1,7,4,1,2,2,Solar,Nuevo,Cada año,De 90 a 110 litros (hasta 6 personas)
12686,1,1,1,2,1,15,2,De gas con deposito,Nuevo,Cada año,De 50 a 60 litros (hasta 3 personas)
12687,1,1,2,0,1,5,1,De gas de rápida recuperación,Nuevo,Cada 6 meses,
12694,1,1,4,0,1,1,4,Eléctrico instantáneo de paso,Nuevo,No le da mantenimiento,
12696,1,1,1,1,1,55,4,De gas con deposito,Nuevo,No le da mantenimiento,De 38 a 40 litros (hasta 2 personas)
12702,1,1,7,3,1,2,4,Solar,Nuevo,No le da mantenimiento,De 70 a 80 litros (hasta 4 personas)
12703,1,1,3,0,1,10,4,De gas instantáneo de paso,Nuevo,No le da mantenimiento,
12704,1,1,1,1,2,4,4,De gas con deposito,Usado,No le da mantenimiento,De 38 a 40 litros (hasta 2 personas)
12711,1,1,3,0,1,7,3,De gas instantáneo de paso,Nuevo,Cada 2 años,
12714,1,1,3,0,1,1,4,De gas instantáneo de paso,Nuevo,No le da mantenimiento,
12716,1,1,2,0,1,1,4,De gas de rápida recuperación,Nuevo,No le da mantenimiento,
12717,1,1,3,0,1,1,4,De gas instantáneo de paso,Nuevo,No le da mantenimiento,
12718,1,1,2,0,1,15,2,De gas de rápida recuperación,Nuevo,Cada año,
12720,1,1,2,0,1,10,4,De gas de rápida recuperación,Nuevo,No le da mantenimiento,
12721,1,1,1,1,1,7,1,De gas con deposito,Nuevo,Cada 6 meses,De 38 a 40 litros (hasta 2 personas)
12724,1,1,7,3,1,3,4,Solar,Nuevo,No le da mantenimiento,De 70 a 80 litros (hasta 4 personas)
12725,1,1,7,4,1,3,4,Solar,Nuevo,No le da mantenimiento,De 90 a 110 litros (hasta 6 personas)
12726,1,1,2,0,1,1,4,De gas de rápida recuperación,Nuevo,No le da mantenimiento,
12727,1,1,1,1,1,10,4,De gas con deposito,Nuevo,No le da mantenimiento,De 38 a 40 litros (hasta 2 personas)
12729,1,1,1,1,1,10,4,De gas con deposito,Nuevo,No le da mantenimiento,De 38 a 40 litros (hasta 2 personas)
12730,1,1,3,0,1,2,4,De gas instantáneo de paso,Nuevo,No le da mantenimiento,
12739,1,1,2,0,1,99,4,De gas de rápida recuperación,Nuevo,No le da mantenimiento,
12740,1,1,3,0,1,1,4,De gas instantáneo de paso,Nuevo,No le da mantenimiento,
12741,1,1,1,1,1,99,4,De gas con deposito,Nuevo,No le da mantenimiento,De 38 a 40 litros (hasta 2 personas)
12742,1,1,1,1,1,15,4,De gas con deposito,Nuevo,No le da mantenimiento,De 38 a 40 litros (hasta 2 personas)
12743,1,1,3,0,1,14,2,De gas instantáneo de paso,Nuevo,Cada año,
12744,1,1,3,0,1,2,4,De gas instantáneo de paso,Nuevo,No le da mantenimiento,
12746,1,1,1,2,1,5,4,De gas con deposito,Nuevo,No le da mantenimiento,De 50 a 60 litros (hasta 3 personas)
12747,1,1,1,3,2,99,4,De gas con deposito,Usado,No le da mantenimiento,De 70 a 80 litros (hasta 4 personas)
12748,1,1,1,3,1,15,4,De gas con deposito,Nuevo,No le da mantenimiento,De 70 a 80 litros (hasta 4 personas)
12750,1,1,3,0,1,12,2,De gas instantáneo de paso,Nuevo,Cada año,
12752,1,1,1,1,1,21,2,De gas con deposito,Nuevo,Cada año,De 38 a 40 litros (hasta 2 personas)
12753,1,1,3,0,1,99,4,De gas instantáneo de paso,Nuevo,No le da mantenimiento,
12755,1,1,1,1,1,10,2,De gas con deposito,Nuevo,Cada año,De 38 a 40 litros (hasta 2 personas)
12756,1,1,2,0,1,10,2,De gas de rápida recuperación,Nuevo,Cada año,
12757,1,1,1,3,1,10,3,De gas con deposito,Nuevo,Cada 2 años,De 70 a 80 litros (hasta 4 personas)
12758,1,1,2,0,1,4,4,De gas de rápida recuperación,Nuevo,No le da mantenimiento,
12759,1,1,1,1,2,30,3,De gas con deposito,Usado,Cada 2 años,De 38 a 40 litros (hasta 2 personas)
12760,1,1,2,0,1,1,1,De gas de rápida recuperación,Nuevo,Cada 6 meses,
12761,1,1,2,0,1,2,1,De gas de rápida recuperación,Nuevo,Cada 6 meses,
12762,1,1,1,1,1,5,4,De gas con deposito,Nuevo,No le da mantenimiento,De 38 a 40 litros (hasta 2 personas)
12763,1,1,4,0,1,2,4,Eléctrico instantáneo de paso,Nuevo,No le da mantenimiento,
12764,1,1,1,2,1,20,4,De gas con deposito,Nuevo,No le da mantenimiento,De 50 a 60 litros (hasta 3 personas)
12766,1,1,1,2,1,3,4,De gas con deposito,Nuevo,No le da mantenimiento,De 50 a 60 litros (hasta 3 personas)
12767,1,1,1,2,1,4,1,De gas con deposito,Nuevo,Cada 6 meses,De 50 a 60 litros (hasta 3 personas)
12769,1,1,4,0,1,5,4,Eléctrico instantáneo de paso,Nuevo,No le da mantenimiento,
12770,1,1,1,2,1,3,2,De gas con deposito,Nuevo,Cada año,De 50 a 60 litros (hasta 3 personas)
12771,1,1,1,2,1,10,2,De gas con deposito,Nuevo,Cada año,De 50 a 60 litros (hasta 3 personas)
12772,1,1,1,1,1,15,1,De gas con deposito,Nuevo,Cada 6 meses,De 38 a 40 litros (hasta 2 personas)
12773,1,1,3,0,1,2,2,De gas instantáneo de paso,Nuevo,Cada año,
12774,1,1,1,1,1,5,1,De gas con deposito,Nuevo,Cada 6 meses,De 38 a 40 litros (hasta 2 personas)
12775,1,1,3,0,1,3,4,De gas instantáneo de paso,Nuevo,No le da mantenimiento,
12776,1,1,1,2,1,6,4,De gas con deposito,Nuevo,No le da mantenimiento,De 50 a 60 litros (hasta 3 personas)
12777,1,1,6,3,1,4,4,De leña,Nuevo,No le da mantenimiento,De 70 a 80 litros (hasta 4 personas)
12780,1,1,1,1,1,20,4,De gas con deposito,Nuevo,No le da mantenimiento,De 38 a 40 litros (hasta 2 personas)
12781,1,1,3,0,1,1,4,De gas instantáneo de paso,Nuevo,No le da mantenimiento,
12783,1,1,1,1,1,2,1,De gas con deposito,Nuevo,Cada 6 meses,De 38 a 40 litros (hasta 2 personas)
12786,1,1,3,0,1,5,4,De gas instantáneo de paso,Nuevo,No le da mantenimiento,
12788,1,1,3,0,1,6,3,De gas instantáneo de paso,Nuevo,Cada 2 años,
12789,1,1,1,3,1,99,4,De gas con deposito,Nuevo,No le da mantenimiento,De 70 a 80 litros (hasta 4 personas)
12791,1,1,1,1,1,20,4,De gas con deposito,Nuevo,No le da mantenimiento,De 38 a 40 litros (hasta 2 personas)
12792,1,1,1,4,1,10,2,De gas con deposito,Nuevo,Cada año,De 90 a 110 litros (hasta 6 personas)
12793,1,1,3,0,1,5,2,De gas instantáneo de paso,Nuevo,Cada año,
12794,1,1,1,2,1,20,2,De gas con deposito,Nuevo,Cada año,De 50 a 60 litros (hasta 3 personas)
12795,1,1,1,1,1,10,1,De gas con deposito,Nuevo,Cada 6 meses,De 38 a 40 litros (hasta 2 personas)
12796,1,1,1,2,1,13,3,De gas con deposito,Nuevo,Cada 2 años,De 50 a 60 litros (hasta 3 personas)
12802,1,1,1,3,1,6,4,De gas con deposito,Nuevo,No le da mantenimiento,De 70 a 80 litros (hasta 4 personas)
12807,1,1,3,0,1,3,2,De gas instantáneo de paso,Nuevo,Cada año,
12809,1,1,4,0,1,15,2,Eléctrico instantáneo de paso,Nuevo,Cada año,
12810,1,1,3,0,1,8,1,De gas instantáneo de paso,Nuevo,Cada 6 meses,
12811,1,1,7,3,1,8,4,Solar,Nuevo,No le da mantenimiento,De 70 a 80 litros (hasta 4 personas)
12812,1,1,7,3,1,1,1,Solar,Nuevo,Cada 6 meses,De 70 a 80 litros (hasta 4 personas)
12816,1,1,1,2,1,13,1,De gas con deposito,Nuevo,Cada 6 meses,De 50 a 60 litros (hasta 3 personas)
12818,1,1,3,0,2,99,4,De gas instantáneo de paso,Usado,No le da mantenimiento,
12819,1,1,3,0,1,3,4,De gas instantáneo de paso,Nuevo,No le da mantenimiento,
12820,1,1,1,1,1,5,1,De gas con deposito,Nuevo,Cada 6 meses,De 38 a 40 litros (hasta 2 personas)
12821,1,1,2,0,1,99,3,De gas de rápida recuperación,Nuevo,Cada 2 años,
12822,1,1,3,0,1,18,3,De gas instantáneo de paso,Nuevo,Cada 2 años,
12823,1,1,3,0,1,1,4,De gas instantáneo de paso,Nuevo,No le da mantenimiento,
12824,1,1,1,1,2,17,4,De gas con deposito,Usado,No le da mantenimiento,De 38 a 40 litros (hasta 2 personas)
12825,1,1,1,1,1,6,4,De gas con deposito,Nuevo,No le da mantenimiento,De 38 a 40 litros (hasta 2 personas)
12826,1,1,3,0,1,1,4,De gas instantáneo de paso,Nuevo,No le da mantenimiento,
12827,1,1,1,4,1,18,1,De gas con deposito,Nuevo,Cada 6 meses,De 90 a 110 litros (hasta 6 personas)
12828,1,1,3,0,1,10,4,De gas instantáneo de paso,Nuevo,No le da mantenimiento,
12833,1,1,1,1,1,2,1,De gas con deposito,Nuevo,Cada 6 meses,De 38 a 40 litros (hasta 2 personas)
12836,1,1,2,0,1,10,2,De gas de rápida recuperación,Nuevo,Cada año,
12837,1,1,3,0,1,2,1,De gas instantáneo de paso,Nuevo,Cada 6 meses,
12839,1,1,2,0,1,4,4,De gas de rápida recuperación,Nuevo,No le da mantenimiento,
12844,1,1,3,0,1,2,2,De gas instantáneo de paso,Nuevo,Cada año,
12845,1,1,1,1,1,99,4,De gas con deposito,Nuevo,No le da mantenimiento,De 38 a 40 litros (hasta 2 personas)
12846,1,1,2,0,1,10,4,De gas de rápida recuperación,Nuevo,No le da mantenimiento,
12848,1,1,2,0,1,9,2,De gas de rápida recuperación,Nuevo,Cada año,
12849,1,1,3,0,1,5,2,De gas instantáneo de paso,Nuevo,Cada año,
12850,1,1,1,3,1,10,2,De gas con deposito,Nuevo,Cada año,De 70 a 80 litros (hasta 4 personas)
12851,1,1,3,0,2,99,1,De gas instantáneo de paso,Usado,Cada 6 meses,
12852,1,1,2,0,1,3,4,De gas de rápida recuperación,Nuevo,No le da mantenimiento,
12853,1,1,3,0,1,3,1,De gas instantáneo de paso,Nuevo,Cada 6 meses,
12854,1,1,1,1,1,5,4,De gas con deposito,Nuevo,No le da mantenimiento,De 38 a 40 litros (hasta 2 personas)
12855,1,1,1,1,1,15,2,De gas con deposito,Nuevo,Cada año,De 38 a 40 litros (hasta 2 personas)
12856,1,1,1,2,2,20,2,De gas con deposito,Usado,Cada año,De 50 a 60 litros (hasta 3 personas)
12857,1,1,2,0,1,3,4,De gas de rápida recuperación,Nuevo,No le da mantenimiento,
12858,1,1,7,3,1,3,4,Solar,Nuevo,No le da mantenimiento,De 70 a 80 litros (hasta 4 personas)
12864,1,1,1,4,1,7,3,De gas con deposito,Nuevo,Cada 2 años,De 90 a 110 litros (hasta 6 personas)
12865,1,1,2,0,1,5,1,De gas de rápida recuperación,Nuevo,Cada 6 meses,
12866,1,1,1,3,1,9,1,De gas con deposito,Nuevo,Cada 6 meses,De 70 a 80 litros (hasta 4 personas)
12867,1,1,3,0,1,10,3,De gas instantáneo de paso,Nuevo,Cada 2 años,
12868,1,1,7,3,1,2,4,Solar,Nuevo,No le da mantenimiento,De 70 a 80 litros (hasta 4 personas)
12870,1,1,3,0,1,2,4,De gas instantáneo de paso,Nuevo,No le da mantenimiento,
12873,1,1,1,2,1,6,4,De gas con deposito,Nuevo,No le da mantenimiento,De 50 a 60 litros (hasta 3 personas)
12875,1,1,1,1,1,5,1,De gas con deposito,Nuevo,Cada 6 meses,De 38 a 40 litros (hasta 2 personas)
12876,1,1,1,3,1,1,4,De gas con deposito,Nuevo,No le da mantenimiento,De 70 a 80 litros (hasta 4 personas)
12877,1,1,3,0,1,5,2,De gas instantáneo de paso,Nuevo,Cada año,
12878,1,1,3,0,1,6,4,De gas instantáneo de paso,Nuevo,No le da mantenimiento,
12879,1,1,3,0,1,5,4,De gas instantáneo de paso,Nuevo,No le da mantenimiento,
12880,1,1,2,0,1,1,4,De gas de rápida recuperación,Nuevo,No le da mantenimiento,
12881,1,1,1,1,1,1,4,De gas con deposito,Nuevo,No le da mantenimiento,De 38 a 40 litros (hasta 2 personas)
12882,1,1,3,0,1,5,4,De gas instantáneo de paso,Nuevo,No le da mantenimiento,
12883,1,1,3,0,1,7,4,De gas instantáneo de paso,Nuevo,No le da mantenimiento,
12884,1,1,3,0,1,1,4,De gas instantáneo de paso,Nuevo,No le da mantenimiento,
12885,1,1,1,1,1,99,4,De gas con deposito,Nuevo,No le da mantenimiento,De 38 a 40 litros (hasta 2 personas)
12886,1,1,1,1,1,10,1,De gas con deposito,Nuevo,Cada 6 meses,De 38 a 40 litros (hasta 2 personas)
12887,1,1,1,1,1,10,1,De gas con deposito,Nuevo,Cada 6 meses,De 38 a 40 litros (hasta 2 personas)
12888,1,1,1,1,1,99,4,De gas con deposito,Nuevo,No le da mantenimiento,De 38 a 40 litros (hasta 2 personas)
12889,1,1,1,3,1,13,4,De gas con deposito,Nuevo,No le da mantenimiento,De 70 a 80 litros (hasta 4 personas)
12890,1,1,1,4,1,10,1,De gas con deposito,Nuevo,Cada 6 meses,De 90 a 110 litros (hasta 6 personas)
12891,1,1,1,1,1,2,1,De gas con deposito,Nuevo,Cada 6 meses,De 38 a 40 litros (hasta 2 personas)
12892,1,1,3,0,1,10,2,De gas instantáneo de paso,Nuevo,Cada año,
12893,1,1,1,1,1,2,2,De gas con deposito,Nuevo,Cada año,De 38 a 40 litros (hasta 2 personas)
12894,1,1,1,1,1,5,1,De gas con deposito,Nuevo,Cada 6 meses,De 38 a 40 litros (hasta 2 personas)
12895,1,1,1,3,1,19,2,De gas con deposito,Nuevo,Cada año,De 70 a 80 litros (hasta 4 personas)
12896,1,1,2,0,1,3,2,De gas de rápida recuperación,Nuevo,Cada año,
12897,1,1,1,3,1,10,4,De gas con deposito,Nuevo,No le da mantenimiento,De 70 a 80 litros (hasta 4 personas)
12898,1,1,2,0,1,15,4,De gas de rápida recuperación,Nuevo,No le da mantenimiento,
12899,1,1,2,0,1,3,2,De gas de rápida recuperación,Nuevo,Cada año,
12900,1,1,3,0,1,1,4,De gas instantáneo de paso,Nuevo,No le da mantenimiento,
12901,1,1,3,0,1,5,4,De gas instantáneo de paso,Nuevo,No le da mantenimiento,
12902,1,1,2,0,1,5,4,De gas de rápida recuperación,Nuevo,No le da mantenimiento,
12903,1,1,1,3,1,1,1,De gas con deposito,Nuevo,Cada 6 meses,De 70 a 80 litros (hasta 4 personas)
12904,1,1,1,2,1,12,2,De gas con deposito,Nuevo,Cada año,De 50 a 60 litros (hasta 3 personas)
12905,1,1,3,0,1,12,2,De gas instantáneo de paso,Nuevo,Cada año,
12906,1,1,3,0,1,1,4,De gas instantáneo de paso,Nuevo,No le da mantenimiento,
12907,1,1,3,0,1,1,4,De gas instantáneo de paso,Nuevo,No le da mantenimiento,
12908,1,1,1,2,1,5,2,De gas con deposito,Nuevo,Cada año,De 50 a 60 litros (hasta 3 personas)
12910,1,1,1,2,1,2,2,De gas con deposito,Nuevo,Cada año,De 50 a 60 litros (hasta 3 personas)
12912,1,1,3,0,1,20,2,De gas instantáneo de paso,Nuevo,Cada año,
12913,1,1,1,1,1,15,1,De gas con deposito,Nuevo,Cada 6 meses,De 38 a 40 litros (hasta 2 personas)
12914,1,1,2,0,1,1,4,De gas de rápida recuperación,Nuevo,No le da mantenimiento,
12915,1,1,1,1,1,15,1,De gas con deposito,Nuevo,Cada 6 meses,De 38 a 40 litros (hasta 2 personas)
12917,1,1,1,3,1,7,4,De gas con deposito,Nuevo,No le da mantenimiento,De 70 a 80 litros (hasta 4 personas)
12919,1,1,3,0,1,5,2,De gas instantáneo de paso,Nuevo,Cada año,
12920,1,1,1,1,2,30,2,De gas con deposito,Usado,Cada año,De 38 a 40 litros (hasta 2 personas)
12924,1,1,2,0,1,10,1,De gas de rápida recuperación,Nuevo,Cada 6 meses,
12926,1,1,2,0,1,4,2,De gas de rápida recuperación,Nuevo,Cada año,
12927,1,1,7,3,1,4,2,Solar,Nuevo,Cada año,De 70 a 80 litros (hasta 4 personas)
12928,1,1,3,0,1,4,4,De gas instantáneo de paso,Nuevo,No le da mantenimiento,
12929,1,1,7,2,1,1,4,Solar,Nuevo,No le da mantenimiento,De 50 a 60 litros (hasta 3 personas)
12930,1,1,3,0,1,2,4,De gas instantáneo de paso,Nuevo,No le da mantenimiento,
12931,1,1,3,0,1,4,2,De gas instantáneo de paso,Nuevo,Cada año,
12932,1,1,3,0,1,5,2,De gas instantáneo de paso,Nuevo,Cada año,
12933,1,1,3,0,1,8,3,De gas instantáneo de paso,Nuevo,Cada 2 años,
12934,1,1,3,0,1,3,4,De gas instantáneo de paso,Nuevo,No le da mantenimiento,
12935,1,1,1,3,1,10,1,De gas con deposito,Nuevo,Cada 6 meses,De 70 a 80 litros (hasta 4 personas)
12936,1,1,1,2,1,6,1,De gas con deposito,Nuevo,Cada 6 meses,De 50 a 60 litros (hasta 3 personas)
12942,1,1,7,3,1,2,4,Solar,Nuevo,No le da mantenimiento,De 70 a 80 litros (hasta 4 personas)
12943,1,1,2,0,1,6,4,De gas de rápida recuperación,Nuevo,No le da mantenimiento,
12944,1,1,3,0,1,1,4,De gas instantáneo de paso,Nuevo,No le da mantenimiento,
12947,1,1,7,3,1,2,4,Solar,Nuevo,No le da mantenimiento,De 70 a 80 litros (hasta 4 personas)
12948,1,1,7,2,1,3,4,Solar,Nuevo,No le da mantenimiento,De 50 a 60 litros (hasta 3 personas)
12949,1,1,2,0,1,6,1,De gas de rápida recuperación,Nuevo,Cada 6 meses,
12950,1,1,7,5,1,10,4,Solar,Nuevo,No le da mantenimiento,De 120 a 140 litros (hasta 7 personas)
12952,1,1,2,0,1,3,4,De gas de rápida recuperación,Nuevo,No le da mantenimiento,
12953,1,1,1,1,2,99,4,De gas con deposito,Usado,No le da mantenimiento,De 38 a 40 litros (hasta 2 personas)
12956,1,1,1,1,1,15,4,De gas con deposito,Nuevo,No le da mantenimiento,De 38 a 40 litros (hasta 2 personas)
12958,1,1,2,0,1,10,3,De gas de rápida recuperación,Nuevo,Cada 2 años,
12959,1,1,1,1,2,10,1,De gas con deposito,Usado,Cada 6 meses,De 38 a 40 litros (hasta 2 personas)
12961,1,1,1,2,1,3,2,De gas con deposito,Nuevo,Cada año,De 50 a 60 litros (hasta 3 personas)
12962,1,1,1,2,1,5,1,De gas con deposito,Nuevo,Cada 6 meses,De 50 a 60 litros (hasta 3 personas)
12963,1,1,1,2,1,4,1,De gas con deposito,Nuevo,Cada 6 meses,De 50 a 60 litros (hasta 3 personas)
12964,1,1,1,2,1,7,2,De gas con deposito,Nuevo,Cada año,De 50 a 60 litros (hasta 3 personas)
12965,1,1,1,2,1,15,3,De gas con deposito,Nuevo,Cada 2 años,De 50 a 60 litros (hasta 3 personas)
12967,1,1,3,0,1,4,4,De gas instantáneo de paso,Nuevo,No le da mantenimiento,
12968,1,1,1,4,1,3,1,De gas con deposito,Nuevo,Cada 6 meses,De 90 a 110 litros (hasta 6 personas)
12970,1,1,1,1,2,5,4,De gas con deposito,Usado,No le da mantenimiento,De 38 a 40 litros (hasta 2 personas)
12971,1,1,3,0,1,1,4,De gas instantáneo de paso,Nuevo,No le da mantenimiento,
12972,1,1,1,4,1,10,1,De gas con deposito,Nuevo,Cada 6 meses,De 90 a 110 litros (hasta 6 personas)
12973,1,1,1,2,1,16,4,De gas con deposito,Nuevo,No le da mantenimiento,De 50 a 60 litros (hasta 3 personas)
12974,1,1,1,3,1,12,4,De gas con deposito,Nuevo,No le da mantenimiento,De 70 a 80 litros (hasta 4 personas)
12976,1,1,1,1,1,15,4,De gas con deposito,Nuevo,No le da mantenimiento,De 38 a 40 litros (hasta 2 personas)
12977,1,1,1,2,1,15,1,De gas con deposito,Nuevo,Cada 6 meses,De 50 a 60 litros (hasta 3 personas)
12978,1,1,3,0,1,3,4,De gas instantáneo de paso,Nuevo,No le da mantenimiento,
12979,1,1,3,0,1,3,4,De gas instantáneo de paso,Nuevo,No le da mantenimiento,
12980,1,1,3,0,1,3,4,De gas instantáneo de paso,Nuevo,No le da mantenimiento,
12981,1,1,1,2,1,20,1,De gas con deposito,Nuevo,Cada 6 meses,De 50 a 60 litros (hasta 3 personas)
12984,1,1,1,2,1,5,4,De gas con deposito,Nuevo,No le da mantenimiento,De 50 a 60 litros (hasta 3 personas)
12985,1,1,1,3,1,8,3,De gas con deposito,Nuevo,Cada 2 años,De 70 a 80 litros (hasta 4 personas)
12986,1,1,1,6,1,15,2,De gas con deposito,Nuevo,Cada año,Más de 140 litros (más de 7 personas)
12988,1,1,1,3,1,10,4,De gas con deposito,Nuevo,No le da mantenimiento,De 70 a 80 litros (hasta 4 personas)
12989,1,1,1,4,1,5,4,De gas con deposito,Nuevo,No le da mantenimiento,De 90 a 110 litros (hasta 6 personas)
12990,1,1,1,2,1,10,2,De gas con deposito,Nuevo,Cada año,De 50 a 60 litros (hasta 3 personas)
12991,1,1,3,0,1,4,1,De gas instantáneo de paso,Nuevo,Cada 6 meses,
12992,1,1,3,0,1,1,4,De gas instantáneo de paso,Nuevo,No le da mantenimiento,
12993,1,1,7,4,1,1,1,Solar,Nuevo,Cada 6 meses,De 90 a 110 litros (hasta 6 personas)
12994,1,1,3,0,1,6,4,De gas instantáneo de paso,Nuevo,No le da mantenimiento,
12994,1,2,7,3,1,6,4,Solar,Nuevo,No le da mantenimiento,De 70 a 80 litros (hasta 4 personas)
12995,1,1,1,1,1,1,4,De gas con deposito,Nuevo,No le da mantenimiento,De 38 a 40 litros (hasta 2 personas)
12996,1,1,2,0,1,1,4,De gas de rápida recuperación,Nuevo,No le da mantenimiento,
12997,1,1,2,0,1,4,4,De gas de rápida recuperación,Nuevo,No le da mantenimiento,
12999,1,1,1,1,1,4,4,De gas con deposito,Nuevo,No le da mantenimiento,De 38 a 40 litros (hasta 2 personas)
13007,1,1,2,0,1,6,4,De gas de rápida recuperación,Nuevo,No le da mantenimiento,
13008,1,1,2,0,1,3,4,De gas de rápida recuperación,Nuevo,No le da mantenimiento,
13010,1,1,7,4,1,3,1,Solar,Nuevo,Cada 6 meses,De 90 a 110 litros (hasta 6 personas)
13011,1,1,1,2,1,12,4,De gas con deposito,Nuevo,No le da mantenimiento,De 50 a 60 litros (hasta 3 personas)
13012,1,1,1,1,1,4,1,De gas con deposito,Nuevo,Cada 6 meses,De 38 a 40 litros (hasta 2 personas)
13016,1,1,1,1,2,12,2,De gas con deposito,Usado,Cada año,De 38 a 40 litros (hasta 2 personas)
13017,1,1,7,3,1,1,4,Solar,Nuevo,No le da mantenimiento,De 70 a 80 litros (hasta 4 personas)
13027,1,1,6,3,1,10,4,De leña,Nuevo,No le da mantenimiento,De 70 a 80 litros (hasta 4 personas)
13028,1,1,7,6,1,4,4,Solar,Nuevo,No le da mantenimiento,Más de 140 litros (más de 7 personas)
13029,1,1,7,3,1,5,4,Solar,Nuevo,No le da mantenimiento,De 70 a 80 litros (hasta 4 personas)
13030,1,1,3,0,1,1,4,De gas instantáneo de paso,Nuevo,No le da mantenimiento,
13031,1,1,7,2,1,1,4,Solar,Nuevo,No le da mantenimiento,De 50 a 60 litros (hasta 3 personas)
13032,1,1,3,0,1,7,2,De gas instantáneo de paso,Nuevo,Cada año,
13034,1,1,7,2,1,5,4,Solar,Nuevo,No le da mantenimiento,De 50 a 60 litros (hasta 3 personas)
13035,1,1,7,4,1,2,4,Solar,Nuevo,No le da mantenimiento,De 90 a 110 litros (hasta 6 personas)
13036,1,1,3,0,1,10,2,De gas instantáneo de paso,Nuevo,Cada año,
13037,1,3,3,0,1,5,2,De gas instantáneo de paso,Nuevo,Cada año,
13037,1,2,3,0,1,5,2,De gas instantáneo de paso,Nuevo,Cada año,
13037,1,1,3,0,1,5,2,De gas instantáneo de paso,Nuevo,Cada año,
13038,1,1,3,0,1,4,4,De gas instantáneo de paso,Nuevo,No le da mantenimiento,
13039,1,1,3,0,1,9,4,De gas instantáneo de paso,Nuevo,No le da mantenimiento,
13042,1,1,1,3,1,3,4,De gas con deposito,Nuevo,No le da mantenimiento,De 70 a 80 litros (hasta 4 personas)
13045,1,1,3,0,1,1,4,De gas instantáneo de paso,Nuevo,No le da mantenimiento,
13046,1,1,1,1,1,5,4,De gas con deposito,Nuevo,No le da mantenimiento,De 38 a 40 litros (hasta 2 personas)
13047,1,1,1,1,1,1,4,De gas con deposito,Nuevo,No le da mantenimiento,De 38 a 40 litros (hasta 2 personas)
13053,1,1,2,0,1,1,4,De gas de rápida recuperación,Nuevo,No le da mantenimiento,
13055,1,1,6,2,1,1,4,De leña,Nuevo,No le da mantenimiento,De 50 a 60 litros (hasta 3 personas)
13057,1,1,3,0,1,2,4,De gas instantáneo de paso,Nuevo,No le da mantenimiento,
13058,1,1,1,1,1,10,1,De gas con deposito,Nuevo,Cada 6 meses,De 38 a 40 litros (hasta 2 personas)
13059,1,1,1,3,1,10,4,De gas con deposito,Nuevo,No le da mantenimiento,De 70 a 80 litros (hasta 4 personas)
13060,1,1,7,3,1,11,4,Solar,Nuevo,No le da mantenimiento,De 70 a 80 litros (hasta 4 personas)
13061,1,1,1,3,1,10,1,De gas con deposito,Nuevo,Cada 6 meses,De 70 a 80 litros (hasta 4 personas)
13062,1,1,1,1,1,10,1,De gas con deposito,Nuevo,Cada 6 meses,De 38 a 40 litros (hasta 2 personas)
13064,1,1,2,0,1,5,3,De gas de rápida recuperación,Nuevo,Cada 2 años,
13066,1,1,2,0,1,2,1,De gas de rápida recuperación,Nuevo,Cada 6 meses,
13067,1,1,1,2,1,10,3,De gas con deposito,Nuevo,Cada 2 años,De 50 a 60 litros (hasta 3 personas)
13068,1,1,1,3,1,10,2,De gas con deposito,Nuevo,Cada año,De 70 a 80 litros (hasta 4 personas)
13073,1,1,1,1,1,10,1,De gas con deposito,Nuevo,Cada 6 meses,De 38 a 40 litros (hasta 2 personas)
13074,1,1,1,1,1,10,1,De gas con deposito,Nuevo,Cada 6 meses,De 38 a 40 litros (hasta 2 personas)
13075,1,1,7,3,1,1,4,Solar,Nuevo,No le da mantenimiento,De 70 a 80 litros (hasta 4 personas)
13076,1,1,1,2,1,10,1,De gas con deposito,Nuevo,Cada 6 meses,De 50 a 60 litros (hasta 3 personas)
13077,1,1,1,3,1,4,2,De gas con deposito,Nuevo,Cada año,De 70 a 80 litros (hasta 4 personas)
13078,1,1,1,1,1,5,4,De gas con deposito,Nuevo,No le da mantenimiento,De 38 a 40 litros (hasta 2 personas)
13079,1,1,1,2,1,4,2,De gas con deposito,Nuevo,Cada año,De 50 a 60 litros (hasta 3 personas)
13080,1,1,3,0,1,8,4,De gas instantáneo de paso,Nuevo,No le da mantenimiento,
13081,1,1,3,0,1,2,4,De gas instantáneo de paso,Nuevo,No le da mantenimiento,
13082,1,1,1,1,1,4,1,De gas con deposito,Nuevo,Cada 6 meses,De 38 a 40 litros (hasta 2 personas)
13083,1,1,1,1,1,10,1,De gas con deposito,Nuevo,Cada 6 meses,De 38 a 40 litros (hasta 2 personas)
13085,1,1,1,2,1,17,4,De gas con deposito,Nuevo,No le da mantenimiento,De 50 a 60 litros (hasta 3 personas)
13086,1,1,3,0,1,7,4,De gas instantáneo de paso,Nuevo,No le da mantenimiento,
13087,1,1,1,3,1,6,2,De gas con deposito,Nuevo,Cada año,De 70 a 80 litros (hasta 4 personas)
13089,1,1,2,0,1,4,4,De gas de rápida recuperación,Nuevo,No le da mantenimiento,
13090,1,1,1,3,1,10,2,De gas con deposito,Nuevo,Cada año,De 70 a 80 litros (hasta 4 personas)
13093,1,1,3,0,1,8,1,De gas instantáneo de paso,Nuevo,Cada 6 meses,
13096,1,1,1,1,1,20,4,De gas con deposito,Nuevo,No le da mantenimiento,De 38 a 40 litros (hasta 2 personas)
13097,1,1,2,0,1,15,1,De gas de rápida recuperación,Nuevo,Cada 6 meses,
13100,1,1,7,2,1,4,4,Solar,Nuevo,No le da mantenimiento,De 50 a 60 litros (hasta 3 personas)
13104,1,1,3,0,1,2,4,De gas instantáneo de paso,Nuevo,No le da mantenimiento,
13112,1,1,6,2,1,20,2,De leña,Nuevo,Cada año,De 50 a 60 litros (hasta 3 personas)
13115,1,1,3,0,1,10,2,De gas instantáneo de paso,Nuevo,Cada año,
13116,1,1,1,2,1,25,4,De gas con deposito,Nuevo,No le da mantenimiento,De 50 a 60 litros (hasta 3 personas)
13118,1,1,2,0,2,2,2,De gas de rápida recuperación,Usado,Cada año,
13120,1,1,2,0,2,4,2,De gas de rápida recuperación,Usado,Cada año,
13121,1,1,2,0,1,3,4,De gas de rápida recuperación,Nuevo,No le da mantenimiento,
13122,1,1,3,0,1,1,4,De gas instantáneo de paso,Nuevo,No le da mantenimiento,
13123,1,1,1,1,1,12,2,De gas con deposito,Nuevo,Cada año,De 38 a 40 litros (hasta 2 personas)
13124,1,1,1,1,1,1,1,De gas con deposito,Nuevo,Cada 6 meses,De 38 a 40 litros (hasta 2 personas)
13126,1,1,1,1,1,2,4,De gas con deposito,Nuevo,No le da mantenimiento,De 38 a 40 litros (hasta 2 personas)
13127,1,1,7,4,1,2,4,Solar,Nuevo,No le da mantenimiento,De 90 a 110 litros (hasta 6 personas)
13128,1,1,1,1,1,10,2,De gas con deposito,Nuevo,Cada año,De 38 a 40 litros (hasta 2 personas)
13130,1,1,1,1,1,10,1,De gas con deposito,Nuevo,Cada 6 meses,De 38 a 40 litros (hasta 2 personas)
13131,1,1,1,1,1,8,4,De gas con deposito,Nuevo,No le da mantenimiento,De 38 a 40 litros (hasta 2 personas)
13132,1,1,1,2,1,10,4,De gas con deposito,Nuevo,No le da mantenimiento,De 50 a 60 litros (hasta 3 personas)
13133,1,1,3,0,1,3,2,De gas instantáneo de paso,Nuevo,Cada año,
13134,1,1,1,1,1,99,1,De gas con deposito,Nuevo,Cada 6 meses,De 38 a 40 litros (hasta 2 personas)
13135,1,1,1,4,1,12,2,De gas con deposito,Nuevo,Cada año,De 90 a 110 litros (hasta 6 personas)
13137,1,1,2,0,1,10,3,De gas de rápida recuperación,Nuevo,Cada 2 años,
13138,1,1,3,0,1,8,2,De gas instantáneo de paso,Nuevo,Cada año,
13140,1,1,3,0,1,22,3,De gas instantáneo de paso,Nuevo,Cada 2 años,
13144,1,1,7,3,1,1,1,Solar,Nuevo,Cada 6 meses,De 70 a 80 litros (hasta 4 personas)
13148,1,1,1,2,1,15,4,De gas con deposito,Nuevo,No le da mantenimiento,De 50 a 60 litros (hasta 3 personas)
13157,1,1,7,6,1,1,4,Solar,Nuevo,No le da mantenimiento,Más de 140 litros (más de 7 personas)
13158,1,1,2,0,1,8,3,De gas de rápida recuperación,Nuevo,Cada 2 años,
13159,1,1,7,6,1,1,4,Solar,Nuevo,No le da mantenimiento,Más de 140 litros (más de 7 personas)
13161,1,1,1,1,2,1,4,De gas con deposito,Usado,No le da mantenimiento,De 38 a 40 litros (hasta 2 personas)
13162,1,1,1,4,1,25,2,De gas con deposito,Nuevo,Cada año,De 90 a 110 litros (hasta 6 personas)
13164,1,1,3,0,1,8,1,De gas instantáneo de paso,Nuevo,Cada 6 meses,
13168,1,1,4,0,1,1,4,Eléctrico instantáneo de paso,Nuevo,No le da mantenimiento,
13169,1,1,2,0,2,99,4,De gas de rápida recuperación,Usado,No le da mantenimiento,
13172,1,1,2,0,1,3,4,De gas de rápida recuperación,Nuevo,No le da mantenimiento,
13174,1,1,4,0,1,8,2,Eléctrico instantáneo de paso,Nuevo,Cada año,
13176,1,1,4,0,1,1,4,Eléctrico instantáneo de paso,Nuevo,No le da mantenimiento,
13178,1,1,1,2,1,2,1,De gas con deposito,Nuevo,Cada 6 meses,De 50 a 60 litros (hasta 3 personas)
13179,1,1,2,0,1,7,4,De gas de rápida recuperación,Nuevo,No le da mantenimiento,
13180,1,1,2,0,1,8,3,De gas de rápida recuperación,Nuevo,Cada 2 años,
13181,1,1,1,1,1,6,4,De gas con deposito,Nuevo,No le da mantenimiento,De 38 a 40 litros (hasta 2 personas)
13182,1,1,1,2,1,3,4,De gas con deposito,Nuevo,No le da mantenimiento,De 50 a 60 litros (hasta 3 personas)
13185,1,1,7,2,1,1,4,Solar,Nuevo,No le da mantenimiento,De 50 a 60 litros (hasta 3 personas)
13187,1,1,2,0,1,6,3,De gas de rápida recuperación,Nuevo,Cada 2 años,
13188,1,1,4,0,1,1,4,Eléctrico instantáneo de paso,Nuevo,No le da mantenimiento,
13189,1,1,1,2,1,10,4,De gas con deposito,Nuevo,No le da mantenimiento,De 50 a 60 litros (hasta 3 personas)
13192,1,1,3,0,1,3,1,De gas instantáneo de paso,Nuevo,Cada 6 meses,
13193,1,1,3,0,1,2,1,De gas instantáneo de paso,Nuevo,Cada 6 meses,
13196,1,1,2,0,1,3,4,De gas de rápida recuperación,Nuevo,No le da mantenimiento,
13199,1,1,3,0,1,2,2,De gas instantáneo de paso,Nuevo,Cada año,
13201,1,1,2,0,1,10,4,De gas de rápida recuperación,Nuevo,No le da mantenimiento,
13204,1,1,6,4,1,5,3,De leña,Nuevo,Cada 2 años,De 90 a 110 litros (hasta 6 personas)
13206,1,1,2,0,2,2,4,De gas de rápida recuperación,Usado,No le da mantenimiento,
13208,1,1,1,3,1,5,4,De gas con deposito,Nuevo,No le da mantenimiento,De 70 a 80 litros (hasta 4 personas)
13209,1,1,3,0,1,2,4,De gas instantáneo de paso,Nuevo,No le da mantenimiento,
13211,1,1,3,0,1,3,2,De gas instantáneo de paso,Nuevo,Cada año,
13216,1,1,1,4,1,6,2,De gas con deposito,Nuevo,Cada año,De 90 a 110 litros (hasta 6 personas)
13218,1,1,1,1,1,4,4,De gas con deposito,Nuevo,No le da mantenimiento,De 38 a 40 litros (hasta 2 personas)
13220,1,1,7,4,1,2,1,Solar,Nuevo,Cada 6 meses,De 90 a 110 litros (hasta 6 personas)
13226,1,1,7,2,1,8,4,Solar,Nuevo,No le da mantenimiento,De 50 a 60 litros (hasta 3 personas)
13238,1,1,1,2,1,15,2,De gas con deposito,Nuevo,Cada año,De 50 a 60 litros (hasta 3 personas)
13239,1,1,2,0,1,2,4,De gas de rápida recuperación,Nuevo,No le da mantenimiento,
13240,1,1,7,3,1,3,4,Solar,Nuevo,No le da mantenimiento,De 70 a 80 litros (hasta 4 personas)
13241,1,1,1,1,1,10,1,De gas con deposito,Nuevo,Cada 6 meses,De 38 a 40 litros (hasta 2 personas)
13242,1,1,3,0,1,3,4,De gas instantáneo de paso,Nuevo,No le da mantenimiento,
13243,1,1,2,0,1,4,1,De gas de rápida recuperación,Nuevo,Cada 6 meses,
13245,1,1,1,4,2,3,1,De gas con deposito,Usado,Cada 6 meses,De 90 a 110 litros (hasta 6 personas)
13246,1,1,1,4,1,4,1,De gas con deposito,Nuevo,Cada 6 meses,De 90 a 110 litros (hasta 6 personas)
13247,1,1,2,0,1,3,2,De gas de rápida recuperación,Nuevo,Cada año,
13248,1,1,1,2,1,15,1,De gas con deposito,Nuevo,Cada 6 meses,De 50 a 60 litros (hasta 3 personas)
13254,1,1,1,1,1,4,1,De gas con deposito,Nuevo,Cada 6 meses,De 38 a 40 litros (hasta 2 personas)
13255,1,1,2,0,2,4,1,De gas de rápida recuperación,Usado,Cada 6 meses,
13256,1,1,4,0,1,1,4,Eléctrico instantáneo de paso,Nuevo,No le da mantenimiento,
13258,1,1,7,3,1,1,1,Solar,Nuevo,Cada 6 meses,De 70 a 80 litros (hasta 4 personas)
13259,1,1,2,0,2,1,4,De gas de rápida recuperación,Usado,No le da mantenimiento,
13260,1,1,7,4,1,2,4,Solar,Nuevo,No le da mantenimiento,De 90 a 110 litros (hasta 6 personas)
13261,1,1,4,0,1,3,1,Eléctrico instantáneo de paso,Nuevo,Cada 6 meses,
13262,1,1,7,3,1,3,1,Solar,Nuevo,Cada 6 meses,De 70 a 80 litros (hasta 4 personas)
13263,1,1,1,1,1,10,4,De gas con deposito,Nuevo,No le da mantenimiento,De 38 a 40 litros (hasta 2 personas)
13266,1,1,7,3,1,1,4,Solar,Nuevo,No le da mantenimiento,De 70 a 80 litros (hasta 4 personas)
13268,1,1,7,3,1,1,4,Solar,Nuevo,No le da mantenimiento,De 70 a 80 litros (hasta 4 personas)
13284,1,1,7,4,1,3,3,Solar,Nuevo,Cada 2 años,De 90 a 110 litros (hasta 6 personas)
13288,1,1,7,3,1,1,4,Solar,Nuevo,No le da mantenimiento,De 70 a 80 litros (hasta 4 personas)
13290,1,1,7,4,1,1,4,Solar,Nuevo,No le da mantenimiento,De 90 a 110 litros (hasta 6 personas)
13305,1,1,7,6,1,2,1,Solar,Nuevo,Cada 6 meses,Más de 140 litros (más de 7 personas)
13307,1,1,2,0,1,6,1,De gas de rápida recuperación,Nuevo,Cada 6 meses,
13314,1,1,3,0,1,10,4,De gas instantáneo de paso,Nuevo,No le da mantenimiento,
13315,1,1,1,1,1,2,4,De gas con deposito,Nuevo,No le da mantenimiento,De 38 a 40 litros (hasta 2 personas)
13321,1,1,7,9,1,2,4,Solar,Nuevo,No le da mantenimiento,No sabe
13339,1,1,1,3,1,15,3,De gas con deposito,Nuevo,Cada 2 años,De 70 a 80 litros (hasta 4 personas)
13346,1,1,4,0,1,5,1,Eléctrico instantáneo de paso,Nuevo,Cada 6 meses,
13347,1,1,2,0,1,12,3,De gas de rápida recuperación,Nuevo,Cada 2 años,
13348,1,1,4,0,1,99,4,Eléctrico instantáneo de paso,Nuevo,No le da mantenimiento,
13351,1,1,7,4,1,1,4,Solar,Nuevo,No le da mantenimiento,De 90 a 110 litros (hasta 6 personas)
13357,1,1,7,5,1,2,4,Solar,Nuevo,No le da mantenimiento,De 120 a 140 litros (hasta 7 personas)
13361,1,1,1,1,1,19,1,De gas con deposito,Nuevo,Cada 6 meses,De 38 a 40 litros (hasta 2 personas)
13362,1,1,3,0,1,10,2,De gas instantáneo de paso,Nuevo,Cada año,
13363,1,1,2,0,1,13,4,De gas de rápida recuperación,Nuevo,No le da mantenimiento,
13364,1,1,3,0,1,4,2,De gas instantáneo de paso,Nuevo,Cada año,
13365,1,1,1,9,1,8,3,De gas con deposito,Nuevo,Cada 2 años,No sabe
13366,1,1,7,3,1,4,2,Solar,Nuevo,Cada año,De 70 a 80 litros (hasta 4 personas)
13368,1,1,7,3,1,2,4,Solar,Nuevo,No le da mantenimiento,De 70 a 80 litros (hasta 4 personas)
13369,1,1,7,4,1,5,4,Solar,Nuevo,No le da mantenimiento,De 90 a 110 litros (hasta 6 personas)
13370,1,1,1,4,2,99,4,De gas con deposito,Usado,No le da mantenimiento,De 90 a 110 litros (hasta 6 personas)
13371,1,1,1,2,2,99,4,De gas con deposito,Usado,No le da mantenimiento,De 50 a 60 litros (hasta 3 personas)
13372,1,1,1,1,1,30,3,De gas con deposito,Nuevo,Cada 2 años,De 38 a 40 litros (hasta 2 personas)
13373,1,1,1,1,1,20,4,De gas con deposito,Nuevo,No le da mantenimiento,De 38 a 40 litros (hasta 2 personas)
13374,1,1,1,1,1,12,3,De gas con deposito,Nuevo,Cada 2 años,De 38 a 40 litros (hasta 2 personas)
13375,1,1,7,4,1,99,4,Solar,Nuevo,No le da mantenimiento,De 90 a 110 litros (hasta 6 personas)
13379,1,1,1,9,1,15,1,De gas con deposito,Nuevo,Cada 6 meses,No sabe
13380,1,1,2,0,1,4,4,De gas de rápida recuperación,Nuevo,No le da mantenimiento,
13381,1,1,7,3,1,1,4,Solar,Nuevo,No le da mantenimiento,De 70 a 80 litros (hasta 4 personas)
13384,1,1,2,0,1,4,1,De gas de rápida recuperación,Nuevo,Cada 6 meses,
13385,1,1,1,3,1,10,3,De gas con deposito,Nuevo,Cada 2 años,De 70 a 80 litros (hasta 4 personas)
13386,1,1,1,3,1,20,4,De gas con deposito,Nuevo,No le da mantenimiento,De 70 a 80 litros (hasta 4 personas)
13387,1,1,3,0,1,1,4,De gas instantáneo de paso,Nuevo,No le da mantenimiento,
13388,1,1,7,3,1,2,4,Solar,Nuevo,No le da mantenimiento,De 70 a 80 litros (hasta 4 personas)
13391,1,1,6,1,2,10,3,De leña,Usado,Cada 2 años,De 38 a 40 litros (hasta 2 personas)
13394,1,1,6,2,1,15,4,De leña,Nuevo,No le da mantenimiento,De 50 a 60 litros (hasta 3 personas)
13396,1,1,1,9,2,99,2,De gas con deposito,Usado,Cada año,No sabe
13400,1,1,4,0,1,2,1,Eléctrico instantáneo de paso,Nuevo,Cada 6 meses,
13401,1,1,7,1,1,1,4,Solar,Nuevo,No le da mantenimiento,De 38 a 40 litros (hasta 2 personas)
13403,1,1,7,3,1,2,4,Solar,Nuevo,No le da mantenimiento,De 70 a 80 litros (hasta 4 personas)
13404,1,1,1,9,1,21,4,De gas con deposito,Nuevo,No le da mantenimiento,No sabe
13405,1,1,7,4,1,3,4,Solar,Nuevo,No le da mantenimiento,De 90 a 110 litros (hasta 6 personas)
13407,1,1,7,5,1,2,4,Solar,Nuevo,No le da mantenimiento,De 120 a 140 litros (hasta 7 personas)
13408,1,1,7,4,1,1,4,Solar,Nuevo,No le da mantenimiento,De 90 a 110 litros (hasta 6 personas)
13409,1,1,1,2,1,10,4,De gas con deposito,Nuevo,No le da mantenimiento,De 50 a 60 litros (hasta 3 personas)
13412,1,1,2,0,2,99,4,De gas de rápida recuperación,Usado,No le da mantenimiento,
13413,1,1,4,0,2,3,4,Eléctrico instantáneo de paso,Usado,No le da mantenimiento,
13415,1,1,1,1,1,10,2,De gas con deposito,Nuevo,Cada año,De 38 a 40 litros (hasta 2 personas)
13417,1,1,1,9,1,18,4,De gas con deposito,Nuevo,No le da mantenimiento,No sabe
13418,1,1,7,3,1,1,4,Solar,Nuevo,No le da mantenimiento,De 70 a 80 litros (hasta 4 personas)
13419,1,1,1,1,1,13,4,De gas con deposito,Nuevo,No le da mantenimiento,De 38 a 40 litros (hasta 2 personas)
13421,1,1,1,1,1,18,3,De gas con deposito,Nuevo,Cada 2 años,De 38 a 40 litros (hasta 2 personas)
13422,1,1,2,0,1,15,2,De gas de rápida recuperación,Nuevo,Cada año,
13423,1,1,1,3,1,9,2,De gas con deposito,Nuevo,Cada año,De 70 a 80 litros (hasta 4 personas)
13424,1,1,1,9,1,3,4,De gas con deposito,Nuevo,No le da mantenimiento,No sabe
13425,1,1,2,0,1,3,4,De gas de rápida recuperación,Nuevo,No le da mantenimiento,
13426,1,1,2,0,1,9,1,De gas de rápida recuperación,Nuevo,Cada 6 meses,
13427,1,1,7,2,1,3,4,Solar,Nuevo,No le da mantenimiento,De 50 a 60 litros (hasta 3 personas)
13428,1,1,2,0,1,3,4,De gas de rápida recuperación,Nuevo,No le da mantenimiento,
13428,1,2,2,0,1,6,4,De gas de rápida recuperación,Nuevo,No le da mantenimiento,
13429,1,1,2,0,2,99,1,De gas de rápida recuperación,Usado,Cada 6 meses,
13430,1,1,1,9,1,15,2,De gas con deposito,Nuevo,Cada año,No sabe
13431,1,1,1,1,2,3,4,De gas con deposito,Usado,No le da mantenimiento,De 38 a 40 litros (hasta 2 personas)
13432,1,1,1,1,1,10,1,De gas con deposito,Nuevo,Cada 6 meses,De 38 a 40 litros (hasta 2 personas)
13433,1,1,2,0,1,10,2,De gas de rápida recuperación,Nuevo,Cada año,
13434,1,1,1,2,1,6,1,De gas con deposito,Nuevo,Cada 6 meses,De 50 a 60 litros (hasta 3 personas)
13435,1,1,1,9,1,6,4,De gas con deposito,Nuevo,No le da mantenimiento,No sabe
13436,1,1,1,1,1,15,4,De gas con deposito,Nuevo,No le da mantenimiento,De 38 a 40 litros (hasta 2 personas)
13437,1,1,7,2,1,6,4,Solar,Nuevo,No le da mantenimiento,De 50 a 60 litros (hasta 3 personas)
13438,1,1,1,1,1,3,2,De gas con deposito,Nuevo,Cada año,De 38 a 40 litros (hasta 2 personas)
13439,1,1,1,2,1,99,4,De gas con deposito,Nuevo,No le da mantenimiento,De 50 a 60 litros (hasta 3 personas)
13440,1,1,1,1,1,5,4,De gas con deposito,Nuevo,No le da mantenimiento,De 38 a 40 litros (hasta 2 personas)
13441,1,1,1,9,1,2,4,De gas con deposito,Nuevo,No le da mantenimiento,No sabe
13442,1,1,1,3,1,13,4,De gas con deposito,Nuevo,No le da mantenimiento,De 70 a 80 litros (hasta 4 personas)
13443,1,1,1,2,1,6,1,De gas con deposito,Nuevo,Cada 6 meses,De 50 a 60 litros (hasta 3 personas)
13444,1,1,1,1,1,1,4,De gas con deposito,Nuevo,No le da mantenimiento,De 38 a 40 litros (hasta 2 personas)
13445,1,1,2,0,1,3,2,De gas de rápida recuperación,Nuevo,Cada año,
13446,1,1,7,9,1,1,4,Solar,Nuevo,No le da mantenimiento,No sabe
13447,1,1,7,4,1,1,2,Solar,Nuevo,Cada año,De 90 a 110 litros (hasta 6 personas)
13448,1,1,1,2,1,10,2,De gas con deposito,Nuevo,Cada año,De 50 a 60 litros (hasta 3 personas)
13449,1,1,1,3,1,10,3,De gas con deposito,Nuevo,Cada 2 años,De 70 a 80 litros (hasta 4 personas)
13450,1,1,2,0,1,3,3,De gas de rápida recuperación,Nuevo,Cada 2 años,
13451,1,1,7,3,1,4,3,Solar,Nuevo,Cada 2 años,De 70 a 80 litros (hasta 4 personas)
13453,1,1,3,0,2,99,2,De gas instantáneo de paso,Usado,Cada año,
13454,1,1,1,2,1,1,4,De gas con deposito,Nuevo,No le da mantenimiento,De 50 a 60 litros (hasta 3 personas)
13455,1,1,1,1,1,3,4,De gas con deposito,Nuevo,No le da mantenimiento,De 38 a 40 litros (hasta 2 personas)
13456,1,1,1,3,1,99,4,De gas con deposito,Nuevo,No le da mantenimiento,De 70 a 80 litros (hasta 4 personas)
13457,1,1,1,1,1,7,4,De gas con deposito,Nuevo,No le da mantenimiento,De 38 a 40 litros (hasta 2 personas)
13461,1,1,1,1,1,3,4,De gas con deposito,Nuevo,No le da mantenimiento,De 38 a 40 litros (hasta 2 personas)
13462,1,1,1,1,1,7,2,De gas con deposito,Nuevo,Cada año,De 38 a 40 litros (hasta 2 personas)
13464,1,1,1,9,1,10,2,De gas con deposito,Nuevo,Cada año,No sabe
13465,1,1,6,1,1,2,4,De leña,Nuevo,No le da mantenimiento,De 38 a 40 litros (hasta 2 personas)
13468,1,1,1,4,1,1,4,De gas con deposito,Nuevo,No le da mantenimiento,De 90 a 110 litros (hasta 6 personas)
13470,1,1,6,1,2,8,3,De leña,Usado,Cada 2 años,De 38 a 40 litros (hasta 2 personas)
13471,1,1,7,2,2,1,4,Solar,Usado,No le da mantenimiento,De 50 a 60 litros (hasta 3 personas)
13474,1,1,7,3,1,1,4,Solar,Nuevo,No le da mantenimiento,De 70 a 80 litros (hasta 4 personas)
13475,1,1,7,1,1,1,4,Solar,Nuevo,No le da mantenimiento,De 38 a 40 litros (hasta 2 personas)
13477,1,1,1,1,2,4,1,De gas con deposito,Usado,Cada 6 meses,De 38 a 40 litros (hasta 2 personas)
13479,1,1,3,0,1,2,4,De gas instantáneo de paso,Nuevo,No le da mantenimiento,
13480,1,1,4,0,1,5,2,Eléctrico instantáneo de paso,Nuevo,Cada año,
13481,1,1,1,1,1,7,3,De gas con deposito,Nuevo,Cada 2 años,De 38 a 40 litros (hasta 2 personas)
13482,1,1,2,0,1,1,4,De gas de rápida recuperación,Nuevo,No le da mantenimiento,
13483,1,1,7,3,2,4,2,Solar,Usado,Cada año,De 70 a 80 litros (hasta 4 personas)
13484,1,1,1,2,2,2,4,De gas con deposito,Usado,No le da mantenimiento,De 50 a 60 litros (hasta 3 personas)
13486,1,1,1,1,1,14,3,De gas con deposito,Nuevo,Cada 2 años,De 38 a 40 litros (hasta 2 personas)
13492,1,1,7,3,1,5,4,Solar,Nuevo,No le da mantenimiento,De 70 a 80 litros (hasta 4 personas)
13493,1,1,1,1,1,6,2,De gas con deposito,Nuevo,Cada año,De 38 a 40 litros (hasta 2 personas)
13494,1,1,1,2,1,1,4,De gas con deposito,Nuevo,No le da mantenimiento,De 50 a 60 litros (hasta 3 personas)
13495,1,1,1,2,1,10,3,De gas con deposito,Nuevo,Cada 2 años,De 50 a 60 litros (hasta 3 personas)
13497,1,1,1,1,1,3,2,De gas con deposito,Nuevo,Cada año,De 38 a 40 litros (hasta 2 personas)
13498,1,1,1,9,1,10,2,De gas con deposito,Nuevo,Cada año,No sabe
13500,1,1,7,6,1,1,4,Solar,Nuevo,No le da mantenimiento,Más de 140 litros (más de 7 personas)
13501,1,1,5,1,1,5,2,Eléctrico con depósito,Nuevo,Cada año,De 38 a 40 litros (hasta 2 personas)
13503,1,1,7,3,1,4,2,Solar,Nuevo,Cada año,De 70 a 80 litros (hasta 4 personas)
13505,1,1,1,1,1,27,1,De gas con deposito,Nuevo,Cada 6 meses,De 38 a 40 litros (hasta 2 personas)
13506,1,1,4,0,1,1,4,Eléctrico instantáneo de paso,Nuevo,No le da mantenimiento,
13508,1,1,1,2,2,4,4,De gas con deposito,Usado,No le da mantenimiento,De 50 a 60 litros (hasta 3 personas)
13512,1,1,3,0,1,10,4,De gas instantáneo de paso,Nuevo,No le da mantenimiento,
13513,1,1,2,0,1,1,4,De gas de rápida recuperación,Nuevo,No le da mantenimiento,
13514,1,1,1,4,1,4,2,De gas con deposito,Nuevo,Cada año,De 90 a 110 litros (hasta 6 personas)
13515,1,1,1,9,2,13,2,De gas con deposito,Usado,Cada año,No sabe
13516,1,1,7,1,1,4,4,Solar,Nuevo,No le da mantenimiento,De 38 a 40 litros (hasta 2 personas)
13519,1,1,7,2,1,99,1,Solar,Nuevo,Cada 6 meses,De 50 a 60 litros (hasta 3 personas)
13520,1,1,1,1,1,3,1,De gas con deposito,Nuevo,Cada 6 meses,De 38 a 40 litros (hasta 2 personas)
13521,1,1,3,0,1,1,1,De gas instantáneo de paso,Nuevo,Cada 6 meses,
13522,1,1,1,1,1,99,2,De gas con deposito,Nuevo,Cada año,De 38 a 40 litros (hasta 2 personas)
13523,1,1,2,0,1,15,1,De gas de rápida recuperación,Nuevo,Cada 6 meses,
13524,1,1,2,0,1,15,3,De gas de rápida recuperación,Nuevo,Cada 2 años,
13525,1,1,1,4,1,10,3,De gas con deposito,Nuevo,Cada 2 años,De 90 a 110 litros (hasta 6 personas)
13526,1,1,2,0,1,6,3,De gas de rápida recuperación,Nuevo,Cada 2 años,
13529,1,1,2,0,2,10,3,De gas de rápida recuperación,Usado,Cada 2 años,
13530,1,1,7,2,1,2,4,Solar,Nuevo,No le da mantenimiento,De 50 a 60 litros (hasta 3 personas)
13531,1,1,1,1,1,99,2,De gas con deposito,Nuevo,Cada año,De 38 a 40 litros (hasta 2 personas)
13532,1,1,1,1,2,1,1,De gas con deposito,Usado,Cada 6 meses,De 38 a 40 litros (hasta 2 personas)
13533,1,1,4,0,1,6,4,Eléctrico instantáneo de paso,Nuevo,No le da mantenimiento,
13534,1,1,7,4,1,8,3,Solar,Nuevo,Cada 2 años,De 90 a 110 litros (hasta 6 personas)
13535,1,1,2,0,1,2,4,De gas de rápida recuperación,Nuevo,No le da mantenimiento,
13536,1,1,2,0,1,20,1,De gas de rápida recuperación,Nuevo,Cada 6 meses,
13537,1,1,1,1,1,5,1,De gas con deposito,Nuevo,Cada 6 meses,De 38 a 40 litros (hasta 2 personas)
13538,1,1,7,3,1,1,4,Solar,Nuevo,No le da mantenimiento,De 70 a 80 litros (hasta 4 personas)
13540,1,1,2,0,2,6,4,De gas de rápida recuperación,Usado,No le da mantenimiento,
13541,1,1,2,0,1,1,4,De gas de rápida recuperación,Nuevo,No le da mantenimiento,
13542,1,1,1,9,2,6,4,De gas con deposito,Usado,No le da mantenimiento,No sabe
13543,1,1,1,1,1,15,4,De gas con deposito,Nuevo,No le da mantenimiento,De 38 a 40 litros (hasta 2 personas)
13545,1,1,7,3,1,3,2,Solar,Nuevo,Cada año,De 70 a 80 litros (hasta 4 personas)
13546,1,1,1,1,1,4,4,De gas con deposito,Nuevo,No le da mantenimiento,De 38 a 40 litros (hasta 2 personas)
13547,1,1,7,2,1,1,4,Solar,Nuevo,No le da mantenimiento,De 50 a 60 litros (hasta 3 personas)
13548,1,1,2,0,1,1,4,De gas de rápida recuperación,Nuevo,No le da mantenimiento,
13550,1,1,1,1,1,10,4,De gas con deposito,Nuevo,No le da mantenimiento,De 38 a 40 litros (hasta 2 personas)
13551,1,1,7,9,1,99,4,Solar,Nuevo,No le da mantenimiento,No sabe
13552,1,1,7,6,1,3,1,Solar,Nuevo,Cada 6 meses,Más de 140 litros (más de 7 personas)
13559,1,1,7,4,1,3,4,Solar,Nuevo,No le da mantenimiento,De 90 a 110 litros (hasta 6 personas)
13562,1,1,2,0,1,4,2,De gas de rápida recuperación,Nuevo,Cada año,
13564,1,1,4,0,1,5,1,Eléctrico instantáneo de paso,Nuevo,Cada 6 meses,
13566,1,1,1,1,1,15,1,De gas con deposito,Nuevo,Cada 6 meses,De 38 a 40 litros (hasta 2 personas)
13566,1,2,1,1,1,15,1,De gas con deposito,Nuevo,Cada 6 meses,De 38 a 40 litros (hasta 2 personas)
13567,1,1,1,1,1,10,3,De gas con deposito,Nuevo,Cada 2 años,De 38 a 40 litros (hasta 2 personas)
13568,1,1,7,1,1,4,1,Solar,Nuevo,Cada 6 meses,De 38 a 40 litros (hasta 2 personas)
13569,1,1,2,0,2,99,4,De gas de rápida recuperación,Usado,No le da mantenimiento,
13572,1,1,7,6,1,6,3,Solar,Nuevo,Cada 2 años,Más de 140 litros (más de 7 personas)
13573,1,1,2,0,1,6,1,De gas de rápida recuperación,Nuevo,Cada 6 meses,
13576,1,1,1,1,1,6,4,De gas con deposito,Nuevo,No le da mantenimiento,De 38 a 40 litros (hasta 2 personas)
13577,1,1,1,2,1,8,2,De gas con deposito,Nuevo,Cada año,De 50 a 60 litros (hasta 3 personas)
13578,1,1,2,0,1,4,1,De gas de rápida recuperación,Nuevo,Cada 6 meses,
13580,1,1,1,1,1,15,2,De gas con deposito,Nuevo,Cada año,De 38 a 40 litros (hasta 2 personas)
13583,1,1,1,1,1,18,2,De gas con deposito,Nuevo,Cada año,De 38 a 40 litros (hasta 2 personas)
13584,1,1,3,0,1,4,4,De gas instantáneo de paso,Nuevo,No le da mantenimiento,
13584,1,2,1,1,1,11,4,De gas con deposito,Nuevo,No le da mantenimiento,De 38 a 40 litros (hasta 2 personas)
13585,1,1,1,1,1,20,3,De gas con deposito,Nuevo,Cada 2 años,De 38 a 40 litros (hasta 2 personas)
13587,1,1,7,4,1,10,4,Solar,Nuevo,No le da mantenimiento,De 90 a 110 litros (hasta 6 personas)
13588,1,1,3,0,1,4,4,De gas instantáneo de paso,Nuevo,No le da mantenimiento,
13589,1,1,7,9,2,99,4,Solar,Usado,No le da mantenimiento,No sabe
13594,1,1,7,9,1,2,4,Solar,Nuevo,No le da mantenimiento,No sabe
13595,1,1,1,1,2,7,2,De gas con deposito,Usado,Cada año,De 38 a 40 litros (hasta 2 personas)
13599,1,1,7,6,1,5,1,Solar,Nuevo,Cada 6 meses,Más de 140 litros (más de 7 personas)
13600,1,1,2,0,1,1,4,De gas de rápida recuperación,Nuevo,No le da mantenimiento,
13605,1,1,1,1,1,5,1,De gas con deposito,Nuevo,Cada 6 meses,De 38 a 40 litros (hasta 2 personas)
13607,1,1,3,0,1,20,4,De gas instantáneo de paso,Nuevo,No le da mantenimiento,
13608,1,1,7,3,1,1,4,Solar,Nuevo,No le da mantenimiento,De 70 a 80 litros (hasta 4 personas)
13609,1,1,1,9,1,8,1,De gas con deposito,Nuevo,Cada 6 meses,No sabe
13610,1,1,3,0,1,5,1,De gas instantáneo de paso,Nuevo,Cada 6 meses,
13611,1,1,1,3,1,2,4,De gas con deposito,Nuevo,No le da mantenimiento,De 70 a 80 litros (hasta 4 personas)
13612,1,1,1,1,1,9,3,De gas con deposito,Nuevo,Cada 2 años,De 38 a 40 litros (hasta 2 personas)
13614,1,1,1,1,1,40,2,De gas con deposito,Nuevo,Cada año,De 38 a 40 litros (hasta 2 personas)
13615,1,1,1,1,1,30,1,De gas con deposito,Nuevo,Cada 6 meses,De 38 a 40 litros (hasta 2 personas)
13617,1,1,4,0,1,4,2,Eléctrico instantáneo de paso,Nuevo,Cada año,
13618,1,1,7,2,1,8,3,Solar,Nuevo,Cada 2 años,De 50 a 60 litros (hasta 3 personas)
13619,1,1,7,4,1,1,4,Solar,Nuevo,No le da mantenimiento,De 90 a 110 litros (hasta 6 personas)
13620,1,1,3,0,1,20,1,De gas instantáneo de paso,Nuevo,Cada 6 meses,
13621,1,1,1,1,2,99,4,De gas con deposito,Usado,No le da mantenimiento,De 38 a 40 litros (hasta 2 personas)
13622,1,1,3,0,1,3,2,De gas instantáneo de paso,Nuevo,Cada año,
13624,1,1,1,2,1,5,1,De gas con deposito,Nuevo,Cada 6 meses,De 50 a 60 litros (hasta 3 personas)
13628,1,1,7,5,1,1,1,Solar,Nuevo,Cada 6 meses,De 120 a 140 litros (hasta 7 personas)
13629,1,1,7,2,1,2,4,Solar,Nuevo,No le da mantenimiento,De 50 a 60 litros (hasta 3 personas)
13630,1,1,1,1,1,15,4,De gas con deposito,Nuevo,No le da mantenimiento,De 38 a 40 litros (hasta 2 personas)
13632,1,1,2,0,1,12,4,De gas de rápida recuperación,Nuevo,No le da mantenimiento,
13633,1,1,3,0,1,2,1,De gas instantáneo de paso,Nuevo,Cada 6 meses,
13634,1,1,2,0,1,7,1,De gas de rápida recuperación,Nuevo,Cada 6 meses,
13638,1,1,7,9,1,99,4,Solar,Nuevo,No le da mantenimiento,No sabe
13640,1,1,1,1,1,25,2,De gas con deposito,Nuevo,Cada año,De 38 a 40 litros (hasta 2 personas)
13641,1,1,2,0,1,8,4,De gas de rápida recuperación,Nuevo,No le da mantenimiento,
13643,1,1,7,4,1,1,4,Solar,Nuevo,No le da mantenimiento,De 90 a 110 litros (hasta 6 personas)
13644,1,1,2,0,2,10,1,De gas de rápida recuperación,Usado,Cada 6 meses,
13645,1,1,1,9,1,15,3,De gas con deposito,Nuevo,Cada 2 años,No sabe
13648,1,1,7,2,1,3,2,Solar,Nuevo,Cada año,De 50 a 60 litros (hasta 3 personas)
13649,1,1,2,0,1,1,4,De gas de rápida recuperación,Nuevo,No le da mantenimiento,
13651,1,1,3,0,1,10,4,De gas instantáneo de paso,Nuevo,No le da mantenimiento,
13661,1,1,1,1,1,20,3,De gas con deposito,Nuevo,Cada 2 años,De 38 a 40 litros (hasta 2 personas)
13662,1,1,7,1,1,1,4,Solar,Nuevo,No le da mantenimiento,De 38 a 40 litros (hasta 2 personas)
13665,1,1,2,0,1,2,4,De gas de rápida recuperación,Nuevo,No le da mantenimiento,
13668,1,1,7,3,1,1,4,Solar,Nuevo,No le da mantenimiento,De 70 a 80 litros (hasta 4 personas)
13672,1,1,4,0,1,5,1,Eléctrico instantáneo de paso,Nuevo,Cada 6 meses,
13673,1,1,7,2,1,3,1,Solar,Nuevo,Cada 6 meses,De 50 a 60 litros (hasta 3 personas)
13674,1,1,7,3,1,1,4,Solar,Nuevo,No le da mantenimiento,De 70 a 80 litros (hasta 4 personas)
13677,1,1,7,3,1,3,1,Solar,Nuevo,Cada 6 meses,De 70 a 80 litros (hasta 4 personas)
13678,1,1,7,3,1,1,4,Solar,Nuevo,No le da mantenimiento,De 70 a 80 litros (hasta 4 personas)
13681,1,1,7,2,1,9,4,Solar,Nuevo,No le da mantenimiento,De 50 a 60 litros (hasta 3 personas)
13685,1,1,2,0,1,15,4,De gas de rápida recuperación,Nuevo,No le da mantenimiento,
13688,1,1,7,6,1,4,3,Solar,Nuevo,Cada 2 años,Más de 140 litros (más de 7 personas)
13690,1,1,7,4,1,4,4,Solar,Nuevo,No le da mantenimiento,De 90 a 110 litros (hasta 6 personas)
13691,1,1,1,1,2,15,2,De gas con deposito,Usado,Cada año,De 38 a 40 litros (hasta 2 personas)
13692,1,1,1,9,2,5,3,De gas con deposito,Usado,Cada 2 años,No sabe
13693,1,1,7,2,2,3,4,Solar,Usado,No le da mantenimiento,De 50 a 60 litros (hasta 3 personas)
13694,1,1,1,9,2,30,4,De gas con deposito,Usado,No le da mantenimiento,No sabe
13695,1,2,2,0,1,17,2,De gas de rápida recuperación,Nuevo,Cada año,
13695,1,1,7,6,1,1,4,Solar,Nuevo,No le da mantenimiento,Más de 140 litros (más de 7 personas)
13696,1,1,3,0,1,6,1,De gas instantáneo de paso,Nuevo,Cada 6 meses,
13697,1,1,7,3,1,4,3,Solar,Nuevo,Cada 2 años,De 70 a 80 litros (hasta 4 personas)
13699,1,1,7,9,1,1,4,Solar,Nuevo,No le da mantenimiento,No sabe
13700,1,1,7,2,1,1,4,Solar,Nuevo,No le da mantenimiento,De 50 a 60 litros (hasta 3 personas)
13701,1,1,7,4,1,5,4,Solar,Nuevo,No le da mantenimiento,De 90 a 110 litros (hasta 6 personas)
13701,1,2,1,2,1,17,3,De gas con deposito,Nuevo,Cada 2 años,De 50 a 60 litros (hasta 3 personas)
13702,1,1,2,0,2,12,4,De gas de rápida recuperación,Usado,No le da mantenimiento,
13703,1,1,1,9,1,10,3,De gas con deposito,Nuevo,Cada 2 años,No sabe
13704,1,1,1,9,1,16,1,De gas con deposito,Nuevo,Cada 6 meses,No sabe
13705,1,1,1,1,1,15,1,De gas con deposito,Nuevo,Cada 6 meses,De 38 a 40 litros (hasta 2 personas)
13706,1,1,1,1,1,17,2,De gas con deposito,Nuevo,Cada año,De 38 a 40 litros (hasta 2 personas)
13707,1,1,1,3,1,30,1,De gas con deposito,Nuevo,Cada 6 meses,De 70 a 80 litros (hasta 4 personas)
13708,1,1,1,1,2,30,1,De gas con deposito,Usado,Cada 6 meses,De 38 a 40 litros (hasta 2 personas)
13711,1,1,1,1,1,20,3,De gas con deposito,Nuevo,Cada 2 años,De 38 a 40 litros (hasta 2 personas)
13713,1,1,7,4,1,5,4,Solar,Nuevo,No le da mantenimiento,De 90 a 110 litros (hasta 6 personas)
13714,1,1,1,2,1,8,4,De gas con deposito,Nuevo,No le da mantenimiento,De 50 a 60 litros (hasta 3 personas)
13715,1,1,2,0,1,2,2,De gas de rápida recuperación,Nuevo,Cada año,
13715,1,2,7,2,1,2,2,Solar,Nuevo,Cada año,De 50 a 60 litros (hasta 3 personas)
13718,1,1,2,0,2,10,2,De gas de rápida recuperación,Usado,Cada año,
13719,1,1,3,0,1,4,4,De gas instantáneo de paso,Nuevo,No le da mantenimiento,
13721,1,1,6,2,1,1,4,De leña,Nuevo,No le da mantenimiento,De 50 a 60 litros (hasta 3 personas)
13724,1,1,7,4,1,2,4,Solar,Nuevo,No le da mantenimiento,De 90 a 110 litros (hasta 6 personas)
13725,1,1,1,9,1,12,2,De gas con deposito,Nuevo,Cada año,No sabe
13727,1,1,7,2,1,1,4,Solar,Nuevo,No le da mantenimiento,De 50 a 60 litros (hasta 3 personas)
13728,1,1,1,1,1,5,4,De gas con deposito,Nuevo,No le da mantenimiento,De 38 a 40 litros (hasta 2 personas)
13730,1,1,1,1,1,40,2,De gas con deposito,Nuevo,Cada año,De 38 a 40 litros (hasta 2 personas)
13731,1,1,1,1,1,15,2,De gas con deposito,Nuevo,Cada año,De 38 a 40 litros (hasta 2 personas)
13734,1,1,1,3,1,15,2,De gas con deposito,Nuevo,Cada año,De 70 a 80 litros (hasta 4 personas)
13735,1,1,3,0,1,15,4,De gas instantáneo de paso,Nuevo,No le da mantenimiento,
13736,1,1,1,1,1,12,2,De gas con deposito,Nuevo,Cada año,De 38 a 40 litros (hasta 2 personas)
13737,1,1,6,1,1,15,2,De leña,Nuevo,Cada año,De 38 a 40 litros (hasta 2 personas)
13738,1,1,7,2,1,3,4,Solar,Nuevo,No le da mantenimiento,De 50 a 60 litros (hasta 3 personas)
13739,1,1,1,1,1,10,2,De gas con deposito,Nuevo,Cada año,De 38 a 40 litros (hasta 2 personas)
13740,1,1,1,1,1,12,2,De gas con deposito,Nuevo,Cada año,De 38 a 40 litros (hasta 2 personas)
13741,1,2,1,1,2,12,4,De gas con deposito,Usado,No le da mantenimiento,De 38 a 40 litros (hasta 2 personas)
13741,1,1,1,2,2,12,4,De gas con deposito,Usado,No le da mantenimiento,De 50 a 60 litros (hasta 3 personas)
13744,1,1,2,0,2,5,4,De gas de rápida recuperación,Usado,No le da mantenimiento,
13745,1,1,7,3,1,2,4,Solar,Nuevo,No le da mantenimiento,De 70 a 80 litros (hasta 4 personas)
13750,1,1,7,3,1,1,4,Solar,Nuevo,No le da mantenimiento,De 70 a 80 litros (hasta 4 personas)
13751,1,1,1,1,1,25,1,De gas con deposito,Nuevo,Cada 6 meses,De 38 a 40 litros (hasta 2 personas)
13753,1,1,4,0,1,5,4,Eléctrico instantáneo de paso,Nuevo,No le da mantenimiento,
13757,1,1,4,0,1,1,4,Eléctrico instantáneo de paso,Nuevo,No le da mantenimiento,
13758,1,1,2,0,1,7,2,De gas de rápida recuperación,Nuevo,Cada año,
13763,1,1,6,1,1,8,4,De leña,Nuevo,No le da mantenimiento,De 38 a 40 litros (hasta 2 personas)
13765,1,1,7,5,1,1,4,Solar,Nuevo,No le da mantenimiento,De 120 a 140 litros (hasta 7 personas)
13767,1,1,7,3,1,8,4,Solar,Nuevo,No le da mantenimiento,De 70 a 80 litros (hasta 4 personas)
13768,1,1,7,4,1,1,4,Solar,Nuevo,No le da mantenimiento,De 90 a 110 litros (hasta 6 personas)
13771,1,1,7,3,1,1,4,Solar,Nuevo,No le da mantenimiento,De 70 a 80 litros (hasta 4 personas)
13773,1,1,7,3,1,6,4,Solar,Nuevo,No le da mantenimiento,De 70 a 80 litros (hasta 4 personas)
13774,1,1,3,0,1,8,2,De gas instantáneo de paso,Nuevo,Cada año,
13776,1,1,1,1,1,5,1,De gas con deposito,Nuevo,Cada 6 meses,De 38 a 40 litros (hasta 2 personas)
13778,1,1,7,2,1,2,4,Solar,Nuevo,No le da mantenimiento,De 50 a 60 litros (hasta 3 personas)
13784,1,1,7,2,1,1,4,Solar,Nuevo,No le da mantenimiento,De 50 a 60 litros (hasta 3 personas)
13785,1,1,1,1,1,36,3,De gas con deposito,Nuevo,Cada 2 años,De 38 a 40 litros (hasta 2 personas)
13788,1,1,6,1,1,7,3,De leña,Nuevo,Cada 2 años,De 38 a 40 litros (hasta 2 personas)
13790,1,1,3,0,1,2,4,De gas instantáneo de paso,Nuevo,No le da mantenimiento,
13794,1,1,1,1,1,7,1,De gas con deposito,Nuevo,Cada 6 meses,De 38 a 40 litros (hasta 2 personas)
13797,1,1,7,4,1,1,4,Solar,Nuevo,No le da mantenimiento,De 90 a 110 litros (hasta 6 personas)
13806,1,1,7,4,1,6,4,Solar,Nuevo,No le da mantenimiento,De 90 a 110 litros (hasta 6 personas)
13808,1,1,7,3,1,1,4,Solar,Nuevo,No le da mantenimiento,De 70 a 80 litros (hasta 4 personas)
13809,1,1,1,9,1,10,4,De gas con deposito,Nuevo,No le da mantenimiento,No sabe
13810,1,1,1,9,2,6,4,De gas con deposito,Usado,No le da mantenimiento,No sabe
13812,1,1,1,1,1,30,1,De gas con deposito,Nuevo,Cada 6 meses,De 38 a 40 litros (hasta 2 personas)
13813,1,1,7,4,1,6,4,Solar,Nuevo,No le da mantenimiento,De 90 a 110 litros (hasta 6 personas)
13816,1,1,7,3,1,4,4,Solar,Nuevo,No le da mantenimiento,De 70 a 80 litros (hasta 4 personas)
13817,1,1,7,3,1,1,1,Solar,Nuevo,Cada 6 meses,De 70 a 80 litros (hasta 4 personas)
13818,1,1,1,1,1,8,4,De gas con deposito,Nuevo,No le da mantenimiento,De 38 a 40 litros (hasta 2 personas)
13819,1,1,4,0,1,2,1,Eléctrico instantáneo de paso,Nuevo,Cada 6 meses,
13821,1,1,7,1,1,1,4,Solar,Nuevo,No le da mantenimiento,De 38 a 40 litros (hasta 2 personas)
13822,1,1,2,0,1,4,2,De gas de rápida recuperación,Nuevo,Cada año,
13824,1,1,7,4,1,3,4,Solar,Nuevo,No le da mantenimiento,De 90 a 110 litros (hasta 6 personas)
13825,1,1,1,6,2,12,4,De gas con deposito,Usado,No le da mantenimiento,Más de 140 litros (más de 7 personas)
13826,1,1,1,1,1,12,4,De gas con deposito,Nuevo,No le da mantenimiento,De 38 a 40 litros (hasta 2 personas)
13827,1,1,2,0,1,1,4,De gas de rápida recuperación,Nuevo,No le da mantenimiento,
13830,1,1,7,5,1,2,2,Solar,Nuevo,Cada año,De 120 a 140 litros (hasta 7 personas)
13831,1,1,7,2,2,6,4,Solar,Usado,No le da mantenimiento,De 50 a 60 litros (hasta 3 personas)
13867,1,1,7,3,1,3,4,Solar,Nuevo,No le da mantenimiento,De 70 a 80 litros (hasta 4 personas)
13868,1,1,7,6,1,3,4,Solar,Nuevo,No le da mantenimiento,Más de 140 litros (más de 7 personas)
13869,1,1,7,4,1,2,4,Solar,Nuevo,No le da mantenimiento,De 90 a 110 litros (hasta 6 personas)
13870,1,1,7,3,1,1,4,Solar,Nuevo,No le da mantenimiento,De 70 a 80 litros (hasta 4 personas)
13871,1,1,7,4,1,1,4,Solar,Nuevo,No le da mantenimiento,De 90 a 110 litros (hasta 6 personas)
13872,1,1,7,2,1,1,4,Solar,Nuevo,No le da mantenimiento,De 50 a 60 litros (hasta 3 personas)
13873,1,1,7,4,1,1,4,Solar,Nuevo,No le da mantenimiento,De 90 a 110 litros (hasta 6 personas)
13874,1,1,7,3,1,3,4,Solar,Nuevo,No le da mantenimiento,De 70 a 80 litros (hasta 4 personas)
13875,1,1,7,2,1,2,4,Solar,Nuevo,No le da mantenimiento,De 50 a 60 litros (hasta 3 personas)
13876,1,1,7,3,1,1,4,Solar,Nuevo,No le da mantenimiento,De 70 a 80 litros (hasta 4 personas)
13877,1,1,7,6,1,1,4,Solar,Nuevo,No le da mantenimiento,Más de 140 litros (más de 7 personas)
13878,1,1,2,0,1,10,2,De gas de rápida recuperación,Nuevo,Cada año,
13879,1,1,3,0,1,4,3,De gas instantáneo de paso,Nuevo,Cada 2 años,
13880,1,1,7,6,1,1,4,Solar,Nuevo,No le da mantenimiento,Más de 140 litros (más de 7 personas)
13881,1,1,7,3,1,1,4,Solar,Nuevo,No le da mantenimiento,De 70 a 80 litros (hasta 4 personas)
13882,1,1,7,4,1,1,4,Solar,Nuevo,No le da mantenimiento,De 90 a 110 litros (hasta 6 personas)
13883,1,1,7,1,1,1,4,Solar,Nuevo,No le da mantenimiento,De 38 a 40 litros (hasta 2 personas)
13884,1,1,7,5,1,1,4,Solar,Nuevo,No le da mantenimiento,De 120 a 140 litros (hasta 7 personas)
13885,1,1,7,3,1,1,4,Solar,Nuevo,No le da mantenimiento,De 70 a 80 litros (hasta 4 personas)
13888,1,1,1,1,1,10,1,De gas con deposito,Nuevo,Cada 6 meses,De 38 a 40 litros (hasta 2 personas)
13890,1,1,7,4,1,5,4,Solar,Nuevo,No le da mantenimiento,De 90 a 110 litros (hasta 6 personas)
13892,1,1,1,9,1,3,4,De gas con deposito,Nuevo,No le da mantenimiento,No sabe
13896,1,1,2,0,2,6,2,De gas de rápida recuperación,Usado,Cada año,
13897,1,1,1,2,1,1,4,De gas con deposito,Nuevo,No le da mantenimiento,De 50 a 60 litros (hasta 3 personas)
13899,1,1,7,3,1,5,4,Solar,Nuevo,No le da mantenimiento,De 70 a 80 litros (hasta 4 personas)
13900,1,1,7,3,1,8,4,Solar,Nuevo,No le da mantenimiento,De 70 a 80 litros (hasta 4 personas)
13901,1,1,7,2,1,3,1,Solar,Nuevo,Cada 6 meses,De 50 a 60 litros (hasta 3 personas)
13902,1,1,7,9,1,99,4,Solar,Nuevo,No le da mantenimiento,No sabe
13903,1,1,7,3,1,2,4,Solar,Nuevo,No le da mantenimiento,De 70 a 80 litros (hasta 4 personas)
13904,1,1,7,2,1,6,4,Solar,Nuevo,No le da mantenimiento,De 50 a 60 litros (hasta 3 personas)
13906,1,1,2,0,1,14,1,De gas de rápida recuperación,Nuevo,Cada 6 meses,
13907,1,1,1,3,1,10,4,De gas con deposito,Nuevo,No le da mantenimiento,De 70 a 80 litros (hasta 4 personas)
13908,1,1,7,4,1,2,4,Solar,Nuevo,No le da mantenimiento,De 90 a 110 litros (hasta 6 personas)
13911,1,1,1,1,1,20,2,De gas con deposito,Nuevo,Cada año,De 38 a 40 litros (hasta 2 personas)
13913,1,1,7,4,1,7,4,Solar,Nuevo,No le da mantenimiento,De 90 a 110 litros (hasta 6 personas)
13915,1,1,3,0,1,5,4,De gas instantáneo de paso,Nuevo,No le da mantenimiento,
13922,1,1,2,0,2,10,4,De gas de rápida recuperación,Usado,No le da mantenimiento,
13928,1,1,1,6,1,2,1,De gas con deposito,Nuevo,Cada 6 meses,Más de 140 litros (más de 7 personas)
13931,1,1,2,0,1,12,4,De gas de rápida recuperación,Nuevo,No le da mantenimiento,
13932,1,1,1,2,1,5,4,De gas con deposito,Nuevo,No le da mantenimiento,De 50 a 60 litros (hasta 3 personas)
13933,1,1,3,0,1,3,4,De gas instantáneo de paso,Nuevo,No le da mantenimiento,
13936,1,1,7,4,1,2,4,Solar,Nuevo,No le da mantenimiento,De 90 a 110 litros (hasta 6 personas)
13939,1,1,7,3,1,1,4,Solar,Nuevo,No le da mantenimiento,De 70 a 80 litros (hasta 4 personas)
13941,1,1,3,0,1,4,4,De gas instantáneo de paso,Nuevo,No le da mantenimiento,
13949,1,1,7,2,1,2,4,Solar,Nuevo,No le da mantenimiento,De 50 a 60 litros (hasta 3 personas)
13950,1,1,7,3,1,2,4,Solar,Nuevo,No le da mantenimiento,De 70 a 80 litros (hasta 4 personas)
13954,1,1,6,9,1,12,4,De leña,Nuevo,No le da mantenimiento,No sabe
13955,1,1,7,3,1,1,4,Solar,Nuevo,No le da mantenimiento,De 70 a 80 litros (hasta 4 personas)
13956,1,1,7,3,1,1,4,Solar,Nuevo,No le da mantenimiento,De 70 a 80 litros (hasta 4 personas)
13957,1,1,2,0,1,99,4,De gas de rápida recuperación,Nuevo,No le da mantenimiento,
13962,1,1,7,4,1,3,4,Solar,Nuevo,No le da mantenimiento,De 90 a 110 litros (hasta 6 personas)
13964,1,1,7,3,1,5,2,Solar,Nuevo,Cada año,De 70 a 80 litros (hasta 4 personas)
13966,1,1,1,9,2,15,1,De gas con deposito,Usado,Cada 6 meses,No sabe
13967,1,1,2,0,2,2,4,De gas de rápida recuperación,Usado,No le da mantenimiento,
13968,1,1,1,1,1,15,4,De gas con deposito,Nuevo,No le da mantenimiento,De 38 a 40 litros (hasta 2 personas)
13969,1,1,1,9,1,8,4,De gas con deposito,Nuevo,No le da mantenimiento,No sabe
13972,1,1,2,0,1,7,4,De gas de rápida recuperación,Nuevo,No le da mantenimiento,
13974,1,1,1,3,1,6,4,De gas con deposito,Nuevo,No le da mantenimiento,De 70 a 80 litros (hasta 4 personas)
13976,1,1,1,1,1,18,4,De gas con deposito,Nuevo,No le da mantenimiento,De 38 a 40 litros (hasta 2 personas)
13987,1,1,1,9,1,4,4,De gas con deposito,Nuevo,No le da mantenimiento,No sabe
14003,1,1,7,5,1,1,4,Solar,Nuevo,No le da mantenimiento,De 120 a 140 litros (hasta 7 personas)
14006,1,1,7,5,1,1,4,Solar,Nuevo,No le da mantenimiento,De 120 a 140 litros (hasta 7 personas)
14007,1,1,1,1,1,7,1,De gas con deposito,Nuevo,Cada 6 meses,De 38 a 40 litros (hasta 2 personas)
14009,1,1,7,1,1,4,4,Solar,Nuevo,No le da mantenimiento,De 38 a 40 litros (hasta 2 personas)
14011,1,1,7,3,1,1,4,Solar,Nuevo,No le da mantenimiento,De 70 a 80 litros (hasta 4 personas)
14013,1,1,7,2,1,1,4,Solar,Nuevo,No le da mantenimiento,De 50 a 60 litros (hasta 3 personas)
14015,1,1,7,2,1,1,4,Solar,Nuevo,No le da mantenimiento,De 50 a 60 litros (hasta 3 personas)
14016,1,1,7,2,1,6,2,Solar,Nuevo,Cada año,De 50 a 60 litros (hasta 3 personas)
14017,1,1,7,9,1,1,4,Solar,Nuevo,No le da mantenimiento,No sabe
14019,1,1,7,3,1,1,1,Solar,Nuevo,Cada 6 meses,De 70 a 80 litros (hasta 4 personas)
14042,1,1,7,3,1,3,2,Solar,Nuevo,Cada año,De 70 a 80 litros (hasta 4 personas)
14045,1,1,7,2,1,1,4,Solar,Nuevo,No le da mantenimiento,De 50 a 60 litros (hasta 3 personas)
14047,1,1,7,4,1,1,4,Solar,Nuevo,No le da mantenimiento,De 90 a 110 litros (hasta 6 personas)
14049,1,1,1,1,1,15,4,De gas con deposito,Nuevo,No le da mantenimiento,De 38 a 40 litros (hasta 2 personas)
14050,1,1,6,1,1,2,4,De leña,Nuevo,No le da mantenimiento,De 38 a 40 litros (hasta 2 personas)
14052,1,1,7,4,1,6,2,Solar,Nuevo,Cada año,De 90 a 110 litros (hasta 6 personas)
14054,1,1,7,3,1,1,4,Solar,Nuevo,No le da mantenimiento,De 70 a 80 litros (hasta 4 personas)
14055,1,1,1,1,1,10,4,De gas con deposito,Nuevo,No le da mantenimiento,De 38 a 40 litros (hasta 2 personas)
14057,1,1,1,2,1,1,4,De gas con deposito,Nuevo,No le da mantenimiento,De 50 a 60 litros (hasta 3 personas)
14059,1,1,2,0,1,5,2,De gas de rápida recuperación,Nuevo,Cada año,
14064,1,1,7,9,1,5,4,Solar,Nuevo,No le da mantenimiento,No sabe
14070,1,1,1,1,1,5,1,De gas con deposito,Nuevo,Cada 6 meses,De 38 a 40 litros (hasta 2 personas)
14077,1,1,6,1,1,1,4,De leña,Nuevo,No le da mantenimiento,De 38 a 40 litros (hasta 2 personas)
14081,1,1,6,1,2,7,3,De leña,Usado,Cada 2 años,De 38 a 40 litros (hasta 2 personas)
14082,1,1,6,1,2,8,3,De leña,Usado,Cada 2 años,De 38 a 40 litros (hasta 2 personas)
14083,1,1,6,1,1,2,4,De leña,Nuevo,No le da mantenimiento,De 38 a 40 litros (hasta 2 personas)
14097,1,1,7,4,1,3,4,Solar,Nuevo,No le da mantenimiento,De 90 a 110 litros (hasta 6 personas)
14098,1,1,1,1,1,15,1,De gas con deposito,Nuevo,Cada 6 meses,De 38 a 40 litros (hasta 2 personas)
14101,1,1,7,3,1,1,4,Solar,Nuevo,No le da mantenimiento,De 70 a 80 litros (hasta 4 personas)
14102,1,1,1,1,1,25,1,De gas con deposito,Nuevo,Cada 6 meses,De 38 a 40 litros (hasta 2 personas)
14103,1,1,6,3,1,7,1,De leña,Nuevo,Cada 6 meses,De 70 a 80 litros (hasta 4 personas)
14105,1,1,1,1,1,20,2,De gas con deposito,Nuevo,Cada año,De 38 a 40 litros (hasta 2 personas)
14106,1,1,3,0,1,5,1,De gas instantáneo de paso,Nuevo,Cada 6 meses,
14108,1,1,1,1,2,1,4,De gas con deposito,Usado,No le da mantenimiento,De 38 a 40 litros (hasta 2 personas)
14112,1,1,6,1,1,1,1,De leña,Nuevo,Cada 6 meses,De 38 a 40 litros (hasta 2 personas)
14113,1,1,7,6,1,1,4,Solar,Nuevo,No le da mantenimiento,Más de 140 litros (más de 7 personas)
14132,1,1,2,0,1,4,4,De gas de rápida recuperación,Nuevo,No le da mantenimiento,
14137,1,1,7,2,1,1,4,Solar,Nuevo,No le da mantenimiento,De 50 a 60 litros (hasta 3 personas)
14138,1,1,6,2,1,3,4,De leña,Nuevo,No le da mantenimiento,De 50 a 60 litros (hasta 3 personas)
14139,1,1,6,3,1,2,4,De leña,Nuevo,No le da mantenimiento,De 70 a 80 litros (hasta 4 personas)
14141,1,1,7,3,1,1,4,Solar,Nuevo,No le da mantenimiento,De 70 a 80 litros (hasta 4 personas)
14143,1,1,6,1,1,10,4,De leña,Nuevo,No le da mantenimiento,De 38 a 40 litros (hasta 2 personas)
14144,1,1,7,4,1,3,4,Solar,Nuevo,No le da mantenimiento,De 90 a 110 litros (hasta 6 personas)
14145,1,1,2,0,1,10,4,De gas de rápida recuperación,Nuevo,No le da mantenimiento,
14148,1,1,7,4,1,3,4,Solar,Nuevo,No le da mantenimiento,De 90 a 110 litros (hasta 6 personas)
14150,1,1,7,2,1,2,4,Solar,Nuevo,No le da mantenimiento,De 50 a 60 litros (hasta 3 personas)
14151,1,1,6,2,1,12,4,De leña,Nuevo,No le da mantenimiento,De 50 a 60 litros (hasta 3 personas)
14153,1,1,2,0,1,18,4,De gas de rápida recuperación,Nuevo,No le da mantenimiento,
14161,1,1,6,1,1,1,4,De leña,Nuevo,No le da mantenimiento,De 38 a 40 litros (hasta 2 personas)
14163,1,1,2,0,1,15,1,De gas de rápida recuperación,Nuevo,Cada 6 meses,
14166,1,1,6,2,1,4,4,De leña,Nuevo,No le da mantenimiento,De 50 a 60 litros (hasta 3 personas)
14168,1,1,6,3,1,20,2,De leña,Nuevo,Cada año,De 70 a 80 litros (hasta 4 personas)
14171,1,1,1,2,1,4,4,De gas con deposito,Nuevo,No le da mantenimiento,De 50 a 60 litros (hasta 3 personas)
14172,1,1,2,0,1,1,4,De gas de rápida recuperación,Nuevo,No le da mantenimiento,
14173,1,1,4,0,1,3,1,Eléctrico instantáneo de paso,Nuevo,Cada 6 meses,
14174,1,1,4,0,1,5,4,Eléctrico instantáneo de paso,Nuevo,No le da mantenimiento,
14176,1,1,2,0,1,99,4,De gas de rápida recuperación,Nuevo,No le da mantenimiento,
14179,1,1,1,1,1,2,4,De gas con deposito,Nuevo,No le da mantenimiento,De 38 a 40 litros (hasta 2 personas)
14180,1,1,7,4,1,3,2,Solar,Nuevo,Cada año,De 90 a 110 litros (hasta 6 personas)
14181,1,1,7,3,1,4,4,Solar,Nuevo,No le da mantenimiento,De 70 a 80 litros (hasta 4 personas)
14182,1,1,7,4,1,5,4,Solar,Nuevo,No le da mantenimiento,De 90 a 110 litros (hasta 6 personas)
14191,1,1,3,0,1,15,1,De gas instantáneo de paso,Nuevo,Cada 6 meses,
14192,1,1,1,1,1,38,1,De gas con deposito,Nuevo,Cada 6 meses,De 38 a 40 litros (hasta 2 personas)
14196,1,1,1,1,1,4,2,De gas con deposito,Nuevo,Cada año,De 38 a 40 litros (hasta 2 personas)
14199,1,1,3,0,1,6,4,De gas instantáneo de paso,Nuevo,No le da mantenimiento,
14200,1,1,3,0,1,4,1,De gas instantáneo de paso,Nuevo,Cada 6 meses,
14203,1,1,2,0,2,4,1,De gas de rápida recuperación,Usado,Cada 6 meses,
14204,1,1,5,1,1,7,2,Eléctrico con depósito,Nuevo,Cada año,De 38 a 40 litros (hasta 2 personas)
14210,1,1,1,1,1,11,1,De gas con deposito,Nuevo,Cada 6 meses,De 38 a 40 litros (hasta 2 personas)
14212,1,1,6,1,1,1,4,De leña,Nuevo,No le da mantenimiento,De 38 a 40 litros (hasta 2 personas)
14213,1,1,1,1,1,5,4,De gas con deposito,Nuevo,No le da mantenimiento,De 38 a 40 litros (hasta 2 personas)
14214,1,1,6,1,1,1,4,De leña,Nuevo,No le da mantenimiento,De 38 a 40 litros (hasta 2 personas)
14215,1,1,6,1,2,1,4,De leña,Usado,No le da mantenimiento,De 38 a 40 litros (hasta 2 personas)
14217,1,1,1,1,2,1,4,De gas con deposito,Usado,No le da mantenimiento,De 38 a 40 litros (hasta 2 personas)
14218,1,1,2,0,1,1,4,De gas de rápida recuperación,Nuevo,No le da mantenimiento,
14221,1,1,1,1,2,1,1,De gas con deposito,Usado,Cada 6 meses,De 38 a 40 litros (hasta 2 personas)
14222,1,1,6,2,2,16,4,De leña,Usado,No le da mantenimiento,De 50 a 60 litros (hasta 3 personas)
14223,1,1,6,1,1,4,4,De leña,Nuevo,No le da mantenimiento,De 38 a 40 litros (hasta 2 personas)
14225,1,1,7,3,1,1,4,Solar,Nuevo,No le da mantenimiento,De 70 a 80 litros (hasta 4 personas)
14227,1,1,7,3,1,4,3,Solar,Nuevo,Cada 2 años,De 70 a 80 litros (hasta 4 personas)
14229,1,1,2,0,1,8,4,De gas de rápida recuperación,Nuevo,No le da mantenimiento,
14230,1,1,1,2,1,9,4,De gas con deposito,Nuevo,No le da mantenimiento,De 50 a 60 litros (hasta 3 personas)
14231,1,1,1,1,1,2,2,De gas con deposito,Nuevo,Cada año,De 38 a 40 litros (hasta 2 personas)
14232,1,1,6,4,1,1,4,De leña,Nuevo,No le da mantenimiento,De 90 a 110 litros (hasta 6 personas)
14233,1,1,1,1,1,22,3,De gas con deposito,Nuevo,Cada 2 años,De 38 a 40 litros (hasta 2 personas)
14234,1,1,1,1,1,22,3,De gas con deposito,Nuevo,Cada 2 años,De 38 a 40 litros (hasta 2 personas)
14236,1,1,6,3,1,3,1,De leña,Nuevo,Cada 6 meses,De 70 a 80 litros (hasta 4 personas)
14237,1,1,2,0,2,2,4,De gas de rápida recuperación,Usado,No le da mantenimiento,
14238,1,1,2,0,1,9,1,De gas de rápida recuperación,Nuevo,Cada 6 meses,
14264,1,1,7,3,1,4,4,Solar,Nuevo,No le da mantenimiento,De 70 a 80 litros (hasta 4 personas)
14265,1,1,7,9,1,1,4,Solar,Nuevo,No le da mantenimiento,No sabe
14266,1,1,2,0,1,10,2,De gas de rápida recuperación,Nuevo,Cada año,
14268,1,1,7,6,1,4,2,Solar,Nuevo,Cada año,Más de 140 litros (más de 7 personas)
14269,1,1,7,5,1,3,4,Solar,Nuevo,No le da mantenimiento,De 120 a 140 litros (hasta 7 personas)
14269,1,2,7,3,1,1,4,Solar,Nuevo,No le da mantenimiento,De 70 a 80 litros (hasta 4 personas)
14270,1,1,7,9,1,3,4,Solar,Nuevo,No le da mantenimiento,No sabe
14271,1,1,7,3,1,1,4,Solar,Nuevo,No le da mantenimiento,De 70 a 80 litros (hasta 4 personas)
14277,1,1,7,4,1,3,4,Solar,Nuevo,No le da mantenimiento,De 90 a 110 litros (hasta 6 personas)
14278,1,1,7,2,1,2,4,Solar,Nuevo,No le da mantenimiento,De 50 a 60 litros (hasta 3 personas)
14279,1,1,7,5,1,1,4,Solar,Nuevo,No le da mantenimiento,De 120 a 140 litros (hasta 7 personas)
14280,1,1,7,3,1,4,4,Solar,Nuevo,No le da mantenimiento,De 70 a 80 litros (hasta 4 personas)
14281,1,1,7,3,1,1,4,Solar,Nuevo,No le da mantenimiento,De 70 a 80 litros (hasta 4 personas)
14282,1,1,2,0,1,1,1,De gas de rápida recuperación,Nuevo,Cada 6 meses,
14283,1,1,1,2,1,10,1,De gas con deposito,Nuevo,Cada 6 meses,De 50 a 60 litros (hasta 3 personas)
14284,1,1,1,1,1,99,4,De gas con deposito,Nuevo,No le da mantenimiento,De 38 a 40 litros (hasta 2 personas)
14285,1,1,3,0,1,10,2,De gas instantáneo de paso,Nuevo,Cada año,
14286,1,1,1,3,1,10,2,De gas con deposito,Nuevo,Cada año,De 70 a 80 litros (hasta 4 personas)
14290,1,1,7,6,1,1,4,Solar,Nuevo,No le da mantenimiento,Más de 140 litros (más de 7 personas)
14292,1,1,1,4,1,12,1,De gas con deposito,Nuevo,Cada 6 meses,De 90 a 110 litros (hasta 6 personas)
14300,1,1,2,0,1,3,4,De gas de rápida recuperación,Nuevo,No le da mantenimiento,
14302,1,1,3,0,1,10,1,De gas instantáneo de paso,Nuevo,Cada 6 meses,
14303,1,1,1,4,2,25,4,De gas con deposito,Usado,No le da mantenimiento,De 90 a 110 litros (hasta 6 personas)
14304,1,1,1,2,1,10,4,De gas con deposito,Nuevo,No le da mantenimiento,De 50 a 60 litros (hasta 3 personas)
14307,1,1,3,0,1,2,4,De gas instantáneo de paso,Nuevo,No le da mantenimiento,
14310,1,1,4,0,1,1,4,Eléctrico instantáneo de paso,Nuevo,No le da mantenimiento,
14311,1,1,4,0,1,2,4,Eléctrico instantáneo de paso,Nuevo,No le da mantenimiento,
14312,1,1,3,0,1,8,2,De gas instantáneo de paso,Nuevo,Cada año,
14315,1,1,2,0,1,8,1,De gas de rápida recuperación,Nuevo,Cada 6 meses,
14316,1,1,1,4,1,8,2,De gas con deposito,Nuevo,Cada año,De 90 a 110 litros (hasta 6 personas)
14317,1,1,1,9,1,18,2,De gas con deposito,Nuevo,Cada año,No sabe
14319,1,1,1,9,1,7,2,De gas con deposito,Nuevo,Cada año,No sabe
14320,1,1,1,5,1,10,2,De gas con deposito,Nuevo,Cada año,De 120 a 140 litros (hasta 7 personas)
14323,1,1,1,6,1,8,4,De gas con deposito,Nuevo,No le da mantenimiento,Más de 140 litros (más de 7 personas)
14326,1,1,1,4,1,5,4,De gas con deposito,Nuevo,No le da mantenimiento,De 90 a 110 litros (hasta 6 personas)
14327,1,1,3,0,1,5,4,De gas instantáneo de paso,Nuevo,No le da mantenimiento,
14329,1,1,1,1,1,1,4,De gas con deposito,Nuevo,No le da mantenimiento,De 38 a 40 litros (hasta 2 personas)
14330,1,1,1,1,1,15,4,De gas con deposito,Nuevo,No le da mantenimiento,De 38 a 40 litros (hasta 2 personas)
14335,1,1,7,3,1,8,4,Solar,Nuevo,No le da mantenimiento,De 70 a 80 litros (hasta 4 personas)
14336,1,1,2,0,1,12,1,De gas de rápida recuperación,Nuevo,Cada 6 meses,
14337,1,1,1,1,1,10,4,De gas con deposito,Nuevo,No le da mantenimiento,De 38 a 40 litros (hasta 2 personas)
14343,1,1,2,0,1,6,4,De gas de rápida recuperación,Nuevo,No le da mantenimiento,
14344,1,1,1,4,1,2,1,De gas con deposito,Nuevo,Cada 6 meses,De 90 a 110 litros (hasta 6 personas)
14346,1,1,1,9,1,1,4,De gas con deposito,Nuevo,No le da mantenimiento,No sabe
14348,1,1,2,0,1,10,1,De gas de rápida recuperación,Nuevo,Cada 6 meses,
14348,1,2,3,0,1,5,1,De gas instantáneo de paso,Nuevo,Cada 6 meses,
14349,1,1,1,2,1,15,4,De gas con deposito,Nuevo,No le da mantenimiento,De 50 a 60 litros (hasta 3 personas)
14354,1,1,2,0,1,10,4,De gas de rápida recuperación,Nuevo,No le da mantenimiento,
14355,1,1,1,1,1,10,2,De gas con deposito,Nuevo,Cada año,De 38 a 40 litros (hasta 2 personas)
14356,1,1,1,3,1,7,1,De gas con deposito,Nuevo,Cada 6 meses,De 70 a 80 litros (hasta 4 personas)
14358,1,1,1,3,1,8,1,De gas con deposito,Nuevo,Cada 6 meses,De 70 a 80 litros (hasta 4 personas)
14359,1,1,1,2,2,9,4,De gas con deposito,Usado,No le da mantenimiento,De 50 a 60 litros (hasta 3 personas)
14360,1,2,3,0,2,2,2,De gas instantáneo de paso,Usado,Cada año,
14360,1,1,3,0,1,2,2,De gas instantáneo de paso,Nuevo,Cada año,
14361,1,1,3,0,1,2,4,De gas instantáneo de paso,Nuevo,No le da mantenimiento,
14362,1,1,1,3,1,20,1,De gas con deposito,Nuevo,Cada 6 meses,De 70 a 80 litros (hasta 4 personas)
14363,1,1,3,0,2,3,2,De gas instantáneo de paso,Usado,Cada año,
14364,1,1,3,0,1,18,1,De gas instantáneo de paso,Nuevo,Cada 6 meses,
14365,1,1,1,9,1,17,2,De gas con deposito,Nuevo,Cada año,No sabe
14366,1,1,1,3,1,14,2,De gas con deposito,Nuevo,Cada año,De 70 a 80 litros (hasta 4 personas)
14367,1,1,3,0,1,6,3,De gas instantáneo de paso,Nuevo,Cada 2 años,
14368,1,1,2,0,1,6,1,De gas de rápida recuperación,Nuevo,Cada 6 meses,
14369,1,1,1,1,1,6,2,De gas con deposito,Nuevo,Cada año,De 38 a 40 litros (hasta 2 personas)
14370,1,1,1,3,2,99,4,De gas con deposito,Usado,No le da mantenimiento,De 70 a 80 litros (hasta 4 personas)
14371,1,1,1,4,1,6,4,De gas con deposito,Nuevo,No le da mantenimiento,De 90 a 110 litros (hasta 6 personas)
14372,1,1,7,6,1,10,4,Solar,Nuevo,No le da mantenimiento,Más de 140 litros (más de 7 personas)
14373,1,1,1,3,1,18,3,De gas con deposito,Nuevo,Cada 2 años,De 70 a 80 litros (hasta 4 personas)
14374,1,1,1,1,1,4,2,De gas con deposito,Nuevo,Cada año,De 38 a 40 litros (hasta 2 personas)
14377,1,1,3,0,1,3,1,De gas instantáneo de paso,Nuevo,Cada 6 meses,
14378,1,1,1,2,2,99,4,De gas con deposito,Usado,No le da mantenimiento,De 50 a 60 litros (hasta 3 personas)
14380,1,1,1,1,2,99,2,De gas con deposito,Usado,Cada año,De 38 a 40 litros (hasta 2 personas)
14381,1,1,1,9,1,20,1,De gas con deposito,Nuevo,Cada 6 meses,No sabe
14383,1,1,3,0,1,1,4,De gas instantáneo de paso,Nuevo,No le da mantenimiento,
14384,1,1,7,6,1,2,2,Solar,Nuevo,Cada año,Más de 140 litros (más de 7 personas)
14385,1,1,3,0,1,2,2,De gas instantáneo de paso,Nuevo,Cada año,
14386,1,1,1,1,1,20,2,De gas con deposito,Nuevo,Cada año,De 38 a 40 litros (hasta 2 personas)
14387,1,1,1,3,1,8,1,De gas con deposito,Nuevo,Cada 6 meses,De 70 a 80 litros (hasta 4 personas)
14388,1,1,1,9,1,7,4,De gas con deposito,Nuevo,No le da mantenimiento,No sabe
14389,1,1,1,1,1,15,4,De gas con deposito,Nuevo,No le da mantenimiento,De 38 a 40 litros (hasta 2 personas)
14390,1,1,1,6,1,10,1,De gas con deposito,Nuevo,Cada 6 meses,Más de 140 litros (más de 7 personas)
14397,1,1,1,1,1,25,2,De gas con deposito,Nuevo,Cada año,De 38 a 40 litros (hasta 2 personas)
14398,1,1,1,1,2,20,4,De gas con deposito,Usado,No le da mantenimiento,De 38 a 40 litros (hasta 2 personas)
14402,1,1,2,0,1,1,4,De gas de rápida recuperación,Nuevo,No le da mantenimiento,
14405,1,1,1,1,1,5,1,De gas con deposito,Nuevo,Cada 6 meses,De 38 a 40 litros (hasta 2 personas)
14406,1,1,1,1,1,17,2,De gas con deposito,Nuevo,Cada año,De 38 a 40 litros (hasta 2 personas)
14409,1,1,1,4,1,3,4,De gas con deposito,Nuevo,No le da mantenimiento,De 90 a 110 litros (hasta 6 personas)
14411,1,1,1,1,1,3,1,De gas con deposito,Nuevo,Cada 6 meses,De 38 a 40 litros (hasta 2 personas)
14413,1,1,3,0,1,2,4,De gas instantáneo de paso,Nuevo,No le da mantenimiento,
14419,1,1,7,3,1,2,2,Solar,Nuevo,Cada año,De 70 a 80 litros (hasta 4 personas)
14420,1,1,1,2,1,5,4,De gas con deposito,Nuevo,No le da mantenimiento,De 50 a 60 litros (hasta 3 personas)
14423,1,1,1,1,2,15,4,De gas con deposito,Usado,No le da mantenimiento,De 38 a 40 litros (hasta 2 personas)
14424,1,1,1,2,1,20,2,De gas con deposito,Nuevo,Cada año,De 50 a 60 litros (hasta 3 personas)
14425,1,1,1,3,1,1,4,De gas con deposito,Nuevo,No le da mantenimiento,De 70 a 80 litros (hasta 4 personas)
14426,1,1,3,0,1,3,4,De gas instantáneo de paso,Nuevo,No le da mantenimiento,
14430,1,1,1,3,2,99,1,De gas con deposito,Usado,Cada 6 meses,De 70 a 80 litros (hasta 4 personas)
14431,1,1,1,2,1,20,3,De gas con deposito,Nuevo,Cada 2 años,De 50 a 60 litros (hasta 3 personas)
14432,1,1,1,4,1,8,2,De gas con deposito,Nuevo,Cada año,De 90 a 110 litros (hasta 6 personas)
14433,1,1,3,0,1,15,4,De gas instantáneo de paso,Nuevo,No le da mantenimiento,
14434,1,1,1,1,1,4,3,De gas con deposito,Nuevo,Cada 2 años,De 38 a 40 litros (hasta 2 personas)
14435,1,1,3,0,1,1,4,De gas instantáneo de paso,Nuevo,No le da mantenimiento,
14436,1,1,3,0,1,3,2,De gas instantáneo de paso,Nuevo,Cada año,
14438,1,1,1,9,1,20,3,De gas con deposito,Nuevo,Cada 2 años,No sabe
14439,1,2,3,0,1,3,3,De gas instantáneo de paso,Nuevo,Cada 2 años,
14439,1,1,3,0,1,12,3,De gas instantáneo de paso,Nuevo,Cada 2 años,
14439,1,3,3,0,1,3,3,De gas instantáneo de paso,Nuevo,Cada 2 años,
14440,1,1,1,1,1,10,4,De gas con deposito,Nuevo,No le da mantenimiento,De 38 a 40 litros (hasta 2 personas)
14441,1,1,3,0,1,12,3,De gas instantáneo de paso,Nuevo,Cada 2 años,
14442,1,2,2,0,1,20,2,De gas de rápida recuperación,Nuevo,Cada año,
14442,1,1,3,0,1,9,2,De gas instantáneo de paso,Nuevo,Cada año,
14444,1,1,1,3,1,8,1,De gas con deposito,Nuevo,Cada 6 meses,De 70 a 80 litros (hasta 4 personas)
14445,1,1,1,1,1,5,1,De gas con deposito,Nuevo,Cada 6 meses,De 38 a 40 litros (hasta 2 personas)
14448,1,1,1,3,1,10,1,De gas con deposito,Nuevo,Cada 6 meses,De 70 a 80 litros (hasta 4 personas)
14449,1,1,1,1,2,99,4,De gas con deposito,Usado,No le da mantenimiento,De 38 a 40 litros (hasta 2 personas)
14450,1,1,4,0,1,3,4,Eléctrico instantáneo de paso,Nuevo,No le da mantenimiento,
14453,1,1,1,3,1,2,1,De gas con deposito,Nuevo,Cada 6 meses,De 70 a 80 litros (hasta 4 personas)
14455,1,1,1,3,1,6,2,De gas con deposito,Nuevo,Cada año,De 70 a 80 litros (hasta 4 personas)
14457,1,1,1,3,2,99,2,De gas con deposito,Usado,Cada año,De 70 a 80 litros (hasta 4 personas)
14458,1,1,3,0,1,2,4,De gas instantáneo de paso,Nuevo,No le da mantenimiento,
14459,1,1,1,4,1,38,3,De gas con deposito,Nuevo,Cada 2 años,De 90 a 110 litros (hasta 6 personas)
14461,1,1,3,0,1,6,4,De gas instantáneo de paso,Nuevo,No le da mantenimiento,
14462,1,1,1,3,1,99,4,De gas con deposito,Nuevo,No le da mantenimiento,De 70 a 80 litros (hasta 4 personas)
14475,1,1,3,0,1,1,4,De gas instantáneo de paso,Nuevo,No le da mantenimiento,
14478,1,1,1,1,1,5,4,De gas con deposito,Nuevo,No le da mantenimiento,De 38 a 40 litros (hasta 2 personas)
14479,1,1,1,1,2,99,1,De gas con deposito,Usado,Cada 6 meses,De 38 a 40 litros (hasta 2 personas)
14481,1,1,1,1,1,1,4,De gas con deposito,Nuevo,No le da mantenimiento,De 38 a 40 litros (hasta 2 personas)
14484,1,1,2,0,1,1,1,De gas de rápida recuperación,Nuevo,Cada 6 meses,
14487,1,2,7,1,1,1,4,Solar,Nuevo,No le da mantenimiento,De 38 a 40 litros (hasta 2 personas)
14487,1,1,3,0,1,4,1,De gas instantáneo de paso,Nuevo,Cada 6 meses,
14490,1,1,3,0,1,4,1,De gas instantáneo de paso,Nuevo,Cada 6 meses,
14491,1,1,3,0,1,4,4,De gas instantáneo de paso,Nuevo,No le da mantenimiento,
14498,1,1,7,6,1,15,4,Solar,Nuevo,No le da mantenimiento,Más de 140 litros (más de 7 personas)
14499,1,1,1,4,1,7,1,De gas con deposito,Nuevo,Cada 6 meses,De 90 a 110 litros (hasta 6 personas)
14500,1,1,4,0,1,15,2,Eléctrico instantáneo de paso,Nuevo,Cada año,
14505,1,1,2,0,1,1,4,De gas de rápida recuperación,Nuevo,No le da mantenimiento,
14507,1,1,1,3,1,10,2,De gas con deposito,Nuevo,Cada año,De 70 a 80 litros (hasta 4 personas)
14508,1,1,3,0,1,1,4,De gas instantáneo de paso,Nuevo,No le da mantenimiento,
14509,1,1,3,0,1,1,4,De gas instantáneo de paso,Nuevo,No le da mantenimiento,
14512,1,1,2,0,2,12,4,De gas de rápida recuperación,Usado,No le da mantenimiento,
14514,1,1,1,3,1,13,4,De gas con deposito,Nuevo,No le da mantenimiento,De 70 a 80 litros (hasta 4 personas)
14515,1,1,1,3,1,14,2,De gas con deposito,Nuevo,Cada año,De 70 a 80 litros (hasta 4 personas)
14517,1,1,1,9,2,99,4,De gas con deposito,Usado,No le da mantenimiento,No sabe
14518,1,1,5,3,1,12,1,Eléctrico con depósito,Nuevo,Cada 6 meses,De 70 a 80 litros (hasta 4 personas)
14519,1,1,2,0,1,8,4,De gas de rápida recuperación,Nuevo,No le da mantenimiento,
14520,1,1,1,3,1,4,1,De gas con deposito,Nuevo,Cada 6 meses,De 70 a 80 litros (hasta 4 personas)
14522,1,1,1,3,1,1,4,De gas con deposito,Nuevo,No le da mantenimiento,De 70 a 80 litros (hasta 4 personas)
14523,1,1,1,3,2,99,2,De gas con deposito,Usado,Cada año,De 70 a 80 litros (hasta 4 personas)
14524,1,1,3,0,1,2,4,De gas instantáneo de paso,Nuevo,No le da mantenimiento,
14525,1,1,1,3,2,99,3,De gas con deposito,Usado,Cada 2 años,De 70 a 80 litros (hasta 4 personas)
14526,1,1,1,1,1,6,4,De gas con deposito,Nuevo,No le da mantenimiento,De 38 a 40 litros (hasta 2 personas)
14527,1,1,3,0,2,1,4,De gas instantáneo de paso,Usado,No le da mantenimiento,
14529,1,1,2,0,1,3,4,De gas de rápida recuperación,Nuevo,No le da mantenimiento,
14530,1,1,3,0,2,2,4,De gas instantáneo de paso,Usado,No le da mantenimiento,
14531,1,1,1,3,1,15,2,De gas con deposito,Nuevo,Cada año,De 70 a 80 litros (hasta 4 personas)
14536,1,1,2,0,1,99,4,De gas de rápida recuperación,Nuevo,No le da mantenimiento,
14540,1,1,1,1,1,6,4,De gas con deposito,Nuevo,No le da mantenimiento,De 38 a 40 litros (hasta 2 personas)
14545,1,1,1,1,1,5,4,De gas con deposito,Nuevo,No le da mantenimiento,De 38 a 40 litros (hasta 2 personas)
14546,1,1,1,9,1,25,2,De gas con deposito,Nuevo,Cada año,No sabe
14548,1,1,1,3,1,26,4,De gas con deposito,Nuevo,No le da mantenimiento,De 70 a 80 litros (hasta 4 personas)
14551,1,1,2,0,1,6,4,De gas de rápida recuperación,Nuevo,No le da mantenimiento,
14552,1,1,1,4,1,15,4,De gas con deposito,Nuevo,No le da mantenimiento,De 90 a 110 litros (hasta 6 personas)
14553,1,1,1,4,1,1,4,De gas con deposito,Nuevo,No le da mantenimiento,De 90 a 110 litros (hasta 6 personas)
14554,1,1,1,3,1,99,4,De gas con deposito,Nuevo,No le da mantenimiento,De 70 a 80 litros (hasta 4 personas)
14555,1,1,1,2,1,15,4,De gas con deposito,Nuevo,No le da mantenimiento,De 50 a 60 litros (hasta 3 personas)
14556,1,1,1,9,1,8,1,De gas con deposito,Nuevo,Cada 6 meses,No sabe
14557,1,1,1,9,1,99,2,De gas con deposito,Nuevo,Cada año,No sabe
14558,1,1,1,9,2,99,4,De gas con deposito,Usado,No le da mantenimiento,No sabe
14559,1,1,1,9,1,10,2,De gas con deposito,Nuevo,Cada año,No sabe
14564,1,1,1,2,1,13,2,De gas con deposito,Nuevo,Cada año,De 50 a 60 litros (hasta 3 personas)
14571,1,1,3,0,1,10,1,De gas instantáneo de paso,Nuevo,Cada 6 meses,
14575,1,1,7,6,1,99,4,Solar,Nuevo,No le da mantenimiento,Más de 140 litros (más de 7 personas)
14576,1,1,1,2,1,16,3,De gas con deposito,Nuevo,Cada 2 años,De 50 a 60 litros (hasta 3 personas)
14577,1,1,2,0,1,4,1,De gas de rápida recuperación,Nuevo,Cada 6 meses,
14578,1,1,1,1,1,5,2,De gas con deposito,Nuevo,Cada año,De 38 a 40 litros (hasta 2 personas)
14580,1,1,1,1,1,10,2,De gas con deposito,Nuevo,Cada año,De 38 a 40 litros (hasta 2 personas)
14581,1,1,1,1,1,2,2,De gas con deposito,Nuevo,Cada año,De 38 a 40 litros (hasta 2 personas)
14582,1,1,2,0,1,10,4,De gas de rápida recuperación,Nuevo,No le da mantenimiento,
14583,1,1,1,9,1,5,4,De gas con deposito,Nuevo,No le da mantenimiento,No sabe
14584,1,1,2,0,1,4,4,De gas de rápida recuperación,Nuevo,No le da mantenimiento,
14585,1,1,2,0,2,99,1,De gas de rápida recuperación,Usado,Cada 6 meses,
14586,1,1,2,0,1,10,2,De gas de rápida recuperación,Nuevo,Cada año,
14588,1,1,2,0,1,1,1,De gas de rápida recuperación,Nuevo,Cada 6 meses,
14595,1,1,1,2,1,10,1,De gas con deposito,Nuevo,Cada 6 meses,De 50 a 60 litros (hasta 3 personas)
14597,1,1,1,3,1,1,1,De gas con deposito,Nuevo,Cada 6 meses,De 70 a 80 litros (hasta 4 personas)
14601,1,1,2,0,1,8,4,De gas de rápida recuperación,Nuevo,No le da mantenimiento,
14607,1,1,3,0,1,1,1,De gas instantáneo de paso,Nuevo,Cada 6 meses,
14618,1,1,2,0,1,1,4,De gas de rápida recuperación,Nuevo,No le da mantenimiento,
14622,1,1,1,3,1,8,3,De gas con deposito,Nuevo,Cada 2 años,De 70 a 80 litros (hasta 4 personas)
14626,1,1,5,3,1,5,3,Eléctrico con depósito,Nuevo,Cada 2 años,De 70 a 80 litros (hasta 4 personas)
14628,1,1,1,2,1,6,3,De gas con deposito,Nuevo,Cada 2 años,De 50 a 60 litros (hasta 3 personas)
14630,1,1,7,4,1,3,2,Solar,Nuevo,Cada año,De 90 a 110 litros (hasta 6 personas)
14631,1,1,7,4,1,5,2,Solar,Nuevo,Cada año,De 90 a 110 litros (hasta 6 personas)
14636,1,1,1,3,1,1,1,De gas con deposito,Nuevo,Cada 6 meses,De 70 a 80 litros (hasta 4 personas)
14637,1,1,3,0,1,4,1,De gas instantáneo de paso,Nuevo,Cada 6 meses,
14638,1,1,1,1,1,4,4,De gas con deposito,Nuevo,No le da mantenimiento,De 38 a 40 litros (hasta 2 personas)
14640,1,1,4,0,1,1,4,Eléctrico instantáneo de paso,Nuevo,No le da mantenimiento,
14641,1,1,1,3,1,3,2,De gas con deposito,Nuevo,Cada año,De 70 a 80 litros (hasta 4 personas)
14648,1,1,3,0,1,3,4,De gas instantáneo de paso,Nuevo,No le da mantenimiento,
14660,1,1,2,0,1,8,1,De gas de rápida recuperación,Nuevo,Cada 6 meses,
14665,1,1,1,9,1,6,2,De gas con deposito,Nuevo,Cada año,No sabe
14670,1,1,2,0,1,7,1,De gas de rápida recuperación,Nuevo,Cada 6 meses,
14673,1,1,1,9,1,8,4,De gas con deposito,Nuevo,No le da mantenimiento,No sabe
14674,1,1,1,1,1,2,4,De gas con deposito,Nuevo,No le da mantenimiento,De 38 a 40 litros (hasta 2 personas)
14675,1,1,1,1,1,5,2,De gas con deposito,Nuevo,Cada año,De 38 a 40 litros (hasta 2 personas)
14678,1,1,4,0,1,6,4,Eléctrico instantáneo de paso,Nuevo,No le da mantenimiento,
14685,1,1,3,0,1,1,4,De gas instantáneo de paso,Nuevo,No le da mantenimiento,
14687,1,1,1,9,1,23,3,De gas con deposito,Nuevo,Cada 2 años,No sabe
14688,1,1,1,3,1,8,4,De gas con deposito,Nuevo,No le da mantenimiento,De 70 a 80 litros (hasta 4 personas)
14696,1,1,3,0,1,3,2,De gas instantáneo de paso,Nuevo,Cada año,
14701,1,1,3,0,2,3,1,De gas instantáneo de paso,Usado,Cada 6 meses,
14706,1,1,1,1,1,23,4,De gas con deposito,Nuevo,No le da mantenimiento,De 38 a 40 litros (hasta 2 personas)
14708,1,1,1,9,1,30,4,De gas con deposito,Nuevo,No le da mantenimiento,No sabe
14709,1,1,1,3,1,10,1,De gas con deposito,Nuevo,Cada 6 meses,De 70 a 80 litros (hasta 4 personas)
14710,1,1,1,3,1,20,2,De gas con deposito,Nuevo,Cada año,De 70 a 80 litros (hasta 4 personas)
14711,1,1,1,4,1,15,4,De gas con deposito,Nuevo,No le da mantenimiento,De 90 a 110 litros (hasta 6 personas)
14724,1,1,2,0,2,1,4,De gas de rápida recuperación,Usado,No le da mantenimiento,
14726,1,1,7,4,1,1,2,Solar,Nuevo,Cada año,De 90 a 110 litros (hasta 6 personas)
14727,1,1,1,9,2,20,3,De gas con deposito,Usado,Cada 2 años,No sabe
14728,1,1,2,0,2,4,2,De gas de rápida recuperación,Usado,Cada año,
14734,1,1,2,0,1,6,4,De gas de rápida recuperación,Nuevo,No le da mantenimiento,
14736,1,1,2,0,1,1,4,De gas de rápida recuperación,Nuevo,No le da mantenimiento,
14737,1,1,4,0,1,2,1,Eléctrico instantáneo de paso,Nuevo,Cada 6 meses,
14742,1,1,1,3,1,5,1,De gas con deposito,Nuevo,Cada 6 meses,De 70 a 80 litros (hasta 4 personas)
14743,1,1,7,3,1,2,2,Solar,Nuevo,Cada año,De 70 a 80 litros (hasta 4 personas)
14752,1,1,1,3,1,3,1,De gas con deposito,Nuevo,Cada 6 meses,De 70 a 80 litros (hasta 4 personas)
14754,1,1,3,0,1,4,1,De gas instantáneo de paso,Nuevo,Cada 6 meses,
14755,1,1,3,0,1,5,2,De gas instantáneo de paso,Nuevo,Cada año,
14756,1,1,1,1,1,10,4,De gas con deposito,Nuevo,No le da mantenimiento,De 38 a 40 litros (hasta 2 personas)
14773,1,1,1,1,1,7,4,De gas con deposito,Nuevo,No le da mantenimiento,De 38 a 40 litros (hasta 2 personas)
14774,1,1,2,0,1,1,4,De gas de rápida recuperación,Nuevo,No le da mantenimiento,
14779,1,1,1,9,1,10,4,De gas con deposito,Nuevo,No le da mantenimiento,No sabe
14787,1,1,1,2,1,6,2,De gas con deposito,Nuevo,Cada año,De 50 a 60 litros (hasta 3 personas)
14793,1,1,1,1,1,16,4,De gas con deposito,Nuevo,No le da mantenimiento,De 38 a 40 litros (hasta 2 personas)
14794,1,1,1,4,2,4,4,De gas con deposito,Usado,No le da mantenimiento,De 90 a 110 litros (hasta 6 personas)
14803,1,1,2,0,1,27,2,De gas de rápida recuperación,Nuevo,Cada año,
14804,1,1,5,4,1,3,1,Eléctrico con depósito,Nuevo,Cada 6 meses,De 90 a 110 litros (hasta 6 personas)
14805,1,1,2,0,1,15,1,De gas de rápida recuperación,Nuevo,Cada 6 meses,
14807,1,1,7,3,1,5,4,Solar,Nuevo,No le da mantenimiento,De 70 a 80 litros (hasta 4 personas)
14809,1,1,2,0,1,5,2,De gas de rápida recuperación,Nuevo,Cada año,
14815,1,1,1,4,1,6,2,De gas con deposito,Nuevo,Cada año,De 90 a 110 litros (hasta 6 personas)
14816,1,1,1,4,1,25,4,De gas con deposito,Nuevo,No le da mantenimiento,De 90 a 110 litros (hasta 6 personas)
14818,1,1,7,6,1,15,4,Solar,Nuevo,No le da mantenimiento,Más de 140 litros (más de 7 personas)
14820,1,1,3,0,1,1,4,De gas instantáneo de paso,Nuevo,No le da mantenimiento,
14822,1,1,3,0,1,5,4,De gas instantáneo de paso,Nuevo,No le da mantenimiento,
14832,1,1,1,1,1,6,2,De gas con deposito,Nuevo,Cada año,De 38 a 40 litros (hasta 2 personas)
14834,1,1,4,0,1,10,2,Eléctrico instantáneo de paso,Nuevo,Cada año,
14837,1,1,1,2,1,6,4,De gas con deposito,Nuevo,No le da mantenimiento,De 50 a 60 litros (hasta 3 personas)
14838,1,1,1,3,1,99,4,De gas con deposito,Nuevo,No le da mantenimiento,De 70 a 80 litros (hasta 4 personas)
14839,1,2,7,3,1,5,4,Solar,Nuevo,No le da mantenimiento,De 70 a 80 litros (hasta 4 personas)
14839,1,1,1,4,1,5,2,De gas con deposito,Nuevo,Cada año,De 90 a 110 litros (hasta 6 personas)
14841,1,1,2,0,1,3,4,De gas de rápida recuperación,Nuevo,No le da mantenimiento,
14842,1,1,3,0,1,4,2,De gas instantáneo de paso,Nuevo,Cada año,
14843,1,1,1,4,1,4,4,De gas con deposito,Nuevo,No le da mantenimiento,De 90 a 110 litros (hasta 6 personas)
14845,1,1,2,0,1,1,4,De gas de rápida recuperación,Nuevo,No le da mantenimiento,
14846,1,1,1,3,1,20,1,De gas con deposito,Nuevo,Cada 6 meses,De 70 a 80 litros (hasta 4 personas)
14849,1,1,1,1,2,10,4,De gas con deposito,Usado,No le da mantenimiento,De 38 a 40 litros (hasta 2 personas)
14851,1,1,2,0,1,2,4,De gas de rápida recuperación,Nuevo,No le da mantenimiento,
14853,1,1,4,0,1,2,4,Eléctrico instantáneo de paso,Nuevo,No le da mantenimiento,
14855,1,1,3,0,1,1,1,De gas instantáneo de paso,Nuevo,Cada 6 meses,
14856,1,1,7,6,1,2,2,Solar,Nuevo,Cada año,Más de 140 litros (más de 7 personas)
14858,1,1,1,1,1,7,1,De gas con deposito,Nuevo,Cada 6 meses,De 38 a 40 litros (hasta 2 personas)
14865,1,1,7,3,1,3,4,Solar,Nuevo,No le da mantenimiento,De 70 a 80 litros (hasta 4 personas)
14877,1,1,1,4,1,10,1,De gas con deposito,Nuevo,Cada 6 meses,De 90 a 110 litros (hasta 6 personas)
14886,1,1,1,2,1,6,1,De gas con deposito,Nuevo,Cada 6 meses,De 50 a 60 litros (hasta 3 personas)
14897,1,1,1,4,1,18,2,De gas con deposito,Nuevo,Cada año,De 90 a 110 litros (hasta 6 personas)
14898,1,1,1,3,1,4,1,De gas con deposito,Nuevo,Cada 6 meses,De 70 a 80 litros (hasta 4 personas)
14900,1,2,6,1,1,3,4,De leña,Nuevo,No le da mantenimiento,De 38 a 40 litros (hasta 2 personas)
14900,1,1,1,3,1,10,4,De gas con deposito,Nuevo,No le da mantenimiento,De 70 a 80 litros (hasta 4 personas)
14905,1,2,6,4,1,30,2,De leña,Nuevo,Cada año,De 90 a 110 litros (hasta 6 personas)
14905,1,1,3,0,1,3,1,De gas instantáneo de paso,Nuevo,Cada 6 meses,
14907,1,1,7,4,1,1,1,Solar,Nuevo,Cada 6 meses,De 90 a 110 litros (hasta 6 personas)
14908,1,1,7,3,1,2,4,Solar,Nuevo,No le da mantenimiento,De 70 a 80 litros (hasta 4 personas)
14909,1,1,7,3,1,3,4,Solar,Nuevo,No le da mantenimiento,De 70 a 80 litros (hasta 4 personas)
14910,1,1,2,0,1,10,4,De gas de rápida recuperación,Nuevo,No le da mantenimiento,
14914,1,1,7,3,1,1,4,Solar,Nuevo,No le da mantenimiento,De 70 a 80 litros (hasta 4 personas)
14916,1,1,1,4,1,15,2,De gas con deposito,Nuevo,Cada año,De 90 a 110 litros (hasta 6 personas)
14917,1,1,1,4,1,4,3,De gas con deposito,Nuevo,Cada 2 años,De 90 a 110 litros (hasta 6 personas)
14923,1,1,2,0,1,1,4,De gas de rápida recuperación,Nuevo,No le da mantenimiento,
14930,1,1,2,0,1,10,4,De gas de rápida recuperación,Nuevo,No le da mantenimiento,
14931,1,1,7,4,1,1,4,Solar,Nuevo,No le da mantenimiento,De 90 a 110 litros (hasta 6 personas)
14932,1,1,2,0,1,7,1,De gas de rápida recuperación,Nuevo,Cada 6 meses,
14933,1,1,1,3,1,20,4,De gas con deposito,Nuevo,No le da mantenimiento,De 70 a 80 litros (hasta 4 personas)
14934,1,1,2,0,1,3,4,De gas de rápida recuperación,Nuevo,No le da mantenimiento,
14935,1,1,1,4,1,7,1,De gas con deposito,Nuevo,Cada 6 meses,De 90 a 110 litros (hasta 6 personas)
14936,1,1,3,0,1,2,2,De gas instantáneo de paso,Nuevo,Cada año,
14937,1,1,2,0,1,13,4,De gas de rápida recuperación,Nuevo,No le da mantenimiento,
14938,1,1,1,3,1,8,3,De gas con deposito,Nuevo,Cada 2 años,De 70 a 80 litros (hasta 4 personas)
14939,1,1,1,3,1,4,1,De gas con deposito,Nuevo,Cada 6 meses,De 70 a 80 litros (hasta 4 personas)
14940,1,1,1,2,1,20,4,De gas con deposito,Nuevo,No le da mantenimiento,De 50 a 60 litros (hasta 3 personas)
14941,1,1,1,1,1,15,3,De gas con deposito,Nuevo,Cada 2 años,De 38 a 40 litros (hasta 2 personas)
14942,1,1,2,0,1,3,1,De gas de rápida recuperación,Nuevo,Cada 6 meses,
14943,1,1,2,0,1,15,2,De gas de rápida recuperación,Nuevo,Cada año,
14944,1,2,2,0,1,1,1,De gas de rápida recuperación,Nuevo,Cada 6 meses,
14944,1,1,1,2,2,16,1,De gas con deposito,Usado,Cada 6 meses,De 50 a 60 litros (hasta 3 personas)
14946,1,1,5,2,1,1,4,Eléctrico con depósito,Nuevo,No le da mantenimiento,De 50 a 60 litros (hasta 3 personas)
14947,1,1,1,2,1,1,1,De gas con deposito,Nuevo,Cada 6 meses,De 50 a 60 litros (hasta 3 personas)
14948,1,1,3,0,1,15,2,De gas instantáneo de paso,Nuevo,Cada año,
14949,1,2,7,4,1,1,4,Solar,Nuevo,No le da mantenimiento,De 90 a 110 litros (hasta 6 personas)
14949,1,1,7,3,1,2,4,Solar,Nuevo,No le da mantenimiento,De 70 a 80 litros (hasta 4 personas)
14950,1,1,1,4,1,8,1,De gas con deposito,Nuevo,Cada 6 meses,De 90 a 110 litros (hasta 6 personas)
14955,1,1,1,3,1,4,2,De gas con deposito,Nuevo,Cada año,De 70 a 80 litros (hasta 4 personas)
14956,1,1,2,0,1,7,4,De gas de rápida recuperación,Nuevo,No le da mantenimiento,
14959,1,1,1,3,1,20,3,De gas con deposito,Nuevo,Cada 2 años,De 70 a 80 litros (hasta 4 personas)
14960,1,1,1,3,1,10,4,De gas con deposito,Nuevo,No le da mantenimiento,De 70 a 80 litros (hasta 4 personas)
14963,1,1,1,9,1,27,4,De gas con deposito,Nuevo,No le da mantenimiento,No sabe
14975,1,1,1,1,1,9,1,De gas con deposito,Nuevo,Cada 6 meses,De 38 a 40 litros (hasta 2 personas)
14978,1,1,7,4,1,3,4,Solar,Nuevo,No le da mantenimiento,De 90 a 110 litros (hasta 6 personas)
14989,1,1,7,4,1,1,4,Solar,Nuevo,No le da mantenimiento,De 90 a 110 litros (hasta 6 personas)
14992,1,1,2,0,1,8,2,De gas de rápida recuperación,Nuevo,Cada año,
15014,1,1,3,0,1,15,1,De gas instantáneo de paso,Nuevo,Cada 6 meses,
15019,1,1,2,0,1,1,1,De gas de rápida recuperación,Nuevo,Cada 6 meses,
15023,1,1,1,1,1,12,1,De gas con deposito,Nuevo,Cada 6 meses,De 38 a 40 litros (hasta 2 personas)
15026,1,1,5,4,1,10,2,Eléctrico con depósito,Nuevo,Cada año,De 90 a 110 litros (hasta 6 personas)
15027,1,1,2,0,1,6,1,De gas de rápida recuperación,Nuevo,Cada 6 meses,
15035,1,1,2,0,1,10,1,De gas de rápida recuperación,Nuevo,Cada 6 meses,
15044,1,1,7,3,1,1,2,Solar,Nuevo,Cada año,De 70 a 80 litros (hasta 4 personas)
15045,1,1,1,3,1,10,3,De gas con deposito,Nuevo,Cada 2 años,De 70 a 80 litros (hasta 4 personas)
15057,1,1,2,0,1,8,4,De gas de rápida recuperación,Nuevo,No le da mantenimiento,
15063,1,1,7,3,1,1,4,Solar,Nuevo,No le da mantenimiento,De 70 a 80 litros (hasta 4 personas)
15065,1,1,7,4,1,1,4,Solar,Nuevo,No le da mantenimiento,De 90 a 110 litros (hasta 6 personas)
15066,1,1,2,0,1,6,4,De gas de rápida recuperación,Nuevo,No le da mantenimiento,
15071,1,1,7,9,1,3,4,Solar,Nuevo,No le da mantenimiento,No sabe
15075,1,1,7,2,1,1,4,Solar,Nuevo,No le da mantenimiento,De 50 a 60 litros (hasta 3 personas)
15077,1,1,2,0,1,5,1,De gas de rápida recuperación,Nuevo,Cada 6 meses,
15087,1,1,1,1,1,20,1,De gas con deposito,Nuevo,Cada 6 meses,De 38 a 40 litros (hasta 2 personas)
15088,1,1,2,0,1,4,4,De gas de rápida recuperación,Nuevo,No le da mantenimiento,
15094,1,1,1,1,1,4,1,De gas con deposito,Nuevo,Cada 6 meses,De 38 a 40 litros (hasta 2 personas)
15099,1,1,1,3,1,18,4,De gas con deposito,Nuevo,No le da mantenimiento,De 70 a 80 litros (hasta 4 personas)
15100,1,1,1,1,2,15,1,De gas con deposito,Usado,Cada 6 meses,De 38 a 40 litros (hasta 2 personas)
15107,1,1,4,0,1,1,1,Eléctrico instantáneo de paso,Nuevo,Cada 6 meses,
15137,1,1,1,9,1,15,4,De gas con deposito,Nuevo,No le da mantenimiento,No sabe
15149,1,1,1,4,1,3,4,De gas con deposito,Nuevo,No le da mantenimiento,De 90 a 110 litros (hasta 6 personas)
15152,1,1,3,0,1,1,1,De gas instantáneo de paso,Nuevo,Cada 6 meses,
15156,1,1,2,0,1,8,4,De gas de rápida recuperación,Nuevo,No le da mantenimiento,
15162,1,1,7,3,1,1,4,Solar,Nuevo,No le da mantenimiento,De 70 a 80 litros (hasta 4 personas)
15164,1,1,6,1,2,1,4,De leña,Usado,No le da mantenimiento,De 38 a 40 litros (hasta 2 personas)
15165,1,1,3,0,1,10,1,De gas instantáneo de paso,Nuevo,Cada 6 meses,
15173,1,1,1,2,1,15,4,De gas con deposito,Nuevo,No le da mantenimiento,De 50 a 60 litros (hasta 3 personas)
15176,1,1,1,1,1,50,1,De gas con deposito,Nuevo,Cada 6 meses,De 38 a 40 litros (hasta 2 personas)
15181,1,1,7,3,1,8,4,Solar,Nuevo,No le da mantenimiento,De 70 a 80 litros (hasta 4 personas)
15182,1,1,1,1,1,12,4,De gas con deposito,Nuevo,No le da mantenimiento,De 38 a 40 litros (hasta 2 personas)
15184,1,1,2,0,1,99,4,De gas de rápida recuperación,Nuevo,No le da mantenimiento,
15185,1,1,1,1,1,6,4,De gas con deposito,Nuevo,No le da mantenimiento,De 38 a 40 litros (hasta 2 personas)
15187,1,1,1,1,1,5,4,De gas con deposito,Nuevo,No le da mantenimiento,De 38 a 40 litros (hasta 2 personas)
15188,1,1,1,1,1,10,3,De gas con deposito,Nuevo,Cada 2 años,De 38 a 40 litros (hasta 2 personas)
15190,1,1,1,2,1,8,2,De gas con deposito,Nuevo,Cada año,De 50 a 60 litros (hasta 3 personas)
15191,1,1,1,9,1,20,3,De gas con deposito,Nuevo,Cada 2 años,No sabe
15192,1,1,7,3,1,1,1,Solar,Nuevo,Cada 6 meses,De 70 a 80 litros (hasta 4 personas)
15193,1,1,1,9,1,15,2,De gas con deposito,Nuevo,Cada año,No sabe
15195,1,1,2,0,1,3,2,De gas de rápida recuperación,Nuevo,Cada año,
15199,1,1,1,9,1,25,1,De gas con deposito,Nuevo,Cada 6 meses,No sabe
15201,1,1,7,1,1,1,4,Solar,Nuevo,No le da mantenimiento,De 38 a 40 litros (hasta 2 personas)
15207,1,1,1,1,1,1,2,De gas con deposito,Nuevo,Cada año,De 38 a 40 litros (hasta 2 personas)
15208,1,1,1,9,1,10,2,De gas con deposito,Nuevo,Cada año,No sabe
15209,1,1,7,1,1,2,4,Solar,Nuevo,No le da mantenimiento,De 38 a 40 litros (hasta 2 personas)
15210,1,1,1,1,1,10,1,De gas con deposito,Nuevo,Cada 6 meses,De 38 a 40 litros (hasta 2 personas)
15214,1,1,1,3,1,10,4,De gas con deposito,Nuevo,No le da mantenimiento,De 70 a 80 litros (hasta 4 personas)
15216,1,1,3,0,1,1,4,De gas instantáneo de paso,Nuevo,No le da mantenimiento,
15217,1,1,7,4,1,6,1,Solar,Nuevo,Cada 6 meses,De 90 a 110 litros (hasta 6 personas)
15218,1,1,1,9,1,6,1,De gas con deposito,Nuevo,Cada 6 meses,No sabe
15221,1,1,1,1,1,3,1,De gas con deposito,Nuevo,Cada 6 meses,De 38 a 40 litros (hasta 2 personas)
15222,1,1,1,1,1,23,4,De gas con deposito,Nuevo,No le da mantenimiento,De 38 a 40 litros (hasta 2 personas)
15228,1,1,7,4,1,10,1,Solar,Nuevo,Cada 6 meses,De 90 a 110 litros (hasta 6 personas)
15229,1,1,1,2,1,13,4,De gas con deposito,Nuevo,No le da mantenimiento,De 50 a 60 litros (hasta 3 personas)
15231,1,1,1,1,1,13,1,De gas con deposito,Nuevo,Cada 6 meses,De 38 a 40 litros (hasta 2 personas)
15233,1,1,1,9,1,2,2,De gas con deposito,Nuevo,Cada año,No sabe
15234,1,1,1,9,1,13,4,De gas con deposito,Nuevo,No le da mantenimiento,No sabe
15237,1,1,2,0,1,8,1,De gas de rápida recuperación,Nuevo,Cada 6 meses,
15240,1,1,7,4,1,1,1,Solar,Nuevo,Cada 6 meses,De 90 a 110 litros (hasta 6 personas)
15243,1,1,1,1,1,6,2,De gas con deposito,Nuevo,Cada año,De 38 a 40 litros (hasta 2 personas)
15244,1,1,1,9,2,99,4,De gas con deposito,Usado,No le da mantenimiento,No sabe
15245,1,1,1,1,2,4,1,De gas con deposito,Usado,Cada 6 meses,De 38 a 40 litros (hasta 2 personas)
15249,1,1,1,2,1,17,3,De gas con deposito,Nuevo,Cada 2 años,De 50 a 60 litros (hasta 3 personas)
15250,1,1,3,0,1,6,1,De gas instantáneo de paso,Nuevo,Cada 6 meses,
15251,1,1,1,1,1,5,2,De gas con deposito,Nuevo,Cada año,De 38 a 40 litros (hasta 2 personas)
15254,1,1,1,1,1,8,4,De gas con deposito,Nuevo,No le da mantenimiento,De 38 a 40 litros (hasta 2 personas)
15257,1,1,1,1,2,10,4,De gas con deposito,Usado,No le da mantenimiento,De 38 a 40 litros (hasta 2 personas)
15258,1,1,1,9,1,2,4,De gas con deposito,Nuevo,No le da mantenimiento,No sabe
15261,1,1,1,9,1,5,2,De gas con deposito,Nuevo,Cada año,No sabe
15262,1,1,7,4,1,1,1,Solar,Nuevo,Cada 6 meses,De 90 a 110 litros (hasta 6 personas)
15265,1,1,1,3,1,15,3,De gas con deposito,Nuevo,Cada 2 años,De 70 a 80 litros (hasta 4 personas)
15266,1,1,7,4,1,1,4,Solar,Nuevo,No le da mantenimiento,De 90 a 110 litros (hasta 6 personas)
15284,1,1,1,9,1,1,1,De gas con deposito,Nuevo,Cada 6 meses,No sabe
15303,1,1,7,2,1,5,4,Solar,Nuevo,No le da mantenimiento,De 50 a 60 litros (hasta 3 personas)
15304,1,2,7,9,1,1,1,Solar,Nuevo,Cada 6 meses,No sabe
15304,1,1,3,0,1,1,1,De gas instantáneo de paso,Nuevo,Cada 6 meses,
15306,1,1,3,0,1,3,4,De gas instantáneo de paso,Nuevo,No le da mantenimiento,
15307,1,1,1,1,2,11,4,De gas con deposito,Usado,No le da mantenimiento,De 38 a 40 litros (hasta 2 personas)
15309,1,1,7,3,1,3,1,Solar,Nuevo,Cada 6 meses,De 70 a 80 litros (hasta 4 personas)
15310,1,1,1,1,1,4,1,De gas con deposito,Nuevo,Cada 6 meses,De 38 a 40 litros (hasta 2 personas)
15311,1,1,7,2,1,2,4,Solar,Nuevo,No le da mantenimiento,De 50 a 60 litros (hasta 3 personas)
15312,1,1,1,1,1,9,4,De gas con deposito,Nuevo,No le da mantenimiento,De 38 a 40 litros (hasta 2 personas)
15313,1,1,1,2,1,18,1,De gas con deposito,Nuevo,Cada 6 meses,De 50 a 60 litros (hasta 3 personas)
15315,1,1,1,1,1,2,1,De gas con deposito,Nuevo,Cada 6 meses,De 38 a 40 litros (hasta 2 personas)
15319,1,1,1,2,1,4,2,De gas con deposito,Nuevo,Cada año,De 50 a 60 litros (hasta 3 personas)
15321,1,1,1,9,1,1,1,De gas con deposito,Nuevo,Cada 6 meses,No sabe
15322,1,1,1,9,1,8,2,De gas con deposito,Nuevo,Cada año,No sabe
15323,1,1,1,9,2,99,4,De gas con deposito,Usado,No le da mantenimiento,No sabe
15324,1,1,1,1,1,2,4,De gas con deposito,Nuevo,No le da mantenimiento,De 38 a 40 litros (hasta 2 personas)
15325,1,1,1,2,1,4,1,De gas con deposito,Nuevo,Cada 6 meses,De 50 a 60 litros (hasta 3 personas)
15326,1,1,7,9,1,1,4,Solar,Nuevo,No le da mantenimiento,No sabe
15329,1,1,1,9,1,30,4,De gas con deposito,Nuevo,No le da mantenimiento,No sabe
15330,1,1,1,1,1,5,1,De gas con deposito,Nuevo,Cada 6 meses,De 38 a 40 litros (hasta 2 personas)
15334,1,1,7,3,1,2,4,Solar,Nuevo,No le da mantenimiento,De 70 a 80 litros (hasta 4 personas)
15339,1,1,1,9,1,4,1,De gas con deposito,Nuevo,Cada 6 meses,No sabe
15342,1,1,3,0,1,3,4,De gas instantáneo de paso,Nuevo,No le da mantenimiento,
15344,1,1,1,1,1,5,1,De gas con deposito,Nuevo,Cada 6 meses,De 38 a 40 litros (hasta 2 personas)
15346,1,1,1,2,1,3,4,De gas con deposito,Nuevo,No le da mantenimiento,De 50 a 60 litros (hasta 3 personas)
15347,1,1,1,9,1,5,1,De gas con deposito,Nuevo,Cada 6 meses,No sabe
15349,1,1,1,9,2,7,4,De gas con deposito,Usado,No le da mantenimiento,No sabe
15351,1,1,1,1,2,1,1,De gas con deposito,Usado,Cada 6 meses,De 38 a 40 litros (hasta 2 personas)
15353,1,1,1,1,2,10,4,De gas con deposito,Usado,No le da mantenimiento,De 38 a 40 litros (hasta 2 personas)
15354,1,1,1,9,2,1,2,De gas con deposito,Usado,Cada año,No sabe
15356,1,1,3,0,1,4,2,De gas instantáneo de paso,Nuevo,Cada año,
15357,1,1,1,2,1,5,2,De gas con deposito,Nuevo,Cada año,De 50 a 60 litros (hasta 3 personas)
15358,1,1,2,0,1,1,4,De gas de rápida recuperación,Nuevo,No le da mantenimiento,
15362,1,1,7,6,1,2,2,Solar,Nuevo,Cada año,Más de 140 litros (más de 7 personas)
15363,1,1,3,0,1,1,1,De gas instantáneo de paso,Nuevo,Cada 6 meses,
15364,1,1,1,1,1,1,4,De gas con deposito,Nuevo,No le da mantenimiento,De 38 a 40 litros (hasta 2 personas)
15372,1,1,1,9,2,4,4,De gas con deposito,Usado,No le da mantenimiento,No sabe
15373,1,1,7,3,1,2,4,Solar,Nuevo,No le da mantenimiento,De 70 a 80 litros (hasta 4 personas)
15374,1,1,1,1,1,12,4,De gas con deposito,Nuevo,No le da mantenimiento,De 38 a 40 litros (hasta 2 personas)
15378,1,1,1,1,1,10,4,De gas con deposito,Nuevo,No le da mantenimiento,De 38 a 40 litros (hasta 2 personas)
15380,1,1,1,2,1,18,1,De gas con deposito,Nuevo,Cada 6 meses,De 50 a 60 litros (hasta 3 personas)
15381,1,1,1,9,1,15,4,De gas con deposito,Nuevo,No le da mantenimiento,No sabe
15383,1,1,7,3,1,1,4,Solar,Nuevo,No le da mantenimiento,De 70 a 80 litros (hasta 4 personas)
15393,1,1,1,3,2,99,3,De gas con deposito,Usado,Cada 2 años,De 70 a 80 litros (hasta 4 personas)
15397,1,1,1,1,2,99,1,De gas con deposito,Usado,Cada 6 meses,De 38 a 40 litros (hasta 2 personas)
15398,1,1,1,9,1,3,2,De gas con deposito,Nuevo,Cada año,No sabe
15399,1,1,1,3,1,7,4,De gas con deposito,Nuevo,No le da mantenimiento,De 70 a 80 litros (hasta 4 personas)
15399,1,2,7,3,1,1,4,Solar,Nuevo,No le da mantenimiento,De 70 a 80 litros (hasta 4 personas)
15400,1,1,1,2,1,1,1,De gas con deposito,Nuevo,Cada 6 meses,De 50 a 60 litros (hasta 3 personas)
15401,1,1,1,3,2,8,2,De gas con deposito,Usado,Cada año,De 70 a 80 litros (hasta 4 personas)
15402,1,1,1,4,1,10,2,De gas con deposito,Nuevo,Cada año,De 90 a 110 litros (hasta 6 personas)
15403,1,1,1,1,1,8,2,De gas con deposito,Nuevo,Cada año,De 38 a 40 litros (hasta 2 personas)
15417,1,1,1,3,1,10,1,De gas con deposito,Nuevo,Cada 6 meses,De 70 a 80 litros (hasta 4 personas)
15418,1,1,1,1,1,1,4,De gas con deposito,Nuevo,No le da mantenimiento,De 38 a 40 litros (hasta 2 personas)
15420,1,1,1,1,2,10,2,De gas con deposito,Usado,Cada año,De 38 a 40 litros (hasta 2 personas)
15421,1,1,1,1,2,99,4,De gas con deposito,Usado,No le da mantenimiento,De 38 a 40 litros (hasta 2 personas)
15422,1,1,3,0,1,6,2,De gas instantáneo de paso,Nuevo,Cada año,
15423,1,1,1,1,1,15,4,De gas con deposito,Nuevo,No le da mantenimiento,De 38 a 40 litros (hasta 2 personas)
15425,1,1,1,1,1,3,4,De gas con deposito,Nuevo,No le da mantenimiento,De 38 a 40 litros (hasta 2 personas)
15428,1,1,1,2,2,99,4,De gas con deposito,Usado,No le da mantenimiento,De 50 a 60 litros (hasta 3 personas)
15429,1,1,1,3,1,16,2,De gas con deposito,Nuevo,Cada año,De 70 a 80 litros (hasta 4 personas)
15432,1,1,1,1,1,3,1,De gas con deposito,Nuevo,Cada 6 meses,De 38 a 40 litros (hasta 2 personas)
15436,1,1,2,0,1,7,2,De gas de rápida recuperación,Nuevo,Cada año,
15438,1,1,2,0,1,2,2,De gas de rápida recuperación,Nuevo,Cada año,
15439,1,1,1,1,1,6,1,De gas con deposito,Nuevo,Cada 6 meses,De 38 a 40 litros (hasta 2 personas)
15441,1,1,1,9,1,4,1,De gas con deposito,Nuevo,Cada 6 meses,No sabe
15442,1,1,1,1,1,5,2,De gas con deposito,Nuevo,Cada año,De 38 a 40 litros (hasta 2 personas)
15443,1,1,7,3,1,1,4,Solar,Nuevo,No le da mantenimiento,De 70 a 80 litros (hasta 4 personas)
15448,1,1,1,3,2,5,1,De gas con deposito,Usado,Cada 6 meses,De 70 a 80 litros (hasta 4 personas)
15453,1,1,1,1,2,1,4,De gas con deposito,Usado,No le da mantenimiento,De 38 a 40 litros (hasta 2 personas)
15456,1,1,7,4,1,3,4,Solar,Nuevo,No le da mantenimiento,De 90 a 110 litros (hasta 6 personas)
15457,1,1,1,9,2,99,1,De gas con deposito,Usado,Cada 6 meses,No sabe
15458,1,1,2,0,2,4,2,De gas de rápida recuperación,Usado,Cada año,
15459,1,1,1,1,1,4,4,De gas con deposito,Nuevo,No le da mantenimiento,De 38 a 40 litros (hasta 2 personas)
15465,1,1,1,2,1,20,2,De gas con deposito,Nuevo,Cada año,De 50 a 60 litros (hasta 3 personas)
15480,1,1,1,9,1,20,4,De gas con deposito,Nuevo,No le da mantenimiento,No sabe
15489,1,1,1,1,1,1,4,De gas con deposito,Nuevo,No le da mantenimiento,De 38 a 40 litros (hasta 2 personas)
15490,1,1,2,0,1,5,1,De gas de rápida recuperación,Nuevo,Cada 6 meses,
15491,1,1,2,0,1,10,3,De gas de rápida recuperación,Nuevo,Cada 2 años,
15492,1,1,1,2,1,5,4,De gas con deposito,Nuevo,No le da mantenimiento,De 50 a 60 litros (hasta 3 personas)
15494,1,1,2,0,1,3,1,De gas de rápida recuperación,Nuevo,Cada 6 meses,
15495,1,1,1,1,1,15,3,De gas con deposito,Nuevo,Cada 2 años,De 38 a 40 litros (hasta 2 personas)
15496,1,1,7,4,1,5,4,Solar,Nuevo,No le da mantenimiento,De 90 a 110 litros (hasta 6 personas)
15501,1,1,3,0,1,1,4,De gas instantáneo de paso,Nuevo,No le da mantenimiento,
15502,1,1,2,0,1,6,1,De gas de rápida recuperación,Nuevo,Cada 6 meses,
15504,1,1,1,9,2,17,4,De gas con deposito,Usado,No le da mantenimiento,No sabe
15505,1,1,2,0,1,1,1,De gas de rápida recuperación,Nuevo,Cada 6 meses,
15515,1,1,1,9,2,99,1,De gas con deposito,Usado,Cada 6 meses,No sabe
15517,1,1,7,9,1,4,2,Solar,Nuevo,Cada año,No sabe
15518,1,1,1,1,1,8,2,De gas con deposito,Nuevo,Cada año,De 38 a 40 litros (hasta 2 personas)
15520,1,1,7,4,1,3,4,Solar,Nuevo,No le da mantenimiento,De 90 a 110 litros (hasta 6 personas)
15521,1,1,1,9,1,4,1,De gas con deposito,Nuevo,Cada 6 meses,No sabe
15523,1,1,1,3,1,7,4,De gas con deposito,Nuevo,No le da mantenimiento,De 70 a 80 litros (hasta 4 personas)
15524,1,1,1,9,1,99,2,De gas con deposito,Nuevo,Cada año,No sabe
15528,1,1,1,1,1,7,1,De gas con deposito,Nuevo,Cada 6 meses,De 38 a 40 litros (hasta 2 personas)
15529,1,1,1,9,2,99,1,De gas con deposito,Usado,Cada 6 meses,No sabe
15531,1,1,2,0,1,9,4,De gas de rápida recuperación,Nuevo,No le da mantenimiento,
15532,1,1,7,5,1,5,2,Solar,Nuevo,Cada año,De 120 a 140 litros (hasta 7 personas)
15537,1,1,2,0,1,1,4,De gas de rápida recuperación,Nuevo,No le da mantenimiento,
15540,1,1,1,9,1,1,4,De gas con deposito,Nuevo,No le da mantenimiento,No sabe
15542,1,1,1,1,1,1,4,De gas con deposito,Nuevo,No le da mantenimiento,De 38 a 40 litros (hasta 2 personas)
15544,1,1,1,1,1,10,4,De gas con deposito,Nuevo,No le da mantenimiento,De 38 a 40 litros (hasta 2 personas)
15545,1,1,1,9,1,5,4,De gas con deposito,Nuevo,No le da mantenimiento,No sabe
15546,1,1,7,4,1,1,4,Solar,Nuevo,No le da mantenimiento,De 90 a 110 litros (hasta 6 personas)
15559,1,1,1,1,1,6,1,De gas con deposito,Nuevo,Cada 6 meses,De 38 a 40 litros (hasta 2 personas)
15571,1,1,5,9,1,4,4,Eléctrico con depósito,Nuevo,No le da mantenimiento,No sabe
15573,1,1,1,1,1,13,1,De gas con deposito,Nuevo,Cada 6 meses,De 38 a 40 litros (hasta 2 personas)
15576,1,1,1,1,2,99,4,De gas con deposito,Usado,No le da mantenimiento,De 38 a 40 litros (hasta 2 personas)
15578,1,1,1,1,1,14,2,De gas con deposito,Nuevo,Cada año,De 38 a 40 litros (hasta 2 personas)
15579,1,1,1,9,1,6,4,De gas con deposito,Nuevo,No le da mantenimiento,No sabe
15580,1,1,1,2,1,12,4,De gas con deposito,Nuevo,No le da mantenimiento,De 50 a 60 litros (hasta 3 personas)
15581,1,1,1,2,1,10,3,De gas con deposito,Nuevo,Cada 2 años,De 50 a 60 litros (hasta 3 personas)
15583,1,2,7,1,2,12,2,Solar,Usado,Cada año,De 38 a 40 litros (hasta 2 personas)
15583,1,1,3,0,1,1,4,De gas instantáneo de paso,Nuevo,No le da mantenimiento,
15589,1,1,3,0,1,3,4,De gas instantáneo de paso,Nuevo,No le da mantenimiento,
15592,1,1,1,1,1,1,1,De gas con deposito,Nuevo,Cada 6 meses,De 38 a 40 litros (hasta 2 personas)
15600,1,1,1,3,2,10,4,De gas con deposito,Usado,No le da mantenimiento,De 70 a 80 litros (hasta 4 personas)
15601,1,1,5,2,1,2,2,Eléctrico con depósito,Nuevo,Cada año,De 50 a 60 litros (hasta 3 personas)
15605,1,1,1,9,2,2,4,De gas con deposito,Usado,No le da mantenimiento,No sabe
15611,1,1,1,9,1,20,2,De gas con deposito,Nuevo,Cada año,No sabe
15642,1,1,1,1,1,4,2,De gas con deposito,Nuevo,Cada año,De 38 a 40 litros (hasta 2 personas)
15647,1,1,3,0,1,3,1,De gas instantáneo de paso,Nuevo,Cada 6 meses,
15657,1,1,1,9,1,1,4,De gas con deposito,Nuevo,No le da mantenimiento,No sabe
15664,1,1,1,2,1,3,1,De gas con deposito,Nuevo,Cada 6 meses,De 50 a 60 litros (hasta 3 personas)
15666,1,1,7,2,1,1,4,Solar,Nuevo,No le da mantenimiento,De 50 a 60 litros (hasta 3 personas)
15667,1,2,1,3,1,7,4,De gas con deposito,Nuevo,No le da mantenimiento,De 70 a 80 litros (hasta 4 personas)
15667,1,1,5,3,1,1,4,Eléctrico con depósito,Nuevo,No le da mantenimiento,De 70 a 80 litros (hasta 4 personas)
15683,1,1,1,2,1,20,4,De gas con deposito,Nuevo,No le da mantenimiento,De 50 a 60 litros (hasta 3 personas)
15684,1,1,1,1,1,20,4,De gas con deposito,Nuevo,No le da mantenimiento,De 38 a 40 litros (hasta 2 personas)
15689,1,1,1,1,2,2,4,De gas con deposito,Usado,No le da mantenimiento,De 38 a 40 litros (hasta 2 personas)
15697,1,1,1,9,1,10,2,De gas con deposito,Nuevo,Cada año,No sabe
15701,1,1,1,9,1,8,2,De gas con deposito,Nuevo,Cada año,No sabe
15717,1,1,1,1,1,10,1,De gas con deposito,Nuevo,Cada 6 meses,De 38 a 40 litros (hasta 2 personas)
15718,1,1,1,2,1,8,4,De gas con deposito,Nuevo,No le da mantenimiento,De 50 a 60 litros (hasta 3 personas)
15721,1,1,1,1,1,12,2,De gas con deposito,Nuevo,Cada año,De 38 a 40 litros (hasta 2 personas)
15725,1,1,1,9,1,13,2,De gas con deposito,Nuevo,Cada año,No sabe
15727,1,1,3,0,1,5,1,De gas instantáneo de paso,Nuevo,Cada 6 meses,
15753,1,1,2,0,2,1,1,De gas de rápida recuperación,Usado,Cada 6 meses,
15754,1,1,1,3,2,8,1,De gas con deposito,Usado,Cada 6 meses,De 70 a 80 litros (hasta 4 personas)
15755,1,1,3,0,1,4,2,De gas instantáneo de paso,Nuevo,Cada año,
15756,1,1,2,0,2,20,1,De gas de rápida recuperación,Usado,Cada 6 meses,
15757,1,1,2,0,2,99,4,De gas de rápida recuperación,Usado,No le da mantenimiento,
15758,1,1,1,1,2,12,2,De gas con deposito,Usado,Cada año,De 38 a 40 litros (hasta 2 personas)
15759,1,1,1,1,1,2,4,De gas con deposito,Nuevo,No le da mantenimiento,De 38 a 40 litros (hasta 2 personas)
15760,1,1,1,9,1,3,3,De gas con deposito,Nuevo,Cada 2 años,No sabe
15761,1,1,3,0,1,1,4,De gas instantáneo de paso,Nuevo,No le da mantenimiento,
15763,1,1,1,1,2,2,4,De gas con deposito,Usado,No le da mantenimiento,De 38 a 40 litros (hasta 2 personas)
15764,1,1,1,2,1,3,4,De gas con deposito,Nuevo,No le da mantenimiento,De 50 a 60 litros (hasta 3 personas)
15765,1,1,2,0,1,9,4,De gas de rápida recuperación,Nuevo,No le da mantenimiento,
15766,1,1,2,0,1,4,2,De gas de rápida recuperación,Nuevo,Cada año,
15767,1,1,2,0,1,3,1,De gas de rápida recuperación,Nuevo,Cada 6 meses,
15768,1,1,3,0,1,1,2,De gas instantáneo de paso,Nuevo,Cada año,
15774,1,1,1,4,1,4,1,De gas con deposito,Nuevo,Cada 6 meses,De 90 a 110 litros (hasta 6 personas)
15775,1,1,2,0,2,99,2,De gas de rápida recuperación,Usado,Cada año,
15776,1,1,1,9,2,3,4,De gas con deposito,Usado,No le da mantenimiento,No sabe
15777,1,1,1,9,1,2,2,De gas con deposito,Nuevo,Cada año,No sabe
15778,1,1,1,3,1,15,2,De gas con deposito,Nuevo,Cada año,De 70 a 80 litros (hasta 4 personas)
15784,1,1,1,1,1,3,4,De gas con deposito,Nuevo,No le da mantenimiento,De 38 a 40 litros (hasta 2 personas)
15785,1,1,2,0,1,8,2,De gas de rápida recuperación,Nuevo,Cada año,
15794,1,1,2,0,1,2,2,De gas de rápida recuperación,Nuevo,Cada año,
15801,1,1,1,9,1,3,4,De gas con deposito,Nuevo,No le da mantenimiento,No sabe
15804,1,1,1,2,1,3,1,De gas con deposito,Nuevo,Cada 6 meses,De 50 a 60 litros (hasta 3 personas)
15838,1,1,6,2,2,25,1,De leña,Usado,Cada 6 meses,De 50 a 60 litros (hasta 3 personas)
15857,1,1,7,3,1,4,4,Solar,Nuevo,No le da mantenimiento,De 70 a 80 litros (hasta 4 personas)
15880,1,1,1,2,1,9,2,De gas con deposito,Nuevo,Cada año,De 50 a 60 litros (hasta 3 personas)
15885,1,1,1,9,1,5,4,De gas con deposito,Nuevo,No le da mantenimiento,No sabe
15886,1,1,1,1,1,10,4,De gas con deposito,Nuevo,No le da mantenimiento,De 38 a 40 litros (hasta 2 personas)
15905,1,1,1,1,1,5,4,De gas con deposito,Nuevo,No le da mantenimiento,De 38 a 40 litros (hasta 2 personas)
16028,1,1,1,1,1,6,2,De gas con deposito,Nuevo,Cada año,De 38 a 40 litros (hasta 2 personas)
16064,1,1,3,0,1,2,4,De gas instantáneo de paso,Nuevo,No le da mantenimiento,
16083,1,1,3,0,1,7,4,De gas instantáneo de paso,Nuevo,No le da mantenimiento,
16086,1,1,2,0,1,1,4,De gas de rápida recuperación,Nuevo,No le da mantenimiento,
16087,1,1,1,3,1,5,2,De gas con deposito,Nuevo,Cada año,De 70 a 80 litros (hasta 4 personas)
16088,1,1,1,3,1,10,3,De gas con deposito,Nuevo,Cada 2 años,De 70 a 80 litros (hasta 4 personas)
16090,1,1,3,0,1,1,4,De gas instantáneo de paso,Nuevo,No le da mantenimiento,
16091,1,1,3,0,1,3,4,De gas instantáneo de paso,Nuevo,No le da mantenimiento,
16093,1,1,3,0,1,4,2,De gas instantáneo de paso,Nuevo,Cada año,
16094,1,1,3,0,1,1,4,De gas instantáneo de paso,Nuevo,No le da mantenimiento,
16095,1,1,3,0,1,99,4,De gas instantáneo de paso,Nuevo,No le da mantenimiento,
16096,1,1,3,0,1,1,4,De gas instantáneo de paso,Nuevo,No le da mantenimiento,
16100,1,1,3,0,1,1,4,De gas instantáneo de paso,Nuevo,No le da mantenimiento,
16103,1,1,2,0,1,5,4,De gas de rápida recuperación,Nuevo,No le da mantenimiento,
16105,1,1,4,0,1,1,4,Eléctrico instantáneo de paso,Nuevo,No le da mantenimiento,
16106,1,1,1,3,1,7,4,De gas con deposito,Nuevo,No le da mantenimiento,De 70 a 80 litros (hasta 4 personas)
16108,1,1,1,1,1,5,3,De gas con deposito,Nuevo,Cada 2 años,De 38 a 40 litros (hasta 2 personas)
16109,1,1,3,0,1,1,2,De gas instantáneo de paso,Nuevo,Cada año,
16110,1,1,1,4,1,8,4,De gas con deposito,Nuevo,No le da mantenimiento,De 90 a 110 litros (hasta 6 personas)
16111,1,1,3,0,1,2,1,De gas instantáneo de paso,Nuevo,Cada 6 meses,
16112,1,1,1,3,1,12,3,De gas con deposito,Nuevo,Cada 2 años,De 70 a 80 litros (hasta 4 personas)
16113,1,1,3,0,1,3,4,De gas instantáneo de paso,Nuevo,No le da mantenimiento,
16114,1,1,3,0,1,4,4,De gas instantáneo de paso,Nuevo,No le da mantenimiento,
16116,1,1,3,0,1,10,4,De gas instantáneo de paso,Nuevo,No le da mantenimiento,
16117,1,1,3,0,1,2,4,De gas instantáneo de paso,Nuevo,No le da mantenimiento,
16118,1,1,1,5,1,15,2,De gas con deposito,Nuevo,Cada año,De 120 a 140 litros (hasta 7 personas)
16119,1,1,3,0,1,2,4,De gas instantáneo de paso,Nuevo,No le da mantenimiento,
16120,1,1,3,0,1,2,4,De gas instantáneo de paso,Nuevo,No le da mantenimiento,
16123,1,1,3,0,1,6,2,De gas instantáneo de paso,Nuevo,Cada año,
16124,1,1,3,0,1,7,2,De gas instantáneo de paso,Nuevo,Cada año,
16125,1,1,1,3,1,13,2,De gas con deposito,Nuevo,Cada año,De 70 a 80 litros (hasta 4 personas)
16126,1,1,1,3,1,4,2,De gas con deposito,Nuevo,Cada año,De 70 a 80 litros (hasta 4 personas)
16127,1,1,3,0,1,1,4,De gas instantáneo de paso,Nuevo,No le da mantenimiento,
16128,1,1,3,0,1,3,4,De gas instantáneo de paso,Nuevo,No le da mantenimiento,
16129,1,1,1,1,2,4,4,De gas con deposito,Usado,No le da mantenimiento,De 38 a 40 litros (hasta 2 personas)
16131,1,1,3,0,1,3,3,De gas instantáneo de paso,Nuevo,Cada 2 años,
16133,1,1,3,0,2,7,4,De gas instantáneo de paso,Usado,No le da mantenimiento,
16134,1,1,3,0,1,4,4,De gas instantáneo de paso,Nuevo,No le da mantenimiento,
16136,1,1,1,1,1,20,2,De gas con deposito,Nuevo,Cada año,De 38 a 40 litros (hasta 2 personas)
16137,1,1,1,1,1,2,1,De gas con deposito,Nuevo,Cada 6 meses,De 38 a 40 litros (hasta 2 personas)
16141,1,1,3,0,1,1,4,De gas instantáneo de paso,Nuevo,No le da mantenimiento,
16142,1,1,3,0,1,1,1,De gas instantáneo de paso,Nuevo,Cada 6 meses,
16143,1,1,1,2,1,8,2,De gas con deposito,Nuevo,Cada año,De 50 a 60 litros (hasta 3 personas)
16144,1,1,3,0,2,2,2,De gas instantáneo de paso,Usado,Cada año,
16147,1,1,1,5,1,10,4,De gas con deposito,Nuevo,No le da mantenimiento,De 120 a 140 litros (hasta 7 personas)
16149,1,1,3,0,1,2,2,De gas instantáneo de paso,Nuevo,Cada año,
16150,1,1,3,0,1,3,2,De gas instantáneo de paso,Nuevo,Cada año,
16152,1,1,2,0,1,1,1,De gas de rápida recuperación,Nuevo,Cada 6 meses,
16153,1,1,3,0,2,2,4,De gas instantáneo de paso,Usado,No le da mantenimiento,
16154,1,1,3,0,1,2,4,De gas instantáneo de paso,Nuevo,No le da mantenimiento,
16155,1,1,1,1,1,1,4,De gas con deposito,Nuevo,No le da mantenimiento,De 38 a 40 litros (hasta 2 personas)
16156,1,1,3,0,1,10,4,De gas instantáneo de paso,Nuevo,No le da mantenimiento,
16159,1,1,3,0,1,3,2,De gas instantáneo de paso,Nuevo,Cada año,
16160,1,1,3,0,1,1,4,De gas instantáneo de paso,Nuevo,No le da mantenimiento,
16162,1,1,3,0,1,4,2,De gas instantáneo de paso,Nuevo,Cada año,
16163,1,1,1,3,2,2,1,De gas con deposito,Usado,Cada 6 meses,De 70 a 80 litros (hasta 4 personas)
16164,1,1,1,3,1,6,2,De gas con deposito,Nuevo,Cada año,De 70 a 80 litros (hasta 4 personas)
16165,1,1,3,0,1,1,4,De gas instantáneo de paso,Nuevo,No le da mantenimiento,
16166,1,1,1,1,1,10,2,De gas con deposito,Nuevo,Cada año,De 38 a 40 litros (hasta 2 personas)
16167,1,1,1,3,1,4,1,De gas con deposito,Nuevo,Cada 6 meses,De 70 a 80 litros (hasta 4 personas)
16168,1,1,3,0,1,1,4,De gas instantáneo de paso,Nuevo,No le da mantenimiento,
16169,1,1,1,1,2,4,2,De gas con deposito,Usado,Cada año,De 38 a 40 litros (hasta 2 personas)
16170,1,1,3,0,1,4,4,De gas instantáneo de paso,Nuevo,No le da mantenimiento,
16171,1,1,1,3,1,12,2,De gas con deposito,Nuevo,Cada año,De 70 a 80 litros (hasta 4 personas)
16172,1,1,1,5,1,1,4,De gas con deposito,Nuevo,No le da mantenimiento,De 120 a 140 litros (hasta 7 personas)
16173,1,1,3,0,1,5,2,De gas instantáneo de paso,Nuevo,Cada año,
16174,1,1,3,0,1,8,2,De gas instantáneo de paso,Nuevo,Cada año,
16175,1,1,1,1,1,4,2,De gas con deposito,Nuevo,Cada año,De 38 a 40 litros (hasta 2 personas)
16177,1,1,1,3,1,15,2,De gas con deposito,Nuevo,Cada año,De 70 a 80 litros (hasta 4 personas)
16178,1,1,1,1,2,1,2,De gas con deposito,Usado,Cada año,De 38 a 40 litros (hasta 2 personas)
16179,1,1,1,3,1,6,3,De gas con deposito,Nuevo,Cada 2 años,De 70 a 80 litros (hasta 4 personas)
16181,1,1,1,2,2,1,1,De gas con deposito,Usado,Cada 6 meses,De 50 a 60 litros (hasta 3 personas)
16182,1,1,3,0,1,1,4,De gas instantáneo de paso,Nuevo,No le da mantenimiento,
16183,1,1,3,0,1,1,4,De gas instantáneo de paso,Nuevo,No le da mantenimiento,
16184,1,1,3,0,1,2,4,De gas instantáneo de paso,Nuevo,No le da mantenimiento,
16186,1,1,3,0,1,1,4,De gas instantáneo de paso,Nuevo,No le da mantenimiento,
16187,1,1,1,1,1,20,2,De gas con deposito,Nuevo,Cada año,De 38 a 40 litros (hasta 2 personas)
16188,1,1,3,0,1,5,4,De gas instantáneo de paso,Nuevo,No le da mantenimiento,
16189,1,1,1,3,1,18,4,De gas con deposito,Nuevo,No le da mantenimiento,De 70 a 80 litros (hasta 4 personas)
16192,1,1,3,0,1,7,4,De gas instantáneo de paso,Nuevo,No le da mantenimiento,
16194,1,1,3,0,1,5,4,De gas instantáneo de paso,Nuevo,No le da mantenimiento,
16200,1,1,1,1,1,6,2,De gas con deposito,Nuevo,Cada año,De 38 a 40 litros (hasta 2 personas)
16201,1,1,1,3,1,10,2,De gas con deposito,Nuevo,Cada año,De 70 a 80 litros (hasta 4 personas)
16202,1,1,1,3,1,15,2,De gas con deposito,Nuevo,Cada año,De 70 a 80 litros (hasta 4 personas)
16203,1,1,3,0,1,6,2,De gas instantáneo de paso,Nuevo,Cada año,
16204,1,1,1,5,1,8,4,De gas con deposito,Nuevo,No le da mantenimiento,De 120 a 140 litros (hasta 7 personas)
16209,1,1,1,3,1,13,4,De gas con deposito,Nuevo,No le da mantenimiento,De 70 a 80 litros (hasta 4 personas)
16212,1,1,3,0,1,10,3,De gas instantáneo de paso,Nuevo,Cada 2 años,
16217,1,1,1,4,1,3,1,De gas con deposito,Nuevo,Cada 6 meses,De 90 a 110 litros (hasta 6 personas)
16218,1,1,3,0,1,3,2,De gas instantáneo de paso,Nuevo,Cada año,
16219,1,1,3,0,1,5,1,De gas instantáneo de paso,Nuevo,Cada 6 meses,
16220,1,1,3,0,1,1,4,De gas instantáneo de paso,Nuevo,No le da mantenimiento,
16221,1,1,1,2,1,4,1,De gas con deposito,Nuevo,Cada 6 meses,De 50 a 60 litros (hasta 3 personas)
16224,1,1,3,0,1,1,4,De gas instantáneo de paso,Nuevo,No le da mantenimiento,
16225,1,1,3,0,1,2,4,De gas instantáneo de paso,Nuevo,No le da mantenimiento,
16227,1,1,3,0,1,3,4,De gas instantáneo de paso,Nuevo,No le da mantenimiento,
16229,1,1,3,0,1,3,4,De gas instantáneo de paso,Nuevo,No le da mantenimiento,
16230,1,1,3,0,1,3,2,De gas instantáneo de paso,Nuevo,Cada año,
16231,1,1,3,0,1,2,4,De gas instantáneo de paso,Nuevo,No le da mantenimiento,
16232,1,1,1,1,2,2,4,De gas con deposito,Usado,No le da mantenimiento,De 38 a 40 litros (hasta 2 personas)
16233,1,1,1,1,1,5,2,De gas con deposito,Nuevo,Cada año,De 38 a 40 litros (hasta 2 personas)
16234,1,1,1,2,1,15,4,De gas con deposito,Nuevo,No le da mantenimiento,De 50 a 60 litros (hasta 3 personas)
16235,1,1,2,0,1,5,2,De gas de rápida recuperación,Nuevo,Cada año,
16236,1,1,3,0,1,6,4,De gas instantáneo de paso,Nuevo,No le da mantenimiento,
16237,1,1,1,2,2,1,4,De gas con deposito,Usado,No le da mantenimiento,De 50 a 60 litros (hasta 3 personas)
16238,1,1,3,0,1,1,4,De gas instantáneo de paso,Nuevo,No le da mantenimiento,
16253,1,1,3,0,1,5,4,De gas instantáneo de paso,Nuevo,No le da mantenimiento,
16254,1,1,1,2,1,17,1,De gas con deposito,Nuevo,Cada 6 meses,De 50 a 60 litros (hasta 3 personas)
16255,1,1,3,0,1,3,4,De gas instantáneo de paso,Nuevo,No le da mantenimiento,
16256,1,1,2,0,1,5,2,De gas de rápida recuperación,Nuevo,Cada año,
16257,1,1,1,4,2,10,4,De gas con deposito,Usado,No le da mantenimiento,De 90 a 110 litros (hasta 6 personas)
16258,1,1,1,1,1,8,4,De gas con deposito,Nuevo,No le da mantenimiento,De 38 a 40 litros (hasta 2 personas)
16259,1,1,1,3,1,3,4,De gas con deposito,Nuevo,No le da mantenimiento,De 70 a 80 litros (hasta 4 personas)
16260,1,1,3,0,1,1,4,De gas instantáneo de paso,Nuevo,No le da mantenimiento,
16261,1,1,1,1,1,5,4,De gas con deposito,Nuevo,No le da mantenimiento,De 38 a 40 litros (hasta 2 personas)
16262,1,1,3,0,1,14,4,De gas instantáneo de paso,Nuevo,No le da mantenimiento,
16262,1,2,3,0,1,3,4,De gas instantáneo de paso,Nuevo,No le da mantenimiento,
16263,1,1,1,1,1,6,4,De gas con deposito,Nuevo,No le da mantenimiento,De 38 a 40 litros (hasta 2 personas)
16265,1,1,3,0,1,1,4,De gas instantáneo de paso,Nuevo,No le da mantenimiento,
16266,1,1,3,0,1,1,4,De gas instantáneo de paso,Nuevo,No le da mantenimiento,
16267,1,1,1,1,1,10,2,De gas con deposito,Nuevo,Cada año,De 38 a 40 litros (hasta 2 personas)
16269,1,1,3,0,1,8,1,De gas instantáneo de paso,Nuevo,Cada 6 meses,
16271,1,1,1,1,1,2,4,De gas con deposito,Nuevo,No le da mantenimiento,De 38 a 40 litros (hasta 2 personas)
16273,1,1,3,0,1,3,4,De gas instantáneo de paso,Nuevo,No le da mantenimiento,
16277,1,1,1,1,1,12,3,De gas con deposito,Nuevo,Cada 2 años,De 38 a 40 litros (hasta 2 personas)
16279,1,1,1,2,1,6,4,De gas con deposito,Nuevo,No le da mantenimiento,De 50 a 60 litros (hasta 3 personas)
16280,1,1,1,1,1,4,4,De gas con deposito,Nuevo,No le da mantenimiento,De 38 a 40 litros (hasta 2 personas)
16282,1,1,1,1,1,7,4,De gas con deposito,Nuevo,No le da mantenimiento,De 38 a 40 litros (hasta 2 personas)
16283,1,1,3,0,1,1,4,De gas instantáneo de paso,Nuevo,No le da mantenimiento,
16284,1,1,3,0,1,1,4,De gas instantáneo de paso,Nuevo,No le da mantenimiento,
16285,1,1,3,0,1,1,4,De gas instantáneo de paso,Nuevo,No le da mantenimiento,
16286,1,1,1,2,2,4,2,De gas con deposito,Usado,Cada año,De 50 a 60 litros (hasta 3 personas)
16288,1,1,1,1,1,1,4,De gas con deposito,Nuevo,No le da mantenimiento,De 38 a 40 litros (hasta 2 personas)
16289,1,1,1,2,1,7,4,De gas con deposito,Nuevo,No le da mantenimiento,De 50 a 60 litros (hasta 3 personas)
16293,1,1,3,0,1,2,2,De gas instantáneo de paso,Nuevo,Cada año,
16294,1,1,3,0,1,2,4,De gas instantáneo de paso,Nuevo,No le da mantenimiento,
16295,1,1,3,0,1,3,4,De gas instantáneo de paso,Nuevo,No le da mantenimiento,
16296,1,1,1,3,1,8,2,De gas con deposito,Nuevo,Cada año,De 70 a 80 litros (hasta 4 personas)
16297,1,1,3,0,1,6,4,De gas instantáneo de paso,Nuevo,No le da mantenimiento,
16298,1,1,1,2,1,1,1,De gas con deposito,Nuevo,Cada 6 meses,De 50 a 60 litros (hasta 3 personas)
16305,1,1,1,1,1,17,4,De gas con deposito,Nuevo,No le da mantenimiento,De 38 a 40 litros (hasta 2 personas)
16306,1,1,1,6,1,5,1,De gas con deposito,Nuevo,Cada 6 meses,Más de 140 litros (más de 7 personas)
16307,1,1,1,4,1,8,3,De gas con deposito,Nuevo,Cada 2 años,De 90 a 110 litros (hasta 6 personas)
16308,1,1,5,1,1,24,2,Eléctrico con depósito,Nuevo,Cada año,De 38 a 40 litros (hasta 2 personas)
16309,1,1,3,0,1,2,4,De gas instantáneo de paso,Nuevo,No le da mantenimiento,
16310,1,1,1,1,1,1,4,De gas con deposito,Nuevo,No le da mantenimiento,De 38 a 40 litros (hasta 2 personas)
16311,1,1,3,0,1,6,2,De gas instantáneo de paso,Nuevo,Cada año,
16312,1,1,3,0,1,1,4,De gas instantáneo de paso,Nuevo,No le da mantenimiento,
16313,1,1,1,1,1,7,1,De gas con deposito,Nuevo,Cada 6 meses,De 38 a 40 litros (hasta 2 personas)
16314,1,1,1,3,1,5,2,De gas con deposito,Nuevo,Cada año,De 70 a 80 litros (hasta 4 personas)
16316,1,1,3,0,1,2,4,De gas instantáneo de paso,Nuevo,No le da mantenimiento,
16317,1,1,3,0,1,2,4,De gas instantáneo de paso,Nuevo,No le da mantenimiento,
16318,1,1,3,0,1,1,4,De gas instantáneo de paso,Nuevo,No le da mantenimiento,
16319,1,1,1,2,1,2,1,De gas con deposito,Nuevo,Cada 6 meses,De 50 a 60 litros (hasta 3 personas)
16320,1,1,1,3,1,15,4,De gas con deposito,Nuevo,No le da mantenimiento,De 70 a 80 litros (hasta 4 personas)
16324,1,1,1,1,1,1,4,De gas con deposito,Nuevo,No le da mantenimiento,De 38 a 40 litros (hasta 2 personas)
16325,1,1,1,1,1,5,4,De gas con deposito,Nuevo,No le da mantenimiento,De 38 a 40 litros (hasta 2 personas)
16326,1,1,3,0,1,2,4,De gas instantáneo de paso,Nuevo,No le da mantenimiento,
16328,1,1,1,2,1,2,2,De gas con deposito,Nuevo,Cada año,De 50 a 60 litros (hasta 3 personas)
16329,1,1,3,0,1,6,4,De gas instantáneo de paso,Nuevo,No le da mantenimiento,
16333,1,1,3,0,1,3,4,De gas instantáneo de paso,Nuevo,No le da mantenimiento,
16336,1,1,3,0,1,5,4,De gas instantáneo de paso,Nuevo,No le da mantenimiento,
16337,1,1,1,1,1,3,4,De gas con deposito,Nuevo,No le da mantenimiento,De 38 a 40 litros (hasta 2 personas)
16338,1,1,3,0,1,2,2,De gas instantáneo de paso,Nuevo,Cada año,
16339,1,1,3,0,1,1,4,De gas instantáneo de paso,Nuevo,No le da mantenimiento,
16344,1,1,3,0,1,2,4,De gas instantáneo de paso,Nuevo,No le da mantenimiento,
16345,1,1,1,1,1,10,4,De gas con deposito,Nuevo,No le da mantenimiento,De 38 a 40 litros (hasta 2 personas)
16346,1,1,3,0,2,99,1,De gas instantáneo de paso,Usado,Cada 6 meses,
16347,1,1,3,0,1,3,2,De gas instantáneo de paso,Nuevo,Cada año,
16348,1,1,3,0,1,5,4,De gas instantáneo de paso,Nuevo,No le da mantenimiento,
16349,1,1,3,0,1,6,4,De gas instantáneo de paso,Nuevo,No le da mantenimiento,
16351,1,1,1,1,1,30,4,De gas con deposito,Nuevo,No le da mantenimiento,De 38 a 40 litros (hasta 2 personas)
16352,1,1,3,0,1,3,4,De gas instantáneo de paso,Nuevo,No le da mantenimiento,
16354,1,1,4,0,1,3,1,Eléctrico instantáneo de paso,Nuevo,Cada 6 meses,
16357,1,1,1,3,2,18,4,De gas con deposito,Usado,No le da mantenimiento,De 70 a 80 litros (hasta 4 personas)
16358,1,1,1,3,1,4,4,De gas con deposito,Nuevo,No le da mantenimiento,De 70 a 80 litros (hasta 4 personas)
16359,1,1,3,0,1,2,4,De gas instantáneo de paso,Nuevo,No le da mantenimiento,
16360,1,1,1,3,1,1,1,De gas con deposito,Nuevo,Cada 6 meses,De 70 a 80 litros (hasta 4 personas)
16361,1,1,3,0,1,1,4,De gas instantáneo de paso,Nuevo,No le da mantenimiento,
16364,1,1,3,0,1,1,4,De gas instantáneo de paso,Nuevo,No le da mantenimiento,
16365,1,1,3,0,1,4,1,De gas instantáneo de paso,Nuevo,Cada 6 meses,
16366,1,1,3,0,1,1,4,De gas instantáneo de paso,Nuevo,No le da mantenimiento,
16368,1,1,3,0,1,5,4,De gas instantáneo de paso,Nuevo,No le da mantenimiento,
16369,1,1,3,0,1,3,4,De gas instantáneo de paso,Nuevo,No le da mantenimiento,
16371,1,1,2,0,1,4,2,De gas de rápida recuperación,Nuevo,Cada año,
16372,1,1,3,0,1,1,4,De gas instantáneo de paso,Nuevo,No le da mantenimiento,
16373,1,1,1,2,1,11,4,De gas con deposito,Nuevo,No le da mantenimiento,De 50 a 60 litros (hasta 3 personas)
16374,1,1,1,1,1,1,1,De gas con deposito,Nuevo,Cada 6 meses,De 38 a 40 litros (hasta 2 personas)
16375,1,1,3,0,1,5,4,De gas instantáneo de paso,Nuevo,No le da mantenimiento,
16376,1,1,3,0,1,6,4,De gas instantáneo de paso,Nuevo,No le da mantenimiento,
16383,1,1,3,0,1,1,4,De gas instantáneo de paso,Nuevo,No le da mantenimiento,
16384,1,1,3,0,1,4,4,De gas instantáneo de paso,Nuevo,No le da mantenimiento,
16386,1,1,3,0,1,1,1,De gas instantáneo de paso,Nuevo,Cada 6 meses,
16388,1,1,3,0,1,1,4,De gas instantáneo de paso,Nuevo,No le da mantenimiento,
16390,1,1,1,3,1,4,1,De gas con deposito,Nuevo,Cada 6 meses,De 70 a 80 litros (hasta 4 personas)
16392,1,1,3,0,1,1,4,De gas instantáneo de paso,Nuevo,No le da mantenimiento,
16393,1,1,1,1,1,9,1,De gas con deposito,Nuevo,Cada 6 meses,De 38 a 40 litros (hasta 2 personas)
16395,1,1,3,0,2,3,4,De gas instantáneo de paso,Usado,No le da mantenimiento,
16396,1,1,3,0,1,3,4,De gas instantáneo de paso,Nuevo,No le da mantenimiento,
16400,1,1,3,0,1,1,4,De gas instantáneo de paso,Nuevo,No le da mantenimiento,
16401,1,1,3,0,1,2,4,De gas instantáneo de paso,Nuevo,No le da mantenimiento,
16402,1,1,3,0,1,3,4,De gas instantáneo de paso,Nuevo,No le da mantenimiento,
16403,1,1,1,1,1,5,2,De gas con deposito,Nuevo,Cada año,De 38 a 40 litros (hasta 2 personas)
16404,1,1,4,0,2,1,4,Eléctrico instantáneo de paso,Usado,No le da mantenimiento,
16405,1,1,1,2,1,2,1,De gas con deposito,Nuevo,Cada 6 meses,De 50 a 60 litros (hasta 3 personas)
16407,1,1,1,4,1,10,4,De gas con deposito,Nuevo,No le da mantenimiento,De 90 a 110 litros (hasta 6 personas)
16408,1,1,3,0,1,4,4,De gas instantáneo de paso,Nuevo,No le da mantenimiento,
16409,1,1,3,0,2,10,4,De gas instantáneo de paso,Usado,No le da mantenimiento,
16410,1,1,3,0,1,1,4,De gas instantáneo de paso,Nuevo,No le da mantenimiento,
16411,1,1,1,1,1,5,2,De gas con deposito,Nuevo,Cada año,De 38 a 40 litros (hasta 2 personas)
16412,1,1,1,1,1,10,3,De gas con deposito,Nuevo,Cada 2 años,De 38 a 40 litros (hasta 2 personas)
16413,1,1,1,3,1,15,4,De gas con deposito,Nuevo,No le da mantenimiento,De 70 a 80 litros (hasta 4 personas)
16415,1,1,1,2,1,1,4,De gas con deposito,Nuevo,No le da mantenimiento,De 50 a 60 litros (hasta 3 personas)
16420,1,1,1,2,2,3,2,De gas con deposito,Usado,Cada año,De 50 a 60 litros (hasta 3 personas)
16421,1,1,1,9,1,3,2,De gas con deposito,Nuevo,Cada año,No sabe
16422,1,1,3,0,1,1,4,De gas instantáneo de paso,Nuevo,No le da mantenimiento,
16423,1,1,1,2,1,17,4,De gas con deposito,Nuevo,No le da mantenimiento,De 50 a 60 litros (hasta 3 personas)
16424,1,1,3,0,1,8,4,De gas instantáneo de paso,Nuevo,No le da mantenimiento,
16425,1,1,3,0,1,3,4,De gas instantáneo de paso,Nuevo,No le da mantenimiento,
16426,1,1,1,1,2,4,4,De gas con deposito,Usado,No le da mantenimiento,De 38 a 40 litros (hasta 2 personas)
16427,1,1,3,0,1,5,2,De gas instantáneo de paso,Nuevo,Cada año,
16428,1,1,3,0,1,12,4,De gas instantáneo de paso,Nuevo,No le da mantenimiento,
16429,1,1,3,0,1,3,2,De gas instantáneo de paso,Nuevo,Cada año,
16429,1,2,3,0,1,3,2,De gas instantáneo de paso,Nuevo,Cada año,
16430,1,1,3,0,1,15,4,De gas instantáneo de paso,Nuevo,No le da mantenimiento,
16431,1,1,3,0,1,1,1,De gas instantáneo de paso,Nuevo,Cada 6 meses,
16432,1,1,3,0,1,3,1,De gas instantáneo de paso,Nuevo,Cada 6 meses,
16433,1,1,1,3,1,5,1,De gas con deposito,Nuevo,Cada 6 meses,De 70 a 80 litros (hasta 4 personas)
16434,1,1,3,0,1,5,4,De gas instantáneo de paso,Nuevo,No le da mantenimiento,
16435,1,1,1,2,1,2,4,De gas con deposito,Nuevo,No le da mantenimiento,De 50 a 60 litros (hasta 3 personas)
16436,1,1,1,3,1,15,1,De gas con deposito,Nuevo,Cada 6 meses,De 70 a 80 litros (hasta 4 personas)
16437,1,1,3,0,1,2,4,De gas instantáneo de paso,Nuevo,No le da mantenimiento,
16439,1,1,3,0,1,2,2,De gas instantáneo de paso,Nuevo,Cada año,
16440,1,1,1,3,1,1,4,De gas con deposito,Nuevo,No le da mantenimiento,De 70 a 80 litros (hasta 4 personas)
16441,1,1,1,1,2,5,2,De gas con deposito,Usado,Cada año,De 38 a 40 litros (hasta 2 personas)
16442,1,1,1,2,1,15,2,De gas con deposito,Nuevo,Cada año,De 50 a 60 litros (hasta 3 personas)
16443,1,1,3,0,1,10,4,De gas instantáneo de paso,Nuevo,No le da mantenimiento,
16444,1,1,8,9,2,1,4,Otro tipo de calentador (especificar),Usado,No le da mantenimiento,No sabe
16445,1,1,1,1,1,1,4,De gas con deposito,Nuevo,No le da mantenimiento,De 38 a 40 litros (hasta 2 personas)
16447,1,1,4,0,1,3,4,Eléctrico instantáneo de paso,Nuevo,No le da mantenimiento,
16451,1,1,3,0,1,3,4,De gas instantáneo de paso,Nuevo,No le da mantenimiento,
16452,1,1,1,9,2,99,4,De gas con deposito,Usado,No le da mantenimiento,No sabe
16453,1,1,3,0,1,5,4,De gas instantáneo de paso,Nuevo,No le da mantenimiento,
16454,1,1,1,3,1,1,4,De gas con deposito,Nuevo,No le da mantenimiento,De 70 a 80 litros (hasta 4 personas)
16455,1,1,1,2,2,2,4,De gas con deposito,Usado,No le da mantenimiento,De 50 a 60 litros (hasta 3 personas)
16456,1,1,3,0,1,1,4,De gas instantáneo de paso,Nuevo,No le da mantenimiento,
16457,1,1,1,2,1,15,3,De gas con deposito,Nuevo,Cada 2 años,De 50 a 60 litros (hasta 3 personas)
16458,1,1,1,2,1,15,2,De gas con deposito,Nuevo,Cada año,De 50 a 60 litros (hasta 3 personas)
16459,1,1,4,0,1,5,4,Eléctrico instantáneo de paso,Nuevo,No le da mantenimiento,
16460,1,1,1,1,1,13,4,De gas con deposito,Nuevo,No le da mantenimiento,De 38 a 40 litros (hasta 2 personas)
16460,1,2,1,1,1,8,4,De gas con deposito,Nuevo,No le da mantenimiento,De 38 a 40 litros (hasta 2 personas)
16461,1,1,1,1,2,3,3,De gas con deposito,Usado,Cada 2 años,De 38 a 40 litros (hasta 2 personas)
16462,1,1,1,9,2,1,4,De gas con deposito,Usado,No le da mantenimiento,No sabe
16463,1,1,1,3,2,4,2,De gas con deposito,Usado,Cada año,De 70 a 80 litros (hasta 4 personas)
16464,1,1,3,0,1,5,4,De gas instantáneo de paso,Nuevo,No le da mantenimiento,
16465,1,1,3,0,1,5,4,De gas instantáneo de paso,Nuevo,No le da mantenimiento,
16466,1,1,3,0,2,2,4,De gas instantáneo de paso,Usado,No le da mantenimiento,
16468,1,1,3,0,1,5,4,De gas instantáneo de paso,Nuevo,No le da mantenimiento,
16469,1,1,1,2,1,15,4,De gas con deposito,Nuevo,No le da mantenimiento,De 50 a 60 litros (hasta 3 personas)
16470,1,1,1,1,1,10,3,De gas con deposito,Nuevo,Cada 2 años,De 38 a 40 litros (hasta 2 personas)
16470,1,2,1,1,1,10,3,De gas con deposito,Nuevo,Cada 2 años,De 38 a 40 litros (hasta 2 personas)
16472,1,1,1,1,2,10,4,De gas con deposito,Usado,No le da mantenimiento,De 38 a 40 litros (hasta 2 personas)
16473,1,1,1,1,1,1,1,De gas con deposito,Nuevo,Cada 6 meses,De 38 a 40 litros (hasta 2 personas)
16474,1,1,3,0,1,2,4,De gas instantáneo de paso,Nuevo,No le da mantenimiento,
16475,1,1,1,2,1,3,1,De gas con deposito,Nuevo,Cada 6 meses,De 50 a 60 litros (hasta 3 personas)
16476,1,1,1,1,2,2,2,De gas con deposito,Usado,Cada año,De 38 a 40 litros (hasta 2 personas)
16477,1,1,1,1,1,15,1,De gas con deposito,Nuevo,Cada 6 meses,De 38 a 40 litros (hasta 2 personas)
16478,1,1,1,2,2,1,4,De gas con deposito,Usado,No le da mantenimiento,De 50 a 60 litros (hasta 3 personas)
16479,1,1,5,1,2,4,4,Eléctrico con depósito,Usado,No le da mantenimiento,De 38 a 40 litros (hasta 2 personas)
16480,1,1,1,9,2,99,4,De gas con deposito,Usado,No le da mantenimiento,No sabe
16481,1,1,1,1,1,6,4,De gas con deposito,Nuevo,No le da mantenimiento,De 38 a 40 litros (hasta 2 personas)
16482,1,1,1,3,1,8,2,De gas con deposito,Nuevo,Cada año,De 70 a 80 litros (hasta 4 personas)
16483,1,1,3,0,1,5,2,De gas instantáneo de paso,Nuevo,Cada año,
16484,1,1,3,0,1,10,4,De gas instantáneo de paso,Nuevo,No le da mantenimiento,
16485,1,1,3,0,1,4,4,De gas instantáneo de paso,Nuevo,No le da mantenimiento,
16487,1,1,3,0,1,2,4,De gas instantáneo de paso,Nuevo,No le da mantenimiento,
16488,1,1,3,0,2,3,4,De gas instantáneo de paso,Usado,No le da mantenimiento,
16489,1,1,1,1,2,12,1,De gas con deposito,Usado,Cada 6 meses,De 38 a 40 litros (hasta 2 personas)
16490,1,1,1,3,1,5,4,De gas con deposito,Nuevo,No le da mantenimiento,De 70 a 80 litros (hasta 4 personas)
16491,1,1,1,2,1,1,2,De gas con deposito,Nuevo,Cada año,De 50 a 60 litros (hasta 3 personas)
16492,1,1,1,3,1,8,2,De gas con deposito,Nuevo,Cada año,De 70 a 80 litros (hasta 4 personas)
16493,1,1,7,6,1,4,4,Solar,Nuevo,No le da mantenimiento,Más de 140 litros (más de 7 personas)
16493,1,2,1,2,1,14,4,De gas con deposito,Nuevo,No le da mantenimiento,De 50 a 60 litros (hasta 3 personas)
16494,1,1,1,2,1,4,3,De gas con deposito,Nuevo,Cada 2 años,De 50 a 60 litros (hasta 3 personas)
16495,1,1,3,0,1,2,4,De gas instantáneo de paso,Nuevo,No le da mantenimiento,
16496,1,1,3,0,2,5,1,De gas instantáneo de paso,Usado,Cada 6 meses,
16499,1,1,1,1,1,5,1,De gas con deposito,Nuevo,Cada 6 meses,De 38 a 40 litros (hasta 2 personas)
16501,1,1,1,3,1,15,4,De gas con deposito,Nuevo,No le da mantenimiento,De 70 a 80 litros (hasta 4 personas)
16505,1,1,1,1,1,16,4,De gas con deposito,Nuevo,No le da mantenimiento,De 38 a 40 litros (hasta 2 personas)
16506,1,1,1,3,1,7,4,De gas con deposito,Nuevo,No le da mantenimiento,De 70 a 80 litros (hasta 4 personas)
16509,1,1,3,0,1,6,4,De gas instantáneo de paso,Nuevo,No le da mantenimiento,
16512,1,1,2,0,2,1,4,De gas de rápida recuperación,Usado,No le da mantenimiento,
16514,1,1,3,0,1,2,2,De gas instantáneo de paso,Nuevo,Cada año,
16515,1,1,3,0,1,1,2,De gas instantáneo de paso,Nuevo,Cada año,
16517,1,1,1,1,2,2,3,De gas con deposito,Usado,Cada 2 años,De 38 a 40 litros (hasta 2 personas)
16518,1,1,3,0,1,5,1,De gas instantáneo de paso,Nuevo,Cada 6 meses,
16519,1,1,3,0,1,4,4,De gas instantáneo de paso,Nuevo,No le da mantenimiento,
16520,1,1,3,0,1,3,2,De gas instantáneo de paso,Nuevo,Cada año,
16521,1,1,3,0,1,2,1,De gas instantáneo de paso,Nuevo,Cada 6 meses,
16522,1,1,3,0,1,2,4,De gas instantáneo de paso,Nuevo,No le da mantenimiento,
16523,1,1,3,0,1,1,1,De gas instantáneo de paso,Nuevo,Cada 6 meses,
16524,1,1,1,3,1,20,2,De gas con deposito,Nuevo,Cada año,De 70 a 80 litros (hasta 4 personas)
16528,1,1,3,0,1,1,4,De gas instantáneo de paso,Nuevo,No le da mantenimiento,
16532,1,1,3,0,2,4,4,De gas instantáneo de paso,Usado,No le da mantenimiento,
16534,1,1,1,5,2,1,4,De gas con deposito,Usado,No le da mantenimiento,De 120 a 140 litros (hasta 7 personas)
16537,1,1,1,4,1,15,4,De gas con deposito,Nuevo,No le da mantenimiento,De 90 a 110 litros (hasta 6 personas)
16539,1,1,1,1,1,2,2,De gas con deposito,Nuevo,Cada año,De 38 a 40 litros (hasta 2 personas)
16540,1,1,3,0,1,1,1,De gas instantáneo de paso,Nuevo,Cada 6 meses,
16546,1,1,1,1,1,15,4,De gas con deposito,Nuevo,No le da mantenimiento,De 38 a 40 litros (hasta 2 personas)
16553,1,1,3,0,1,1,4,De gas instantáneo de paso,Nuevo,No le da mantenimiento,
16557,1,1,3,0,1,1,4,De gas instantáneo de paso,Nuevo,No le da mantenimiento,
16559,1,1,3,0,1,3,4,De gas instantáneo de paso,Nuevo,No le da mantenimiento,
16562,1,1,3,0,1,1,4,De gas instantáneo de paso,Nuevo,No le da mantenimiento,
16563,1,1,3,0,1,5,4,De gas instantáneo de paso,Nuevo,No le da mantenimiento,
16564,1,1,3,0,1,7,4,De gas instantáneo de paso,Nuevo,No le da mantenimiento,
16565,1,1,1,2,1,2,2,De gas con deposito,Nuevo,Cada año,De 50 a 60 litros (hasta 3 personas)
16568,1,1,3,0,1,5,4,De gas instantáneo de paso,Nuevo,No le da mantenimiento,
16570,1,1,3,0,1,1,4,De gas instantáneo de paso,Nuevo,No le da mantenimiento,
16573,1,1,3,0,1,1,4,De gas instantáneo de paso,Nuevo,No le da mantenimiento,
16580,1,1,5,3,1,5,2,Eléctrico con depósito,Nuevo,Cada año,De 70 a 80 litros (hasta 4 personas)
16581,1,1,3,0,1,1,4,De gas instantáneo de paso,Nuevo,No le da mantenimiento,
16583,1,1,4,0,1,4,4,Eléctrico instantáneo de paso,Nuevo,No le da mantenimiento,
16584,1,1,3,0,1,7,4,De gas instantáneo de paso,Nuevo,No le da mantenimiento,
16584,1,2,4,0,1,7,4,Eléctrico instantáneo de paso,Nuevo,No le da mantenimiento,
16585,1,1,1,2,1,8,4,De gas con deposito,Nuevo,No le da mantenimiento,De 50 a 60 litros (hasta 3 personas)
16586,1,1,1,4,1,10,4,De gas con deposito,Nuevo,No le da mantenimiento,De 90 a 110 litros (hasta 6 personas)
16587,1,1,2,0,1,1,4,De gas de rápida recuperación,Nuevo,No le da mantenimiento,
16588,1,1,2,0,1,3,1,De gas de rápida recuperación,Nuevo,Cada 6 meses,
16589,1,1,1,3,1,5,3,De gas con deposito,Nuevo,Cada 2 años,De 70 a 80 litros (hasta 4 personas)
16590,1,1,3,0,1,1,4,De gas instantáneo de paso,Nuevo,No le da mantenimiento,
16591,1,1,1,3,1,10,4,De gas con deposito,Nuevo,No le da mantenimiento,De 70 a 80 litros (hasta 4 personas)
16592,1,1,3,0,1,2,4,De gas instantáneo de paso,Nuevo,No le da mantenimiento,
16593,1,1,3,0,1,2,1,De gas instantáneo de paso,Nuevo,Cada 6 meses,
16594,1,1,3,0,1,1,4,De gas instantáneo de paso,Nuevo,No le da mantenimiento,
16595,1,1,1,1,1,1,4,De gas con deposito,Nuevo,No le da mantenimiento,De 38 a 40 litros (hasta 2 personas)
16596,1,1,3,0,1,4,3,De gas instantáneo de paso,Nuevo,Cada 2 años,
16597,1,1,3,0,1,1,4,De gas instantáneo de paso,Nuevo,No le da mantenimiento,
16598,1,1,1,1,2,6,4,De gas con deposito,Usado,No le da mantenimiento,De 38 a 40 litros (hasta 2 personas)
16599,1,1,1,2,1,5,1,De gas con deposito,Nuevo,Cada 6 meses,De 50 a 60 litros (hasta 3 personas)
16600,1,1,1,1,1,4,1,De gas con deposito,Nuevo,Cada 6 meses,De 38 a 40 litros (hasta 2 personas)
16601,1,1,1,1,1,5,4,De gas con deposito,Nuevo,No le da mantenimiento,De 38 a 40 litros (hasta 2 personas)
16604,1,1,2,0,1,6,4,De gas de rápida recuperación,Nuevo,No le da mantenimiento,
16607,1,1,4,0,1,2,4,Eléctrico instantáneo de paso,Nuevo,No le da mantenimiento,
16608,1,1,1,3,1,25,2,De gas con deposito,Nuevo,Cada año,De 70 a 80 litros (hasta 4 personas)
16609,1,1,1,2,1,6,2,De gas con deposito,Nuevo,Cada año,De 50 a 60 litros (hasta 3 personas)
16610,1,1,1,1,2,3,4,De gas con deposito,Usado,No le da mantenimiento,De 38 a 40 litros (hasta 2 personas)
16612,1,1,3,0,1,3,2,De gas instantáneo de paso,Nuevo,Cada año,
16613,1,1,3,0,1,1,4,De gas instantáneo de paso,Nuevo,No le da mantenimiento,
16614,1,1,3,0,1,4,2,De gas instantáneo de paso,Nuevo,Cada año,
16615,1,1,1,3,1,10,2,De gas con deposito,Nuevo,Cada año,De 70 a 80 litros (hasta 4 personas)
16616,1,1,1,3,1,1,1,De gas con deposito,Nuevo,Cada 6 meses,De 70 a 80 litros (hasta 4 personas)
16617,1,1,1,1,1,99,4,De gas con deposito,Nuevo,No le da mantenimiento,De 38 a 40 litros (hasta 2 personas)
16618,1,1,3,0,1,3,4,De gas instantáneo de paso,Nuevo,No le da mantenimiento,
16619,1,1,3,0,1,4,4,De gas instantáneo de paso,Nuevo,No le da mantenimiento,
16620,1,1,1,2,1,3,1,De gas con deposito,Nuevo,Cada 6 meses,De 50 a 60 litros (hasta 3 personas)
16621,1,1,2,0,1,12,4,De gas de rápida recuperación,Nuevo,No le da mantenimiento,
16622,1,1,3,0,1,1,4,De gas instantáneo de paso,Nuevo,No le da mantenimiento,
16623,1,1,3,0,1,1,2,De gas instantáneo de paso,Nuevo,Cada año,
16624,1,1,1,4,1,8,4,De gas con deposito,Nuevo,No le da mantenimiento,De 90 a 110 litros (hasta 6 personas)
16625,1,1,3,0,1,2,2,De gas instantáneo de paso,Nuevo,Cada año,
16626,1,1,3,0,1,1,4,De gas instantáneo de paso,Nuevo,No le da mantenimiento,
16628,1,1,3,0,1,1,4,De gas instantáneo de paso,Nuevo,No le da mantenimiento,
16630,1,1,3,0,1,4,4,De gas instantáneo de paso,Nuevo,No le da mantenimiento,
16631,1,1,1,1,1,8,4,De gas con deposito,Nuevo,No le da mantenimiento,De 38 a 40 litros (hasta 2 personas)
16631,1,2,3,0,1,6,4,De gas instantáneo de paso,Nuevo,No le da mantenimiento,
16632,1,1,3,0,1,1,4,De gas instantáneo de paso,Nuevo,No le da mantenimiento,
16634,1,1,3,0,1,3,1,De gas instantáneo de paso,Nuevo,Cada 6 meses,
16637,1,1,3,0,1,9,4,De gas instantáneo de paso,Nuevo,No le da mantenimiento,
16638,1,1,1,2,1,15,3,De gas con deposito,Nuevo,Cada 2 años,De 50 a 60 litros (hasta 3 personas)
16639,1,1,1,2,1,4,4,De gas con deposito,Nuevo,No le da mantenimiento,De 50 a 60 litros (hasta 3 personas)
16641,1,1,3,0,1,10,4,De gas instantáneo de paso,Nuevo,No le da mantenimiento,
16644,1,1,3,0,1,6,4,De gas instantáneo de paso,Nuevo,No le da mantenimiento,
16645,1,1,3,0,1,5,4,De gas instantáneo de paso,Nuevo,No le da mantenimiento,
16647,1,1,1,4,1,7,1,De gas con deposito,Nuevo,Cada 6 meses,De 90 a 110 litros (hasta 6 personas)
16648,1,1,1,1,1,1,4,De gas con deposito,Nuevo,No le da mantenimiento,De 38 a 40 litros (hasta 2 personas)
16649,1,1,2,0,1,4,4,De gas de rápida recuperación,Nuevo,No le da mantenimiento,
16651,1,1,1,2,1,9,2,De gas con deposito,Nuevo,Cada año,De 50 a 60 litros (hasta 3 personas)
16652,1,1,3,0,1,3,4,De gas instantáneo de paso,Nuevo,No le da mantenimiento,
16653,1,1,3,0,1,5,4,De gas instantáneo de paso,Nuevo,No le da mantenimiento,
16655,1,1,3,0,1,1,4,De gas instantáneo de paso,Nuevo,No le da mantenimiento,
16656,1,1,1,3,1,30,4,De gas con deposito,Nuevo,No le da mantenimiento,De 70 a 80 litros (hasta 4 personas)
16658,1,1,3,0,1,2,4,De gas instantáneo de paso,Nuevo,No le da mantenimiento,
16659,1,1,5,3,1,15,3,Eléctrico con depósito,Nuevo,Cada 2 años,De 70 a 80 litros (hasta 4 personas)
16660,1,1,1,1,1,12,4,De gas con deposito,Nuevo,No le da mantenimiento,De 38 a 40 litros (hasta 2 personas)
16663,1,1,3,0,1,7,4,De gas instantáneo de paso,Nuevo,No le da mantenimiento,
16664,1,1,4,0,1,5,4,Eléctrico instantáneo de paso,Nuevo,No le da mantenimiento,
16665,1,1,1,1,2,2,1,De gas con deposito,Usado,Cada 6 meses,De 38 a 40 litros (hasta 2 personas)
16666,1,1,3,0,2,3,4,De gas instantáneo de paso,Usado,No le da mantenimiento,
16667,1,1,3,0,1,1,4,De gas instantáneo de paso,Nuevo,No le da mantenimiento,
16669,1,1,1,1,1,2,1,De gas con deposito,Nuevo,Cada 6 meses,De 38 a 40 litros (hasta 2 personas)
16670,1,1,3,0,1,1,1,De gas instantáneo de paso,Nuevo,Cada 6 meses,
16671,1,1,1,2,1,6,2,De gas con deposito,Nuevo,Cada año,De 50 a 60 litros (hasta 3 personas)
16672,1,1,1,1,2,3,4,De gas con deposito,Usado,No le da mantenimiento,De 38 a 40 litros (hasta 2 personas)
16678,1,1,3,0,1,3,4,De gas instantáneo de paso,Nuevo,No le da mantenimiento,
16680,1,1,5,2,1,7,2,Eléctrico con depósito,Nuevo,Cada año,De 50 a 60 litros (hasta 3 personas)
16683,1,1,1,3,1,25,4,De gas con deposito,Nuevo,No le da mantenimiento,De 70 a 80 litros (hasta 4 personas)
16684,1,1,1,2,1,15,3,De gas con deposito,Nuevo,Cada 2 años,De 50 a 60 litros (hasta 3 personas)
16685,1,1,3,0,2,1,4,De gas instantáneo de paso,Usado,No le da mantenimiento,
16686,1,1,3,0,1,7,4,De gas instantáneo de paso,Nuevo,No le da mantenimiento,
16687,1,1,1,1,1,8,4,De gas con deposito,Nuevo,No le da mantenimiento,De 38 a 40 litros (hasta 2 personas)
16688,1,1,3,0,1,6,2,De gas instantáneo de paso,Nuevo,Cada año,
16689,1,1,3,0,1,12,4,De gas instantáneo de paso,Nuevo,No le da mantenimiento,
16690,1,1,1,1,2,10,3,De gas con deposito,Usado,Cada 2 años,De 38 a 40 litros (hasta 2 personas)
16692,1,1,1,1,1,1,4,De gas con deposito,Nuevo,No le da mantenimiento,De 38 a 40 litros (hasta 2 personas)
16694,1,1,3,0,1,5,1,De gas instantáneo de paso,Nuevo,Cada 6 meses,
16695,1,1,3,0,1,1,4,De gas instantáneo de paso,Nuevo,No le da mantenimiento,
16696,1,1,1,4,1,13,4,De gas con deposito,Nuevo,No le da mantenimiento,De 90 a 110 litros (hasta 6 personas)
16698,1,1,1,2,1,15,4,De gas con deposito,Nuevo,No le da mantenimiento,De 50 a 60 litros (hasta 3 personas)
16699,1,1,3,0,1,3,1,De gas instantáneo de paso,Nuevo,Cada 6 meses,
16700,1,1,2,0,1,1,4,De gas de rápida recuperación,Nuevo,No le da mantenimiento,
16701,1,1,1,1,1,12,1,De gas con deposito,Nuevo,Cada 6 meses,De 38 a 40 litros (hasta 2 personas)
16705,1,1,1,1,1,14,3,De gas con deposito,Nuevo,Cada 2 años,De 38 a 40 litros (hasta 2 personas)
16706,1,1,4,0,1,10,4,Eléctrico instantáneo de paso,Nuevo,No le da mantenimiento,
16707,1,1,3,0,1,1,4,De gas instantáneo de paso,Nuevo,No le da mantenimiento,
16708,1,1,3,0,1,5,4,De gas instantáneo de paso,Nuevo,No le da mantenimiento,
16709,1,1,1,2,1,6,1,De gas con deposito,Nuevo,Cada 6 meses,De 50 a 60 litros (hasta 3 personas)
16710,1,1,1,3,1,6,1,De gas con deposito,Nuevo,Cada 6 meses,De 70 a 80 litros (hasta 4 personas)
16711,1,1,1,2,1,5,2,De gas con deposito,Nuevo,Cada año,De 50 a 60 litros (hasta 3 personas)
16713,1,1,3,0,1,2,4,De gas instantáneo de paso,Nuevo,No le da mantenimiento,
16714,1,1,1,1,1,15,2,De gas con deposito,Nuevo,Cada año,De 38 a 40 litros (hasta 2 personas)
16715,1,1,4,0,2,3,4,Eléctrico instantáneo de paso,Usado,No le da mantenimiento,
16716,1,1,3,0,1,6,4,De gas instantáneo de paso,Nuevo,No le da mantenimiento,
16717,1,1,3,0,1,10,3,De gas instantáneo de paso,Nuevo,Cada 2 años,
16722,1,1,1,4,1,8,3,De gas con deposito,Nuevo,Cada 2 años,De 90 a 110 litros (hasta 6 personas)
16723,1,1,3,0,1,1,4,De gas instantáneo de paso,Nuevo,No le da mantenimiento,
16724,1,1,3,0,1,5,4,De gas instantáneo de paso,Nuevo,No le da mantenimiento,
16725,1,1,1,1,2,9,2,De gas con deposito,Usado,Cada año,De 38 a 40 litros (hasta 2 personas)
16726,1,1,1,1,1,1,1,De gas con deposito,Nuevo,Cada 6 meses,De 38 a 40 litros (hasta 2 personas)
16727,1,1,5,1,1,2,4,Eléctrico con depósito,Nuevo,No le da mantenimiento,De 38 a 40 litros (hasta 2 personas)
16729,1,1,4,0,1,1,4,Eléctrico instantáneo de paso,Nuevo,No le da mantenimiento,
16732,1,1,1,1,1,10,2,De gas con deposito,Nuevo,Cada año,De 38 a 40 litros (hasta 2 personas)
16733,1,1,1,3,1,11,2,De gas con deposito,Nuevo,Cada año,De 70 a 80 litros (hasta 4 personas)
16743,1,1,3,0,1,2,4,De gas instantáneo de paso,Nuevo,No le da mantenimiento,
16746,1,1,3,0,1,10,4,De gas instantáneo de paso,Nuevo,No le da mantenimiento,
16748,1,1,1,2,1,12,1,De gas con deposito,Nuevo,Cada 6 meses,De 50 a 60 litros (hasta 3 personas)
16749,1,1,3,0,1,10,4,De gas instantáneo de paso,Nuevo,No le da mantenimiento,
16755,1,1,3,0,1,4,4,De gas instantáneo de paso,Nuevo,No le da mantenimiento,
16756,1,1,3,0,1,12,4,De gas instantáneo de paso,Nuevo,No le da mantenimiento,
16757,1,1,3,0,1,4,4,De gas instantáneo de paso,Nuevo,No le da mantenimiento,
16759,1,1,3,0,1,3,4,De gas instantáneo de paso,Nuevo,No le da mantenimiento,
16760,1,1,3,0,1,8,4,De gas instantáneo de paso,Nuevo,No le da mantenimiento,
16762,1,1,5,3,2,1,2,Eléctrico con depósito,Usado,Cada año,De 70 a 80 litros (hasta 4 personas)
16765,1,1,3,0,1,5,4,De gas instantáneo de paso,Nuevo,No le da mantenimiento,
16766,1,1,3,0,1,3,4,De gas instantáneo de paso,Nuevo,No le da mantenimiento,
16767,1,1,3,0,1,3,4,De gas instantáneo de paso,Nuevo,No le da mantenimiento,
16768,1,1,3,0,1,1,4,De gas instantáneo de paso,Nuevo,No le da mantenimiento,
16769,1,1,1,3,1,15,4,De gas con deposito,Nuevo,No le da mantenimiento,De 70 a 80 litros (hasta 4 personas)
16770,1,1,3,0,1,7,4,De gas instantáneo de paso,Nuevo,No le da mantenimiento,
16771,1,1,3,0,1,1,4,De gas instantáneo de paso,Nuevo,No le da mantenimiento,
16780,1,1,1,3,2,8,4,De gas con deposito,Usado,No le da mantenimiento,De 70 a 80 litros (hasta 4 personas)
16784,1,1,2,0,2,7,4,De gas de rápida recuperación,Usado,No le da mantenimiento,
16786,1,1,1,4,1,6,2,De gas con deposito,Nuevo,Cada año,De 90 a 110 litros (hasta 6 personas)
16787,1,1,3,0,1,1,4,De gas instantáneo de paso,Nuevo,No le da mantenimiento,
16790,1,1,6,3,2,5,4,De leña,Usado,No le da mantenimiento,De 70 a 80 litros (hasta 4 personas)
16791,1,1,1,3,1,6,4,De gas con deposito,Nuevo,No le da mantenimiento,De 70 a 80 litros (hasta 4 personas)
16793,1,1,3,0,1,1,4,De gas instantáneo de paso,Nuevo,No le da mantenimiento,
16794,1,1,3,0,1,3,4,De gas instantáneo de paso,Nuevo,No le da mantenimiento,
16798,1,1,3,0,1,1,4,De gas instantáneo de paso,Nuevo,No le da mantenimiento,
16800,1,1,3,0,2,2,4,De gas instantáneo de paso,Usado,No le da mantenimiento,
16801,1,1,3,0,1,1,4,De gas instantáneo de paso,Nuevo,No le da mantenimiento,
16802,1,1,3,0,1,2,4,De gas instantáneo de paso,Nuevo,No le da mantenimiento,
16803,1,1,3,0,1,1,4,De gas instantáneo de paso,Nuevo,No le da mantenimiento,
16807,1,1,3,0,1,4,4,De gas instantáneo de paso,Nuevo,No le da mantenimiento,
16808,1,1,1,1,1,2,1,De gas con deposito,Nuevo,Cada 6 meses,De 38 a 40 litros (hasta 2 personas)
16809,1,1,3,0,1,3,4,De gas instantáneo de paso,Nuevo,No le da mantenimiento,
16815,1,1,3,0,1,4,4,De gas instantáneo de paso,Nuevo,No le da mantenimiento,
16816,1,1,3,0,1,4,2,De gas instantáneo de paso,Nuevo,Cada año,
16831,1,1,3,0,1,2,4,De gas instantáneo de paso,Nuevo,No le da mantenimiento,
16833,1,1,3,0,1,1,4,De gas instantáneo de paso,Nuevo,No le da mantenimiento,
16842,1,1,1,1,1,1,1,De gas con deposito,Nuevo,Cada 6 meses,De 38 a 40 litros (hasta 2 personas)
16843,1,1,4,0,1,6,4,Eléctrico instantáneo de paso,Nuevo,No le da mantenimiento,
16844,1,1,3,0,1,2,1,De gas instantáneo de paso,Nuevo,Cada 6 meses,
16845,1,1,3,0,1,1,4,De gas instantáneo de paso,Nuevo,No le da mantenimiento,
16846,1,1,1,1,1,3,2,De gas con deposito,Nuevo,Cada año,De 38 a 40 litros (hasta 2 personas)
16847,1,1,1,5,1,10,2,De gas con deposito,Nuevo,Cada año,De 120 a 140 litros (hasta 7 personas)
16848,1,1,3,0,1,4,4,De gas instantáneo de paso,Nuevo,No le da mantenimiento,
16849,1,1,1,2,1,8,2,De gas con deposito,Nuevo,Cada año,De 50 a 60 litros (hasta 3 personas)
16850,1,1,3,0,1,3,1,De gas instantáneo de paso,Nuevo,Cada 6 meses,
16852,1,1,3,0,1,5,4,De gas instantáneo de paso,Nuevo,No le da mantenimiento,
16853,1,1,3,0,1,2,4,De gas instantáneo de paso,Nuevo,No le da mantenimiento,
16855,1,1,3,0,1,1,4,De gas instantáneo de paso,Nuevo,No le da mantenimiento,
16858,1,1,3,0,2,1,4,De gas instantáneo de paso,Usado,No le da mantenimiento,
16862,1,1,3,0,1,2,2,De gas instantáneo de paso,Nuevo,Cada año,
16866,1,1,3,0,1,1,4,De gas instantáneo de paso,Nuevo,No le da mantenimiento,
16878,1,1,1,2,1,12,2,De gas con deposito,Nuevo,Cada año,De 50 a 60 litros (hasta 3 personas)
16879,1,1,1,2,1,20,1,De gas con deposito,Nuevo,Cada 6 meses,De 50 a 60 litros (hasta 3 personas)
16881,1,1,1,1,2,1,4,De gas con deposito,Usado,No le da mantenimiento,De 38 a 40 litros (hasta 2 personas)
16886,1,1,1,3,2,4,2,De gas con deposito,Usado,Cada año,De 70 a 80 litros (hasta 4 personas)
16888,1,1,3,0,2,3,1,De gas instantáneo de paso,Usado,Cada 6 meses,
16892,1,1,1,3,2,9,3,De gas con deposito,Usado,Cada 2 años,De 70 a 80 litros (hasta 4 personas)
16894,1,1,4,0,1,4,4,Eléctrico instantáneo de paso,Nuevo,No le da mantenimiento,
16900,1,1,1,2,1,10,4,De gas con deposito,Nuevo,No le da mantenimiento,De 50 a 60 litros (hasta 3 personas)
16904,1,1,1,1,2,99,4,De gas con deposito,Usado,No le da mantenimiento,De 38 a 40 litros (hasta 2 personas)
16906,1,1,1,2,1,30,3,De gas con deposito,Nuevo,Cada 2 años,De 50 a 60 litros (hasta 3 personas)
16908,1,1,3,0,2,2,1,De gas instantáneo de paso,Usado,Cada 6 meses,
16909,1,1,1,3,1,12,1,De gas con deposito,Nuevo,Cada 6 meses,De 70 a 80 litros (hasta 4 personas)
16912,1,1,6,4,2,3,2,De leña,Usado,Cada año,De 90 a 110 litros (hasta 6 personas)
16915,1,1,6,4,2,1,4,De leña,Usado,No le da mantenimiento,De 90 a 110 litros (hasta 6 personas)
16922,1,1,3,0,1,1,4,De gas instantáneo de paso,Nuevo,No le da mantenimiento,
16932,1,1,1,2,2,10,4,De gas con deposito,Usado,No le da mantenimiento,De 50 a 60 litros (hasta 3 personas)
16945,1,1,3,0,1,1,4,De gas instantáneo de paso,Nuevo,No le da mantenimiento,
16960,1,1,1,2,1,15,4,De gas con deposito,Nuevo,No le da mantenimiento,De 50 a 60 litros (hasta 3 personas)
16974,1,1,4,0,1,2,4,Eléctrico instantáneo de paso,Nuevo,No le da mantenimiento,
16986,1,1,1,3,1,1,4,De gas con deposito,Nuevo,No le da mantenimiento,De 70 a 80 litros (hasta 4 personas)
16991,1,1,1,1,1,1,1,De gas con deposito,Nuevo,Cada 6 meses,De 38 a 40 litros (hasta 2 personas)
16992,1,1,1,1,1,5,2,De gas con deposito,Nuevo,Cada año,De 38 a 40 litros (hasta 2 personas)
16993,1,1,2,0,1,3,1,De gas de rápida recuperación,Nuevo,Cada 6 meses,
16994,1,1,1,1,1,5,1,De gas con deposito,Nuevo,Cada 6 meses,De 38 a 40 litros (hasta 2 personas)
16996,1,1,2,0,1,5,1,De gas de rápida recuperación,Nuevo,Cada 6 meses,
16997,1,1,2,0,1,6,1,De gas de rápida recuperación,Nuevo,Cada 6 meses,
16999,1,1,1,1,1,10,2,De gas con deposito,Nuevo,Cada año,De 38 a 40 litros (hasta 2 personas)
17000,1,1,1,3,1,20,2,De gas con deposito,Nuevo,Cada año,De 70 a 80 litros (hasta 4 personas)
17001,1,1,1,3,1,6,1,De gas con deposito,Nuevo,Cada 6 meses,De 70 a 80 litros (hasta 4 personas)
17003,1,1,2,0,1,4,4,De gas de rápida recuperación,Nuevo,No le da mantenimiento,
17004,1,1,1,1,1,3,1,De gas con deposito,Nuevo,Cada 6 meses,De 38 a 40 litros (hasta 2 personas)
17008,1,1,1,1,1,3,1,De gas con deposito,Nuevo,Cada 6 meses,De 38 a 40 litros (hasta 2 personas)
17009,1,1,1,1,1,4,1,De gas con deposito,Nuevo,Cada 6 meses,De 38 a 40 litros (hasta 2 personas)
17012,1,1,1,2,1,6,1,De gas con deposito,Nuevo,Cada 6 meses,De 50 a 60 litros (hasta 3 personas)
17013,1,1,1,1,1,10,3,De gas con deposito,Nuevo,Cada 2 años,De 38 a 40 litros (hasta 2 personas)
17014,1,1,1,1,2,5,4,De gas con deposito,Usado,No le da mantenimiento,De 38 a 40 litros (hasta 2 personas)
17016,1,1,1,1,1,4,1,De gas con deposito,Nuevo,Cada 6 meses,De 38 a 40 litros (hasta 2 personas)
17017,1,1,7,3,1,99,4,Solar,Nuevo,No le da mantenimiento,De 70 a 80 litros (hasta 4 personas)
17020,1,1,3,0,1,5,1,De gas instantáneo de paso,Nuevo,Cada 6 meses,
17024,1,1,1,9,1,5,4,De gas con deposito,Nuevo,No le da mantenimiento,No sabe
17026,1,1,2,0,1,15,1,De gas de rápida recuperación,Nuevo,Cada 6 meses,
17027,1,1,7,1,1,1,1,Solar,Nuevo,Cada 6 meses,De 38 a 40 litros (hasta 2 personas)
17030,1,1,1,2,1,10,2,De gas con deposito,Nuevo,Cada año,De 50 a 60 litros (hasta 3 personas)
17031,1,1,1,9,1,1,4,De gas con deposito,Nuevo,No le da mantenimiento,No sabe
17032,1,1,1,1,1,8,1,De gas con deposito,Nuevo,Cada 6 meses,De 38 a 40 litros (hasta 2 personas)
17034,1,1,2,0,1,1,4,De gas de rápida recuperación,Nuevo,No le da mantenimiento,
17035,1,1,1,1,1,1,4,De gas con deposito,Nuevo,No le da mantenimiento,De 38 a 40 litros (hasta 2 personas)
17038,1,1,2,0,1,2,2,De gas de rápida recuperación,Nuevo,Cada año,
17044,1,1,5,1,1,5,2,Eléctrico con depósito,Nuevo,Cada año,De 38 a 40 litros (hasta 2 personas)
17045,1,1,5,1,1,15,1,Eléctrico con depósito,Nuevo,Cada 6 meses,De 38 a 40 litros (hasta 2 personas)
17046,1,1,1,3,1,5,4,De gas con deposito,Nuevo,No le da mantenimiento,De 70 a 80 litros (hasta 4 personas)
17048,1,1,5,3,1,10,2,Eléctrico con depósito,Nuevo,Cada año,De 70 a 80 litros (hasta 4 personas)
17051,1,1,1,1,1,5,2,De gas con deposito,Nuevo,Cada año,De 38 a 40 litros (hasta 2 personas)
17052,1,1,2,0,1,6,4,De gas de rápida recuperación,Nuevo,No le da mantenimiento,
17083,1,1,1,2,1,10,4,De gas con deposito,Nuevo,No le da mantenimiento,De 50 a 60 litros (hasta 3 personas)
17085,1,1,1,1,1,10,2,De gas con deposito,Nuevo,Cada año,De 38 a 40 litros (hasta 2 personas)
17089,1,1,1,3,1,7,4,De gas con deposito,Nuevo,No le da mantenimiento,De 70 a 80 litros (hasta 4 personas)
17092,1,1,1,3,1,15,4,De gas con deposito,Nuevo,No le da mantenimiento,De 70 a 80 litros (hasta 4 personas)
17093,1,1,1,1,1,3,1,De gas con deposito,Nuevo,Cada 6 meses,De 38 a 40 litros (hasta 2 personas)
17095,1,1,1,1,1,4,1,De gas con deposito,Nuevo,Cada 6 meses,De 38 a 40 litros (hasta 2 personas)
17096,1,1,1,9,2,1,1,De gas con deposito,Usado,Cada 6 meses,No sabe
17110,1,1,1,1,1,6,4,De gas con deposito,Nuevo,No le da mantenimiento,De 38 a 40 litros (hasta 2 personas)
17116,1,1,1,1,1,4,2,De gas con deposito,Nuevo,Cada año,De 38 a 40 litros (hasta 2 personas)
17123,1,1,1,1,1,4,1,De gas con deposito,Nuevo,Cada 6 meses,De 38 a 40 litros (hasta 2 personas)
17124,1,1,1,1,1,4,1,De gas con deposito,Nuevo,Cada 6 meses,De 38 a 40 litros (hasta 2 personas)
17125,1,1,1,1,1,10,2,De gas con deposito,Nuevo,Cada año,De 38 a 40 litros (hasta 2 personas)
17143,1,1,1,1,2,4,1,De gas con deposito,Usado,Cada 6 meses,De 38 a 40 litros (hasta 2 personas)
17147,1,1,7,5,1,4,1,Solar,Nuevo,Cada 6 meses,De 120 a 140 litros (hasta 7 personas)
17153,1,1,7,3,1,1,1,Solar,Nuevo,Cada 6 meses,De 70 a 80 litros (hasta 4 personas)
17162,1,1,7,3,1,1,4,Solar,Nuevo,No le da mantenimiento,De 70 a 80 litros (hasta 4 personas)
17163,1,1,1,1,1,5,1,De gas con deposito,Nuevo,Cada 6 meses,De 38 a 40 litros (hasta 2 personas)
17168,1,1,2,0,1,5,1,De gas de rápida recuperación,Nuevo,Cada 6 meses,
17169,1,1,3,0,1,2,1,De gas instantáneo de paso,Nuevo,Cada 6 meses,
17170,1,1,1,1,1,15,1,De gas con deposito,Nuevo,Cada 6 meses,De 38 a 40 litros (hasta 2 personas)
17170,1,2,3,0,1,4,1,De gas instantáneo de paso,Nuevo,Cada 6 meses,
17175,1,1,1,3,1,20,2,De gas con deposito,Nuevo,Cada año,De 70 a 80 litros (hasta 4 personas)
17185,1,1,1,1,1,17,4,De gas con deposito,Nuevo,No le da mantenimiento,De 38 a 40 litros (hasta 2 personas)
17189,1,1,6,1,1,3,4,De leña,Nuevo,No le da mantenimiento,De 38 a 40 litros (hasta 2 personas)
17190,1,1,3,0,1,10,4,De gas instantáneo de paso,Nuevo,No le da mantenimiento,
17191,1,1,1,2,1,8,2,De gas con deposito,Nuevo,Cada año,De 50 a 60 litros (hasta 3 personas)
17192,1,1,2,0,1,2,1,De gas de rápida recuperación,Nuevo,Cada 6 meses,
17193,1,1,1,2,1,1,1,De gas con deposito,Nuevo,Cada 6 meses,De 50 a 60 litros (hasta 3 personas)
17195,1,1,1,1,1,18,3,De gas con deposito,Nuevo,Cada 2 años,De 38 a 40 litros (hasta 2 personas)
17198,1,1,3,0,1,2,2,De gas instantáneo de paso,Nuevo,Cada año,
17200,1,1,2,0,1,3,4,De gas de rápida recuperación,Nuevo,No le da mantenimiento,
17203,1,1,1,1,1,15,1,De gas con deposito,Nuevo,Cada 6 meses,De 38 a 40 litros (hasta 2 personas)
17206,1,1,2,0,1,6,2,De gas de rápida recuperación,Nuevo,Cada año,
17207,1,1,1,1,2,4,2,De gas con deposito,Usado,Cada año,De 38 a 40 litros (hasta 2 personas)
17208,1,1,1,1,1,15,2,De gas con deposito,Nuevo,Cada año,De 38 a 40 litros (hasta 2 personas)
17212,1,1,1,6,2,2,1,De gas con deposito,Usado,Cada 6 meses,Más de 140 litros (más de 7 personas)
17213,1,1,7,1,1,3,4,Solar,Nuevo,No le da mantenimiento,De 38 a 40 litros (hasta 2 personas)
17242,1,1,2,0,1,3,4,De gas de rápida recuperación,Nuevo,No le da mantenimiento,
17244,1,1,4,0,1,1,4,Eléctrico instantáneo de paso,Nuevo,No le da mantenimiento,
17253,1,1,2,0,1,3,1,De gas de rápida recuperación,Nuevo,Cada 6 meses,
17257,1,1,1,2,1,1,1,De gas con deposito,Nuevo,Cada 6 meses,De 50 a 60 litros (hasta 3 personas)
17262,1,1,1,2,1,10,1,De gas con deposito,Nuevo,Cada 6 meses,De 50 a 60 litros (hasta 3 personas)
17296,1,1,2,0,1,1,1,De gas de rápida recuperación,Nuevo,Cada 6 meses,
17297,1,1,7,1,1,1,4,Solar,Nuevo,No le da mantenimiento,De 38 a 40 litros (hasta 2 personas)
17298,1,1,2,0,1,8,1,De gas de rápida recuperación,Nuevo,Cada 6 meses,
17300,1,1,1,1,2,25,4,De gas con deposito,Usado,No le da mantenimiento,De 38 a 40 litros (hasta 2 personas)
17342,1,1,2,0,1,3,4,De gas de rápida recuperación,Nuevo,No le da mantenimiento,
17343,1,1,2,0,1,1,1,De gas de rápida recuperación,Nuevo,Cada 6 meses,
17345,1,1,2,0,1,10,2,De gas de rápida recuperación,Nuevo,Cada año,
17346,1,1,7,3,1,1,1,Solar,Nuevo,Cada 6 meses,De 70 a 80 litros (hasta 4 personas)
17352,1,1,2,0,1,3,1,De gas de rápida recuperación,Nuevo,Cada 6 meses,
17355,1,1,2,0,1,1,2,De gas de rápida recuperación,Nuevo,Cada año,
17359,1,1,1,9,1,15,4,De gas con deposito,Nuevo,No le da mantenimiento,No sabe
17362,1,1,1,9,1,10,4,De gas con deposito,Nuevo,No le da mantenimiento,No sabe
17363,1,1,1,1,1,10,1,De gas con deposito,Nuevo,Cada 6 meses,De 38 a 40 litros (hasta 2 personas)
17387,1,1,1,1,1,1,4,De gas con deposito,Nuevo,No le da mantenimiento,De 38 a 40 litros (hasta 2 personas)
17388,1,1,3,0,1,8,1,De gas instantáneo de paso,Nuevo,Cada 6 meses,
17398,1,1,2,0,1,1,4,De gas de rápida recuperación,Nuevo,No le da mantenimiento,
17400,1,1,3,0,1,1,4,De gas instantáneo de paso,Nuevo,No le da mantenimiento,
17404,1,1,7,4,1,1,4,Solar,Nuevo,No le da mantenimiento,De 90 a 110 litros (hasta 6 personas)
17524,1,1,7,1,1,8,1,Solar,Nuevo,Cada 6 meses,De 38 a 40 litros (hasta 2 personas)
17526,1,1,7,1,1,10,4,Solar,Nuevo,No le da mantenimiento,De 38 a 40 litros (hasta 2 personas)
17528,1,1,7,2,1,10,2,Solar,Nuevo,Cada año,De 50 a 60 litros (hasta 3 personas)
17530,1,1,2,0,2,3,1,De gas de rápida recuperación,Usado,Cada 6 meses,
17532,1,1,7,6,1,10,1,Solar,Nuevo,Cada 6 meses,Más de 140 litros (más de 7 personas)
17533,1,1,7,2,1,8,4,Solar,Nuevo,No le da mantenimiento,De 50 a 60 litros (hasta 3 personas)
17536,1,1,7,4,1,5,4,Solar,Nuevo,No le da mantenimiento,De 90 a 110 litros (hasta 6 personas)
17537,1,1,7,9,1,3,1,Solar,Nuevo,Cada 6 meses,No sabe
17538,1,1,7,6,1,1,4,Solar,Nuevo,No le da mantenimiento,Más de 140 litros (más de 7 personas)
17547,1,1,6,2,1,1,4,De leña,Nuevo,No le da mantenimiento,De 50 a 60 litros (hasta 3 personas)
17653,1,1,7,3,1,1,1,Solar,Nuevo,Cada 6 meses,De 70 a 80 litros (hasta 4 personas)
17669,1,1,7,2,1,1,1,Solar,Nuevo,Cada 6 meses,De 50 a 60 litros (hasta 3 personas)
17738,1,1,4,0,1,2,1,Eléctrico instantáneo de paso,Nuevo,Cada 6 meses,
17827,1,1,1,1,1,8,4,De gas con deposito,Nuevo,No le da mantenimiento,De 38 a 40 litros (hasta 2 personas)
17912,1,1,2,0,1,4,1,De gas de rápida recuperación,Nuevo,Cada 6 meses,
17922,1,1,6,9,1,1,4,De leña,Nuevo,No le da mantenimiento,No sabe
17925,1,1,6,1,2,7,4,De leña,Usado,No le da mantenimiento,De 38 a 40 litros (hasta 2 personas)
17928,1,1,1,2,1,4,2,De gas con deposito,Nuevo,Cada año,De 50 a 60 litros (hasta 3 personas)
17930,1,1,3,0,2,99,4,De gas instantáneo de paso,Usado,No le da mantenimiento,
17934,1,1,1,3,1,8,1,De gas con deposito,Nuevo,Cada 6 meses,De 70 a 80 litros (hasta 4 personas)
17935,1,1,3,0,1,1,1,De gas instantáneo de paso,Nuevo,Cada 6 meses,
17936,1,1,3,0,1,6,4,De gas instantáneo de paso,Nuevo,No le da mantenimiento,
17937,1,1,3,0,1,1,1,De gas instantáneo de paso,Nuevo,Cada 6 meses,
17938,1,1,1,1,1,9,1,De gas con deposito,Nuevo,Cada 6 meses,De 38 a 40 litros (hasta 2 personas)
17938,1,2,7,4,1,6,2,Solar,Nuevo,Cada año,De 90 a 110 litros (hasta 6 personas)
17939,1,1,1,1,1,1,1,De gas con deposito,Nuevo,Cada 6 meses,De 38 a 40 litros (hasta 2 personas)
17940,1,1,3,0,1,7,1,De gas instantáneo de paso,Nuevo,Cada 6 meses,
17941,1,1,1,9,1,3,1,De gas con deposito,Nuevo,Cada 6 meses,No sabe
17942,1,1,1,1,1,17,2,De gas con deposito,Nuevo,Cada año,De 38 a 40 litros (hasta 2 personas)
17945,1,1,6,1,1,2,4,De leña,Nuevo,No le da mantenimiento,De 38 a 40 litros (hasta 2 personas)
17947,1,1,7,4,1,2,4,Solar,Nuevo,No le da mantenimiento,De 90 a 110 litros (hasta 6 personas)
17948,1,1,3,0,1,8,4,De gas instantáneo de paso,Nuevo,No le da mantenimiento,
17949,1,1,1,4,1,1,1,De gas con deposito,Nuevo,Cada 6 meses,De 90 a 110 litros (hasta 6 personas)
17950,1,1,1,1,1,3,1,De gas con deposito,Nuevo,Cada 6 meses,De 38 a 40 litros (hasta 2 personas)
17951,1,1,2,0,1,12,1,De gas de rápida recuperación,Nuevo,Cada 6 meses,
17953,1,1,2,0,1,6,2,De gas de rápida recuperación,Nuevo,Cada año,
17957,1,1,1,1,1,15,4,De gas con deposito,Nuevo,No le da mantenimiento,De 38 a 40 litros (hasta 2 personas)
17958,1,1,1,1,1,10,2,De gas con deposito,Nuevo,Cada año,De 38 a 40 litros (hasta 2 personas)
17959,1,1,1,1,1,12,4,De gas con deposito,Nuevo,No le da mantenimiento,De 38 a 40 litros (hasta 2 personas)
17960,1,1,4,0,1,6,4,Eléctrico instantáneo de paso,Nuevo,No le da mantenimiento,
17961,1,1,3,0,2,15,4,De gas instantáneo de paso,Usado,No le da mantenimiento,
17962,1,1,1,5,1,1,2,De gas con deposito,Nuevo,Cada año,De 120 a 140 litros (hasta 7 personas)
17963,1,1,1,1,1,24,4,De gas con deposito,Nuevo,No le da mantenimiento,De 38 a 40 litros (hasta 2 personas)
17964,1,1,3,0,2,6,2,De gas instantáneo de paso,Usado,Cada año,
17968,1,1,2,0,1,4,3,De gas de rápida recuperación,Nuevo,Cada 2 años,
17969,1,1,2,0,1,4,2,De gas de rápida recuperación,Nuevo,Cada año,
17970,1,1,2,0,1,4,2,De gas de rápida recuperación,Nuevo,Cada año,
17971,1,1,3,0,1,10,2,De gas instantáneo de paso,Nuevo,Cada año,
17972,1,1,1,1,1,20,4,De gas con deposito,Nuevo,No le da mantenimiento,De 38 a 40 litros (hasta 2 personas)
17974,1,1,3,0,1,8,2,De gas instantáneo de paso,Nuevo,Cada año,
17976,1,1,1,1,1,10,1,De gas con deposito,Nuevo,Cada 6 meses,De 38 a 40 litros (hasta 2 personas)
17977,1,1,2,0,1,4,1,De gas de rápida recuperación,Nuevo,Cada 6 meses,
17978,1,1,7,3,1,2,4,Solar,Nuevo,No le da mantenimiento,De 70 a 80 litros (hasta 4 personas)
17979,1,1,1,1,1,1,4,De gas con deposito,Nuevo,No le da mantenimiento,De 38 a 40 litros (hasta 2 personas)
17980,1,1,2,0,1,2,2,De gas de rápida recuperación,Nuevo,Cada año,
17981,1,1,7,2,1,1,4,Solar,Nuevo,No le da mantenimiento,De 50 a 60 litros (hasta 3 personas)
17982,1,1,1,1,1,7,1,De gas con deposito,Nuevo,Cada 6 meses,De 38 a 40 litros (hasta 2 personas)
17984,1,1,1,1,1,7,4,De gas con deposito,Nuevo,No le da mantenimiento,De 38 a 40 litros (hasta 2 personas)
17985,1,1,1,1,1,1,4,De gas con deposito,Nuevo,No le da mantenimiento,De 38 a 40 litros (hasta 2 personas)
17986,1,1,1,1,1,8,4,De gas con deposito,Nuevo,No le da mantenimiento,De 38 a 40 litros (hasta 2 personas)
17987,1,1,3,0,1,3,2,De gas instantáneo de paso,Nuevo,Cada año,
17992,1,1,1,3,1,2,2,De gas con deposito,Nuevo,Cada año,De 70 a 80 litros (hasta 4 personas)
17993,1,1,1,1,1,15,4,De gas con deposito,Nuevo,No le da mantenimiento,De 38 a 40 litros (hasta 2 personas)
17995,1,1,4,0,1,1,4,Eléctrico instantáneo de paso,Nuevo,No le da mantenimiento,
17998,1,1,2,0,2,2,1,De gas de rápida recuperación,Usado,Cada 6 meses,
17999,1,1,1,1,2,6,3,De gas con deposito,Usado,Cada 2 años,De 38 a 40 litros (hasta 2 personas)
18000,1,1,5,1,1,12,2,Eléctrico con depósito,Nuevo,Cada año,De 38 a 40 litros (hasta 2 personas)
18001,1,1,2,0,1,3,3,De gas de rápida recuperación,Nuevo,Cada 2 años,
18002,1,1,2,0,1,3,2,De gas de rápida recuperación,Nuevo,Cada año,
18003,1,1,2,0,1,2,4,De gas de rápida recuperación,Nuevo,No le da mantenimiento,
18004,1,1,1,1,1,2,4,De gas con deposito,Nuevo,No le da mantenimiento,De 38 a 40 litros (hasta 2 personas)
18005,1,1,7,2,1,1,4,Solar,Nuevo,No le da mantenimiento,De 50 a 60 litros (hasta 3 personas)
18006,1,1,1,2,1,7,2,De gas con deposito,Nuevo,Cada año,De 50 a 60 litros (hasta 3 personas)
18008,1,1,7,4,1,2,4,Solar,Nuevo,No le da mantenimiento,De 90 a 110 litros (hasta 6 personas)
18009,1,1,1,2,1,6,4,De gas con deposito,Nuevo,No le da mantenimiento,De 50 a 60 litros (hasta 3 personas)
18010,1,1,1,2,1,10,2,De gas con deposito,Nuevo,Cada año,De 50 a 60 litros (hasta 3 personas)
18011,1,1,2,0,1,6,4,De gas de rápida recuperación,Nuevo,No le da mantenimiento,
18012,1,1,1,1,2,10,4,De gas con deposito,Usado,No le da mantenimiento,De 38 a 40 litros (hasta 2 personas)
18013,1,1,1,3,1,18,2,De gas con deposito,Nuevo,Cada año,De 70 a 80 litros (hasta 4 personas)
18015,1,1,2,0,1,1,4,De gas de rápida recuperación,Nuevo,No le da mantenimiento,
18016,1,1,6,1,1,6,1,De leña,Nuevo,Cada 6 meses,De 38 a 40 litros (hasta 2 personas)
18017,1,1,1,9,1,7,4,De gas con deposito,Nuevo,No le da mantenimiento,No sabe
18019,1,1,7,4,1,2,1,Solar,Nuevo,Cada 6 meses,De 90 a 110 litros (hasta 6 personas)
18020,1,1,1,1,1,15,4,De gas con deposito,Nuevo,No le da mantenimiento,De 38 a 40 litros (hasta 2 personas)
18021,1,1,1,1,2,15,2,De gas con deposito,Usado,Cada año,De 38 a 40 litros (hasta 2 personas)
18022,1,1,1,3,2,99,2,De gas con deposito,Usado,Cada año,De 70 a 80 litros (hasta 4 personas)
18023,1,1,1,3,1,10,3,De gas con deposito,Nuevo,Cada 2 años,De 70 a 80 litros (hasta 4 personas)
18024,1,1,1,3,1,20,4,De gas con deposito,Nuevo,No le da mantenimiento,De 70 a 80 litros (hasta 4 personas)
18025,1,1,1,1,1,1,4,De gas con deposito,Nuevo,No le da mantenimiento,De 38 a 40 litros (hasta 2 personas)
18026,1,1,1,1,2,99,4,De gas con deposito,Usado,No le da mantenimiento,De 38 a 40 litros (hasta 2 personas)
18027,1,1,1,1,1,6,2,De gas con deposito,Nuevo,Cada año,De 38 a 40 litros (hasta 2 personas)
18028,1,1,2,0,2,99,4,De gas de rápida recuperación,Usado,No le da mantenimiento,
18030,1,1,1,2,2,20,2,De gas con deposito,Usado,Cada año,De 50 a 60 litros (hasta 3 personas)
18031,1,1,2,0,1,1,4,De gas de rápida recuperación,Nuevo,No le da mantenimiento,
18032,1,1,1,9,1,5,2,De gas con deposito,Nuevo,Cada año,No sabe
18033,1,1,1,9,2,1,1,De gas con deposito,Usado,Cada 6 meses,No sabe
18036,1,1,2,0,1,1,4,De gas de rápida recuperación,Nuevo,No le da mantenimiento,
18037,1,1,1,2,1,10,2,De gas con deposito,Nuevo,Cada año,De 50 a 60 litros (hasta 3 personas)
18038,1,1,2,0,1,25,2,De gas de rápida recuperación,Nuevo,Cada año,
18039,1,1,7,9,1,1,2,Solar,Nuevo,Cada año,No sabe
18040,1,1,3,0,1,1,1,De gas instantáneo de paso,Nuevo,Cada 6 meses,
18041,1,1,2,0,1,1,2,De gas de rápida recuperación,Nuevo,Cada año,
18043,1,1,3,0,1,99,4,De gas instantáneo de paso,Nuevo,No le da mantenimiento,
18044,1,1,1,1,1,3,1,De gas con deposito,Nuevo,Cada 6 meses,De 38 a 40 litros (hasta 2 personas)
18045,1,1,1,1,1,12,1,De gas con deposito,Nuevo,Cada 6 meses,De 38 a 40 litros (hasta 2 personas)
18046,1,1,1,1,1,10,1,De gas con deposito,Nuevo,Cada 6 meses,De 38 a 40 litros (hasta 2 personas)
18048,1,1,2,0,1,3,4,De gas de rápida recuperación,Nuevo,No le da mantenimiento,
18049,1,1,1,1,1,6,1,De gas con deposito,Nuevo,Cada 6 meses,De 38 a 40 litros (hasta 2 personas)
18054,1,1,2,0,1,10,1,De gas de rápida recuperación,Nuevo,Cada 6 meses,
18055,1,1,1,3,1,4,4,De gas con deposito,Nuevo,No le da mantenimiento,De 70 a 80 litros (hasta 4 personas)
18062,1,1,1,9,1,1,4,De gas con deposito,Nuevo,No le da mantenimiento,No sabe
18065,1,1,2,0,1,4,4,De gas de rápida recuperación,Nuevo,No le da mantenimiento,
18066,1,1,7,1,1,2,1,Solar,Nuevo,Cada 6 meses,De 38 a 40 litros (hasta 2 personas)
18068,1,1,1,1,1,18,2,De gas con deposito,Nuevo,Cada año,De 38 a 40 litros (hasta 2 personas)
18069,1,1,3,0,1,3,1,De gas instantáneo de paso,Nuevo,Cada 6 meses,
18070,1,1,2,0,1,99,4,De gas de rápida recuperación,Nuevo,No le da mantenimiento,
18071,1,1,1,1,1,15,1,De gas con deposito,Nuevo,Cada 6 meses,De 38 a 40 litros (hasta 2 personas)
18072,1,1,1,9,2,25,1,De gas con deposito,Usado,Cada 6 meses,No sabe
18073,1,1,1,1,1,10,1,De gas con deposito,Nuevo,Cada 6 meses,De 38 a 40 litros (hasta 2 personas)
18074,1,1,1,1,1,10,2,De gas con deposito,Nuevo,Cada año,De 38 a 40 litros (hasta 2 personas)
18075,1,1,1,1,1,9,3,De gas con deposito,Nuevo,Cada 2 años,De 38 a 40 litros (hasta 2 personas)
18076,1,2,7,1,1,3,4,Solar,Nuevo,No le da mantenimiento,De 38 a 40 litros (hasta 2 personas)
18076,1,1,1,1,1,5,2,De gas con deposito,Nuevo,Cada año,De 38 a 40 litros (hasta 2 personas)
18077,1,1,1,1,2,17,3,De gas con deposito,Usado,Cada 2 años,De 38 a 40 litros (hasta 2 personas)
18078,1,1,1,1,1,2,2,De gas con deposito,Nuevo,Cada año,De 38 a 40 litros (hasta 2 personas)
18079,1,1,2,0,1,8,2,De gas de rápida recuperación,Nuevo,Cada año,
18079,1,2,1,3,1,3,2,De gas con deposito,Nuevo,Cada año,De 70 a 80 litros (hasta 4 personas)
18081,1,1,1,1,1,3,4,De gas con deposito,Nuevo,No le da mantenimiento,De 38 a 40 litros (hasta 2 personas)
18082,1,1,1,1,1,15,2,De gas con deposito,Nuevo,Cada año,De 38 a 40 litros (hasta 2 personas)
18084,1,1,7,9,1,99,4,Solar,Nuevo,No le da mantenimiento,No sabe
18085,1,1,1,9,1,2,1,De gas con deposito,Nuevo,Cada 6 meses,No sabe
18085,1,2,2,0,1,4,1,De gas de rápida recuperación,Nuevo,Cada 6 meses,
18086,1,1,7,9,1,5,4,Solar,Nuevo,No le da mantenimiento,No sabe
18086,1,2,1,9,1,7,3,De gas con deposito,Nuevo,Cada 2 años,No sabe
18089,1,1,2,0,1,6,1,De gas de rápida recuperación,Nuevo,Cada 6 meses,
18090,1,1,1,1,1,4,2,De gas con deposito,Nuevo,Cada año,De 38 a 40 litros (hasta 2 personas)
18091,1,1,1,9,2,1,1,De gas con deposito,Usado,Cada 6 meses,No sabe
18092,1,1,3,0,1,2,4,De gas instantáneo de paso,Nuevo,No le da mantenimiento,
18093,1,1,3,0,2,5,4,De gas instantáneo de paso,Usado,No le da mantenimiento,
18095,1,1,1,1,1,3,1,De gas con deposito,Nuevo,Cada 6 meses,De 38 a 40 litros (hasta 2 personas)
18096,1,1,7,9,2,5,4,Solar,Usado,No le da mantenimiento,No sabe
18096,1,2,2,0,2,5,3,De gas de rápida recuperación,Usado,Cada 2 años,
18097,1,1,2,0,1,5,2,De gas de rápida recuperación,Nuevo,Cada año,
18098,1,1,2,0,1,1,2,De gas de rápida recuperación,Nuevo,Cada año,
18101,1,1,7,9,1,3,2,Solar,Nuevo,Cada año,No sabe
18103,1,1,1,2,1,7,3,De gas con deposito,Nuevo,Cada 2 años,De 50 a 60 litros (hasta 3 personas)
18105,1,1,1,9,2,3,4,De gas con deposito,Usado,No le da mantenimiento,No sabe
18108,1,1,1,1,1,2,2,De gas con deposito,Nuevo,Cada año,De 38 a 40 litros (hasta 2 personas)
18109,1,1,1,2,1,10,2,De gas con deposito,Nuevo,Cada año,De 50 a 60 litros (hasta 3 personas)
18110,1,1,1,3,1,5,4,De gas con deposito,Nuevo,No le da mantenimiento,De 70 a 80 litros (hasta 4 personas)
18111,1,1,1,3,1,1,4,De gas con deposito,Nuevo,No le da mantenimiento,De 70 a 80 litros (hasta 4 personas)
18113,1,1,4,0,1,4,1,Eléctrico instantáneo de paso,Nuevo,Cada 6 meses,
18114,1,1,2,0,1,3,1,De gas de rápida recuperación,Nuevo,Cada 6 meses,
18115,1,1,2,0,2,3,4,De gas de rápida recuperación,Usado,No le da mantenimiento,
18117,1,1,2,0,1,1,4,De gas de rápida recuperación,Nuevo,No le da mantenimiento,
18122,1,1,2,0,1,6,1,De gas de rápida recuperación,Nuevo,Cada 6 meses,
18125,1,1,1,9,1,11,2,De gas con deposito,Nuevo,Cada año,No sabe
18127,1,1,1,9,1,1,4,De gas con deposito,Nuevo,No le da mantenimiento,No sabe
18128,1,1,2,0,1,1,2,De gas de rápida recuperación,Nuevo,Cada año,
18129,1,1,1,3,1,12,2,De gas con deposito,Nuevo,Cada año,De 70 a 80 litros (hasta 4 personas)
18130,1,1,1,1,1,9,4,De gas con deposito,Nuevo,No le da mantenimiento,De 38 a 40 litros (hasta 2 personas)
18131,1,1,1,3,2,99,1,De gas con deposito,Usado,Cada 6 meses,De 70 a 80 litros (hasta 4 personas)
18132,1,1,1,2,1,6,2,De gas con deposito,Nuevo,Cada año,De 50 a 60 litros (hasta 3 personas)
18133,1,1,2,0,1,2,1,De gas de rápida recuperación,Nuevo,Cada 6 meses,
18134,1,1,1,3,1,12,2,De gas con deposito,Nuevo,Cada año,De 70 a 80 litros (hasta 4 personas)
18135,1,1,1,1,2,1,1,De gas con deposito,Usado,Cada 6 meses,De 38 a 40 litros (hasta 2 personas)
18136,1,1,1,1,2,3,2,De gas con deposito,Usado,Cada año,De 38 a 40 litros (hasta 2 personas)
18137,1,1,1,1,1,9,4,De gas con deposito,Nuevo,No le da mantenimiento,De 38 a 40 litros (hasta 2 personas)
18138,1,1,1,1,1,4,2,De gas con deposito,Nuevo,Cada año,De 38 a 40 litros (hasta 2 personas)
18153,1,1,2,0,1,3,2,De gas de rápida recuperación,Nuevo,Cada año,
18157,1,1,2,0,1,3,2,De gas de rápida recuperación,Nuevo,Cada año,
18158,1,1,2,0,1,3,1,De gas de rápida recuperación,Nuevo,Cada 6 meses,
18160,1,1,1,1,2,7,2,De gas con deposito,Usado,Cada año,De 38 a 40 litros (hasta 2 personas)
18167,1,1,1,1,1,3,1,De gas con deposito,Nuevo,Cada 6 meses,De 38 a 40 litros (hasta 2 personas)
18168,1,1,1,1,1,6,2,De gas con deposito,Nuevo,Cada año,De 38 a 40 litros (hasta 2 personas)
18169,1,1,1,1,2,4,4,De gas con deposito,Usado,No le da mantenimiento,De 38 a 40 litros (hasta 2 personas)
18170,1,1,1,1,1,3,1,De gas con deposito,Nuevo,Cada 6 meses,De 38 a 40 litros (hasta 2 personas)
18171,1,1,1,3,2,99,4,De gas con deposito,Usado,No le da mantenimiento,De 70 a 80 litros (hasta 4 personas)
18173,1,1,2,0,1,1,4,De gas de rápida recuperación,Nuevo,No le da mantenimiento,
18174,1,1,1,9,1,3,2,De gas con deposito,Nuevo,Cada año,No sabe
18175,1,1,1,1,2,3,1,De gas con deposito,Usado,Cada 6 meses,De 38 a 40 litros (hasta 2 personas)
18176,1,1,1,9,1,12,1,De gas con deposito,Nuevo,Cada 6 meses,No sabe
18177,1,1,1,1,2,1,4,De gas con deposito,Usado,No le da mantenimiento,De 38 a 40 litros (hasta 2 personas)
18183,1,1,1,3,1,6,2,De gas con deposito,Nuevo,Cada año,De 70 a 80 litros (hasta 4 personas)
18185,1,1,1,1,1,5,2,De gas con deposito,Nuevo,Cada año,De 38 a 40 litros (hasta 2 personas)
18188,1,1,6,1,1,8,2,De leña,Nuevo,Cada año,De 38 a 40 litros (hasta 2 personas)
18189,1,1,3,0,2,99,4,De gas instantáneo de paso,Usado,No le da mantenimiento,
18190,1,1,3,0,2,1,2,De gas instantáneo de paso,Usado,Cada año,
18191,1,1,7,4,1,1,4,Solar,Nuevo,No le da mantenimiento,De 90 a 110 litros (hasta 6 personas)
18193,1,1,1,1,1,12,2,De gas con deposito,Nuevo,Cada año,De 38 a 40 litros (hasta 2 personas)
18195,1,1,7,4,1,4,4,Solar,Nuevo,No le da mantenimiento,De 90 a 110 litros (hasta 6 personas)
18199,1,1,1,1,1,6,2,De gas con deposito,Nuevo,Cada año,De 38 a 40 litros (hasta 2 personas)
18201,1,1,7,4,1,10,4,Solar,Nuevo,No le da mantenimiento,De 90 a 110 litros (hasta 6 personas)
18204,1,1,7,9,1,8,2,Solar,Nuevo,Cada año,No sabe
18211,1,1,2,0,2,20,1,De gas de rápida recuperación,Usado,Cada 6 meses,
18214,1,1,2,0,1,1,1,De gas de rápida recuperación,Nuevo,Cada 6 meses,
18216,1,1,1,1,1,8,4,De gas con deposito,Nuevo,No le da mantenimiento,De 38 a 40 litros (hasta 2 personas)
18219,1,1,3,0,1,4,2,De gas instantáneo de paso,Nuevo,Cada año,
18220,1,1,1,2,1,15,3,De gas con deposito,Nuevo,Cada 2 años,De 50 a 60 litros (hasta 3 personas)
18221,1,1,3,0,1,25,2,De gas instantáneo de paso,Nuevo,Cada año,
18222,1,1,7,3,1,1,1,Solar,Nuevo,Cada 6 meses,De 70 a 80 litros (hasta 4 personas)
18223,1,1,6,9,1,1,4,De leña,Nuevo,No le da mantenimiento,No sabe
18224,1,1,1,1,1,12,2,De gas con deposito,Nuevo,Cada año,De 38 a 40 litros (hasta 2 personas)
18225,1,1,3,0,1,5,2,De gas instantáneo de paso,Nuevo,Cada año,
18226,1,1,1,1,1,12,1,De gas con deposito,Nuevo,Cada 6 meses,De 38 a 40 litros (hasta 2 personas)
18227,1,1,2,0,1,4,1,De gas de rápida recuperación,Nuevo,Cada 6 meses,
18228,1,1,7,2,1,1,4,Solar,Nuevo,No le da mantenimiento,De 50 a 60 litros (hasta 3 personas)
18231,1,1,7,9,1,3,4,Solar,Nuevo,No le da mantenimiento,No sabe
18232,1,1,2,0,1,1,4,De gas de rápida recuperación,Nuevo,No le da mantenimiento,
18233,1,1,2,0,1,10,1,De gas de rápida recuperación,Nuevo,Cada 6 meses,
18234,1,1,3,0,1,10,3,De gas instantáneo de paso,Nuevo,Cada 2 años,
18235,1,1,2,0,1,5,1,De gas de rápida recuperación,Nuevo,Cada 6 meses,
18236,1,1,1,9,2,1,1,De gas con deposito,Usado,Cada 6 meses,No sabe
18237,1,1,3,0,1,10,2,De gas instantáneo de paso,Nuevo,Cada año,
18238,1,1,1,3,2,99,2,De gas con deposito,Usado,Cada año,De 70 a 80 litros (hasta 4 personas)
18239,1,1,1,1,1,4,4,De gas con deposito,Nuevo,No le da mantenimiento,De 38 a 40 litros (hasta 2 personas)
18240,1,1,4,0,1,6,2,Eléctrico instantáneo de paso,Nuevo,Cada año,
18241,1,1,1,9,1,16,4,De gas con deposito,Nuevo,No le da mantenimiento,No sabe
18242,1,1,2,0,1,2,1,De gas de rápida recuperación,Nuevo,Cada 6 meses,
18243,1,1,7,4,1,3,4,Solar,Nuevo,No le da mantenimiento,De 90 a 110 litros (hasta 6 personas)
18244,1,1,3,0,1,1,4,De gas instantáneo de paso,Nuevo,No le da mantenimiento,
18245,1,1,3,0,2,10,1,De gas instantáneo de paso,Usado,Cada 6 meses,
18246,1,1,2,0,1,5,1,De gas de rápida recuperación,Nuevo,Cada 6 meses,
18248,1,1,1,1,2,15,3,De gas con deposito,Usado,Cada 2 años,De 38 a 40 litros (hasta 2 personas)
18249,1,1,2,0,1,15,4,De gas de rápida recuperación,Nuevo,No le da mantenimiento,
18250,1,1,1,1,2,9,4,De gas con deposito,Usado,No le da mantenimiento,De 38 a 40 litros (hasta 2 personas)
18251,1,1,3,0,1,1,4,De gas instantáneo de paso,Nuevo,No le da mantenimiento,
18252,1,1,3,0,1,12,4,De gas instantáneo de paso,Nuevo,No le da mantenimiento,
18253,1,1,2,0,1,15,3,De gas de rápida recuperación,Nuevo,Cada 2 años,
18254,1,1,1,2,1,5,2,De gas con deposito,Nuevo,Cada año,De 50 a 60 litros (hasta 3 personas)
18255,1,1,1,1,1,6,2,De gas con deposito,Nuevo,Cada año,De 38 a 40 litros (hasta 2 personas)
18256,1,1,7,9,1,1,4,Solar,Nuevo,No le da mantenimiento,No sabe
18257,1,1,1,1,1,20,3,De gas con deposito,Nuevo,Cada 2 años,De 38 a 40 litros (hasta 2 personas)
18260,1,1,1,9,1,10,2,De gas con deposito,Nuevo,Cada año,No sabe
18263,1,1,3,0,1,7,4,De gas instantáneo de paso,Nuevo,No le da mantenimiento,
18264,1,1,7,3,2,10,2,Solar,Usado,Cada año,De 70 a 80 litros (hasta 4 personas)
18267,1,1,6,9,1,10,4,De leña,Nuevo,No le da mantenimiento,No sabe
18268,1,1,3,0,2,3,4,De gas instantáneo de paso,Usado,No le da mantenimiento,
18270,1,1,7,9,1,3,2,Solar,Nuevo,Cada año,No sabe
18271,1,1,3,0,1,15,3,De gas instantáneo de paso,Nuevo,Cada 2 años,
18272,1,1,3,0,1,7,3,De gas instantáneo de paso,Nuevo,Cada 2 años,
18274,1,1,1,1,1,8,4,De gas con deposito,Nuevo,No le da mantenimiento,De 38 a 40 litros (hasta 2 personas)
18275,1,1,1,1,1,5,4,De gas con deposito,Nuevo,No le da mantenimiento,De 38 a 40 litros (hasta 2 personas)
18277,1,1,1,2,1,3,2,De gas con deposito,Nuevo,Cada año,De 50 a 60 litros (hasta 3 personas)
18281,1,1,3,0,1,1,2,De gas instantáneo de paso,Nuevo,Cada año,
18282,1,1,7,1,1,3,2,Solar,Nuevo,Cada año,De 38 a 40 litros (hasta 2 personas)
18286,1,1,1,1,1,4,4,De gas con deposito,Nuevo,No le da mantenimiento,De 38 a 40 litros (hasta 2 personas)
18287,1,1,1,2,1,10,3,De gas con deposito,Nuevo,Cada 2 años,De 50 a 60 litros (hasta 3 personas)
18288,1,1,1,1,1,3,1,De gas con deposito,Nuevo,Cada 6 meses,De 38 a 40 litros (hasta 2 personas)
18289,1,1,2,0,1,1,4,De gas de rápida recuperación,Nuevo,No le da mantenimiento,
18290,1,1,1,9,1,3,2,De gas con deposito,Nuevo,Cada año,No sabe
18291,1,1,5,9,1,10,1,Eléctrico con depósito,Nuevo,Cada 6 meses,No sabe
18292,1,1,3,0,1,5,3,De gas instantáneo de paso,Nuevo,Cada 2 años,
18293,1,1,3,0,1,4,2,De gas instantáneo de paso,Nuevo,Cada año,
18294,1,1,7,9,1,6,4,Solar,Nuevo,No le da mantenimiento,No sabe
18296,1,1,7,3,1,3,2,Solar,Nuevo,Cada año,De 70 a 80 litros (hasta 4 personas)
18298,1,1,6,9,1,5,1,De leña,Nuevo,Cada 6 meses,No sabe
18299,1,1,3,0,1,16,1,De gas instantáneo de paso,Nuevo,Cada 6 meses,
18300,1,1,2,0,1,8,4,De gas de rápida recuperación,Nuevo,No le da mantenimiento,
18304,1,1,7,5,1,1,4,Solar,Nuevo,No le da mantenimiento,De 120 a 140 litros (hasta 7 personas)
18304,1,2,2,0,1,8,1,De gas de rápida recuperación,Nuevo,Cada 6 meses,
18305,1,1,1,1,1,4,4,De gas con deposito,Nuevo,No le da mantenimiento,De 38 a 40 litros (hasta 2 personas)
18306,1,1,1,1,1,15,4,De gas con deposito,Nuevo,No le da mantenimiento,De 38 a 40 litros (hasta 2 personas)
18315,1,1,1,3,1,99,4,De gas con deposito,Nuevo,No le da mantenimiento,De 70 a 80 litros (hasta 4 personas)
18316,1,1,2,0,1,10,2,De gas de rápida recuperación,Nuevo,Cada año,
18322,1,1,1,9,1,4,1,De gas con deposito,Nuevo,Cada 6 meses,No sabe
18326,1,1,6,9,2,5,4,De leña,Usado,No le da mantenimiento,No sabe
18340,1,1,7,2,1,1,4,Solar,Nuevo,No le da mantenimiento,De 50 a 60 litros (hasta 3 personas)
18345,1,1,6,1,1,8,4,De leña,Nuevo,No le da mantenimiento,De 38 a 40 litros (hasta 2 personas)
18350,1,1,1,6,1,1,1,De gas con deposito,Nuevo,Cada 6 meses,Más de 140 litros (más de 7 personas)
18358,1,1,6,1,2,2,4,De leña,Usado,No le da mantenimiento,De 38 a 40 litros (hasta 2 personas)
18359,1,1,7,3,1,1,4,Solar,Nuevo,No le da mantenimiento,De 70 a 80 litros (hasta 4 personas)
18370,1,1,1,1,1,8,1,De gas con deposito,Nuevo,Cada 6 meses,De 38 a 40 litros (hasta 2 personas)
18371,1,1,1,1,1,8,4,De gas con deposito,Nuevo,No le da mantenimiento,De 38 a 40 litros (hasta 2 personas)
18372,1,1,1,1,1,12,1,De gas con deposito,Nuevo,Cada 6 meses,De 38 a 40 litros (hasta 2 personas)
18375,1,1,2,0,1,2,2,De gas de rápida recuperación,Nuevo,Cada año,
18376,1,1,1,2,2,99,4,De gas con deposito,Usado,No le da mantenimiento,De 50 a 60 litros (hasta 3 personas)
18380,1,1,3,0,1,10,2,De gas instantáneo de paso,Nuevo,Cada año,
18381,1,1,1,1,1,18,4,De gas con deposito,Nuevo,No le da mantenimiento,De 38 a 40 litros (hasta 2 personas)
18385,1,1,1,2,1,12,4,De gas con deposito,Nuevo,No le da mantenimiento,De 50 a 60 litros (hasta 3 personas)
18396,1,1,1,9,1,22,4,De gas con deposito,Nuevo,No le da mantenimiento,No sabe
18397,1,1,1,1,2,3,4,De gas con deposito,Usado,No le da mantenimiento,De 38 a 40 litros (hasta 2 personas)
18405,1,1,3,0,1,7,1,De gas instantáneo de paso,Nuevo,Cada 6 meses,
18406,1,1,3,0,1,3,1,De gas instantáneo de paso,Nuevo,Cada 6 meses,
18407,1,1,2,0,1,10,4,De gas de rápida recuperación,Nuevo,No le da mantenimiento,
18412,1,1,3,0,1,3,2,De gas instantáneo de paso,Nuevo,Cada año,
18413,1,1,1,1,1,1,1,De gas con deposito,Nuevo,Cada 6 meses,De 38 a 40 litros (hasta 2 personas)
18414,1,1,2,0,1,2,1,De gas de rápida recuperación,Nuevo,Cada 6 meses,
18415,1,1,7,4,1,1,4,Solar,Nuevo,No le da mantenimiento,De 90 a 110 litros (hasta 6 personas)
18416,1,1,1,1,1,1,4,De gas con deposito,Nuevo,No le da mantenimiento,De 38 a 40 litros (hasta 2 personas)
18418,1,1,1,1,1,22,1,De gas con deposito,Nuevo,Cada 6 meses,De 38 a 40 litros (hasta 2 personas)
18423,1,1,6,9,2,5,4,De leña,Usado,No le da mantenimiento,No sabe
18424,1,1,1,2,1,1,4,De gas con deposito,Nuevo,No le da mantenimiento,De 50 a 60 litros (hasta 3 personas)
18426,1,1,6,9,1,7,2,De leña,Nuevo,Cada año,No sabe
18428,1,1,1,1,1,13,2,De gas con deposito,Nuevo,Cada año,De 38 a 40 litros (hasta 2 personas)
18429,1,1,5,9,1,2,4,Eléctrico con depósito,Nuevo,No le da mantenimiento,No sabe
18429,1,2,7,6,1,4,4,Solar,Nuevo,No le da mantenimiento,Más de 140 litros (más de 7 personas)
18430,1,1,3,0,1,1,4,De gas instantáneo de paso,Nuevo,No le da mantenimiento,
18433,1,1,6,1,1,10,1,De leña,Nuevo,Cada 6 meses,De 38 a 40 litros (hasta 2 personas)
18434,1,1,1,1,1,38,3,De gas con deposito,Nuevo,Cada 2 años,De 38 a 40 litros (hasta 2 personas)
18435,1,1,7,3,1,10,4,Solar,Nuevo,No le da mantenimiento,De 70 a 80 litros (hasta 4 personas)
18436,1,1,6,9,2,3,1,De leña,Usado,Cada 6 meses,No sabe
18439,1,1,2,0,1,4,2,De gas de rápida recuperación,Nuevo,Cada año,
18440,1,1,1,9,2,99,1,De gas con deposito,Usado,Cada 6 meses,No sabe
18444,1,1,4,0,1,3,2,Eléctrico instantáneo de paso,Nuevo,Cada año,
18445,1,1,2,0,1,8,4,De gas de rápida recuperación,Nuevo,No le da mantenimiento,
18446,1,1,2,0,1,3,1,De gas de rápida recuperación,Nuevo,Cada 6 meses,
18447,1,1,1,1,1,12,3,De gas con deposito,Nuevo,Cada 2 años,De 38 a 40 litros (hasta 2 personas)
18449,1,1,7,6,1,1,4,Solar,Nuevo,No le da mantenimiento,Más de 140 litros (más de 7 personas)
18450,1,1,2,0,1,10,3,De gas de rápida recuperación,Nuevo,Cada 2 años,
18451,1,1,1,1,1,10,4,De gas con deposito,Nuevo,No le da mantenimiento,De 38 a 40 litros (hasta 2 personas)
18453,1,1,1,4,2,1,1,De gas con deposito,Usado,Cada 6 meses,De 90 a 110 litros (hasta 6 personas)
18453,1,2,7,3,1,8,4,Solar,Nuevo,No le da mantenimiento,De 70 a 80 litros (hasta 4 personas)
18458,1,1,1,2,1,20,1,De gas con deposito,Nuevo,Cada 6 meses,De 50 a 60 litros (hasta 3 personas)
18460,1,1,2,0,1,2,1,De gas de rápida recuperación,Nuevo,Cada 6 meses,
18461,1,1,3,0,1,3,1,De gas instantáneo de paso,Nuevo,Cada 6 meses,
18462,1,1,3,0,2,6,2,De gas instantáneo de paso,Usado,Cada año,
18463,1,1,1,2,1,8,2,De gas con deposito,Nuevo,Cada año,De 50 a 60 litros (hasta 3 personas)
18465,1,1,7,6,1,1,4,Solar,Nuevo,No le da mantenimiento,Más de 140 litros (más de 7 personas)
18466,1,1,3,0,1,1,4,De gas instantáneo de paso,Nuevo,No le da mantenimiento,
18468,1,1,7,6,1,3,4,Solar,Nuevo,No le da mantenimiento,Más de 140 litros (más de 7 personas)
18470,1,2,7,5,1,4,3,Solar,Nuevo,Cada 2 años,De 120 a 140 litros (hasta 7 personas)
18470,1,1,2,0,1,3,4,De gas de rápida recuperación,Nuevo,No le da mantenimiento,
18472,1,1,7,4,1,3,4,Solar,Nuevo,No le da mantenimiento,De 90 a 110 litros (hasta 6 personas)
18476,1,1,7,4,1,4,4,Solar,Nuevo,No le da mantenimiento,De 90 a 110 litros (hasta 6 personas)
18477,1,1,1,1,1,10,2,De gas con deposito,Nuevo,Cada año,De 38 a 40 litros (hasta 2 personas)
18478,1,1,7,9,1,99,4,Solar,Nuevo,No le da mantenimiento,No sabe
18480,1,1,7,2,1,1,4,Solar,Nuevo,No le da mantenimiento,De 50 a 60 litros (hasta 3 personas)
18486,1,1,6,9,1,2,1,De leña,Nuevo,Cada 6 meses,No sabe
18488,1,1,7,4,1,5,2,Solar,Nuevo,Cada año,De 90 a 110 litros (hasta 6 personas)
18490,1,1,7,6,1,1,4,Solar,Nuevo,No le da mantenimiento,Más de 140 litros (más de 7 personas)
18492,1,1,6,1,1,6,2,De leña,Nuevo,Cada año,De 38 a 40 litros (hasta 2 personas)
18495,1,1,1,1,1,2,1,De gas con deposito,Nuevo,Cada 6 meses,De 38 a 40 litros (hasta 2 personas)
18502,1,1,1,4,1,10,1,De gas con deposito,Nuevo,Cada 6 meses,De 90 a 110 litros (hasta 6 personas)
18505,1,1,3,0,1,5,3,De gas instantáneo de paso,Nuevo,Cada 2 años,
18506,1,1,7,4,1,1,4,Solar,Nuevo,No le da mantenimiento,De 90 a 110 litros (hasta 6 personas)
18507,1,1,3,0,1,2,1,De gas instantáneo de paso,Nuevo,Cada 6 meses,
18508,1,1,1,9,1,8,3,De gas con deposito,Nuevo,Cada 2 años,No sabe
18511,1,1,3,0,1,6,1,De gas instantáneo de paso,Nuevo,Cada 6 meses,
18513,1,1,7,1,1,1,2,Solar,Nuevo,Cada año,De 38 a 40 litros (hasta 2 personas)
18520,1,1,1,1,1,7,2,De gas con deposito,Nuevo,Cada año,De 38 a 40 litros (hasta 2 personas)
18523,1,1,2,0,1,1,4,De gas de rápida recuperación,Nuevo,No le da mantenimiento,
18525,1,1,1,1,1,4,4,De gas con deposito,Nuevo,No le da mantenimiento,De 38 a 40 litros (hasta 2 personas)
18527,1,1,1,2,1,12,4,De gas con deposito,Nuevo,No le da mantenimiento,De 50 a 60 litros (hasta 3 personas)
18528,1,1,1,9,1,1,4,De gas con deposito,Nuevo,No le da mantenimiento,No sabe
18537,1,1,7,4,1,2,4,Solar,Nuevo,No le da mantenimiento,De 90 a 110 litros (hasta 6 personas)
18543,1,1,3,0,1,5,2,De gas instantáneo de paso,Nuevo,Cada año,
18545,1,1,3,0,2,2,2,De gas instantáneo de paso,Usado,Cada año,
18553,1,1,2,0,1,12,2,De gas de rápida recuperación,Nuevo,Cada año,
18555,1,1,2,0,1,5,2,De gas de rápida recuperación,Nuevo,Cada año,
18558,1,1,2,0,1,5,2,De gas de rápida recuperación,Nuevo,Cada año,
18559,1,1,1,1,1,15,1,De gas con deposito,Nuevo,Cada 6 meses,De 38 a 40 litros (hasta 2 personas)
18560,1,1,1,1,1,5,1,De gas con deposito,Nuevo,Cada 6 meses,De 38 a 40 litros (hasta 2 personas)
18561,1,1,1,1,1,5,2,De gas con deposito,Nuevo,Cada año,De 38 a 40 litros (hasta 2 personas)
18563,1,1,2,0,2,99,4,De gas de rápida recuperación,Usado,No le da mantenimiento,
18564,1,1,1,1,1,7,4,De gas con deposito,Nuevo,No le da mantenimiento,De 38 a 40 litros (hasta 2 personas)
18565,1,1,1,1,2,99,4,De gas con deposito,Usado,No le da mantenimiento,De 38 a 40 litros (hasta 2 personas)
18566,1,1,2,0,1,6,1,De gas de rápida recuperación,Nuevo,Cada 6 meses,
18567,1,1,1,9,1,3,1,De gas con deposito,Nuevo,Cada 6 meses,No sabe
18568,1,1,1,9,1,8,1,De gas con deposito,Nuevo,Cada 6 meses,No sabe
18569,1,1,7,3,1,2,2,Solar,Nuevo,Cada año,De 70 a 80 litros (hasta 4 personas)
18571,1,1,5,2,1,12,2,Eléctrico con depósito,Nuevo,Cada año,De 50 a 60 litros (hasta 3 personas)
18572,1,1,5,1,1,40,2,Eléctrico con depósito,Nuevo,Cada año,De 38 a 40 litros (hasta 2 personas)
18573,1,1,6,1,1,10,3,De leña,Nuevo,Cada 2 años,De 38 a 40 litros (hasta 2 personas)
18575,1,1,5,2,1,20,2,Eléctrico con depósito,Nuevo,Cada año,De 50 a 60 litros (hasta 3 personas)
18576,1,1,3,0,1,5,4,De gas instantáneo de paso,Nuevo,No le da mantenimiento,
18577,1,1,7,3,1,3,4,Solar,Nuevo,No le da mantenimiento,De 70 a 80 litros (hasta 4 personas)
18578,1,1,6,9,2,2,4,De leña,Usado,No le da mantenimiento,No sabe
18586,1,1,1,1,1,99,2,De gas con deposito,Nuevo,Cada año,De 38 a 40 litros (hasta 2 personas)
18587,1,1,5,1,1,20,4,Eléctrico con depósito,Nuevo,No le da mantenimiento,De 38 a 40 litros (hasta 2 personas)
18588,1,1,2,0,1,2,4,De gas de rápida recuperación,Nuevo,No le da mantenimiento,
18589,1,1,1,1,2,1,4,De gas con deposito,Usado,No le da mantenimiento,De 38 a 40 litros (hasta 2 personas)
18590,1,1,2,0,1,5,4,De gas de rápida recuperación,Nuevo,No le da mantenimiento,
18593,1,1,7,5,1,1,4,Solar,Nuevo,No le da mantenimiento,De 120 a 140 litros (hasta 7 personas)
18597,1,1,2,0,1,15,1,De gas de rápida recuperación,Nuevo,Cada 6 meses,
18598,1,1,2,0,1,15,4,De gas de rápida recuperación,Nuevo,No le da mantenimiento,
18600,1,1,7,9,2,1,1,Solar,Usado,Cada 6 meses,No sabe
18601,1,1,7,2,1,3,2,Solar,Nuevo,Cada año,De 50 a 60 litros (hasta 3 personas)
18609,1,1,7,6,1,3,2,Solar,Nuevo,Cada año,Más de 140 litros (más de 7 personas)
18619,1,1,1,1,1,2,4,De gas con deposito,Nuevo,No le da mantenimiento,De 38 a 40 litros (hasta 2 personas)
18620,1,1,7,9,1,1,2,Solar,Nuevo,Cada año,No sabe
18629,1,1,3,0,1,15,2,De gas instantáneo de paso,Nuevo,Cada año,
18630,1,1,6,1,1,2,4,De leña,Nuevo,No le da mantenimiento,De 38 a 40 litros (hasta 2 personas)
18631,1,1,6,1,1,6,4,De leña,Nuevo,No le da mantenimiento,De 38 a 40 litros (hasta 2 personas)
18635,1,1,6,1,1,1,4,De leña,Nuevo,No le da mantenimiento,De 38 a 40 litros (hasta 2 personas)
18642,1,1,6,1,1,8,4,De leña,Nuevo,No le da mantenimiento,De 38 a 40 litros (hasta 2 personas)
18646,1,1,6,2,1,2,2,De leña,Nuevo,Cada año,De 50 a 60 litros (hasta 3 personas)
18647,1,1,1,9,1,1,2,De gas con deposito,Nuevo,Cada año,No sabe
18648,1,1,2,0,1,4,2,De gas de rápida recuperación,Nuevo,Cada año,
18649,1,1,1,1,1,8,1,De gas con deposito,Nuevo,Cada 6 meses,De 38 a 40 litros (hasta 2 personas)
18651,1,1,6,9,1,11,4,De leña,Nuevo,No le da mantenimiento,No sabe
18652,1,1,3,0,1,2,1,De gas instantáneo de paso,Nuevo,Cada 6 meses,
18654,1,1,3,0,1,2,4,De gas instantáneo de paso,Nuevo,No le da mantenimiento,
18655,1,1,6,2,1,1,4,De leña,Nuevo,No le da mantenimiento,De 50 a 60 litros (hasta 3 personas)
18657,1,1,3,0,1,3,4,De gas instantáneo de paso,Nuevo,No le da mantenimiento,
18658,1,1,3,0,1,4,1,De gas instantáneo de paso,Nuevo,Cada 6 meses,
18659,1,1,2,0,1,10,1,De gas de rápida recuperación,Nuevo,Cada 6 meses,
18682,1,1,7,3,1,1,4,Solar,Nuevo,No le da mantenimiento,De 70 a 80 litros (hasta 4 personas)
18685,1,1,7,3,2,8,4,Solar,Usado,No le da mantenimiento,De 70 a 80 litros (hasta 4 personas)
18686,1,1,7,1,2,1,4,Solar,Usado,No le da mantenimiento,De 38 a 40 litros (hasta 2 personas)
18687,1,1,7,3,1,1,4,Solar,Nuevo,No le da mantenimiento,De 70 a 80 litros (hasta 4 personas)
18688,1,1,3,0,1,15,2,De gas instantáneo de paso,Nuevo,Cada año,
18689,1,1,7,6,1,4,4,Solar,Nuevo,No le da mantenimiento,Más de 140 litros (más de 7 personas)
18693,1,1,1,9,1,8,3,De gas con deposito,Nuevo,Cada 2 años,No sabe
18694,1,1,7,6,1,5,1,Solar,Nuevo,Cada 6 meses,Más de 140 litros (más de 7 personas)
18695,1,1,6,9,1,1,4,De leña,Nuevo,No le da mantenimiento,No sabe
18698,1,1,2,0,1,99,4,De gas de rápida recuperación,Nuevo,No le da mantenimiento,
18699,1,1,7,6,1,3,4,Solar,Nuevo,No le da mantenimiento,Más de 140 litros (más de 7 personas)
18701,1,1,7,6,1,4,2,Solar,Nuevo,Cada año,Más de 140 litros (más de 7 personas)
18702,1,1,1,1,2,10,1,De gas con deposito,Usado,Cada 6 meses,De 38 a 40 litros (hasta 2 personas)
18704,1,1,7,2,1,1,4,Solar,Nuevo,No le da mantenimiento,De 50 a 60 litros (hasta 3 personas)
18708,1,1,7,4,1,4,4,Solar,Nuevo,No le da mantenimiento,De 90 a 110 litros (hasta 6 personas)
18709,1,1,7,3,1,3,4,Solar,Nuevo,No le da mantenimiento,De 70 a 80 litros (hasta 4 personas)
18713,1,1,1,1,1,19,3,De gas con deposito,Nuevo,Cada 2 años,De 38 a 40 litros (hasta 2 personas)
18714,1,1,7,3,1,4,4,Solar,Nuevo,No le da mantenimiento,De 70 a 80 litros (hasta 4 personas)
18715,1,1,7,3,1,4,1,Solar,Nuevo,Cada 6 meses,De 70 a 80 litros (hasta 4 personas)
18716,1,1,7,4,1,1,2,Solar,Nuevo,Cada año,De 90 a 110 litros (hasta 6 personas)
18717,1,1,2,0,1,3,3,De gas de rápida recuperación,Nuevo,Cada 2 años,
18722,1,1,2,0,1,15,2,De gas de rápida recuperación,Nuevo,Cada año,
18739,1,1,7,2,1,1,4,Solar,Nuevo,No le da mantenimiento,De 50 a 60 litros (hasta 3 personas)
18745,1,1,7,9,1,3,4,Solar,Nuevo,No le da mantenimiento,No sabe
18748,1,1,7,3,1,1,4,Solar,Nuevo,No le da mantenimiento,De 70 a 80 litros (hasta 4 personas)
18761,1,1,1,1,1,15,4,De gas con deposito,Nuevo,No le da mantenimiento,De 38 a 40 litros (hasta 2 personas)
18762,1,1,1,3,1,3,1,De gas con deposito,Nuevo,Cada 6 meses,De 70 a 80 litros (hasta 4 personas)
18763,1,1,1,1,1,5,2,De gas con deposito,Nuevo,Cada año,De 38 a 40 litros (hasta 2 personas)
18766,1,1,3,0,1,6,1,De gas instantáneo de paso,Nuevo,Cada 6 meses,
18774,1,1,1,4,1,3,2,De gas con deposito,Nuevo,Cada año,De 90 a 110 litros (hasta 6 personas)
18783,1,1,6,3,1,15,4,De leña,Nuevo,No le da mantenimiento,De 70 a 80 litros (hasta 4 personas)
18784,1,1,6,1,1,3,4,De leña,Nuevo,No le da mantenimiento,De 38 a 40 litros (hasta 2 personas)
18787,1,1,7,3,1,1,4,Solar,Nuevo,No le da mantenimiento,De 70 a 80 litros (hasta 4 personas)
18788,1,1,7,6,1,1,1,Solar,Nuevo,Cada 6 meses,Más de 140 litros (más de 7 personas)
18790,1,1,2,0,2,2,2,De gas de rápida recuperación,Usado,Cada año,
18791,1,1,7,9,2,1,4,Solar,Usado,No le da mantenimiento,No sabe
18793,1,1,6,9,1,3,4,De leña,Nuevo,No le da mantenimiento,No sabe
18794,1,1,6,9,1,5,4,De leña,Nuevo,No le da mantenimiento,No sabe
18795,1,1,6,1,1,2,4,De leña,Nuevo,No le da mantenimiento,De 38 a 40 litros (hasta 2 personas)
18796,1,1,6,1,1,24,2,De leña,Nuevo,Cada año,De 38 a 40 litros (hasta 2 personas)
18817,1,1,6,1,1,1,4,De leña,Nuevo,No le da mantenimiento,De 38 a 40 litros (hasta 2 personas)
18819,1,1,2,0,1,3,4,De gas de rápida recuperación,Nuevo,No le da mantenimiento,
18821,1,1,3,0,1,10,1,De gas instantáneo de paso,Nuevo,Cada 6 meses,
18822,1,1,3,0,1,4,2,De gas instantáneo de paso,Nuevo,Cada año,
18823,1,1,1,1,1,3,1,De gas con deposito,Nuevo,Cada 6 meses,De 38 a 40 litros (hasta 2 personas)
18824,1,1,3,0,1,2,3,De gas instantáneo de paso,Nuevo,Cada 2 años,
18825,1,1,6,1,1,1,1,De leña,Nuevo,Cada 6 meses,De 38 a 40 litros (hasta 2 personas)
18830,1,1,1,1,1,10,2,De gas con deposito,Nuevo,Cada año,De 38 a 40 litros (hasta 2 personas)
18832,1,1,6,2,1,1,4,De leña,Nuevo,No le da mantenimiento,De 50 a 60 litros (hasta 3 personas)
18833,1,1,3,0,1,5,2,De gas instantáneo de paso,Nuevo,Cada año,
18834,1,1,6,1,1,1,4,De leña,Nuevo,No le da mantenimiento,De 38 a 40 litros (hasta 2 personas)
18835,1,1,1,1,1,18,3,De gas con deposito,Nuevo,Cada 2 años,De 38 a 40 litros (hasta 2 personas)
18836,1,1,1,2,1,4,2,De gas con deposito,Nuevo,Cada año,De 50 a 60 litros (hasta 3 personas)
18837,1,1,1,2,1,3,4,De gas con deposito,Nuevo,No le da mantenimiento,De 50 a 60 litros (hasta 3 personas)
18838,1,1,1,1,1,30,1,De gas con deposito,Nuevo,Cada 6 meses,De 38 a 40 litros (hasta 2 personas)
18839,1,1,7,9,1,99,4,Solar,Nuevo,No le da mantenimiento,No sabe
18842,1,1,1,2,1,10,4,De gas con deposito,Nuevo,No le da mantenimiento,De 50 a 60 litros (hasta 3 personas)
18846,1,1,1,9,1,3,3,De gas con deposito,Nuevo,Cada 2 años,No sabe
18847,1,1,1,3,1,3,4,De gas con deposito,Nuevo,No le da mantenimiento,De 70 a 80 litros (hasta 4 personas)
18848,1,2,1,4,1,2,1,De gas con deposito,Nuevo,Cada 6 meses,De 90 a 110 litros (hasta 6 personas)
18848,1,1,1,3,1,15,1,De gas con deposito,Nuevo,Cada 6 meses,De 70 a 80 litros (hasta 4 personas)
18849,1,1,1,1,1,8,4,De gas con deposito,Nuevo,No le da mantenimiento,De 38 a 40 litros (hasta 2 personas)
18850,1,1,2,0,2,2,4,De gas de rápida recuperación,Usado,No le da mantenimiento,
18852,1,1,1,1,2,7,2,De gas con deposito,Usado,Cada año,De 38 a 40 litros (hasta 2 personas)
18853,1,1,3,0,2,1,4,De gas instantáneo de paso,Usado,No le da mantenimiento,
18854,1,2,7,2,1,2,2,Solar,Nuevo,Cada año,De 50 a 60 litros (hasta 3 personas)
18854,1,1,7,2,1,1,4,Solar,Nuevo,No le da mantenimiento,De 50 a 60 litros (hasta 3 personas)
18856,1,1,3,0,1,3,2,De gas instantáneo de paso,Nuevo,Cada año,
18858,1,1,1,4,1,2,4,De gas con deposito,Nuevo,No le da mantenimiento,De 90 a 110 litros (hasta 6 personas)
18859,1,1,1,2,1,2,4,De gas con deposito,Nuevo,No le da mantenimiento,De 50 a 60 litros (hasta 3 personas)
18860,1,1,1,1,1,20,2,De gas con deposito,Nuevo,Cada año,De 38 a 40 litros (hasta 2 personas)
18861,1,1,1,4,2,99,4,De gas con deposito,Usado,No le da mantenimiento,De 90 a 110 litros (hasta 6 personas)
18862,1,1,1,2,1,36,4,De gas con deposito,Nuevo,No le da mantenimiento,De 50 a 60 litros (hasta 3 personas)
18864,1,1,2,0,2,15,1,De gas de rápida recuperación,Usado,Cada 6 meses,
18865,1,1,1,9,1,18,4,De gas con deposito,Nuevo,No le da mantenimiento,No sabe
18867,1,1,1,3,1,3,3,De gas con deposito,Nuevo,Cada 2 años,De 70 a 80 litros (hasta 4 personas)
18869,1,1,2,0,2,17,3,De gas de rápida recuperación,Usado,Cada 2 años,
18870,1,1,1,3,1,6,4,De gas con deposito,Nuevo,No le da mantenimiento,De 70 a 80 litros (hasta 4 personas)
18877,1,1,3,0,1,2,4,De gas instantáneo de paso,Nuevo,No le da mantenimiento,
18883,1,1,1,1,2,10,2,De gas con deposito,Usado,Cada año,De 38 a 40 litros (hasta 2 personas)
18884,1,1,1,2,2,99,4,De gas con deposito,Usado,No le da mantenimiento,De 50 a 60 litros (hasta 3 personas)
18885,1,1,1,2,2,99,4,De gas con deposito,Usado,No le da mantenimiento,De 50 a 60 litros (hasta 3 personas)
18886,1,1,1,1,1,25,4,De gas con deposito,Nuevo,No le da mantenimiento,De 38 a 40 litros (hasta 2 personas)
18886,1,2,7,1,1,10,4,Solar,Nuevo,No le da mantenimiento,De 38 a 40 litros (hasta 2 personas)
18887,1,1,1,1,1,20,4,De gas con deposito,Nuevo,No le da mantenimiento,De 38 a 40 litros (hasta 2 personas)
18888,1,1,1,3,1,10,4,De gas con deposito,Nuevo,No le da mantenimiento,De 70 a 80 litros (hasta 4 personas)
18889,1,1,1,1,1,8,4,De gas con deposito,Nuevo,No le da mantenimiento,De 38 a 40 litros (hasta 2 personas)
18894,1,1,7,4,1,3,4,Solar,Nuevo,No le da mantenimiento,De 90 a 110 litros (hasta 6 personas)
18896,1,1,3,0,1,2,4,De gas instantáneo de paso,Nuevo,No le da mantenimiento,
18898,1,1,2,0,2,99,4,De gas de rápida recuperación,Usado,No le da mantenimiento,
18899,1,2,3,0,1,3,4,De gas instantáneo de paso,Nuevo,No le da mantenimiento,
18899,1,1,1,1,1,34,4,De gas con deposito,Nuevo,No le da mantenimiento,De 38 a 40 litros (hasta 2 personas)
18900,1,1,1,2,2,2,4,De gas con deposito,Usado,No le da mantenimiento,De 50 a 60 litros (hasta 3 personas)
18901,1,1,1,9,1,3,3,De gas con deposito,Nuevo,Cada 2 años,No sabe
18902,1,1,1,9,1,1,1,De gas con deposito,Nuevo,Cada 6 meses,No sabe
18903,1,1,3,0,1,1,2,De gas instantáneo de paso,Nuevo,Cada año,
18903,1,2,3,0,1,2,2,De gas instantáneo de paso,Nuevo,Cada año,
18904,1,1,7,5,1,2,4,Solar,Nuevo,No le da mantenimiento,De 120 a 140 litros (hasta 7 personas)
18905,1,1,2,0,1,8,4,De gas de rápida recuperación,Nuevo,No le da mantenimiento,
18906,1,1,2,0,1,2,2,De gas de rápida recuperación,Nuevo,Cada año,
18906,1,2,7,3,1,4,3,Solar,Nuevo,Cada 2 años,De 70 a 80 litros (hasta 4 personas)
18907,1,1,1,1,2,99,4,De gas con deposito,Usado,No le da mantenimiento,De 38 a 40 litros (hasta 2 personas)
18908,1,1,2,0,1,13,2,De gas de rápida recuperación,Nuevo,Cada año,
18909,1,1,2,0,1,10,1,De gas de rápida recuperación,Nuevo,Cada 6 meses,
18910,1,2,3,0,1,5,2,De gas instantáneo de paso,Nuevo,Cada año,
18910,1,1,7,3,1,10,2,Solar,Nuevo,Cada año,De 70 a 80 litros (hasta 4 personas)
18911,1,1,2,0,2,99,3,De gas de rápida recuperación,Usado,Cada 2 años,
18912,1,1,3,0,1,16,4,De gas instantáneo de paso,Nuevo,No le da mantenimiento,
18913,1,1,7,3,1,2,4,Solar,Nuevo,No le da mantenimiento,De 70 a 80 litros (hasta 4 personas)
18914,1,1,2,0,1,12,4,De gas de rápida recuperación,Nuevo,No le da mantenimiento,
18915,1,1,2,0,2,99,4,De gas de rápida recuperación,Usado,No le da mantenimiento,
18916,1,1,1,2,2,99,4,De gas con deposito,Usado,No le da mantenimiento,De 50 a 60 litros (hasta 3 personas)
18917,1,1,1,1,1,7,4,De gas con deposito,Nuevo,No le da mantenimiento,De 38 a 40 litros (hasta 2 personas)
18918,1,1,1,9,1,13,2,De gas con deposito,Nuevo,Cada año,No sabe
18919,1,1,3,0,1,1,4,De gas instantáneo de paso,Nuevo,No le da mantenimiento,
18920,1,1,1,2,1,8,2,De gas con deposito,Nuevo,Cada año,De 50 a 60 litros (hasta 3 personas)
18920,1,2,7,2,1,2,4,Solar,Nuevo,No le da mantenimiento,De 50 a 60 litros (hasta 3 personas)
18923,1,1,1,2,2,2,4,De gas con deposito,Usado,No le da mantenimiento,De 50 a 60 litros (hasta 3 personas)
18926,1,1,1,1,1,30,2,De gas con deposito,Nuevo,Cada año,De 38 a 40 litros (hasta 2 personas)
18927,1,1,2,0,1,1,1,De gas de rápida recuperación,Nuevo,Cada 6 meses,
18928,1,1,1,1,1,6,1,De gas con deposito,Nuevo,Cada 6 meses,De 38 a 40 litros (hasta 2 personas)
18930,1,1,1,1,1,4,4,De gas con deposito,Nuevo,No le da mantenimiento,De 38 a 40 litros (hasta 2 personas)
18931,1,1,1,1,1,99,4,De gas con deposito,Nuevo,No le da mantenimiento,De 38 a 40 litros (hasta 2 personas)
18932,1,1,1,1,1,99,4,De gas con deposito,Nuevo,No le da mantenimiento,De 38 a 40 litros (hasta 2 personas)
18933,1,1,1,1,1,9,2,De gas con deposito,Nuevo,Cada año,De 38 a 40 litros (hasta 2 personas)
18934,1,1,1,1,1,20,4,De gas con deposito,Nuevo,No le da mantenimiento,De 38 a 40 litros (hasta 2 personas)
18935,1,1,1,4,1,15,3,De gas con deposito,Nuevo,Cada 2 años,De 90 a 110 litros (hasta 6 personas)
18936,1,1,2,0,1,1,4,De gas de rápida recuperación,Nuevo,No le da mantenimiento,
18940,1,1,4,0,1,3,4,Eléctrico instantáneo de paso,Nuevo,No le da mantenimiento,
18941,1,1,1,1,1,4,2,De gas con deposito,Nuevo,Cada año,De 38 a 40 litros (hasta 2 personas)
18942,1,1,1,9,1,4,4,De gas con deposito,Nuevo,No le da mantenimiento,No sabe
18943,1,1,2,0,1,4,3,De gas de rápida recuperación,Nuevo,Cada 2 años,
18944,1,1,1,3,1,17,2,De gas con deposito,Nuevo,Cada año,De 70 a 80 litros (hasta 4 personas)
18945,1,1,3,0,1,4,4,De gas instantáneo de paso,Nuevo,No le da mantenimiento,
18946,1,1,1,4,1,2,1,De gas con deposito,Nuevo,Cada 6 meses,De 90 a 110 litros (hasta 6 personas)
18947,1,1,1,1,1,15,4,De gas con deposito,Nuevo,No le da mantenimiento,De 38 a 40 litros (hasta 2 personas)
18948,1,1,1,2,1,5,4,De gas con deposito,Nuevo,No le da mantenimiento,De 50 a 60 litros (hasta 3 personas)
18949,1,1,1,1,1,12,2,De gas con deposito,Nuevo,Cada año,De 38 a 40 litros (hasta 2 personas)
18950,1,1,1,3,2,6,3,De gas con deposito,Usado,Cada 2 años,De 70 a 80 litros (hasta 4 personas)
18951,1,1,1,3,1,12,4,De gas con deposito,Nuevo,No le da mantenimiento,De 70 a 80 litros (hasta 4 personas)
18952,1,1,1,1,1,10,4,De gas con deposito,Nuevo,No le da mantenimiento,De 38 a 40 litros (hasta 2 personas)
18954,1,1,2,0,1,1,4,De gas de rápida recuperación,Nuevo,No le da mantenimiento,
18955,1,1,1,1,1,10,4,De gas con deposito,Nuevo,No le da mantenimiento,De 38 a 40 litros (hasta 2 personas)
18956,1,1,1,6,1,9,4,De gas con deposito,Nuevo,No le da mantenimiento,Más de 140 litros (más de 7 personas)
18957,1,1,1,9,1,5,2,De gas con deposito,Nuevo,Cada año,No sabe
18958,1,1,1,3,1,10,2,De gas con deposito,Nuevo,Cada año,De 70 a 80 litros (hasta 4 personas)
18959,1,1,1,1,2,99,4,De gas con deposito,Usado,No le da mantenimiento,De 38 a 40 litros (hasta 2 personas)
18960,1,1,1,1,1,27,1,De gas con deposito,Nuevo,Cada 6 meses,De 38 a 40 litros (hasta 2 personas)
18961,1,1,3,0,1,8,4,De gas instantáneo de paso,Nuevo,No le da mantenimiento,
18962,1,1,1,2,1,13,4,De gas con deposito,Nuevo,No le da mantenimiento,De 50 a 60 litros (hasta 3 personas)
18963,1,2,1,1,1,4,1,De gas con deposito,Nuevo,Cada 6 meses,De 38 a 40 litros (hasta 2 personas)
18963,1,1,3,0,1,5,1,De gas instantáneo de paso,Nuevo,Cada 6 meses,
18964,1,1,1,1,2,2,2,De gas con deposito,Usado,Cada año,De 38 a 40 litros (hasta 2 personas)
18965,1,1,1,2,1,6,4,De gas con deposito,Nuevo,No le da mantenimiento,De 50 a 60 litros (hasta 3 personas)
18966,1,1,1,2,1,99,4,De gas con deposito,Nuevo,No le da mantenimiento,De 50 a 60 litros (hasta 3 personas)
18967,1,1,1,2,1,20,1,De gas con deposito,Nuevo,Cada 6 meses,De 50 a 60 litros (hasta 3 personas)
18968,1,1,1,3,1,6,2,De gas con deposito,Nuevo,Cada año,De 70 a 80 litros (hasta 4 personas)
18969,1,1,1,3,2,20,3,De gas con deposito,Usado,Cada 2 años,De 70 a 80 litros (hasta 4 personas)
18970,1,1,7,1,1,6,4,Solar,Nuevo,No le da mantenimiento,De 38 a 40 litros (hasta 2 personas)
18976,1,1,1,4,1,5,1,De gas con deposito,Nuevo,Cada 6 meses,De 90 a 110 litros (hasta 6 personas)
18977,1,1,1,1,1,20,2,De gas con deposito,Nuevo,Cada año,De 38 a 40 litros (hasta 2 personas)
18980,1,1,1,1,1,20,2,De gas con deposito,Nuevo,Cada año,De 38 a 40 litros (hasta 2 personas)
18981,1,1,1,1,1,1,4,De gas con deposito,Nuevo,No le da mantenimiento,De 38 a 40 litros (hasta 2 personas)
18982,1,1,1,2,1,3,2,De gas con deposito,Nuevo,Cada año,De 50 a 60 litros (hasta 3 personas)
18984,1,1,7,4,1,4,4,Solar,Nuevo,No le da mantenimiento,De 90 a 110 litros (hasta 6 personas)
18986,1,1,1,2,1,7,2,De gas con deposito,Nuevo,Cada año,De 50 a 60 litros (hasta 3 personas)
18987,1,1,1,4,2,8,3,De gas con deposito,Usado,Cada 2 años,De 90 a 110 litros (hasta 6 personas)
18988,1,1,3,0,1,4,2,De gas instantáneo de paso,Nuevo,Cada año,
18989,1,1,2,0,1,2,4,De gas de rápida recuperación,Nuevo,No le da mantenimiento,
18990,1,1,1,1,1,10,1,De gas con deposito,Nuevo,Cada 6 meses,De 38 a 40 litros (hasta 2 personas)
18991,1,1,1,1,2,6,4,De gas con deposito,Usado,No le da mantenimiento,De 38 a 40 litros (hasta 2 personas)
18992,1,1,1,1,1,4,4,De gas con deposito,Nuevo,No le da mantenimiento,De 38 a 40 litros (hasta 2 personas)
18993,1,1,7,5,1,1,1,Solar,Nuevo,Cada 6 meses,De 120 a 140 litros (hasta 7 personas)
18995,1,1,1,1,1,8,2,De gas con deposito,Nuevo,Cada año,De 38 a 40 litros (hasta 2 personas)
18996,1,2,2,0,2,3,4,De gas de rápida recuperación,Usado,No le da mantenimiento,
18996,1,1,7,9,2,3,4,Solar,Usado,No le da mantenimiento,No sabe
18997,1,1,3,0,1,2,1,De gas instantáneo de paso,Nuevo,Cada 6 meses,
18998,1,1,1,3,1,10,4,De gas con deposito,Nuevo,No le da mantenimiento,De 70 a 80 litros (hasta 4 personas)
18999,1,1,1,1,1,6,2,De gas con deposito,Nuevo,Cada año,De 38 a 40 litros (hasta 2 personas)
19000,1,1,4,0,1,2,1,Eléctrico instantáneo de paso,Nuevo,Cada 6 meses,
19001,1,1,2,0,1,6,4,De gas de rápida recuperación,Nuevo,No le da mantenimiento,
19002,1,1,1,1,1,10,1,De gas con deposito,Nuevo,Cada 6 meses,De 38 a 40 litros (hasta 2 personas)
19003,1,1,1,1,1,4,2,De gas con deposito,Nuevo,Cada año,De 38 a 40 litros (hasta 2 personas)
19004,1,1,1,1,1,5,1,De gas con deposito,Nuevo,Cada 6 meses,De 38 a 40 litros (hasta 2 personas)
19005,1,1,3,0,1,1,4,De gas instantáneo de paso,Nuevo,No le da mantenimiento,
19007,1,1,2,0,1,3,1,De gas de rápida recuperación,Nuevo,Cada 6 meses,
19008,1,1,1,1,1,8,1,De gas con deposito,Nuevo,Cada 6 meses,De 38 a 40 litros (hasta 2 personas)
19010,1,1,2,0,1,5,4,De gas de rápida recuperación,Nuevo,No le da mantenimiento,
19011,1,1,2,0,1,4,4,De gas de rápida recuperación,Nuevo,No le da mantenimiento,
19012,1,1,2,0,2,99,1,De gas de rápida recuperación,Usado,Cada 6 meses,
19013,1,1,2,0,1,1,4,De gas de rápida recuperación,Nuevo,No le da mantenimiento,
19016,1,1,1,3,1,1,4,De gas con deposito,Nuevo,No le da mantenimiento,De 70 a 80 litros (hasta 4 personas)
19018,1,1,3,0,1,4,2,De gas instantáneo de paso,Nuevo,Cada año,
19019,1,1,1,4,2,6,2,De gas con deposito,Usado,Cada año,De 90 a 110 litros (hasta 6 personas)
19020,1,1,1,1,2,8,2,De gas con deposito,Usado,Cada año,De 38 a 40 litros (hasta 2 personas)
19021,1,1,1,1,1,5,2,De gas con deposito,Nuevo,Cada año,De 38 a 40 litros (hasta 2 personas)
19022,1,1,1,1,1,1,4,De gas con deposito,Nuevo,No le da mantenimiento,De 38 a 40 litros (hasta 2 personas)
19024,1,1,1,1,1,4,4,De gas con deposito,Nuevo,No le da mantenimiento,De 38 a 40 litros (hasta 2 personas)
19025,1,1,1,2,2,3,4,De gas con deposito,Usado,No le da mantenimiento,De 50 a 60 litros (hasta 3 personas)
19026,1,1,1,1,2,99,4,De gas con deposito,Usado,No le da mantenimiento,De 38 a 40 litros (hasta 2 personas)
19027,1,1,1,9,1,3,2,De gas con deposito,Nuevo,Cada año,No sabe
19028,1,1,2,0,1,2,4,De gas de rápida recuperación,Nuevo,No le da mantenimiento,
19029,1,1,1,1,2,4,4,De gas con deposito,Usado,No le da mantenimiento,De 38 a 40 litros (hasta 2 personas)
19031,1,1,1,3,2,3,1,De gas con deposito,Usado,Cada 6 meses,De 70 a 80 litros (hasta 4 personas)
19033,1,1,3,0,1,1,1,De gas instantáneo de paso,Nuevo,Cada 6 meses,
19034,1,1,1,1,1,13,3,De gas con deposito,Nuevo,Cada 2 años,De 38 a 40 litros (hasta 2 personas)
19035,1,1,5,1,1,6,1,Eléctrico con depósito,Nuevo,Cada 6 meses,De 38 a 40 litros (hasta 2 personas)
19036,1,1,1,2,1,27,4,De gas con deposito,Nuevo,No le da mantenimiento,De 50 a 60 litros (hasta 3 personas)
19037,1,1,1,1,1,2,2,De gas con deposito,Nuevo,Cada año,De 38 a 40 litros (hasta 2 personas)
19038,1,1,2,0,1,10,4,De gas de rápida recuperación,Nuevo,No le da mantenimiento,
19039,1,1,1,1,1,8,1,De gas con deposito,Nuevo,Cada 6 meses,De 38 a 40 litros (hasta 2 personas)
19040,1,1,1,4,1,8,4,De gas con deposito,Nuevo,No le da mantenimiento,De 90 a 110 litros (hasta 6 personas)
19041,1,1,5,1,1,10,3,Eléctrico con depósito,Nuevo,Cada 2 años,De 38 a 40 litros (hasta 2 personas)
19042,1,1,1,3,1,99,4,De gas con deposito,Nuevo,No le da mantenimiento,De 70 a 80 litros (hasta 4 personas)
19043,1,1,2,0,1,1,4,De gas de rápida recuperación,Nuevo,No le da mantenimiento,
19044,1,1,1,3,2,99,2,De gas con deposito,Usado,Cada año,De 70 a 80 litros (hasta 4 personas)
19045,1,1,1,4,1,1,1,De gas con deposito,Nuevo,Cada 6 meses,De 90 a 110 litros (hasta 6 personas)
19046,1,2,1,3,1,20,2,De gas con deposito,Nuevo,Cada año,De 70 a 80 litros (hasta 4 personas)
19046,1,1,3,0,2,1,1,De gas instantáneo de paso,Usado,Cada 6 meses,
19048,1,1,1,3,1,1,1,De gas con deposito,Nuevo,Cada 6 meses,De 70 a 80 litros (hasta 4 personas)
19049,1,1,1,9,1,20,4,De gas con deposito,Nuevo,No le da mantenimiento,No sabe
19050,1,1,4,0,1,1,4,Eléctrico instantáneo de paso,Nuevo,No le da mantenimiento,
19055,1,1,3,0,1,1,1,De gas instantáneo de paso,Nuevo,Cada 6 meses,
19056,1,1,2,0,1,3,4,De gas de rápida recuperación,Nuevo,No le da mantenimiento,
19056,1,2,7,1,1,3,2,Solar,Nuevo,Cada año,De 38 a 40 litros (hasta 2 personas)
19057,1,1,1,1,1,21,2,De gas con deposito,Nuevo,Cada año,De 38 a 40 litros (hasta 2 personas)
19058,1,1,1,1,1,20,4,De gas con deposito,Nuevo,No le da mantenimiento,De 38 a 40 litros (hasta 2 personas)
19059,1,1,1,1,1,20,2,De gas con deposito,Nuevo,Cada año,De 38 a 40 litros (hasta 2 personas)
19060,1,1,7,2,2,99,4,Solar,Usado,No le da mantenimiento,De 50 a 60 litros (hasta 3 personas)
19061,1,1,3,0,1,5,1,De gas instantáneo de paso,Nuevo,Cada 6 meses,
19062,1,1,3,0,1,4,4,De gas instantáneo de paso,Nuevo,No le da mantenimiento,
19065,1,1,1,1,1,10,4,De gas con deposito,Nuevo,No le da mantenimiento,De 38 a 40 litros (hasta 2 personas)
19066,1,1,7,6,1,2,1,Solar,Nuevo,Cada 6 meses,Más de 140 litros (más de 7 personas)
19073,1,1,1,1,1,6,4,De gas con deposito,Nuevo,No le da mantenimiento,De 38 a 40 litros (hasta 2 personas)
19074,1,1,1,1,1,8,2,De gas con deposito,Nuevo,Cada año,De 38 a 40 litros (hasta 2 personas)
19075,1,1,1,1,1,5,1,De gas con deposito,Nuevo,Cada 6 meses,De 38 a 40 litros (hasta 2 personas)
19080,1,1,7,2,1,2,1,Solar,Nuevo,Cada 6 meses,De 50 a 60 litros (hasta 3 personas)
19081,1,1,1,1,1,10,2,De gas con deposito,Nuevo,Cada año,De 38 a 40 litros (hasta 2 personas)
19082,1,1,7,2,1,1,4,Solar,Nuevo,No le da mantenimiento,De 50 a 60 litros (hasta 3 personas)
19084,1,1,7,4,1,1,4,Solar,Nuevo,No le da mantenimiento,De 90 a 110 litros (hasta 6 personas)
19086,1,1,7,4,1,1,2,Solar,Nuevo,Cada año,De 90 a 110 litros (hasta 6 personas)
19087,1,1,1,1,2,10,4,De gas con deposito,Usado,No le da mantenimiento,De 38 a 40 litros (hasta 2 personas)
19088,1,1,1,1,1,14,2,De gas con deposito,Nuevo,Cada año,De 38 a 40 litros (hasta 2 personas)
19089,1,1,2,0,1,99,4,De gas de rápida recuperación,Nuevo,No le da mantenimiento,
19090,1,1,7,3,1,3,4,Solar,Nuevo,No le da mantenimiento,De 70 a 80 litros (hasta 4 personas)
19091,1,1,3,0,1,1,4,De gas instantáneo de paso,Nuevo,No le da mantenimiento,
19093,1,1,1,1,1,16,1,De gas con deposito,Nuevo,Cada 6 meses,De 38 a 40 litros (hasta 2 personas)
19094,1,1,1,3,1,16,2,De gas con deposito,Nuevo,Cada año,De 70 a 80 litros (hasta 4 personas)
19095,1,1,1,1,1,17,2,De gas con deposito,Nuevo,Cada año,De 38 a 40 litros (hasta 2 personas)
19100,1,1,1,1,1,14,4,De gas con deposito,Nuevo,No le da mantenimiento,De 38 a 40 litros (hasta 2 personas)
19101,1,1,5,9,1,3,4,Eléctrico con depósito,Nuevo,No le da mantenimiento,No sabe
19102,1,1,3,0,1,1,4,De gas instantáneo de paso,Nuevo,No le da mantenimiento,
19104,1,1,1,1,1,2,1,De gas con deposito,Nuevo,Cada 6 meses,De 38 a 40 litros (hasta 2 personas)
19105,1,1,2,0,1,4,1,De gas de rápida recuperación,Nuevo,Cada 6 meses,
19107,1,1,7,3,1,2,3,Solar,Nuevo,Cada 2 años,De 70 a 80 litros (hasta 4 personas)
19108,1,1,1,1,1,99,4,De gas con deposito,Nuevo,No le da mantenimiento,De 38 a 40 litros (hasta 2 personas)
19110,1,1,1,1,1,12,2,De gas con deposito,Nuevo,Cada año,De 38 a 40 litros (hasta 2 personas)
19111,1,1,1,1,1,14,1,De gas con deposito,Nuevo,Cada 6 meses,De 38 a 40 litros (hasta 2 personas)
19112,1,1,5,3,1,1,1,Eléctrico con depósito,Nuevo,Cada 6 meses,De 70 a 80 litros (hasta 4 personas)
19113,1,1,1,2,1,99,1,De gas con deposito,Nuevo,Cada 6 meses,De 50 a 60 litros (hasta 3 personas)
19114,1,1,1,1,1,6,1,De gas con deposito,Nuevo,Cada 6 meses,De 38 a 40 litros (hasta 2 personas)
19115,1,1,1,3,1,9,4,De gas con deposito,Nuevo,No le da mantenimiento,De 70 a 80 litros (hasta 4 personas)
19116,1,1,1,1,1,4,4,De gas con deposito,Nuevo,No le da mantenimiento,De 38 a 40 litros (hasta 2 personas)
19117,1,1,1,1,1,13,3,De gas con deposito,Nuevo,Cada 2 años,De 38 a 40 litros (hasta 2 personas)
19118,1,1,1,3,1,10,4,De gas con deposito,Nuevo,No le da mantenimiento,De 70 a 80 litros (hasta 4 personas)
19119,1,1,1,2,2,99,4,De gas con deposito,Usado,No le da mantenimiento,De 50 a 60 litros (hasta 3 personas)
19120,1,1,2,0,1,99,4,De gas de rápida recuperación,Nuevo,No le da mantenimiento,
19121,1,1,1,2,1,99,4,De gas con deposito,Nuevo,No le da mantenimiento,De 50 a 60 litros (hasta 3 personas)
19124,1,1,1,3,1,99,1,De gas con deposito,Nuevo,Cada 6 meses,De 70 a 80 litros (hasta 4 personas)
19125,1,1,7,2,1,1,1,Solar,Nuevo,Cada 6 meses,De 50 a 60 litros (hasta 3 personas)
19125,1,2,1,1,1,1,1,De gas con deposito,Nuevo,Cada 6 meses,De 38 a 40 litros (hasta 2 personas)
19126,1,1,1,3,1,13,4,De gas con deposito,Nuevo,No le da mantenimiento,De 70 a 80 litros (hasta 4 personas)
19127,1,1,4,0,1,4,4,Eléctrico instantáneo de paso,Nuevo,No le da mantenimiento,
19129,1,1,7,6,1,1,4,Solar,Nuevo,No le da mantenimiento,Más de 140 litros (más de 7 personas)
19130,1,1,2,0,1,1,4,De gas de rápida recuperación,Nuevo,No le da mantenimiento,
19134,1,1,2,0,1,9,4,De gas de rápida recuperación,Nuevo,No le da mantenimiento,
19135,1,1,3,0,1,5,4,De gas instantáneo de paso,Nuevo,No le da mantenimiento,
19143,1,1,7,2,1,4,4,Solar,Nuevo,No le da mantenimiento,De 50 a 60 litros (hasta 3 personas)
19146,1,1,2,0,1,5,2,De gas de rápida recuperación,Nuevo,Cada año,
19149,1,1,2,0,1,19,4,De gas de rápida recuperación,Nuevo,No le da mantenimiento,
19155,1,1,3,0,1,12,4,De gas instantáneo de paso,Nuevo,No le da mantenimiento,
19157,1,1,7,4,1,3,4,Solar,Nuevo,No le da mantenimiento,De 90 a 110 litros (hasta 6 personas)
19159,1,1,1,2,1,12,1,De gas con deposito,Nuevo,Cada 6 meses,De 50 a 60 litros (hasta 3 personas)
19161,1,1,3,0,1,3,2,De gas instantáneo de paso,Nuevo,Cada año,
19162,1,1,2,0,1,7,4,De gas de rápida recuperación,Nuevo,No le da mantenimiento,
19164,1,1,1,2,2,15,3,De gas con deposito,Usado,Cada 2 años,De 50 a 60 litros (hasta 3 personas)
19167,1,1,1,4,1,20,4,De gas con deposito,Nuevo,No le da mantenimiento,De 90 a 110 litros (hasta 6 personas)
19169,1,1,1,3,1,1,1,De gas con deposito,Nuevo,Cada 6 meses,De 70 a 80 litros (hasta 4 personas)
19170,1,1,1,3,1,99,4,De gas con deposito,Nuevo,No le da mantenimiento,De 70 a 80 litros (hasta 4 personas)
19171,1,1,4,0,1,3,4,Eléctrico instantáneo de paso,Nuevo,No le da mantenimiento,
19173,1,1,3,0,1,9,2,De gas instantáneo de paso,Nuevo,Cada año,
19174,1,1,1,1,1,1,4,De gas con deposito,Nuevo,No le da mantenimiento,De 38 a 40 litros (hasta 2 personas)
19175,1,1,3,0,1,5,2,De gas instantáneo de paso,Nuevo,Cada año,
19176,1,1,4,0,1,10,4,Eléctrico instantáneo de paso,Nuevo,No le da mantenimiento,
19177,1,1,1,3,2,40,4,De gas con deposito,Usado,No le da mantenimiento,De 70 a 80 litros (hasta 4 personas)
19178,1,1,1,3,1,15,1,De gas con deposito,Nuevo,Cada 6 meses,De 70 a 80 litros (hasta 4 personas)
19180,1,1,3,0,1,6,4,De gas instantáneo de paso,Nuevo,No le da mantenimiento,
19183,1,1,5,4,1,1,4,Eléctrico con depósito,Nuevo,No le da mantenimiento,De 90 a 110 litros (hasta 6 personas)
19184,1,2,1,3,1,20,2,De gas con deposito,Nuevo,Cada año,De 70 a 80 litros (hasta 4 personas)
19184,1,1,7,4,1,5,2,Solar,Nuevo,Cada año,De 90 a 110 litros (hasta 6 personas)
19186,1,1,2,0,1,7,4,De gas de rápida recuperación,Nuevo,No le da mantenimiento,
19187,1,1,3,0,1,10,3,De gas instantáneo de paso,Nuevo,Cada 2 años,
19188,1,1,1,2,2,3,3,De gas con deposito,Usado,Cada 2 años,De 50 a 60 litros (hasta 3 personas)
19189,1,1,3,0,1,2,1,De gas instantáneo de paso,Nuevo,Cada 6 meses,
19192,1,1,1,1,1,99,4,De gas con deposito,Nuevo,No le da mantenimiento,De 38 a 40 litros (hasta 2 personas)
19195,1,1,1,3,1,12,4,De gas con deposito,Nuevo,No le da mantenimiento,De 70 a 80 litros (hasta 4 personas)
19196,1,1,1,3,1,2,4,De gas con deposito,Nuevo,No le da mantenimiento,De 70 a 80 litros (hasta 4 personas)
19197,1,1,7,4,1,5,4,Solar,Nuevo,No le da mantenimiento,De 90 a 110 litros (hasta 6 personas)
19197,1,2,2,0,1,5,4,De gas de rápida recuperación,Nuevo,No le da mantenimiento,
19199,1,1,4,0,1,1,4,Eléctrico instantáneo de paso,Nuevo,No le da mantenimiento,
19201,1,1,1,9,2,12,1,De gas con deposito,Usado,Cada 6 meses,No sabe
19202,1,1,1,1,2,7,2,De gas con deposito,Usado,Cada año,De 38 a 40 litros (hasta 2 personas)
19206,1,1,7,4,1,2,4,Solar,Nuevo,No le da mantenimiento,De 90 a 110 litros (hasta 6 personas)
19208,1,1,1,3,1,10,4,De gas con deposito,Nuevo,No le da mantenimiento,De 70 a 80 litros (hasta 4 personas)
19209,1,1,7,5,1,2,1,Solar,Nuevo,Cada 6 meses,De 120 a 140 litros (hasta 7 personas)
19211,1,1,1,3,1,12,4,De gas con deposito,Nuevo,No le da mantenimiento,De 70 a 80 litros (hasta 4 personas)
19212,1,1,1,2,1,6,4,De gas con deposito,Nuevo,No le da mantenimiento,De 50 a 60 litros (hasta 3 personas)
19213,1,1,2,0,1,5,2,De gas de rápida recuperación,Nuevo,Cada año,
19215,1,1,2,0,1,1,4,De gas de rápida recuperación,Nuevo,No le da mantenimiento,
19216,1,1,1,3,1,3,1,De gas con deposito,Nuevo,Cada 6 meses,De 70 a 80 litros (hasta 4 personas)
19217,1,1,2,0,1,6,4,De gas de rápida recuperación,Nuevo,No le da mantenimiento,
19219,1,1,2,0,1,4,1,De gas de rápida recuperación,Nuevo,Cada 6 meses,
19220,1,1,3,0,1,1,4,De gas instantáneo de paso,Nuevo,No le da mantenimiento,
19221,1,1,1,4,2,99,4,De gas con deposito,Usado,No le da mantenimiento,De 90 a 110 litros (hasta 6 personas)
19222,1,1,1,2,1,10,3,De gas con deposito,Nuevo,Cada 2 años,De 50 a 60 litros (hasta 3 personas)
19223,1,1,7,4,1,4,2,Solar,Nuevo,Cada año,De 90 a 110 litros (hasta 6 personas)
19224,1,1,7,4,1,2,4,Solar,Nuevo,No le da mantenimiento,De 90 a 110 litros (hasta 6 personas)
19226,1,1,1,9,2,9,2,De gas con deposito,Usado,Cada año,No sabe
19229,1,1,1,2,1,10,3,De gas con deposito,Nuevo,Cada 2 años,De 50 a 60 litros (hasta 3 personas)
19230,1,1,1,1,1,5,4,De gas con deposito,Nuevo,No le da mantenimiento,De 38 a 40 litros (hasta 2 personas)
19231,1,1,1,2,1,10,2,De gas con deposito,Nuevo,Cada año,De 50 a 60 litros (hasta 3 personas)
19232,1,1,1,2,1,8,3,De gas con deposito,Nuevo,Cada 2 años,De 50 a 60 litros (hasta 3 personas)
19232,1,2,1,2,1,8,3,De gas con deposito,Nuevo,Cada 2 años,De 50 a 60 litros (hasta 3 personas)
19233,1,1,1,2,1,7,4,De gas con deposito,Nuevo,No le da mantenimiento,De 50 a 60 litros (hasta 3 personas)
19234,1,1,1,2,2,10,4,De gas con deposito,Usado,No le da mantenimiento,De 50 a 60 litros (hasta 3 personas)
19235,1,1,1,9,2,16,4,De gas con deposito,Usado,No le da mantenimiento,No sabe
19236,1,1,1,2,1,18,2,De gas con deposito,Nuevo,Cada año,De 50 a 60 litros (hasta 3 personas)
19237,1,1,1,1,2,10,3,De gas con deposito,Usado,Cada 2 años,De 38 a 40 litros (hasta 2 personas)
19238,1,1,1,9,1,3,4,De gas con deposito,Nuevo,No le da mantenimiento,No sabe
19239,1,1,2,0,2,6,4,De gas de rápida recuperación,Usado,No le da mantenimiento,
19240,1,1,1,3,1,10,4,De gas con deposito,Nuevo,No le da mantenimiento,De 70 a 80 litros (hasta 4 personas)
19241,1,2,7,4,1,4,4,Solar,Nuevo,No le da mantenimiento,De 90 a 110 litros (hasta 6 personas)
19241,1,1,3,0,1,4,4,De gas instantáneo de paso,Nuevo,No le da mantenimiento,
19242,1,1,2,0,1,2,1,De gas de rápida recuperación,Nuevo,Cada 6 meses,
19242,1,2,7,9,1,6,4,Solar,Nuevo,No le da mantenimiento,No sabe
19243,1,1,1,4,1,11,3,De gas con deposito,Nuevo,Cada 2 años,De 90 a 110 litros (hasta 6 personas)
19243,1,2,7,4,1,5,2,Solar,Nuevo,Cada año,De 90 a 110 litros (hasta 6 personas)
19244,1,1,2,0,2,99,4,De gas de rápida recuperación,Usado,No le da mantenimiento,
19245,1,1,2,0,1,1,4,De gas de rápida recuperación,Nuevo,No le da mantenimiento,
19246,1,1,1,1,2,99,1,De gas con deposito,Usado,Cada 6 meses,De 38 a 40 litros (hasta 2 personas)
19247,1,1,2,0,1,4,4,De gas de rápida recuperación,Nuevo,No le da mantenimiento,
19248,1,1,1,4,1,2,4,De gas con deposito,Nuevo,No le da mantenimiento,De 90 a 110 litros (hasta 6 personas)
19248,1,2,1,4,1,1,4,De gas con deposito,Nuevo,No le da mantenimiento,De 90 a 110 litros (hasta 6 personas)
19249,1,1,1,9,1,1,4,De gas con deposito,Nuevo,No le da mantenimiento,No sabe
19250,1,1,1,3,1,1,4,De gas con deposito,Nuevo,No le da mantenimiento,De 70 a 80 litros (hasta 4 personas)
19251,1,1,1,1,1,5,2,De gas con deposito,Nuevo,Cada año,De 38 a 40 litros (hasta 2 personas)
19252,1,1,1,9,1,2,4,De gas con deposito,Nuevo,No le da mantenimiento,No sabe
19253,1,1,1,3,2,2,3,De gas con deposito,Usado,Cada 2 años,De 70 a 80 litros (hasta 4 personas)
19254,1,1,1,3,1,5,4,De gas con deposito,Nuevo,No le da mantenimiento,De 70 a 80 litros (hasta 4 personas)
19255,1,1,1,1,2,99,2,De gas con deposito,Usado,Cada año,De 38 a 40 litros (hasta 2 personas)
19256,1,1,1,1,1,7,4,De gas con deposito,Nuevo,No le da mantenimiento,De 38 a 40 litros (hasta 2 personas)
19256,1,2,7,1,2,1,4,Solar,Usado,No le da mantenimiento,De 38 a 40 litros (hasta 2 personas)
19257,1,1,1,1,1,15,3,De gas con deposito,Nuevo,Cada 2 años,De 38 a 40 litros (hasta 2 personas)
19258,1,1,1,3,2,99,4,De gas con deposito,Usado,No le da mantenimiento,De 70 a 80 litros (hasta 4 personas)
19259,1,1,1,1,1,10,4,De gas con deposito,Nuevo,No le da mantenimiento,De 38 a 40 litros (hasta 2 personas)
19260,1,1,2,0,2,11,1,De gas de rápida recuperación,Usado,Cada 6 meses,
19263,1,1,1,2,1,20,1,De gas con deposito,Nuevo,Cada 6 meses,De 50 a 60 litros (hasta 3 personas)
19266,1,1,7,3,1,2,4,Solar,Nuevo,No le da mantenimiento,De 70 a 80 litros (hasta 4 personas)
19269,1,1,1,4,1,15,2,De gas con deposito,Nuevo,Cada año,De 90 a 110 litros (hasta 6 personas)
19270,1,1,1,1,1,15,4,De gas con deposito,Nuevo,No le da mantenimiento,De 38 a 40 litros (hasta 2 personas)
19271,1,1,1,2,1,20,2,De gas con deposito,Nuevo,Cada año,De 50 a 60 litros (hasta 3 personas)
19272,1,1,1,6,1,14,4,De gas con deposito,Nuevo,No le da mantenimiento,Más de 140 litros (más de 7 personas)
19274,1,1,1,1,1,11,1,De gas con deposito,Nuevo,Cada 6 meses,De 38 a 40 litros (hasta 2 personas)
19275,1,1,1,1,1,6,1,De gas con deposito,Nuevo,Cada 6 meses,De 38 a 40 litros (hasta 2 personas)
19276,1,1,1,1,1,3,2,De gas con deposito,Nuevo,Cada año,De 38 a 40 litros (hasta 2 personas)
19277,1,1,1,3,1,17,1,De gas con deposito,Nuevo,Cada 6 meses,De 70 a 80 litros (hasta 4 personas)
19278,1,1,1,2,1,3,2,De gas con deposito,Nuevo,Cada año,De 50 a 60 litros (hasta 3 personas)
19279,1,1,3,0,1,1,4,De gas instantáneo de paso,Nuevo,No le da mantenimiento,
19280,1,1,1,1,1,10,1,De gas con deposito,Nuevo,Cada 6 meses,De 38 a 40 litros (hasta 2 personas)
19282,1,1,3,0,1,2,4,De gas instantáneo de paso,Nuevo,No le da mantenimiento,
19284,1,1,1,9,1,4,1,De gas con deposito,Nuevo,Cada 6 meses,No sabe
19285,1,1,3,0,1,7,2,De gas instantáneo de paso,Nuevo,Cada año,
19286,1,1,1,1,1,10,1,De gas con deposito,Nuevo,Cada 6 meses,De 38 a 40 litros (hasta 2 personas)
19289,1,1,1,2,2,4,4,De gas con deposito,Usado,No le da mantenimiento,De 50 a 60 litros (hasta 3 personas)
19290,1,1,4,0,2,2,4,Eléctrico instantáneo de paso,Usado,No le da mantenimiento,
19295,1,1,1,2,1,13,2,De gas con deposito,Nuevo,Cada año,De 50 a 60 litros (hasta 3 personas)
19296,1,1,7,5,1,1,4,Solar,Nuevo,No le da mantenimiento,De 120 a 140 litros (hasta 7 personas)
19297,1,2,1,3,1,8,2,De gas con deposito,Nuevo,Cada año,De 70 a 80 litros (hasta 4 personas)
19297,1,1,7,3,1,4,4,Solar,Nuevo,No le da mantenimiento,De 70 a 80 litros (hasta 4 personas)
19298,1,1,7,3,1,4,2,Solar,Nuevo,Cada año,De 70 a 80 litros (hasta 4 personas)
19299,1,1,7,6,1,2,4,Solar,Nuevo,No le da mantenimiento,Más de 140 litros (más de 7 personas)
19301,1,1,7,4,1,1,4,Solar,Nuevo,No le da mantenimiento,De 90 a 110 litros (hasta 6 personas)
19302,1,1,1,1,1,25,4,De gas con deposito,Nuevo,No le da mantenimiento,De 38 a 40 litros (hasta 2 personas)
19303,1,2,7,5,1,3,4,Solar,Nuevo,No le da mantenimiento,De 120 a 140 litros (hasta 7 personas)
19303,1,1,1,2,1,5,4,De gas con deposito,Nuevo,No le da mantenimiento,De 50 a 60 litros (hasta 3 personas)
19305,1,1,7,4,1,2,1,Solar,Nuevo,Cada 6 meses,De 90 a 110 litros (hasta 6 personas)
19306,1,1,7,3,1,2,2,Solar,Nuevo,Cada año,De 70 a 80 litros (hasta 4 personas)
19307,1,1,7,4,1,2,4,Solar,Nuevo,No le da mantenimiento,De 90 a 110 litros (hasta 6 personas)
19308,1,1,1,2,1,10,2,De gas con deposito,Nuevo,Cada año,De 50 a 60 litros (hasta 3 personas)
19309,1,1,1,2,1,15,3,De gas con deposito,Nuevo,Cada 2 años,De 50 a 60 litros (hasta 3 personas)
19310,1,1,1,1,1,24,1,De gas con deposito,Nuevo,Cada 6 meses,De 38 a 40 litros (hasta 2 personas)
19311,1,1,7,2,1,5,4,Solar,Nuevo,No le da mantenimiento,De 50 a 60 litros (hasta 3 personas)
19312,1,1,7,3,1,4,4,Solar,Nuevo,No le da mantenimiento,De 70 a 80 litros (hasta 4 personas)
19313,1,1,3,0,1,1,4,De gas instantáneo de paso,Nuevo,No le da mantenimiento,
19314,1,1,2,0,1,15,1,De gas de rápida recuperación,Nuevo,Cada 6 meses,
19315,1,1,7,2,1,5,4,Solar,Nuevo,No le da mantenimiento,De 50 a 60 litros (hasta 3 personas)
19327,1,1,7,6,1,6,4,Solar,Nuevo,No le da mantenimiento,Más de 140 litros (más de 7 personas)
19328,1,1,7,4,1,1,4,Solar,Nuevo,No le da mantenimiento,De 90 a 110 litros (hasta 6 personas)
19335,1,1,1,1,1,6,2,De gas con deposito,Nuevo,Cada año,De 38 a 40 litros (hasta 2 personas)
19337,1,1,7,2,1,1,4,Solar,Nuevo,No le da mantenimiento,De 50 a 60 litros (hasta 3 personas)
19340,1,1,7,2,1,4,4,Solar,Nuevo,No le da mantenimiento,De 50 a 60 litros (hasta 3 personas)
19343,1,1,1,1,1,5,2,De gas con deposito,Nuevo,Cada año,De 38 a 40 litros (hasta 2 personas)
19346,1,1,1,2,1,20,4,De gas con deposito,Nuevo,No le da mantenimiento,De 50 a 60 litros (hasta 3 personas)
19347,1,1,1,2,1,7,1,De gas con deposito,Nuevo,Cada 6 meses,De 50 a 60 litros (hasta 3 personas)
19348,1,1,1,3,1,10,2,De gas con deposito,Nuevo,Cada año,De 70 a 80 litros (hasta 4 personas)
19349,1,1,7,4,1,2,4,Solar,Nuevo,No le da mantenimiento,De 90 a 110 litros (hasta 6 personas)
19350,1,1,3,0,1,6,4,De gas instantáneo de paso,Nuevo,No le da mantenimiento,
19352,1,1,1,3,1,22,4,De gas con deposito,Nuevo,No le da mantenimiento,De 70 a 80 litros (hasta 4 personas)
19354,1,1,7,3,1,3,4,Solar,Nuevo,No le da mantenimiento,De 70 a 80 litros (hasta 4 personas)
19354,1,2,3,0,1,5,2,De gas instantáneo de paso,Nuevo,Cada año,
19355,1,1,2,0,1,2,1,De gas de rápida recuperación,Nuevo,Cada 6 meses,
19357,1,1,7,4,1,1,4,Solar,Nuevo,No le da mantenimiento,De 90 a 110 litros (hasta 6 personas)
19358,1,1,1,1,2,10,1,De gas con deposito,Usado,Cada 6 meses,De 38 a 40 litros (hasta 2 personas)
19359,1,1,7,6,1,1,2,Solar,Nuevo,Cada año,Más de 140 litros (más de 7 personas)
19362,1,1,7,3,1,1,4,Solar,Nuevo,No le da mantenimiento,De 70 a 80 litros (hasta 4 personas)
19367,1,1,3,0,1,10,2,De gas instantáneo de paso,Nuevo,Cada año,
19368,1,1,1,1,1,3,4,De gas con deposito,Nuevo,No le da mantenimiento,De 38 a 40 litros (hasta 2 personas)
19369,1,1,3,0,1,1,4,De gas instantáneo de paso,Nuevo,No le da mantenimiento,
19370,1,1,7,3,1,4,3,Solar,Nuevo,Cada 2 años,De 70 a 80 litros (hasta 4 personas)
19373,1,1,7,3,1,9,4,Solar,Nuevo,No le da mantenimiento,De 70 a 80 litros (hasta 4 personas)
19374,1,1,2,0,1,2,4,De gas de rápida recuperación,Nuevo,No le da mantenimiento,
19376,1,1,1,1,2,6,2,De gas con deposito,Usado,Cada año,De 38 a 40 litros (hasta 2 personas)
19377,1,1,1,9,1,2,4,De gas con deposito,Nuevo,No le da mantenimiento,No sabe
19380,1,1,7,3,1,3,4,Solar,Nuevo,No le da mantenimiento,De 70 a 80 litros (hasta 4 personas)
19388,1,1,1,3,1,3,4,De gas con deposito,Nuevo,No le da mantenimiento,De 70 a 80 litros (hasta 4 personas)
19389,1,1,1,3,1,99,4,De gas con deposito,Nuevo,No le da mantenimiento,De 70 a 80 litros (hasta 4 personas)
19390,1,1,3,0,1,8,1,De gas instantáneo de paso,Nuevo,Cada 6 meses,
19390,1,2,7,4,1,4,2,Solar,Nuevo,Cada año,De 90 a 110 litros (hasta 6 personas)
19395,1,1,7,9,1,1,4,Solar,Nuevo,No le da mantenimiento,No sabe
19397,1,1,2,0,1,1,1,De gas de rápida recuperación,Nuevo,Cada 6 meses,
19398,1,1,7,4,1,2,4,Solar,Nuevo,No le da mantenimiento,De 90 a 110 litros (hasta 6 personas)
19400,1,1,1,3,1,6,4,De gas con deposito,Nuevo,No le da mantenimiento,De 70 a 80 litros (hasta 4 personas)
19401,1,1,2,0,1,7,2,De gas de rápida recuperación,Nuevo,Cada año,
19403,1,1,4,0,1,1,4,Eléctrico instantáneo de paso,Nuevo,No le da mantenimiento,
19406,1,1,1,3,1,8,2,De gas con deposito,Nuevo,Cada año,De 70 a 80 litros (hasta 4 personas)
19414,1,1,7,4,1,3,4,Solar,Nuevo,No le da mantenimiento,De 90 a 110 litros (hasta 6 personas)
19420,1,1,7,2,1,1,4,Solar,Nuevo,No le da mantenimiento,De 50 a 60 litros (hasta 3 personas)
19422,1,1,1,3,1,20,2,De gas con deposito,Nuevo,Cada año,De 70 a 80 litros (hasta 4 personas)
19424,1,1,1,1,1,15,1,De gas con deposito,Nuevo,Cada 6 meses,De 38 a 40 litros (hasta 2 personas)
19426,1,1,1,9,1,4,4,De gas con deposito,Nuevo,No le da mantenimiento,No sabe
19429,1,1,1,2,1,10,1,De gas con deposito,Nuevo,Cada 6 meses,De 50 a 60 litros (hasta 3 personas)
19434,1,1,7,1,1,5,2,Solar,Nuevo,Cada año,De 38 a 40 litros (hasta 2 personas)
19436,1,1,1,3,1,1,4,De gas con deposito,Nuevo,No le da mantenimiento,De 70 a 80 litros (hasta 4 personas)
19437,1,1,1,1,1,1,4,De gas con deposito,Nuevo,No le da mantenimiento,De 38 a 40 litros (hasta 2 personas)
19437,1,2,7,4,2,7,1,Solar,Usado,Cada 6 meses,De 90 a 110 litros (hasta 6 personas)
19452,1,1,1,2,2,10,4,De gas con deposito,Usado,No le da mantenimiento,De 50 a 60 litros (hasta 3 personas)
19481,1,2,7,4,1,1,4,Solar,Nuevo,No le da mantenimiento,De 90 a 110 litros (hasta 6 personas)
19481,1,1,2,0,2,15,4,De gas de rápida recuperación,Usado,No le da mantenimiento,
19482,1,1,1,3,1,1,1,De gas con deposito,Nuevo,Cada 6 meses,De 70 a 80 litros (hasta 4 personas)
19483,1,1,2,0,1,20,4,De gas de rápida recuperación,Nuevo,No le da mantenimiento,
19484,1,1,1,1,1,2,1,De gas con deposito,Nuevo,Cada 6 meses,De 38 a 40 litros (hasta 2 personas)
19485,1,1,3,0,1,6,2,De gas instantáneo de paso,Nuevo,Cada año,
19486,1,1,2,0,1,10,1,De gas de rápida recuperación,Nuevo,Cada 6 meses,
19487,1,1,1,3,1,15,4,De gas con deposito,Nuevo,No le da mantenimiento,De 70 a 80 litros (hasta 4 personas)
19488,1,1,3,0,1,10,3,De gas instantáneo de paso,Nuevo,Cada 2 años,
19489,1,1,3,0,1,2,2,De gas instantáneo de paso,Nuevo,Cada año,
19490,1,1,3,0,1,8,3,De gas instantáneo de paso,Nuevo,Cada 2 años,
19490,1,2,3,0,1,8,3,De gas instantáneo de paso,Nuevo,Cada 2 años,
19491,1,1,1,3,1,1,2,De gas con deposito,Nuevo,Cada año,De 70 a 80 litros (hasta 4 personas)
19493,1,1,7,3,1,2,4,Solar,Nuevo,No le da mantenimiento,De 70 a 80 litros (hasta 4 personas)
19495,1,1,4,0,1,3,1,Eléctrico instantáneo de paso,Nuevo,Cada 6 meses,
19511,1,1,1,1,1,4,1,De gas con deposito,Nuevo,Cada 6 meses,De 38 a 40 litros (hasta 2 personas)
19513,1,1,1,2,1,4,4,De gas con deposito,Nuevo,No le da mantenimiento,De 50 a 60 litros (hasta 3 personas)
19514,1,1,7,4,1,1,1,Solar,Nuevo,Cada 6 meses,De 90 a 110 litros (hasta 6 personas)
19515,1,1,7,3,2,5,4,Solar,Usado,No le da mantenimiento,De 70 a 80 litros (hasta 4 personas)
19516,1,1,7,3,1,1,4,Solar,Nuevo,No le da mantenimiento,De 70 a 80 litros (hasta 4 personas)
19517,1,1,1,2,1,12,4,De gas con deposito,Nuevo,No le da mantenimiento,De 50 a 60 litros (hasta 3 personas)
19520,1,1,7,3,1,1,4,Solar,Nuevo,No le da mantenimiento,De 70 a 80 litros (hasta 4 personas)
19521,1,1,2,0,1,10,3,De gas de rápida recuperación,Nuevo,Cada 2 años,
19524,1,1,7,3,1,3,4,Solar,Nuevo,No le da mantenimiento,De 70 a 80 litros (hasta 4 personas)
19526,1,1,7,5,1,1,1,Solar,Nuevo,Cada 6 meses,De 120 a 140 litros (hasta 7 personas)
19529,1,1,7,4,1,1,4,Solar,Nuevo,No le da mantenimiento,De 90 a 110 litros (hasta 6 personas)
19530,1,2,4,0,1,2,4,Eléctrico instantáneo de paso,Nuevo,No le da mantenimiento,
19530,1,1,4,0,1,5,4,Eléctrico instantáneo de paso,Nuevo,No le da mantenimiento,
19531,1,1,1,1,1,10,3,De gas con deposito,Nuevo,Cada 2 años,De 38 a 40 litros (hasta 2 personas)
19532,1,1,2,0,1,5,4,De gas de rápida recuperación,Nuevo,No le da mantenimiento,
19534,1,1,1,1,1,10,3,De gas con deposito,Nuevo,Cada 2 años,De 38 a 40 litros (hasta 2 personas)
19535,1,1,2,0,1,10,1,De gas de rápida recuperación,Nuevo,Cada 6 meses,
19539,1,1,1,1,1,11,1,De gas con deposito,Nuevo,Cada 6 meses,De 38 a 40 litros (hasta 2 personas)
19540,1,1,7,2,1,3,3,Solar,Nuevo,Cada 2 años,De 50 a 60 litros (hasta 3 personas)
19541,1,1,3,0,1,10,4,De gas instantáneo de paso,Nuevo,No le da mantenimiento,
19542,1,1,7,3,1,3,2,Solar,Nuevo,Cada año,De 70 a 80 litros (hasta 4 personas)
19543,1,1,1,1,1,7,1,De gas con deposito,Nuevo,Cada 6 meses,De 38 a 40 litros (hasta 2 personas)
19547,1,1,1,1,1,8,1,De gas con deposito,Nuevo,Cada 6 meses,De 38 a 40 litros (hasta 2 personas)
19548,1,1,1,1,1,11,4,De gas con deposito,Nuevo,No le da mantenimiento,De 38 a 40 litros (hasta 2 personas)
19549,1,1,7,4,1,2,4,Solar,Nuevo,No le da mantenimiento,De 90 a 110 litros (hasta 6 personas)
19551,1,1,7,3,1,3,4,Solar,Nuevo,No le da mantenimiento,De 70 a 80 litros (hasta 4 personas)
19552,1,1,7,6,1,3,2,Solar,Nuevo,Cada año,Más de 140 litros (más de 7 personas)
19554,1,1,1,9,1,13,4,De gas con deposito,Nuevo,No le da mantenimiento,No sabe
19556,1,1,5,1,2,6,3,Eléctrico con depósito,Usado,Cada 2 años,De 38 a 40 litros (hasta 2 personas)
19557,1,1,2,0,1,13,4,De gas de rápida recuperación,Nuevo,No le da mantenimiento,
19558,1,1,2,0,1,10,4,De gas de rápida recuperación,Nuevo,No le da mantenimiento,
19559,1,1,7,2,1,5,4,Solar,Nuevo,No le da mantenimiento,De 50 a 60 litros (hasta 3 personas)
19561,1,1,7,2,1,4,1,Solar,Nuevo,Cada 6 meses,De 50 a 60 litros (hasta 3 personas)
19567,1,1,1,1,2,5,4,De gas con deposito,Usado,No le da mantenimiento,De 38 a 40 litros (hasta 2 personas)
19569,1,1,1,1,1,15,4,De gas con deposito,Nuevo,No le da mantenimiento,De 38 a 40 litros (hasta 2 personas)
19570,1,1,7,4,1,1,4,Solar,Nuevo,No le da mantenimiento,De 90 a 110 litros (hasta 6 personas)
19574,1,1,2,0,1,10,4,De gas de rápida recuperación,Nuevo,No le da mantenimiento,
19575,1,1,7,2,1,1,4,Solar,Nuevo,No le da mantenimiento,De 50 a 60 litros (hasta 3 personas)
19576,1,1,1,3,1,1,4,De gas con deposito,Nuevo,No le da mantenimiento,De 70 a 80 litros (hasta 4 personas)
19577,1,1,1,9,1,5,4,De gas con deposito,Nuevo,No le da mantenimiento,No sabe
19578,1,1,7,3,1,3,4,Solar,Nuevo,No le da mantenimiento,De 70 a 80 litros (hasta 4 personas)
19580,1,1,7,3,1,3,4,Solar,Nuevo,No le da mantenimiento,De 70 a 80 litros (hasta 4 personas)
19581,1,1,3,0,1,3,4,De gas instantáneo de paso,Nuevo,No le da mantenimiento,
19582,1,1,7,2,1,1,2,Solar,Nuevo,Cada año,De 50 a 60 litros (hasta 3 personas)
19584,1,1,1,1,1,8,4,De gas con deposito,Nuevo,No le da mantenimiento,De 38 a 40 litros (hasta 2 personas)
19588,1,1,7,2,1,2,4,Solar,Nuevo,No le da mantenimiento,De 50 a 60 litros (hasta 3 personas)
19589,1,1,7,3,1,1,4,Solar,Nuevo,No le da mantenimiento,De 70 a 80 litros (hasta 4 personas)
19590,1,1,4,0,1,4,2,Eléctrico instantáneo de paso,Nuevo,Cada año,
19591,1,1,3,0,1,5,1,De gas instantáneo de paso,Nuevo,Cada 6 meses,
19594,1,1,5,1,1,9,2,Eléctrico con depósito,Nuevo,Cada año,De 38 a 40 litros (hasta 2 personas)
19607,1,1,1,1,1,3,1,De gas con deposito,Nuevo,Cada 6 meses,De 38 a 40 litros (hasta 2 personas)
19608,1,1,5,1,1,4,1,Eléctrico con depósito,Nuevo,Cada 6 meses,De 38 a 40 litros (hasta 2 personas)
19629,1,1,7,1,1,1,4,Solar,Nuevo,No le da mantenimiento,De 38 a 40 litros (hasta 2 personas)
19636,1,1,1,2,1,4,1,De gas con deposito,Nuevo,Cada 6 meses,De 50 a 60 litros (hasta 3 personas)
19643,1,1,1,3,1,13,3,De gas con deposito,Nuevo,Cada 2 años,De 70 a 80 litros (hasta 4 personas)
19644,1,1,3,0,1,12,3,De gas instantáneo de paso,Nuevo,Cada 2 años,
19649,1,1,7,4,1,2,4,Solar,Nuevo,No le da mantenimiento,De 90 a 110 litros (hasta 6 personas)
19657,1,1,2,0,1,6,2,De gas de rápida recuperación,Nuevo,Cada año,
19659,1,1,7,3,1,1,4,Solar,Nuevo,No le da mantenimiento,De 70 a 80 litros (hasta 4 personas)
19660,1,1,7,3,1,1,4,Solar,Nuevo,No le da mantenimiento,De 70 a 80 litros (hasta 4 personas)
19663,1,1,1,1,2,7,4,De gas con deposito,Usado,No le da mantenimiento,De 38 a 40 litros (hasta 2 personas)
19663,1,2,7,4,1,2,4,Solar,Nuevo,No le da mantenimiento,De 90 a 110 litros (hasta 6 personas)
19667,1,1,2,0,1,7,2,De gas de rápida recuperación,Nuevo,Cada año,
19671,1,1,7,4,1,2,4,Solar,Nuevo,No le da mantenimiento,De 90 a 110 litros (hasta 6 personas)
19672,1,1,1,1,1,15,1,De gas con deposito,Nuevo,Cada 6 meses,De 38 a 40 litros (hasta 2 personas)
19673,1,1,7,2,1,2,4,Solar,Nuevo,No le da mantenimiento,De 50 a 60 litros (hasta 3 personas)
19674,1,1,7,3,1,1,4,Solar,Nuevo,No le da mantenimiento,De 70 a 80 litros (hasta 4 personas)
19675,1,1,1,9,1,6,4,De gas con deposito,Nuevo,No le da mantenimiento,No sabe
19676,1,1,7,2,1,3,4,Solar,Nuevo,No le da mantenimiento,De 50 a 60 litros (hasta 3 personas)
19678,1,1,7,5,1,3,4,Solar,Nuevo,No le da mantenimiento,De 120 a 140 litros (hasta 7 personas)
19680,1,1,7,3,1,3,2,Solar,Nuevo,Cada año,De 70 a 80 litros (hasta 4 personas)
19681,1,1,7,3,1,4,4,Solar,Nuevo,No le da mantenimiento,De 70 a 80 litros (hasta 4 personas)
19683,1,1,7,3,1,1,4,Solar,Nuevo,No le da mantenimiento,De 70 a 80 litros (hasta 4 personas)
19687,1,1,7,4,1,1,4,Solar,Nuevo,No le da mantenimiento,De 90 a 110 litros (hasta 6 personas)
19688,1,1,7,2,1,1,4,Solar,Nuevo,No le da mantenimiento,De 50 a 60 litros (hasta 3 personas)
19690,1,1,7,9,1,1,4,Solar,Nuevo,No le da mantenimiento,No sabe
19692,1,1,7,4,1,1,4,Solar,Nuevo,No le da mantenimiento,De 90 a 110 litros (hasta 6 personas)
19693,1,1,1,1,2,5,2,De gas con deposito,Usado,Cada año,De 38 a 40 litros (hasta 2 personas)
19694,1,1,7,2,1,1,4,Solar,Nuevo,No le da mantenimiento,De 50 a 60 litros (hasta 3 personas)
19695,1,1,7,4,1,1,4,Solar,Nuevo,No le da mantenimiento,De 90 a 110 litros (hasta 6 personas)
19700,1,1,4,0,1,1,4,Eléctrico instantáneo de paso,Nuevo,No le da mantenimiento,
19701,1,1,7,3,1,1,1,Solar,Nuevo,Cada 6 meses,De 70 a 80 litros (hasta 4 personas)
19705,1,1,7,3,1,1,4,Solar,Nuevo,No le da mantenimiento,De 70 a 80 litros (hasta 4 personas)
19707,1,1,1,1,1,10,2,De gas con deposito,Nuevo,Cada año,De 38 a 40 litros (hasta 2 personas)
19710,1,1,4,0,1,4,4,Eléctrico instantáneo de paso,Nuevo,No le da mantenimiento,
19711,1,1,4,0,1,10,2,Eléctrico instantáneo de paso,Nuevo,Cada año,
19712,1,1,7,3,1,1,4,Solar,Nuevo,No le da mantenimiento,De 70 a 80 litros (hasta 4 personas)
19714,1,1,1,1,1,10,4,De gas con deposito,Nuevo,No le da mantenimiento,De 38 a 40 litros (hasta 2 personas)
19716,1,1,1,2,1,17,1,De gas con deposito,Nuevo,Cada 6 meses,De 50 a 60 litros (hasta 3 personas)
19720,1,1,1,2,1,15,2,De gas con deposito,Nuevo,Cada año,De 50 a 60 litros (hasta 3 personas)
19726,1,1,2,0,1,3,2,De gas de rápida recuperación,Nuevo,Cada año,
19732,1,1,3,0,1,99,4,De gas instantáneo de paso,Nuevo,No le da mantenimiento,
19733,1,1,1,1,1,1,4,De gas con deposito,Nuevo,No le da mantenimiento,De 38 a 40 litros (hasta 2 personas)
19735,1,1,5,1,1,7,1,Eléctrico con depósito,Nuevo,Cada 6 meses,De 38 a 40 litros (hasta 2 personas)
19740,1,1,1,1,1,5,4,De gas con deposito,Nuevo,No le da mantenimiento,De 38 a 40 litros (hasta 2 personas)
19741,1,1,2,0,1,10,4,De gas de rápida recuperación,Nuevo,No le da mantenimiento,
19743,1,1,1,9,1,10,4,De gas con deposito,Nuevo,No le da mantenimiento,No sabe
19744,1,1,7,1,1,2,4,Solar,Nuevo,No le da mantenimiento,De 38 a 40 litros (hasta 2 personas)
19746,1,1,1,2,1,99,2,De gas con deposito,Nuevo,Cada año,De 50 a 60 litros (hasta 3 personas)
19747,1,1,3,0,1,1,4,De gas instantáneo de paso,Nuevo,No le da mantenimiento,
19759,1,1,4,0,1,2,1,Eléctrico instantáneo de paso,Nuevo,Cada 6 meses,
19763,1,1,1,1,1,5,2,De gas con deposito,Nuevo,Cada año,De 38 a 40 litros (hasta 2 personas)
19767,1,1,1,1,1,1,1,De gas con deposito,Nuevo,Cada 6 meses,De 38 a 40 litros (hasta 2 personas)
19772,1,1,5,9,1,2,4,Eléctrico con depósito,Nuevo,No le da mantenimiento,No sabe
19778,1,1,5,9,1,1,4,Eléctrico con depósito,Nuevo,No le da mantenimiento,No sabe
19788,1,2,5,2,1,3,1,Eléctrico con depósito,Nuevo,Cada 6 meses,De 50 a 60 litros (hasta 3 personas)
19788,1,1,5,2,1,1,1,Eléctrico con depósito,Nuevo,Cada 6 meses,De 50 a 60 litros (hasta 3 personas)
19843,1,2,5,3,1,1,4,Eléctrico con depósito,Nuevo,No le da mantenimiento,De 70 a 80 litros (hasta 4 personas)
19843,1,1,5,3,1,2,2,Eléctrico con depósito,Nuevo,Cada año,De 70 a 80 litros (hasta 4 personas)
19876,1,1,2,0,2,2,1,De gas de rápida recuperación,Usado,Cada 6 meses,
19883,1,1,1,1,1,1,1,De gas con deposito,Nuevo,Cada 6 meses,De 38 a 40 litros (hasta 2 personas)
19889,1,1,5,4,1,1,1,Eléctrico con depósito,Nuevo,Cada 6 meses,De 90 a 110 litros (hasta 6 personas)
19898,1,1,1,1,1,2,2,De gas con deposito,Nuevo,Cada año,De 38 a 40 litros (hasta 2 personas)
19899,1,1,1,1,1,4,3,De gas con deposito,Nuevo,Cada 2 años,De 38 a 40 litros (hasta 2 personas)
19900,1,1,1,1,1,2,2,De gas con deposito,Nuevo,Cada año,De 38 a 40 litros (hasta 2 personas)
19920,1,1,4,0,1,2,1,Eléctrico instantáneo de paso,Nuevo,Cada 6 meses,
19922,1,1,1,1,1,3,1,De gas con deposito,Nuevo,Cada 6 meses,De 38 a 40 litros (hasta 2 personas)
19923,1,1,4,0,1,1,1,Eléctrico instantáneo de paso,Nuevo,Cada 6 meses,
19924,1,1,1,1,1,5,1,De gas con deposito,Nuevo,Cada 6 meses,De 38 a 40 litros (hasta 2 personas)
19926,1,1,1,1,1,1,1,De gas con deposito,Nuevo,Cada 6 meses,De 38 a 40 litros (hasta 2 personas)
19928,1,1,2,0,1,1,4,De gas de rápida recuperación,Nuevo,No le da mantenimiento,
20029,1,1,1,1,1,1,2,De gas con deposito,Nuevo,Cada año,De 38 a 40 litros (hasta 2 personas)
20074,1,1,2,0,1,3,1,De gas de rápida recuperación,Nuevo,Cada 6 meses,
20079,1,1,2,0,1,3,2,De gas de rápida recuperación,Nuevo,Cada año,
20081,1,1,2,0,1,3,1,De gas de rápida recuperación,Nuevo,Cada 6 meses,
20083,1,1,2,0,1,1,4,De gas de rápida recuperación,Nuevo,No le da mantenimiento,
20084,1,1,3,0,1,1,1,De gas instantáneo de paso,Nuevo,Cada 6 meses,
20085,1,1,3,0,1,1,4,De gas instantáneo de paso,Nuevo,No le da mantenimiento,
20086,1,1,2,0,2,99,4,De gas de rápida recuperación,Usado,No le da mantenimiento,
20088,1,1,5,9,1,12,4,Eléctrico con depósito,Nuevo,No le da mantenimiento,No sabe
20124,1,1,3,0,1,2,1,De gas instantáneo de paso,Nuevo,Cada 6 meses,
20141,1,1,1,1,1,10,1,De gas con deposito,Nuevo,Cada 6 meses,De 38 a 40 litros (hasta 2 personas)
20163,1,1,1,3,1,3,1,De gas con deposito,Nuevo,Cada 6 meses,De 70 a 80 litros (hasta 4 personas)
20177,1,1,1,1,1,4,1,De gas con deposito,Nuevo,Cada 6 meses,De 38 a 40 litros (hasta 2 personas)
20188,1,1,3,0,1,1,1,De gas instantáneo de paso,Nuevo,Cada 6 meses,
20189,1,1,1,1,1,3,4,De gas con deposito,Nuevo,No le da mantenimiento,De 38 a 40 litros (hasta 2 personas)
20190,1,1,1,3,1,1,4,De gas con deposito,Nuevo,No le da mantenimiento,De 70 a 80 litros (hasta 4 personas)
20248,1,1,2,0,1,2,1,De gas de rápida recuperación,Nuevo,Cada 6 meses,
20249,1,1,2,0,1,2,2,De gas de rápida recuperación,Nuevo,Cada año,
20250,1,1,2,0,1,2,1,De gas de rápida recuperación,Nuevo,Cada 6 meses,
20251,1,1,2,0,1,1,1,De gas de rápida recuperación,Nuevo,Cada 6 meses,
20259,1,1,3,0,2,1,4,De gas instantáneo de paso,Usado,No le da mantenimiento,
20306,1,1,2,0,2,1,2,De gas de rápida recuperación,Usado,Cada año,
20324,1,1,3,0,2,99,4,De gas instantáneo de paso,Usado,No le da mantenimiento,
20334,1,1,2,0,1,2,4,De gas de rápida recuperación,Nuevo,No le da mantenimiento,
20373,1,1,5,3,1,99,4,Eléctrico con depósito,Nuevo,No le da mantenimiento,De 70 a 80 litros (hasta 4 personas)
20375,1,1,1,2,1,3,1,De gas con deposito,Nuevo,Cada 6 meses,De 50 a 60 litros (hasta 3 personas)
20376,1,1,1,2,1,3,1,De gas con deposito,Nuevo,Cada 6 meses,De 50 a 60 litros (hasta 3 personas)
20405,1,1,4,0,1,8,1,Eléctrico instantáneo de paso,Nuevo,Cada 6 meses,
20408,1,1,5,1,1,99,4,Eléctrico con depósito,Nuevo,No le da mantenimiento,De 38 a 40 litros (hasta 2 personas)
20438,1,1,4,0,1,10,1,Eléctrico instantáneo de paso,Nuevo,Cada 6 meses,
20451,1,1,1,1,1,3,1,De gas con deposito,Nuevo,Cada 6 meses,De 38 a 40 litros (hasta 2 personas)
20518,1,1,3,0,1,1,4,De gas instantáneo de paso,Nuevo,No le da mantenimiento,
20527,1,1,3,0,1,10,1,De gas instantáneo de paso,Nuevo,Cada 6 meses,
20530,1,1,1,1,1,5,1,De gas con deposito,Nuevo,Cada 6 meses,De 38 a 40 litros (hasta 2 personas)
20534,1,1,4,0,1,8,2,Eléctrico instantáneo de paso,Nuevo,Cada año,
20677,1,1,1,9,1,1,4,De gas con deposito,Nuevo,No le da mantenimiento,No sabe
20687,1,1,1,1,1,7,1,De gas con deposito,Nuevo,Cada 6 meses,De 38 a 40 litros (hasta 2 personas)
20693,1,1,1,1,1,10,2,De gas con deposito,Nuevo,Cada año,De 38 a 40 litros (hasta 2 personas)
20696,1,1,1,1,2,13,4,De gas con deposito,Usado,No le da mantenimiento,De 38 a 40 litros (hasta 2 personas)
20702,1,1,1,2,1,20,3,De gas con deposito,Nuevo,Cada 2 años,De 50 a 60 litros (hasta 3 personas)
20704,1,1,1,3,2,20,4,De gas con deposito,Usado,No le da mantenimiento,De 70 a 80 litros (hasta 4 personas)
20707,1,1,2,0,1,1,1,De gas de rápida recuperación,Nuevo,Cada 6 meses,
20708,1,1,1,2,1,15,2,De gas con deposito,Nuevo,Cada año,De 50 a 60 litros (hasta 3 personas)
20709,1,1,1,1,1,99,4,De gas con deposito,Nuevo,No le da mantenimiento,De 38 a 40 litros (hasta 2 personas)
20711,1,1,1,1,1,1,4,De gas con deposito,Nuevo,No le da mantenimiento,De 38 a 40 litros (hasta 2 personas)
20713,1,1,7,5,1,1,4,Solar,Nuevo,No le da mantenimiento,De 120 a 140 litros (hasta 7 personas)
20714,1,1,1,1,1,8,4,De gas con deposito,Nuevo,No le da mantenimiento,De 38 a 40 litros (hasta 2 personas)
20715,1,1,1,1,1,20,4,De gas con deposito,Nuevo,No le da mantenimiento,De 38 a 40 litros (hasta 2 personas)
20718,1,1,1,1,1,99,4,De gas con deposito,Nuevo,No le da mantenimiento,De 38 a 40 litros (hasta 2 personas)
20719,1,1,1,1,1,99,4,De gas con deposito,Nuevo,No le da mantenimiento,De 38 a 40 litros (hasta 2 personas)
20722,1,1,7,4,1,1,4,Solar,Nuevo,No le da mantenimiento,De 90 a 110 litros (hasta 6 personas)
20723,1,1,7,3,1,4,4,Solar,Nuevo,No le da mantenimiento,De 70 a 80 litros (hasta 4 personas)
20734,1,1,2,0,1,6,4,De gas de rápida recuperación,Nuevo,No le da mantenimiento,
20735,1,1,1,1,2,5,3,De gas con deposito,Usado,Cada 2 años,De 38 a 40 litros (hasta 2 personas)
20736,1,1,1,1,1,3,1,De gas con deposito,Nuevo,Cada 6 meses,De 38 a 40 litros (hasta 2 personas)
20737,1,1,1,1,1,5,2,De gas con deposito,Nuevo,Cada año,De 38 a 40 litros (hasta 2 personas)
20738,1,1,1,1,1,6,1,De gas con deposito,Nuevo,Cada 6 meses,De 38 a 40 litros (hasta 2 personas)
20739,1,1,1,3,1,20,2,De gas con deposito,Nuevo,Cada año,De 70 a 80 litros (hasta 4 personas)
20740,1,1,6,1,1,1,1,De leña,Nuevo,Cada 6 meses,De 38 a 40 litros (hasta 2 personas)
20743,1,1,3,0,1,2,4,De gas instantáneo de paso,Nuevo,No le da mantenimiento,
20745,1,1,1,1,1,10,1,De gas con deposito,Nuevo,Cada 6 meses,De 38 a 40 litros (hasta 2 personas)
20746,1,2,1,2,1,7,1,De gas con deposito,Nuevo,Cada 6 meses,De 50 a 60 litros (hasta 3 personas)
20746,1,1,1,2,1,10,2,De gas con deposito,Nuevo,Cada año,De 50 a 60 litros (hasta 3 personas)
20749,1,1,3,0,1,1,2,De gas instantáneo de paso,Nuevo,Cada año,
20750,1,1,3,0,1,3,4,De gas instantáneo de paso,Nuevo,No le da mantenimiento,
20752,1,1,1,1,1,6,4,De gas con deposito,Nuevo,No le da mantenimiento,De 38 a 40 litros (hasta 2 personas)
20755,1,1,3,0,1,1,4,De gas instantáneo de paso,Nuevo,No le da mantenimiento,
20757,1,1,2,0,1,2,1,De gas de rápida recuperación,Nuevo,Cada 6 meses,
20758,1,1,1,1,1,14,2,De gas con deposito,Nuevo,Cada año,De 38 a 40 litros (hasta 2 personas)
20760,1,1,1,1,1,5,3,De gas con deposito,Nuevo,Cada 2 años,De 38 a 40 litros (hasta 2 personas)
20761,1,1,1,3,1,2,2,De gas con deposito,Nuevo,Cada año,De 70 a 80 litros (hasta 4 personas)
20763,1,1,1,1,1,13,4,De gas con deposito,Nuevo,No le da mantenimiento,De 38 a 40 litros (hasta 2 personas)
20764,1,1,1,9,2,1,4,De gas con deposito,Usado,No le da mantenimiento,No sabe
20767,1,1,1,1,1,3,4,De gas con deposito,Nuevo,No le da mantenimiento,De 38 a 40 litros (hasta 2 personas)
20769,1,1,1,1,1,4,1,De gas con deposito,Nuevo,Cada 6 meses,De 38 a 40 litros (hasta 2 personas)
20771,1,1,1,9,1,1,1,De gas con deposito,Nuevo,Cada 6 meses,No sabe
20772,1,1,1,1,1,10,1,De gas con deposito,Nuevo,Cada 6 meses,De 38 a 40 litros (hasta 2 personas)
20773,1,1,1,1,2,5,1,De gas con deposito,Usado,Cada 6 meses,De 38 a 40 litros (hasta 2 personas)
20778,1,1,1,9,1,13,2,De gas con deposito,Nuevo,Cada año,No sabe
20779,1,1,1,1,1,10,2,De gas con deposito,Nuevo,Cada año,De 38 a 40 litros (hasta 2 personas)
20780,1,2,3,0,1,4,2,De gas instantáneo de paso,Nuevo,Cada año,
20780,1,1,7,3,1,2,2,Solar,Nuevo,Cada año,De 70 a 80 litros (hasta 4 personas)
20782,1,1,1,3,1,10,4,De gas con deposito,Nuevo,No le da mantenimiento,De 70 a 80 litros (hasta 4 personas)
20783,1,1,3,0,1,1,4,De gas instantáneo de paso,Nuevo,No le da mantenimiento,
20785,1,1,1,1,1,20,4,De gas con deposito,Nuevo,No le da mantenimiento,De 38 a 40 litros (hasta 2 personas)
20786,1,1,1,2,1,5,1,De gas con deposito,Nuevo,Cada 6 meses,De 50 a 60 litros (hasta 3 personas)
20788,1,1,1,1,1,99,1,De gas con deposito,Nuevo,Cada 6 meses,De 38 a 40 litros (hasta 2 personas)
20789,1,1,1,9,2,1,2,De gas con deposito,Usado,Cada año,No sabe
20790,1,1,1,2,1,14,4,De gas con deposito,Nuevo,No le da mantenimiento,De 50 a 60 litros (hasta 3 personas)
20791,1,1,1,1,2,2,4,De gas con deposito,Usado,No le da mantenimiento,De 38 a 40 litros (hasta 2 personas)
20792,1,1,3,0,1,7,1,De gas instantáneo de paso,Nuevo,Cada 6 meses,
20793,1,1,1,2,1,10,4,De gas con deposito,Nuevo,No le da mantenimiento,De 50 a 60 litros (hasta 3 personas)
20794,1,1,1,1,1,99,2,De gas con deposito,Nuevo,Cada año,De 38 a 40 litros (hasta 2 personas)
20795,1,1,1,1,2,99,4,De gas con deposito,Usado,No le da mantenimiento,De 38 a 40 litros (hasta 2 personas)
20796,1,2,7,6,1,2,1,Solar,Nuevo,Cada 6 meses,Más de 140 litros (más de 7 personas)
20796,1,1,1,6,1,3,1,De gas con deposito,Nuevo,Cada 6 meses,Más de 140 litros (más de 7 personas)
20797,1,1,1,5,2,99,4,De gas con deposito,Usado,No le da mantenimiento,De 120 a 140 litros (hasta 7 personas)
20798,1,1,1,9,1,6,1,De gas con deposito,Nuevo,Cada 6 meses,No sabe
20799,1,1,1,2,1,10,2,De gas con deposito,Nuevo,Cada año,De 50 a 60 litros (hasta 3 personas)
20801,1,1,1,9,1,5,2,De gas con deposito,Nuevo,Cada año,No sabe
20802,1,1,7,2,1,6,4,Solar,Nuevo,No le da mantenimiento,De 50 a 60 litros (hasta 3 personas)
20803,1,1,1,3,1,5,2,De gas con deposito,Nuevo,Cada año,De 70 a 80 litros (hasta 4 personas)
20804,1,1,4,0,1,5,4,Eléctrico instantáneo de paso,Nuevo,No le da mantenimiento,
20805,1,1,1,9,2,4,4,De gas con deposito,Usado,No le da mantenimiento,No sabe
20806,1,1,3,0,1,10,1,De gas instantáneo de paso,Nuevo,Cada 6 meses,
20807,1,1,7,3,1,4,2,Solar,Nuevo,Cada año,De 70 a 80 litros (hasta 4 personas)
20807,1,2,3,0,1,1,2,De gas instantáneo de paso,Nuevo,Cada año,
20808,1,1,1,2,1,4,4,De gas con deposito,Nuevo,No le da mantenimiento,De 50 a 60 litros (hasta 3 personas)
20809,1,1,1,2,1,1,3,De gas con deposito,Nuevo,Cada 2 años,De 50 a 60 litros (hasta 3 personas)
20810,1,1,1,3,2,99,4,De gas con deposito,Usado,No le da mantenimiento,De 70 a 80 litros (hasta 4 personas)
20812,1,1,1,3,1,8,3,De gas con deposito,Nuevo,Cada 2 años,De 70 a 80 litros (hasta 4 personas)
20813,1,1,1,9,1,5,4,De gas con deposito,Nuevo,No le da mantenimiento,No sabe
20814,1,1,1,2,1,10,4,De gas con deposito,Nuevo,No le da mantenimiento,De 50 a 60 litros (hasta 3 personas)
20815,1,1,1,2,1,15,4,De gas con deposito,Nuevo,No le da mantenimiento,De 50 a 60 litros (hasta 3 personas)
20816,1,1,4,0,1,12,4,Eléctrico instantáneo de paso,Nuevo,No le da mantenimiento,
20817,1,1,1,1,1,8,1,De gas con deposito,Nuevo,Cada 6 meses,De 38 a 40 litros (hasta 2 personas)
20818,1,2,7,1,1,2,4,Solar,Nuevo,No le da mantenimiento,De 38 a 40 litros (hasta 2 personas)
20818,1,1,3,0,1,1,4,De gas instantáneo de paso,Nuevo,No le da mantenimiento,
20819,1,1,1,2,1,16,1,De gas con deposito,Nuevo,Cada 6 meses,De 50 a 60 litros (hasta 3 personas)
20820,1,1,1,1,1,1,4,De gas con deposito,Nuevo,No le da mantenimiento,De 38 a 40 litros (hasta 2 personas)
20821,1,1,1,1,1,2,1,De gas con deposito,Nuevo,Cada 6 meses,De 38 a 40 litros (hasta 2 personas)
20822,1,1,1,1,1,4,2,De gas con deposito,Nuevo,Cada año,De 38 a 40 litros (hasta 2 personas)
20823,1,1,1,3,1,4,4,De gas con deposito,Nuevo,No le da mantenimiento,De 70 a 80 litros (hasta 4 personas)
20824,1,1,1,2,1,10,4,De gas con deposito,Nuevo,No le da mantenimiento,De 50 a 60 litros (hasta 3 personas)
20825,1,1,1,2,1,5,4,De gas con deposito,Nuevo,No le da mantenimiento,De 50 a 60 litros (hasta 3 personas)
20826,1,1,1,2,1,4,1,De gas con deposito,Nuevo,Cada 6 meses,De 50 a 60 litros (hasta 3 personas)
20828,1,1,2,0,1,10,2,De gas de rápida recuperación,Nuevo,Cada año,
20829,1,2,7,3,1,4,4,Solar,Nuevo,No le da mantenimiento,De 70 a 80 litros (hasta 4 personas)
20829,1,1,2,0,1,10,4,De gas de rápida recuperación,Nuevo,No le da mantenimiento,
20830,1,1,2,0,1,15,4,De gas de rápida recuperación,Nuevo,No le da mantenimiento,
20831,1,1,2,0,1,8,4,De gas de rápida recuperación,Nuevo,No le da mantenimiento,
20832,1,1,3,0,1,2,1,De gas instantáneo de paso,Nuevo,Cada 6 meses,
20833,1,1,1,1,1,5,2,De gas con deposito,Nuevo,Cada año,De 38 a 40 litros (hasta 2 personas)
20834,1,1,1,2,1,10,1,De gas con deposito,Nuevo,Cada 6 meses,De 50 a 60 litros (hasta 3 personas)
20835,1,1,1,1,1,2,1,De gas con deposito,Nuevo,Cada 6 meses,De 38 a 40 litros (hasta 2 personas)
20836,1,1,1,1,1,3,2,De gas con deposito,Nuevo,Cada año,De 38 a 40 litros (hasta 2 personas)
20838,1,1,1,3,1,3,1,De gas con deposito,Nuevo,Cada 6 meses,De 70 a 80 litros (hasta 4 personas)
20841,1,1,1,3,1,6,1,De gas con deposito,Nuevo,Cada 6 meses,De 70 a 80 litros (hasta 4 personas)
20842,1,1,1,1,2,30,4,De gas con deposito,Usado,No le da mantenimiento,De 38 a 40 litros (hasta 2 personas)
20843,1,1,7,3,1,6,4,Solar,Nuevo,No le da mantenimiento,De 70 a 80 litros (hasta 4 personas)
20844,1,1,3,0,1,1,2,De gas instantáneo de paso,Nuevo,Cada año,
20844,1,2,7,1,1,1,1,Solar,Nuevo,Cada 6 meses,De 38 a 40 litros (hasta 2 personas)
20845,1,1,1,2,1,30,2,De gas con deposito,Nuevo,Cada año,De 50 a 60 litros (hasta 3 personas)
20848,1,1,1,2,1,15,2,De gas con deposito,Nuevo,Cada año,De 50 a 60 litros (hasta 3 personas)
20849,1,1,1,2,1,8,4,De gas con deposito,Nuevo,No le da mantenimiento,De 50 a 60 litros (hasta 3 personas)
20851,1,1,7,3,1,2,1,Solar,Nuevo,Cada 6 meses,De 70 a 80 litros (hasta 4 personas)
20852,1,1,1,2,1,9,4,De gas con deposito,Nuevo,No le da mantenimiento,De 50 a 60 litros (hasta 3 personas)
20854,1,1,1,1,1,3,4,De gas con deposito,Nuevo,No le da mantenimiento,De 38 a 40 litros (hasta 2 personas)
20855,1,1,2,0,1,10,4,De gas de rápida recuperación,Nuevo,No le da mantenimiento,
20856,1,1,2,0,1,3,2,De gas de rápida recuperación,Nuevo,Cada año,
20857,1,1,1,1,1,4,1,De gas con deposito,Nuevo,Cada 6 meses,De 38 a 40 litros (hasta 2 personas)
20858,1,1,2,0,1,1,1,De gas de rápida recuperación,Nuevo,Cada 6 meses,
20859,1,1,1,3,2,8,4,De gas con deposito,Usado,No le da mantenimiento,De 70 a 80 litros (hasta 4 personas)
20860,1,1,2,0,1,5,4,De gas de rápida recuperación,Nuevo,No le da mantenimiento,
20860,1,2,7,4,1,5,4,Solar,Nuevo,No le da mantenimiento,De 90 a 110 litros (hasta 6 personas)
20861,1,1,2,0,1,8,2,De gas de rápida recuperación,Nuevo,Cada año,
20862,1,1,1,1,1,4,4,De gas con deposito,Nuevo,No le da mantenimiento,De 38 a 40 litros (hasta 2 personas)
20863,1,2,7,4,1,5,3,Solar,Nuevo,Cada 2 años,De 90 a 110 litros (hasta 6 personas)
20863,1,1,3,0,1,99,3,De gas instantáneo de paso,Nuevo,Cada 2 años,
20864,1,1,1,3,2,99,2,De gas con deposito,Usado,Cada año,De 70 a 80 litros (hasta 4 personas)
20865,1,1,1,2,2,5,2,De gas con deposito,Usado,Cada año,De 50 a 60 litros (hasta 3 personas)
20866,1,1,1,1,1,10,1,De gas con deposito,Nuevo,Cada 6 meses,De 38 a 40 litros (hasta 2 personas)
20867,1,2,7,3,1,8,4,Solar,Nuevo,No le da mantenimiento,De 70 a 80 litros (hasta 4 personas)
20867,1,1,1,3,1,15,4,De gas con deposito,Nuevo,No le da mantenimiento,De 70 a 80 litros (hasta 4 personas)
20868,1,1,1,1,2,2,1,De gas con deposito,Usado,Cada 6 meses,De 38 a 40 litros (hasta 2 personas)
20870,1,1,1,1,2,99,4,De gas con deposito,Usado,No le da mantenimiento,De 38 a 40 litros (hasta 2 personas)
20875,1,1,2,0,2,3,4,De gas de rápida recuperación,Usado,No le da mantenimiento,
20877,1,1,3,0,1,5,4,De gas instantáneo de paso,Nuevo,No le da mantenimiento,
20878,1,1,1,1,1,1,4,De gas con deposito,Nuevo,No le da mantenimiento,De 38 a 40 litros (hasta 2 personas)
20880,1,1,1,1,2,99,4,De gas con deposito,Usado,No le da mantenimiento,De 38 a 40 litros (hasta 2 personas)
20882,1,1,2,0,1,6,2,De gas de rápida recuperación,Nuevo,Cada año,
20883,1,1,2,0,1,1,4,De gas de rápida recuperación,Nuevo,No le da mantenimiento,
20886,1,1,2,0,1,4,2,De gas de rápida recuperación,Nuevo,Cada año,
20887,1,1,1,1,2,8,1,De gas con deposito,Usado,Cada 6 meses,De 38 a 40 litros (hasta 2 personas)
20893,1,1,1,1,1,5,1,De gas con deposito,Nuevo,Cada 6 meses,De 38 a 40 litros (hasta 2 personas)
20894,1,1,1,1,2,99,1,De gas con deposito,Usado,Cada 6 meses,De 38 a 40 litros (hasta 2 personas)
20895,1,1,1,1,2,10,4,De gas con deposito,Usado,No le da mantenimiento,De 38 a 40 litros (hasta 2 personas)
20896,1,1,1,1,2,99,4,De gas con deposito,Usado,No le da mantenimiento,De 38 a 40 litros (hasta 2 personas)
20897,1,1,3,0,1,4,1,De gas instantáneo de paso,Nuevo,Cada 6 meses,
20899,1,1,3,0,1,1,4,De gas instantáneo de paso,Nuevo,No le da mantenimiento,
20901,1,1,2,0,1,4,4,De gas de rápida recuperación,Nuevo,No le da mantenimiento,
20902,1,1,1,1,1,5,2,De gas con deposito,Nuevo,Cada año,De 38 a 40 litros (hasta 2 personas)
20903,1,1,1,3,1,5,1,De gas con deposito,Nuevo,Cada 6 meses,De 70 a 80 litros (hasta 4 personas)
20904,1,1,2,0,2,5,4,De gas de rápida recuperación,Usado,No le da mantenimiento,
20906,1,1,7,1,1,1,4,Solar,Nuevo,No le da mantenimiento,De 38 a 40 litros (hasta 2 personas)
20908,1,1,1,2,1,17,4,De gas con deposito,Nuevo,No le da mantenimiento,De 50 a 60 litros (hasta 3 personas)
20909,1,1,1,3,1,2,1,De gas con deposito,Nuevo,Cada 6 meses,De 70 a 80 litros (hasta 4 personas)
20910,1,1,1,9,1,17,1,De gas con deposito,Nuevo,Cada 6 meses,No sabe
20911,1,1,1,3,1,12,1,De gas con deposito,Nuevo,Cada 6 meses,De 70 a 80 litros (hasta 4 personas)
20912,1,1,3,0,1,1,4,De gas instantáneo de paso,Nuevo,No le da mantenimiento,
20914,1,1,1,1,1,18,3,De gas con deposito,Nuevo,Cada 2 años,De 38 a 40 litros (hasta 2 personas)
20917,1,1,1,1,1,1,4,De gas con deposito,Nuevo,No le da mantenimiento,De 38 a 40 litros (hasta 2 personas)
20918,1,1,3,0,1,2,2,De gas instantáneo de paso,Nuevo,Cada año,
20919,1,1,1,1,1,9,2,De gas con deposito,Nuevo,Cada año,De 38 a 40 litros (hasta 2 personas)
20920,1,1,2,0,1,6,3,De gas de rápida recuperación,Nuevo,Cada 2 años,
20921,1,1,1,1,2,6,4,De gas con deposito,Usado,No le da mantenimiento,De 38 a 40 litros (hasta 2 personas)
20922,1,1,1,9,1,10,2,De gas con deposito,Nuevo,Cada año,No sabe
20923,1,1,5,2,2,8,2,Eléctrico con depósito,Usado,Cada año,De 50 a 60 litros (hasta 3 personas)
20924,1,1,1,2,2,99,1,De gas con deposito,Usado,Cada 6 meses,De 50 a 60 litros (hasta 3 personas)
20925,1,1,1,3,1,10,4,De gas con deposito,Nuevo,No le da mantenimiento,De 70 a 80 litros (hasta 4 personas)
20926,1,1,3,0,1,2,4,De gas instantáneo de paso,Nuevo,No le da mantenimiento,
20930,1,1,7,2,1,3,1,Solar,Nuevo,Cada 6 meses,De 50 a 60 litros (hasta 3 personas)
20932,1,1,1,1,1,8,4,De gas con deposito,Nuevo,No le da mantenimiento,De 38 a 40 litros (hasta 2 personas)
20933,1,1,1,1,1,6,1,De gas con deposito,Nuevo,Cada 6 meses,De 38 a 40 litros (hasta 2 personas)
20934,1,1,3,0,1,2,4,De gas instantáneo de paso,Nuevo,No le da mantenimiento,
20935,1,1,1,1,1,3,2,De gas con deposito,Nuevo,Cada año,De 38 a 40 litros (hasta 2 personas)
20937,1,1,1,1,1,1,4,De gas con deposito,Nuevo,No le da mantenimiento,De 38 a 40 litros (hasta 2 personas)
20940,1,1,1,1,1,3,4,De gas con deposito,Nuevo,No le da mantenimiento,De 38 a 40 litros (hasta 2 personas)
20941,1,2,7,9,1,6,4,Solar,Nuevo,No le da mantenimiento,No sabe
20941,1,1,2,0,1,6,1,De gas de rápida recuperación,Nuevo,Cada 6 meses,
20942,1,1,1,1,1,1,4,De gas con deposito,Nuevo,No le da mantenimiento,De 38 a 40 litros (hasta 2 personas)
20942,1,2,7,5,1,1,4,Solar,Nuevo,No le da mantenimiento,De 120 a 140 litros (hasta 7 personas)
20943,1,1,7,1,1,1,2,Solar,Nuevo,Cada año,De 38 a 40 litros (hasta 2 personas)
20944,1,1,7,9,1,2,4,Solar,Nuevo,No le da mantenimiento,No sabe
20946,1,1,7,2,1,4,4,Solar,Nuevo,No le da mantenimiento,De 50 a 60 litros (hasta 3 personas)
20947,1,1,7,1,1,2,4,Solar,Nuevo,No le da mantenimiento,De 38 a 40 litros (hasta 2 personas)
20948,1,1,7,4,1,5,4,Solar,Nuevo,No le da mantenimiento,De 90 a 110 litros (hasta 6 personas)
20950,1,1,1,1,2,1,4,De gas con deposito,Usado,No le da mantenimiento,De 38 a 40 litros (hasta 2 personas)
20954,1,1,1,3,1,17,2,De gas con deposito,Nuevo,Cada año,De 70 a 80 litros (hasta 4 personas)
20955,1,1,2,0,1,1,1,De gas de rápida recuperación,Nuevo,Cada 6 meses,
20957,1,1,1,2,1,10,2,De gas con deposito,Nuevo,Cada año,De 50 a 60 litros (hasta 3 personas)
20959,1,1,1,1,1,10,4,De gas con deposito,Nuevo,No le da mantenimiento,De 38 a 40 litros (hasta 2 personas)
20960,1,1,1,2,1,30,1,De gas con deposito,Nuevo,Cada 6 meses,De 50 a 60 litros (hasta 3 personas)
20961,1,1,1,1,1,30,2,De gas con deposito,Nuevo,Cada año,De 38 a 40 litros (hasta 2 personas)
20962,1,1,7,3,1,2,4,Solar,Nuevo,No le da mantenimiento,De 70 a 80 litros (hasta 4 personas)
20962,1,2,1,2,1,12,2,De gas con deposito,Nuevo,Cada año,De 50 a 60 litros (hasta 3 personas)
20963,1,1,1,1,1,5,1,De gas con deposito,Nuevo,Cada 6 meses,De 38 a 40 litros (hasta 2 personas)
20964,1,1,1,1,1,16,4,De gas con deposito,Nuevo,No le da mantenimiento,De 38 a 40 litros (hasta 2 personas)
20965,1,1,1,1,2,3,4,De gas con deposito,Usado,No le da mantenimiento,De 38 a 40 litros (hasta 2 personas)
20966,1,1,1,2,1,5,1,De gas con deposito,Nuevo,Cada 6 meses,De 50 a 60 litros (hasta 3 personas)
20967,1,1,1,1,1,5,3,De gas con deposito,Nuevo,Cada 2 años,De 38 a 40 litros (hasta 2 personas)
20968,1,1,4,0,1,2,1,Eléctrico instantáneo de paso,Nuevo,Cada 6 meses,
20969,1,1,1,1,1,15,2,De gas con deposito,Nuevo,Cada año,De 38 a 40 litros (hasta 2 personas)
20970,1,1,3,0,1,2,4,De gas instantáneo de paso,Nuevo,No le da mantenimiento,
20971,1,1,1,1,2,99,4,De gas con deposito,Usado,No le da mantenimiento,De 38 a 40 litros (hasta 2 personas)
20974,1,1,1,1,1,10,4,De gas con deposito,Nuevo,No le da mantenimiento,De 38 a 40 litros (hasta 2 personas)
20976,1,1,7,5,1,2,1,Solar,Nuevo,Cada 6 meses,De 120 a 140 litros (hasta 7 personas)
20977,1,1,7,3,1,99,4,Solar,Nuevo,No le da mantenimiento,De 70 a 80 litros (hasta 4 personas)
20981,1,1,5,4,1,1,4,Eléctrico con depósito,Nuevo,No le da mantenimiento,De 90 a 110 litros (hasta 6 personas)
20983,1,1,1,1,1,7,4,De gas con deposito,Nuevo,No le da mantenimiento,De 38 a 40 litros (hasta 2 personas)
20984,1,1,1,2,2,99,4,De gas con deposito,Usado,No le da mantenimiento,De 50 a 60 litros (hasta 3 personas)
20985,1,1,3,0,1,2,2,De gas instantáneo de paso,Nuevo,Cada año,
20986,1,1,1,1,1,15,1,De gas con deposito,Nuevo,Cada 6 meses,De 38 a 40 litros (hasta 2 personas)
20988,1,1,1,2,1,20,4,De gas con deposito,Nuevo,No le da mantenimiento,De 50 a 60 litros (hasta 3 personas)
20989,1,1,1,2,1,99,1,De gas con deposito,Nuevo,Cada 6 meses,De 50 a 60 litros (hasta 3 personas)
20990,1,1,1,2,1,20,4,De gas con deposito,Nuevo,No le da mantenimiento,De 50 a 60 litros (hasta 3 personas)
20991,1,1,1,1,1,12,3,De gas con deposito,Nuevo,Cada 2 años,De 38 a 40 litros (hasta 2 personas)
20992,1,1,1,1,1,3,2,De gas con deposito,Nuevo,Cada año,De 38 a 40 litros (hasta 2 personas)
20993,1,1,7,2,1,1,4,Solar,Nuevo,No le da mantenimiento,De 50 a 60 litros (hasta 3 personas)
20995,1,1,1,1,1,2,2,De gas con deposito,Nuevo,Cada año,De 38 a 40 litros (hasta 2 personas)
20996,1,1,1,1,2,99,4,De gas con deposito,Usado,No le da mantenimiento,De 38 a 40 litros (hasta 2 personas)
20998,1,1,7,5,1,1,4,Solar,Nuevo,No le da mantenimiento,De 120 a 140 litros (hasta 7 personas)
20999,1,1,1,1,2,5,1,De gas con deposito,Usado,Cada 6 meses,De 38 a 40 litros (hasta 2 personas)
21000,1,1,3,0,1,5,1,De gas instantáneo de paso,Nuevo,Cada 6 meses,
21001,1,1,3,0,2,3,1,De gas instantáneo de paso,Usado,Cada 6 meses,
21002,1,1,1,3,1,6,4,De gas con deposito,Nuevo,No le da mantenimiento,De 70 a 80 litros (hasta 4 personas)
21005,1,1,1,1,1,8,4,De gas con deposito,Nuevo,No le da mantenimiento,De 38 a 40 litros (hasta 2 personas)
21009,1,1,1,1,1,1,4,De gas con deposito,Nuevo,No le da mantenimiento,De 38 a 40 litros (hasta 2 personas)
21010,1,1,1,1,1,10,1,De gas con deposito,Nuevo,Cada 6 meses,De 38 a 40 litros (hasta 2 personas)
21011,1,1,1,3,2,4,4,De gas con deposito,Usado,No le da mantenimiento,De 70 a 80 litros (hasta 4 personas)
21013,1,1,2,0,1,1,4,De gas de rápida recuperación,Nuevo,No le da mantenimiento,
21014,1,1,1,1,1,1,4,De gas con deposito,Nuevo,No le da mantenimiento,De 38 a 40 litros (hasta 2 personas)
21015,1,1,2,0,1,2,4,De gas de rápida recuperación,Nuevo,No le da mantenimiento,
21016,1,1,1,1,1,10,1,De gas con deposito,Nuevo,Cada 6 meses,De 38 a 40 litros (hasta 2 personas)
21017,1,1,1,3,1,5,4,De gas con deposito,Nuevo,No le da mantenimiento,De 70 a 80 litros (hasta 4 personas)
21018,1,1,1,1,1,25,2,De gas con deposito,Nuevo,Cada año,De 38 a 40 litros (hasta 2 personas)
21019,1,1,1,4,1,5,4,De gas con deposito,Nuevo,No le da mantenimiento,De 90 a 110 litros (hasta 6 personas)
21020,1,1,1,2,1,10,2,De gas con deposito,Nuevo,Cada año,De 50 a 60 litros (hasta 3 personas)
21021,1,1,1,2,1,10,4,De gas con deposito,Nuevo,No le da mantenimiento,De 50 a 60 litros (hasta 3 personas)
21025,1,1,1,1,1,12,2,De gas con deposito,Nuevo,Cada año,De 38 a 40 litros (hasta 2 personas)
21028,1,1,7,2,1,1,4,Solar,Nuevo,No le da mantenimiento,De 50 a 60 litros (hasta 3 personas)
21029,1,1,5,1,1,1,4,Eléctrico con depósito,Nuevo,No le da mantenimiento,De 38 a 40 litros (hasta 2 personas)
21030,1,1,3,0,1,3,1,De gas instantáneo de paso,Nuevo,Cada 6 meses,
21031,1,1,1,2,1,2,4,De gas con deposito,Nuevo,No le da mantenimiento,De 50 a 60 litros (hasta 3 personas)
21033,1,1,1,1,1,2,4,De gas con deposito,Nuevo,No le da mantenimiento,De 38 a 40 litros (hasta 2 personas)
21035,1,1,1,1,2,2,2,De gas con deposito,Usado,Cada año,De 38 a 40 litros (hasta 2 personas)
21036,1,1,2,0,1,3,1,De gas de rápida recuperación,Nuevo,Cada 6 meses,
21037,1,1,1,1,1,10,4,De gas con deposito,Nuevo,No le da mantenimiento,De 38 a 40 litros (hasta 2 personas)
21038,1,1,1,1,1,15,4,De gas con deposito,Nuevo,No le da mantenimiento,De 38 a 40 litros (hasta 2 personas)
21039,1,1,1,4,1,15,1,De gas con deposito,Nuevo,Cada 6 meses,De 90 a 110 litros (hasta 6 personas)
21040,1,1,1,1,2,15,3,De gas con deposito,Usado,Cada 2 años,De 38 a 40 litros (hasta 2 personas)
21041,1,1,1,1,1,10,2,De gas con deposito,Nuevo,Cada año,De 38 a 40 litros (hasta 2 personas)
21044,1,1,1,3,1,8,1,De gas con deposito,Nuevo,Cada 6 meses,De 70 a 80 litros (hasta 4 personas)
21049,1,1,1,2,1,10,2,De gas con deposito,Nuevo,Cada año,De 50 a 60 litros (hasta 3 personas)
21050,1,1,1,1,2,4,1,De gas con deposito,Usado,Cada 6 meses,De 38 a 40 litros (hasta 2 personas)
21051,1,1,1,2,1,2,2,De gas con deposito,Nuevo,Cada año,De 50 a 60 litros (hasta 3 personas)
21052,1,1,1,2,1,3,2,De gas con deposito,Nuevo,Cada año,De 50 a 60 litros (hasta 3 personas)
21053,1,1,1,1,1,1,4,De gas con deposito,Nuevo,No le da mantenimiento,De 38 a 40 litros (hasta 2 personas)
21054,1,1,1,1,1,20,3,De gas con deposito,Nuevo,Cada 2 años,De 38 a 40 litros (hasta 2 personas)
21055,1,1,1,1,1,10,3,De gas con deposito,Nuevo,Cada 2 años,De 38 a 40 litros (hasta 2 personas)
21056,1,1,1,1,1,3,4,De gas con deposito,Nuevo,No le da mantenimiento,De 38 a 40 litros (hasta 2 personas)
21057,1,1,1,1,1,15,4,De gas con deposito,Nuevo,No le da mantenimiento,De 38 a 40 litros (hasta 2 personas)
21058,1,1,1,2,2,12,2,De gas con deposito,Usado,Cada año,De 50 a 60 litros (hasta 3 personas)
21059,1,1,5,9,1,3,2,Eléctrico con depósito,Nuevo,Cada año,No sabe
21060,1,1,1,4,1,99,4,De gas con deposito,Nuevo,No le da mantenimiento,De 90 a 110 litros (hasta 6 personas)
21061,1,1,1,9,1,2,4,De gas con deposito,Nuevo,No le da mantenimiento,No sabe
21062,1,1,1,2,1,16,4,De gas con deposito,Nuevo,No le da mantenimiento,De 50 a 60 litros (hasta 3 personas)
21063,1,1,1,9,2,10,1,De gas con deposito,Usado,Cada 6 meses,No sabe
21064,1,2,1,1,1,3,1,De gas con deposito,Nuevo,Cada 6 meses,De 38 a 40 litros (hasta 2 personas)
21064,1,1,7,1,1,3,4,Solar,Nuevo,No le da mantenimiento,De 38 a 40 litros (hasta 2 personas)
21065,1,1,1,1,1,7,1,De gas con deposito,Nuevo,Cada 6 meses,De 38 a 40 litros (hasta 2 personas)
21066,1,1,1,2,1,6,4,De gas con deposito,Nuevo,No le da mantenimiento,De 50 a 60 litros (hasta 3 personas)
21067,1,1,1,1,1,9,1,De gas con deposito,Nuevo,Cada 6 meses,De 38 a 40 litros (hasta 2 personas)
21068,1,1,1,1,1,3,4,De gas con deposito,Nuevo,No le da mantenimiento,De 38 a 40 litros (hasta 2 personas)
21070,1,1,1,1,1,10,4,De gas con deposito,Nuevo,No le da mantenimiento,De 38 a 40 litros (hasta 2 personas)
21071,1,1,1,1,1,2,4,De gas con deposito,Nuevo,No le da mantenimiento,De 38 a 40 litros (hasta 2 personas)
21072,1,1,1,1,1,8,4,De gas con deposito,Nuevo,No le da mantenimiento,De 38 a 40 litros (hasta 2 personas)
21073,1,1,1,9,1,33,3,De gas con deposito,Nuevo,Cada 2 años,No sabe
21077,1,2,2,0,1,1,4,De gas de rápida recuperación,Nuevo,No le da mantenimiento,
21077,1,1,2,0,1,5,3,De gas de rápida recuperación,Nuevo,Cada 2 años,
21083,1,1,1,4,1,10,4,De gas con deposito,Nuevo,No le da mantenimiento,De 90 a 110 litros (hasta 6 personas)
21084,1,1,1,4,1,15,1,De gas con deposito,Nuevo,Cada 6 meses,De 90 a 110 litros (hasta 6 personas)
21085,1,1,1,1,1,10,2,De gas con deposito,Nuevo,Cada año,De 38 a 40 litros (hasta 2 personas)
21086,1,1,1,3,1,4,4,De gas con deposito,Nuevo,No le da mantenimiento,De 70 a 80 litros (hasta 4 personas)
21087,1,1,1,1,2,4,4,De gas con deposito,Usado,No le da mantenimiento,De 38 a 40 litros (hasta 2 personas)
21098,1,1,1,4,1,5,4,De gas con deposito,Nuevo,No le da mantenimiento,De 90 a 110 litros (hasta 6 personas)
21099,1,1,3,0,1,3,2,De gas instantáneo de paso,Nuevo,Cada año,
21100,1,1,3,0,1,1,4,De gas instantáneo de paso,Nuevo,No le da mantenimiento,
21104,1,1,1,2,1,9,1,De gas con deposito,Nuevo,Cada 6 meses,De 50 a 60 litros (hasta 3 personas)
21109,1,1,1,4,1,20,4,De gas con deposito,Nuevo,No le da mantenimiento,De 90 a 110 litros (hasta 6 personas)
21111,1,1,1,2,1,20,2,De gas con deposito,Nuevo,Cada año,De 50 a 60 litros (hasta 3 personas)
21112,1,1,1,2,1,6,1,De gas con deposito,Nuevo,Cada 6 meses,De 50 a 60 litros (hasta 3 personas)
21113,1,1,1,9,1,15,4,De gas con deposito,Nuevo,No le da mantenimiento,No sabe
21116,1,1,6,2,2,2,4,De leña,Usado,No le da mantenimiento,De 50 a 60 litros (hasta 3 personas)
21122,1,1,6,1,2,10,1,De leña,Usado,Cada 6 meses,De 38 a 40 litros (hasta 2 personas)
21125,1,1,1,2,1,1,4,De gas con deposito,Nuevo,No le da mantenimiento,De 50 a 60 litros (hasta 3 personas)
21126,1,1,1,2,1,20,4,De gas con deposito,Nuevo,No le da mantenimiento,De 50 a 60 litros (hasta 3 personas)
21128,1,1,1,2,2,15,2,De gas con deposito,Usado,Cada año,De 50 a 60 litros (hasta 3 personas)
21129,1,1,1,1,1,15,4,De gas con deposito,Nuevo,No le da mantenimiento,De 38 a 40 litros (hasta 2 personas)
21130,1,1,1,2,1,5,1,De gas con deposito,Nuevo,Cada 6 meses,De 50 a 60 litros (hasta 3 personas)
21132,1,1,1,2,1,18,4,De gas con deposito,Nuevo,No le da mantenimiento,De 50 a 60 litros (hasta 3 personas)
21133,1,1,1,1,1,18,1,De gas con deposito,Nuevo,Cada 6 meses,De 38 a 40 litros (hasta 2 personas)
21134,1,1,1,1,1,10,1,De gas con deposito,Nuevo,Cada 6 meses,De 38 a 40 litros (hasta 2 personas)
21135,1,1,1,1,1,99,1,De gas con deposito,Nuevo,Cada 6 meses,De 38 a 40 litros (hasta 2 personas)
21136,1,1,2,0,1,2,4,De gas de rápida recuperación,Nuevo,No le da mantenimiento,
21137,1,1,3,0,1,3,2,De gas instantáneo de paso,Nuevo,Cada año,
21138,1,1,1,4,1,8,4,De gas con deposito,Nuevo,No le da mantenimiento,De 90 a 110 litros (hasta 6 personas)
21139,1,1,2,0,1,1,4,De gas de rápida recuperación,Nuevo,No le da mantenimiento,
21140,1,1,1,2,1,2,1,De gas con deposito,Nuevo,Cada 6 meses,De 50 a 60 litros (hasta 3 personas)
21141,1,1,2,0,1,7,2,De gas de rápida recuperación,Nuevo,Cada año,
21142,1,1,1,2,1,7,1,De gas con deposito,Nuevo,Cada 6 meses,De 50 a 60 litros (hasta 3 personas)
21143,1,1,1,3,1,3,4,De gas con deposito,Nuevo,No le da mantenimiento,De 70 a 80 litros (hasta 4 personas)
21147,1,1,1,1,1,8,4,De gas con deposito,Nuevo,No le da mantenimiento,De 38 a 40 litros (hasta 2 personas)
21148,1,1,1,3,1,6,4,De gas con deposito,Nuevo,No le da mantenimiento,De 70 a 80 litros (hasta 4 personas)
21149,1,1,1,3,1,5,2,De gas con deposito,Nuevo,Cada año,De 70 a 80 litros (hasta 4 personas)
21150,1,1,1,9,1,99,4,De gas con deposito,Nuevo,No le da mantenimiento,No sabe
21151,1,1,1,3,1,5,4,De gas con deposito,Nuevo,No le da mantenimiento,De 70 a 80 litros (hasta 4 personas)
21152,1,1,1,1,1,25,4,De gas con deposito,Nuevo,No le da mantenimiento,De 38 a 40 litros (hasta 2 personas)
21153,1,1,1,2,1,12,1,De gas con deposito,Nuevo,Cada 6 meses,De 50 a 60 litros (hasta 3 personas)
21155,1,1,1,1,1,20,4,De gas con deposito,Nuevo,No le da mantenimiento,De 38 a 40 litros (hasta 2 personas)
21157,1,1,1,9,1,10,4,De gas con deposito,Nuevo,No le da mantenimiento,No sabe
21158,1,2,2,0,1,1,4,De gas de rápida recuperación,Nuevo,No le da mantenimiento,
21158,1,1,7,4,1,1,4,Solar,Nuevo,No le da mantenimiento,De 90 a 110 litros (hasta 6 personas)
21160,1,1,1,9,1,8,4,De gas con deposito,Nuevo,No le da mantenimiento,No sabe
21166,1,1,6,3,2,99,4,De leña,Usado,No le da mantenimiento,De 70 a 80 litros (hasta 4 personas)
21168,1,1,1,9,2,6,3,De gas con deposito,Usado,Cada 2 años,No sabe
21181,1,1,1,2,1,7,2,De gas con deposito,Nuevo,Cada año,De 50 a 60 litros (hasta 3 personas)
21182,1,1,1,1,1,9,2,De gas con deposito,Nuevo,Cada año,De 38 a 40 litros (hasta 2 personas)
21183,1,1,7,2,1,5,4,Solar,Nuevo,No le da mantenimiento,De 50 a 60 litros (hasta 3 personas)
21184,1,1,1,1,1,8,4,De gas con deposito,Nuevo,No le da mantenimiento,De 38 a 40 litros (hasta 2 personas)
21185,1,1,1,9,1,2,4,De gas con deposito,Nuevo,No le da mantenimiento,No sabe
21186,1,1,1,9,1,10,4,De gas con deposito,Nuevo,No le da mantenimiento,No sabe
21187,1,1,1,1,1,15,2,De gas con deposito,Nuevo,Cada año,De 38 a 40 litros (hasta 2 personas)
21188,1,1,1,1,1,15,2,De gas con deposito,Nuevo,Cada año,De 38 a 40 litros (hasta 2 personas)
21189,1,1,1,2,1,4,4,De gas con deposito,Nuevo,No le da mantenimiento,De 50 a 60 litros (hasta 3 personas)
21191,1,1,2,0,1,7,1,De gas de rápida recuperación,Nuevo,Cada 6 meses,
21194,1,1,1,1,1,5,2,De gas con deposito,Nuevo,Cada año,De 38 a 40 litros (hasta 2 personas)
21195,1,1,3,0,1,4,4,De gas instantáneo de paso,Nuevo,No le da mantenimiento,
21196,1,1,3,0,1,2,4,De gas instantáneo de paso,Nuevo,No le da mantenimiento,
21197,1,1,8,9,2,99,4,Otro tipo de calentador (especificar),Usado,No le da mantenimiento,No sabe
21199,1,1,1,5,1,7,4,De gas con deposito,Nuevo,No le da mantenimiento,De 120 a 140 litros (hasta 7 personas)
21201,1,1,2,0,1,99,4,De gas de rápida recuperación,Nuevo,No le da mantenimiento,
21205,1,1,2,0,1,5,1,De gas de rápida recuperación,Nuevo,Cada 6 meses,
21209,1,1,1,1,1,3,1,De gas con deposito,Nuevo,Cada 6 meses,De 38 a 40 litros (hasta 2 personas)
21214,1,1,1,1,2,99,4,De gas con deposito,Usado,No le da mantenimiento,De 38 a 40 litros (hasta 2 personas)
21215,1,1,6,2,1,16,1,De leña,Nuevo,Cada 6 meses,De 50 a 60 litros (hasta 3 personas)
21219,1,1,1,2,1,8,2,De gas con deposito,Nuevo,Cada año,De 50 a 60 litros (hasta 3 personas)
21222,1,1,7,1,1,1,4,Solar,Nuevo,No le da mantenimiento,De 38 a 40 litros (hasta 2 personas)
21230,1,1,3,0,1,2,3,De gas instantáneo de paso,Nuevo,Cada 2 años,
21250,1,1,1,1,1,15,1,De gas con deposito,Nuevo,Cada 6 meses,De 38 a 40 litros (hasta 2 personas)
21251,1,1,1,4,1,8,2,De gas con deposito,Nuevo,Cada año,De 90 a 110 litros (hasta 6 personas)
21252,1,1,6,1,2,1,2,De leña,Usado,Cada año,De 38 a 40 litros (hasta 2 personas)
21254,1,1,3,0,1,1,4,De gas instantáneo de paso,Nuevo,No le da mantenimiento,
21256,1,1,1,1,2,2,1,De gas con deposito,Usado,Cada 6 meses,De 38 a 40 litros (hasta 2 personas)
21260,1,1,6,1,2,40,2,De leña,Usado,Cada año,De 38 a 40 litros (hasta 2 personas)
21261,1,1,3,0,1,10,1,De gas instantáneo de paso,Nuevo,Cada 6 meses,
21262,1,1,1,1,1,1,1,De gas con deposito,Nuevo,Cada 6 meses,De 38 a 40 litros (hasta 2 personas)
21279,1,1,1,2,1,3,3,De gas con deposito,Nuevo,Cada 2 años,De 50 a 60 litros (hasta 3 personas)
21283,1,1,1,1,1,10,1,De gas con deposito,Nuevo,Cada 6 meses,De 38 a 40 litros (hasta 2 personas)
21284,1,1,7,1,1,2,4,Solar,Nuevo,No le da mantenimiento,De 38 a 40 litros (hasta 2 personas)
21286,1,1,7,4,1,1,4,Solar,Nuevo,No le da mantenimiento,De 90 a 110 litros (hasta 6 personas)
21287,1,1,2,0,1,3,4,De gas de rápida recuperación,Nuevo,No le da mantenimiento,
21290,1,1,1,1,1,8,3,De gas con deposito,Nuevo,Cada 2 años,De 38 a 40 litros (hasta 2 personas)
21291,1,1,1,1,1,7,4,De gas con deposito,Nuevo,No le da mantenimiento,De 38 a 40 litros (hasta 2 personas)
21292,1,2,1,1,1,20,4,De gas con deposito,Nuevo,No le da mantenimiento,De 38 a 40 litros (hasta 2 personas)
21292,1,1,7,6,1,1,4,Solar,Nuevo,No le da mantenimiento,Más de 140 litros (más de 7 personas)
21295,1,1,1,1,1,1,4,De gas con deposito,Nuevo,No le da mantenimiento,De 38 a 40 litros (hasta 2 personas)
21304,1,1,7,3,1,9,4,Solar,Nuevo,No le da mantenimiento,De 70 a 80 litros (hasta 4 personas)
21305,1,1,1,1,1,8,4,De gas con deposito,Nuevo,No le da mantenimiento,De 38 a 40 litros (hasta 2 personas)
21306,1,1,7,9,1,11,4,Solar,Nuevo,No le da mantenimiento,No sabe
21307,1,1,1,9,1,9,1,De gas con deposito,Nuevo,Cada 6 meses,No sabe
21308,1,1,7,4,1,8,4,Solar,Nuevo,No le da mantenimiento,De 90 a 110 litros (hasta 6 personas)
21310,1,1,2,0,1,6,2,De gas de rápida recuperación,Nuevo,Cada año,
21310,1,2,7,4,1,9,4,Solar,Nuevo,No le da mantenimiento,De 90 a 110 litros (hasta 6 personas)
21312,1,1,7,4,1,10,2,Solar,Nuevo,Cada año,De 90 a 110 litros (hasta 6 personas)
21313,1,1,1,1,1,9,2,De gas con deposito,Nuevo,Cada año,De 38 a 40 litros (hasta 2 personas)
21314,1,1,1,3,1,7,2,De gas con deposito,Nuevo,Cada año,De 70 a 80 litros (hasta 4 personas)
21315,1,1,7,2,1,9,1,Solar,Nuevo,Cada 6 meses,De 50 a 60 litros (hasta 3 personas)
21316,1,1,7,2,1,5,4,Solar,Nuevo,No le da mantenimiento,De 50 a 60 litros (hasta 3 personas)
21317,1,1,7,1,2,10,4,Solar,Usado,No le da mantenimiento,De 38 a 40 litros (hasta 2 personas)
21339,1,1,5,3,2,3,4,Eléctrico con depósito,Usado,No le da mantenimiento,De 70 a 80 litros (hasta 4 personas)
21341,1,1,4,0,1,4,4,Eléctrico instantáneo de paso,Nuevo,No le da mantenimiento,
21344,1,1,4,0,1,6,4,Eléctrico instantáneo de paso,Nuevo,No le da mantenimiento,
21348,1,1,4,0,1,1,4,Eléctrico instantáneo de paso,Nuevo,No le da mantenimiento,
21349,1,1,5,4,1,10,2,Eléctrico con depósito,Nuevo,Cada año,De 90 a 110 litros (hasta 6 personas)
21378,1,1,1,3,1,1,4,De gas con deposito,Nuevo,No le da mantenimiento,De 70 a 80 litros (hasta 4 personas)
21383,1,1,1,1,1,99,4,De gas con deposito,Nuevo,No le da mantenimiento,De 38 a 40 litros (hasta 2 personas)
21384,1,1,1,2,1,15,1,De gas con deposito,Nuevo,Cada 6 meses,De 50 a 60 litros (hasta 3 personas)
21415,1,1,7,3,1,1,4,Solar,Nuevo,No le da mantenimiento,De 70 a 80 litros (hasta 4 personas)
21436,1,1,2,0,1,1,4,De gas de rápida recuperación,Nuevo,No le da mantenimiento,
21437,1,1,1,1,1,25,2,De gas con deposito,Nuevo,Cada año,De 38 a 40 litros (hasta 2 personas)
21438,1,1,7,4,1,1,4,Solar,Nuevo,No le da mantenimiento,De 90 a 110 litros (hasta 6 personas)
21438,1,2,7,9,1,2,4,Solar,Nuevo,No le da mantenimiento,No sabe
21445,1,1,6,1,1,2,4,De leña,Nuevo,No le da mantenimiento,De 38 a 40 litros (hasta 2 personas)
21450,1,1,1,1,1,2,4,De gas con deposito,Nuevo,No le da mantenimiento,De 38 a 40 litros (hasta 2 personas)
21451,1,1,1,2,1,2,4,De gas con deposito,Nuevo,No le da mantenimiento,De 50 a 60 litros (hasta 3 personas)
21455,1,1,7,4,1,1,4,Solar,Nuevo,No le da mantenimiento,De 90 a 110 litros (hasta 6 personas)
21463,1,1,2,0,1,10,2,De gas de rápida recuperación,Nuevo,Cada año,
21464,1,1,1,1,1,8,4,De gas con deposito,Nuevo,No le da mantenimiento,De 38 a 40 litros (hasta 2 personas)
21470,1,1,6,1,1,8,4,De leña,Nuevo,No le da mantenimiento,De 38 a 40 litros (hasta 2 personas)
21548,1,1,1,1,2,5,1,De gas con deposito,Usado,Cada 6 meses,De 38 a 40 litros (hasta 2 personas)
21591,1,1,6,1,1,1,4,De leña,Nuevo,No le da mantenimiento,De 38 a 40 litros (hasta 2 personas)
21593,1,1,1,3,1,6,4,De gas con deposito,Nuevo,No le da mantenimiento,De 70 a 80 litros (hasta 4 personas)
21594,1,1,1,2,2,2,2,De gas con deposito,Usado,Cada año,De 50 a 60 litros (hasta 3 personas)
21595,1,1,1,5,1,2,4,De gas con deposito,Nuevo,No le da mantenimiento,De 120 a 140 litros (hasta 7 personas)
21596,1,1,7,3,1,1,4,Solar,Nuevo,No le da mantenimiento,De 70 a 80 litros (hasta 4 personas)
21597,1,1,1,1,1,8,4,De gas con deposito,Nuevo,No le da mantenimiento,De 38 a 40 litros (hasta 2 personas)
21600,1,1,1,1,1,3,4,De gas con deposito,Nuevo,No le da mantenimiento,De 38 a 40 litros (hasta 2 personas)
21608,1,1,1,1,1,4,4,De gas con deposito,Nuevo,No le da mantenimiento,De 38 a 40 litros (hasta 2 personas)
21610,1,1,1,1,1,8,4,De gas con deposito,Nuevo,No le da mantenimiento,De 38 a 40 litros (hasta 2 personas)
21611,1,1,1,1,2,99,1,De gas con deposito,Usado,Cada 6 meses,De 38 a 40 litros (hasta 2 personas)
21612,1,1,1,1,1,9,2,De gas con deposito,Nuevo,Cada año,De 38 a 40 litros (hasta 2 personas)
21613,1,1,1,1,1,7,2,De gas con deposito,Nuevo,Cada año,De 38 a 40 litros (hasta 2 personas)
21615,1,1,5,2,1,6,3,Eléctrico con depósito,Nuevo,Cada 2 años,De 50 a 60 litros (hasta 3 personas)
21618,1,1,1,1,1,6,4,De gas con deposito,Nuevo,No le da mantenimiento,De 38 a 40 litros (hasta 2 personas)
21620,1,1,1,1,1,2,4,De gas con deposito,Nuevo,No le da mantenimiento,De 38 a 40 litros (hasta 2 personas)
21632,1,1,3,0,1,15,3,De gas instantáneo de paso,Nuevo,Cada 2 años,
21638,1,1,2,0,1,5,4,De gas de rápida recuperación,Nuevo,No le da mantenimiento,
21690,1,1,3,0,1,1,4,De gas instantáneo de paso,Nuevo,No le da mantenimiento,
21691,1,1,1,1,1,10,1,De gas con deposito,Nuevo,Cada 6 meses,De 38 a 40 litros (hasta 2 personas)
21692,1,1,1,1,1,10,2,De gas con deposito,Nuevo,Cada año,De 38 a 40 litros (hasta 2 personas)
21693,1,1,2,0,1,3,4,De gas de rápida recuperación,Nuevo,No le da mantenimiento,
21694,1,1,1,1,2,99,2,De gas con deposito,Usado,Cada año,De 38 a 40 litros (hasta 2 personas)
21695,1,1,1,1,1,2,1,De gas con deposito,Nuevo,Cada 6 meses,De 38 a 40 litros (hasta 2 personas)
21696,1,1,1,1,1,18,2,De gas con deposito,Nuevo,Cada año,De 38 a 40 litros (hasta 2 personas)
21697,1,1,1,1,1,15,2,De gas con deposito,Nuevo,Cada año,De 38 a 40 litros (hasta 2 personas)
21704,1,1,1,1,1,5,2,De gas con deposito,Nuevo,Cada año,De 38 a 40 litros (hasta 2 personas)
21706,1,1,3,0,1,1,2,De gas instantáneo de paso,Nuevo,Cada año,
21713,1,1,1,2,1,8,1,De gas con deposito,Nuevo,Cada 6 meses,De 50 a 60 litros (hasta 3 personas)
21715,1,1,3,0,1,4,1,De gas instantáneo de paso,Nuevo,Cada 6 meses,
21725,1,1,1,1,1,1,4,De gas con deposito,Nuevo,No le da mantenimiento,De 38 a 40 litros (hasta 2 personas)
21732,1,1,1,1,2,4,1,De gas con deposito,Usado,Cada 6 meses,De 38 a 40 litros (hasta 2 personas)
21733,1,1,4,0,1,1,4,Eléctrico instantáneo de paso,Nuevo,No le da mantenimiento,
21738,1,1,1,1,1,3,2,De gas con deposito,Nuevo,Cada año,De 38 a 40 litros (hasta 2 personas)
21740,1,1,1,1,1,4,1,De gas con deposito,Nuevo,Cada 6 meses,De 38 a 40 litros (hasta 2 personas)
21741,1,1,1,1,1,7,2,De gas con deposito,Nuevo,Cada año,De 38 a 40 litros (hasta 2 personas)
21742,1,1,1,1,1,1,4,De gas con deposito,Nuevo,No le da mantenimiento,De 38 a 40 litros (hasta 2 personas)
21743,1,1,1,1,1,10,4,De gas con deposito,Nuevo,No le da mantenimiento,De 38 a 40 litros (hasta 2 personas)
21744,1,1,1,2,1,1,2,De gas con deposito,Nuevo,Cada año,De 50 a 60 litros (hasta 3 personas)
21745,1,1,1,2,1,3,2,De gas con deposito,Nuevo,Cada año,De 50 a 60 litros (hasta 3 personas)
21746,1,1,2,0,1,5,1,De gas de rápida recuperación,Nuevo,Cada 6 meses,
21764,1,1,1,2,1,3,4,De gas con deposito,Nuevo,No le da mantenimiento,De 50 a 60 litros (hasta 3 personas)
21771,1,1,3,0,1,4,2,De gas instantáneo de paso,Nuevo,Cada año,
21797,1,1,3,0,1,2,1,De gas instantáneo de paso,Nuevo,Cada 6 meses,
21807,1,1,3,0,1,1,4,De gas instantáneo de paso,Nuevo,No le da mantenimiento,
21825,1,1,3,0,1,5,2,De gas instantáneo de paso,Nuevo,Cada año,
21827,1,1,3,0,1,3,4,De gas instantáneo de paso,Nuevo,No le da mantenimiento,
21830,1,1,1,2,1,2,2,De gas con deposito,Nuevo,Cada año,De 50 a 60 litros (hasta 3 personas)
21834,1,1,1,1,1,16,4,De gas con deposito,Nuevo,No le da mantenimiento,De 38 a 40 litros (hasta 2 personas)
21835,1,1,1,1,1,2,2,De gas con deposito,Nuevo,Cada año,De 38 a 40 litros (hasta 2 personas)
21837,1,1,1,2,1,8,1,De gas con deposito,Nuevo,Cada 6 meses,De 50 a 60 litros (hasta 3 personas)
21839,1,1,1,1,1,3,1,De gas con deposito,Nuevo,Cada 6 meses,De 38 a 40 litros (hasta 2 personas)
21840,1,1,4,0,1,2,1,Eléctrico instantáneo de paso,Nuevo,Cada 6 meses,
21849,1,1,1,2,1,4,1,De gas con deposito,Nuevo,Cada 6 meses,De 50 a 60 litros (hasta 3 personas)
21882,1,1,1,2,1,8,1,De gas con deposito,Nuevo,Cada 6 meses,De 50 a 60 litros (hasta 3 personas)
21896,1,1,3,0,1,2,1,De gas instantáneo de paso,Nuevo,Cada 6 meses,
21898,1,1,1,2,1,10,1,De gas con deposito,Nuevo,Cada 6 meses,De 50 a 60 litros (hasta 3 personas)
21903,1,1,3,0,1,3,1,De gas instantáneo de paso,Nuevo,Cada 6 meses,
21913,1,1,4,0,1,8,2,Eléctrico instantáneo de paso,Nuevo,Cada año,
21932,1,1,1,1,1,4,2,De gas con deposito,Nuevo,Cada año,De 38 a 40 litros (hasta 2 personas)
21955,1,1,1,2,1,3,2,De gas con deposito,Nuevo,Cada año,De 50 a 60 litros (hasta 3 personas)
21956,1,1,1,1,1,5,4,De gas con deposito,Nuevo,No le da mantenimiento,De 38 a 40 litros (hasta 2 personas)
21957,1,1,1,1,1,15,3,De gas con deposito,Nuevo,Cada 2 años,De 38 a 40 litros (hasta 2 personas)
21958,1,1,1,1,1,25,3,De gas con deposito,Nuevo,Cada 2 años,De 38 a 40 litros (hasta 2 personas)
21966,1,1,1,1,1,12,1,De gas con deposito,Nuevo,Cada 6 meses,De 38 a 40 litros (hasta 2 personas)
21967,1,1,2,0,1,7,1,De gas de rápida recuperación,Nuevo,Cada 6 meses,
21974,1,1,1,1,1,5,4,De gas con deposito,Nuevo,No le da mantenimiento,De 38 a 40 litros (hasta 2 personas)
21980,1,1,1,1,1,12,1,De gas con deposito,Nuevo,Cada 6 meses,De 38 a 40 litros (hasta 2 personas)
21981,1,1,1,1,1,10,3,De gas con deposito,Nuevo,Cada 2 años,De 38 a 40 litros (hasta 2 personas)
21982,1,1,1,1,1,7,2,De gas con deposito,Nuevo,Cada año,De 38 a 40 litros (hasta 2 personas)
21987,1,1,1,1,1,8,4,De gas con deposito,Nuevo,No le da mantenimiento,De 38 a 40 litros (hasta 2 personas)
22009,1,1,1,1,1,13,1,De gas con deposito,Nuevo,Cada 6 meses,De 38 a 40 litros (hasta 2 personas)
22011,1,1,1,1,2,99,1,De gas con deposito,Usado,Cada 6 meses,De 38 a 40 litros (hasta 2 personas)
22027,1,1,1,1,1,10,1,De gas con deposito,Nuevo,Cada 6 meses,De 38 a 40 litros (hasta 2 personas)
22032,1,1,1,1,1,5,2,De gas con deposito,Nuevo,Cada año,De 38 a 40 litros (hasta 2 personas)
22035,1,1,1,1,1,2,1,De gas con deposito,Nuevo,Cada 6 meses,De 38 a 40 litros (hasta 2 personas)
22040,1,1,2,0,1,3,1,De gas de rápida recuperación,Nuevo,Cada 6 meses,
22041,1,1,1,1,1,7,1,De gas con deposito,Nuevo,Cada 6 meses,De 38 a 40 litros (hasta 2 personas)
22055,1,1,1,1,1,9,4,De gas con deposito,Nuevo,No le da mantenimiento,De 38 a 40 litros (hasta 2 personas)
22073,1,1,1,1,1,3,2,De gas con deposito,Nuevo,Cada año,De 38 a 40 litros (hasta 2 personas)
22085,1,1,1,1,1,2,4,De gas con deposito,Nuevo,No le da mantenimiento,De 38 a 40 litros (hasta 2 personas)
22104,1,1,1,1,1,6,3,De gas con deposito,Nuevo,Cada 2 años,De 38 a 40 litros (hasta 2 personas)
22107,1,1,1,1,1,15,2,De gas con deposito,Nuevo,Cada año,De 38 a 40 litros (hasta 2 personas)
22108,1,1,1,2,1,6,1,De gas con deposito,Nuevo,Cada 6 meses,De 50 a 60 litros (hasta 3 personas)
22114,1,1,1,1,1,8,1,De gas con deposito,Nuevo,Cada 6 meses,De 38 a 40 litros (hasta 2 personas)
22120,1,1,1,1,1,9,2,De gas con deposito,Nuevo,Cada año,De 38 a 40 litros (hasta 2 personas)
22121,1,1,1,1,1,3,2,De gas con deposito,Nuevo,Cada año,De 38 a 40 litros (hasta 2 personas)
22123,1,1,4,0,1,1,4,Eléctrico instantáneo de paso,Nuevo,No le da mantenimiento,
22126,1,1,1,1,1,4,2,De gas con deposito,Nuevo,Cada año,De 38 a 40 litros (hasta 2 personas)
22152,1,1,3,0,1,2,2,De gas instantáneo de paso,Nuevo,Cada año,
22157,1,1,1,1,1,3,4,De gas con deposito,Nuevo,No le da mantenimiento,De 38 a 40 litros (hasta 2 personas)
22170,1,1,1,2,1,5,2,De gas con deposito,Nuevo,Cada año,De 50 a 60 litros (hasta 3 personas)
22198,1,1,4,0,1,1,4,Eléctrico instantáneo de paso,Nuevo,No le da mantenimiento,
22202,1,1,1,1,1,5,4,De gas con deposito,Nuevo,No le da mantenimiento,De 38 a 40 litros (hasta 2 personas)
22205,1,1,1,1,1,8,2,De gas con deposito,Nuevo,Cada año,De 38 a 40 litros (hasta 2 personas)
22206,1,1,1,1,1,12,4,De gas con deposito,Nuevo,No le da mantenimiento,De 38 a 40 litros (hasta 2 personas)
22208,1,1,1,1,1,5,4,De gas con deposito,Nuevo,No le da mantenimiento,De 38 a 40 litros (hasta 2 personas)
22210,1,1,1,1,1,10,4,De gas con deposito,Nuevo,No le da mantenimiento,De 38 a 40 litros (hasta 2 personas)
22244,1,1,1,2,1,11,1,De gas con deposito,Nuevo,Cada 6 meses,De 50 a 60 litros (hasta 3 personas)
22278,1,1,3,0,1,1,4,De gas instantáneo de paso,Nuevo,No le da mantenimiento,
22355,1,1,3,0,1,2,4,De gas instantáneo de paso,Nuevo,No le da mantenimiento,
22356,1,1,1,1,1,15,4,De gas con deposito,Nuevo,No le da mantenimiento,De 38 a 40 litros (hasta 2 personas)
22360,1,1,1,1,1,18,2,De gas con deposito,Nuevo,Cada año,De 38 a 40 litros (hasta 2 personas)
22363,1,1,3,0,1,3,2,De gas instantáneo de paso,Nuevo,Cada año,
22372,1,1,1,1,1,10,4,De gas con deposito,Nuevo,No le da mantenimiento,De 38 a 40 litros (hasta 2 personas)
22374,1,1,1,1,1,8,1,De gas con deposito,Nuevo,Cada 6 meses,De 38 a 40 litros (hasta 2 personas)
22376,1,1,6,1,1,8,2,De leña,Nuevo,Cada año,De 38 a 40 litros (hasta 2 personas)
22378,1,1,4,0,1,3,4,Eléctrico instantáneo de paso,Nuevo,No le da mantenimiento,
22384,1,1,5,9,2,6,4,Eléctrico con depósito,Usado,No le da mantenimiento,No sabe
22387,1,1,4,0,1,2,2,Eléctrico instantáneo de paso,Nuevo,Cada año,
22400,1,1,1,1,1,6,4,De gas con deposito,Nuevo,No le da mantenimiento,De 38 a 40 litros (hasta 2 personas)
22504,1,1,1,1,1,20,2,De gas con deposito,Nuevo,Cada año,De 38 a 40 litros (hasta 2 personas)
22515,1,1,4,0,1,1,4,Eléctrico instantáneo de paso,Nuevo,No le da mantenimiento,
22531,1,1,2,0,1,15,4,De gas de rápida recuperación,Nuevo,No le da mantenimiento,
22563,1,1,1,1,1,1,4,De gas con deposito,Nuevo,No le da mantenimiento,De 38 a 40 litros (hasta 2 personas)
22571,1,1,1,3,1,1,4,De gas con deposito,Nuevo,No le da mantenimiento,De 70 a 80 litros (hasta 4 personas)
22572,1,1,1,1,1,19,2,De gas con deposito,Nuevo,Cada año,De 38 a 40 litros (hasta 2 personas)
22573,1,1,1,9,1,5,2,De gas con deposito,Nuevo,Cada año,No sabe
22576,1,1,3,0,1,1,4,De gas instantáneo de paso,Nuevo,No le da mantenimiento,
22578,1,1,2,0,1,10,4,De gas de rápida recuperación,Nuevo,No le da mantenimiento,
22579,1,1,3,0,1,7,1,De gas instantáneo de paso,Nuevo,Cada 6 meses,
22581,1,1,1,1,1,20,2,De gas con deposito,Nuevo,Cada año,De 38 a 40 litros (hasta 2 personas)
22582,1,1,1,2,2,5,4,De gas con deposito,Usado,No le da mantenimiento,De 50 a 60 litros (hasta 3 personas)
22584,1,1,3,0,1,5,4,De gas instantáneo de paso,Nuevo,No le da mantenimiento,
22587,1,1,1,1,1,8,4,De gas con deposito,Nuevo,No le da mantenimiento,De 38 a 40 litros (hasta 2 personas)
22591,1,1,4,0,1,3,1,Eléctrico instantáneo de paso,Nuevo,Cada 6 meses,
22592,1,1,2,0,1,14,2,De gas de rápida recuperación,Nuevo,Cada año,
22593,1,1,3,0,1,2,1,De gas instantáneo de paso,Nuevo,Cada 6 meses,
22633,1,1,1,1,1,7,1,De gas con deposito,Nuevo,Cada 6 meses,De 38 a 40 litros (hasta 2 personas)
22634,1,1,1,1,1,12,2,De gas con deposito,Nuevo,Cada año,De 38 a 40 litros (hasta 2 personas)
22635,1,1,1,1,1,99,4,De gas con deposito,Nuevo,No le da mantenimiento,De 38 a 40 litros (hasta 2 personas)
22636,1,1,5,2,1,2,1,Eléctrico con depósito,Nuevo,Cada 6 meses,De 50 a 60 litros (hasta 3 personas)
22638,1,1,1,9,1,5,4,De gas con deposito,Nuevo,No le da mantenimiento,No sabe
22639,1,1,1,1,1,1,4,De gas con deposito,Nuevo,No le da mantenimiento,De 38 a 40 litros (hasta 2 personas)
22640,1,1,2,0,1,2,1,De gas de rápida recuperación,Nuevo,Cada 6 meses,
22641,1,1,1,3,1,3,4,De gas con deposito,Nuevo,No le da mantenimiento,De 70 a 80 litros (hasta 4 personas)
22643,1,1,1,2,2,8,2,De gas con deposito,Usado,Cada año,De 50 a 60 litros (hasta 3 personas)
22649,1,1,3,0,1,5,4,De gas instantáneo de paso,Nuevo,No le da mantenimiento,
22655,1,1,3,0,2,1,4,De gas instantáneo de paso,Usado,No le da mantenimiento,
22656,1,1,1,2,1,3,4,De gas con deposito,Nuevo,No le da mantenimiento,De 50 a 60 litros (hasta 3 personas)
22661,1,1,3,0,1,1,4,De gas instantáneo de paso,Nuevo,No le da mantenimiento,
22668,1,1,1,1,1,10,2,De gas con deposito,Nuevo,Cada año,De 38 a 40 litros (hasta 2 personas)
22679,1,1,1,3,1,12,2,De gas con deposito,Nuevo,Cada año,De 70 a 80 litros (hasta 4 personas)
22687,1,1,2,0,1,2,2,De gas de rápida recuperación,Nuevo,Cada año,
22688,1,1,1,2,1,18,4,De gas con deposito,Nuevo,No le da mantenimiento,De 50 a 60 litros (hasta 3 personas)
22693,1,1,1,4,1,5,2,De gas con deposito,Nuevo,Cada año,De 90 a 110 litros (hasta 6 personas)
22695,1,1,1,2,1,5,4,De gas con deposito,Nuevo,No le da mantenimiento,De 50 a 60 litros (hasta 3 personas)
22708,1,1,1,1,1,7,2,De gas con deposito,Nuevo,Cada año,De 38 a 40 litros (hasta 2 personas)
22709,1,1,1,1,1,5,4,De gas con deposito,Nuevo,No le da mantenimiento,De 38 a 40 litros (hasta 2 personas)
22712,1,1,1,1,1,14,4,De gas con deposito,Nuevo,No le da mantenimiento,De 38 a 40 litros (hasta 2 personas)
22713,1,1,1,1,1,8,1,De gas con deposito,Nuevo,Cada 6 meses,De 38 a 40 litros (hasta 2 personas)
22714,1,1,2,0,1,1,4,De gas de rápida recuperación,Nuevo,No le da mantenimiento,
22715,1,1,4,0,1,1,4,Eléctrico instantáneo de paso,Nuevo,No le da mantenimiento,
22718,1,1,1,1,1,3,4,De gas con deposito,Nuevo,No le da mantenimiento,De 38 a 40 litros (hasta 2 personas)
22719,1,1,1,4,1,2,4,De gas con deposito,Nuevo,No le da mantenimiento,De 90 a 110 litros (hasta 6 personas)
22720,1,1,5,9,1,5,4,Eléctrico con depósito,Nuevo,No le da mantenimiento,No sabe
22727,1,1,1,2,1,1,2,De gas con deposito,Nuevo,Cada año,De 50 a 60 litros (hasta 3 personas)
22732,1,1,3,0,1,2,4,De gas instantáneo de paso,Nuevo,No le da mantenimiento,
22734,1,1,6,3,2,7,4,De leña,Usado,No le da mantenimiento,De 70 a 80 litros (hasta 4 personas)
22736,1,1,1,1,2,99,2,De gas con deposito,Usado,Cada año,De 38 a 40 litros (hasta 2 personas)
22737,1,1,1,1,1,8,4,De gas con deposito,Nuevo,No le da mantenimiento,De 38 a 40 litros (hasta 2 personas)
22738,1,1,1,1,1,15,4,De gas con deposito,Nuevo,No le da mantenimiento,De 38 a 40 litros (hasta 2 personas)
22739,1,1,1,1,1,2,2,De gas con deposito,Nuevo,Cada año,De 38 a 40 litros (hasta 2 personas)
22740,1,1,1,2,1,2,2,De gas con deposito,Nuevo,Cada año,De 50 a 60 litros (hasta 3 personas)
22741,1,1,2,0,1,1,4,De gas de rápida recuperación,Nuevo,No le da mantenimiento,
22742,1,1,3,0,1,2,4,De gas instantáneo de paso,Nuevo,No le da mantenimiento,
22744,1,1,4,0,1,1,4,Eléctrico instantáneo de paso,Nuevo,No le da mantenimiento,
22744,1,2,5,1,2,1,2,Eléctrico con depósito,Usado,Cada año,De 38 a 40 litros (hasta 2 personas)
22746,1,1,1,2,1,5,2,De gas con deposito,Nuevo,Cada año,De 50 a 60 litros (hasta 3 personas)
22748,1,1,3,0,1,1,4,De gas instantáneo de paso,Nuevo,No le da mantenimiento,
22749,1,1,3,0,1,1,4,De gas instantáneo de paso,Nuevo,No le da mantenimiento,
22751,1,1,2,0,1,9,2,De gas de rápida recuperación,Nuevo,Cada año,
22752,1,1,3,0,2,99,4,De gas instantáneo de paso,Usado,No le da mantenimiento,
22753,1,1,3,0,1,1,4,De gas instantáneo de paso,Nuevo,No le da mantenimiento,
22754,1,1,3,0,1,1,4,De gas instantáneo de paso,Nuevo,No le da mantenimiento,
22755,1,1,2,0,1,12,4,De gas de rápida recuperación,Nuevo,No le da mantenimiento,
22757,1,1,3,0,1,3,4,De gas instantáneo de paso,Nuevo,No le da mantenimiento,
22759,1,1,1,2,1,3,4,De gas con deposito,Nuevo,No le da mantenimiento,De 50 a 60 litros (hasta 3 personas)
22760,1,1,1,9,1,10,4,De gas con deposito,Nuevo,No le da mantenimiento,No sabe
22761,1,1,1,2,1,5,3,De gas con deposito,Nuevo,Cada 2 años,De 50 a 60 litros (hasta 3 personas)
22762,1,1,1,1,1,4,4,De gas con deposito,Nuevo,No le da mantenimiento,De 38 a 40 litros (hasta 2 personas)
22765,1,1,1,6,1,7,2,De gas con deposito,Nuevo,Cada año,Más de 140 litros (más de 7 personas)
22766,1,1,1,9,1,4,4,De gas con deposito,Nuevo,No le da mantenimiento,No sabe
22767,1,1,1,2,1,3,4,De gas con deposito,Nuevo,No le da mantenimiento,De 50 a 60 litros (hasta 3 personas)
22771,1,1,1,1,1,6,2,De gas con deposito,Nuevo,Cada año,De 38 a 40 litros (hasta 2 personas)
22774,1,1,1,1,1,14,4,De gas con deposito,Nuevo,No le da mantenimiento,De 38 a 40 litros (hasta 2 personas)
22777,1,1,1,1,2,10,4,De gas con deposito,Usado,No le da mantenimiento,De 38 a 40 litros (hasta 2 personas)
22783,1,1,5,1,1,1,4,Eléctrico con depósito,Nuevo,No le da mantenimiento,De 38 a 40 litros (hasta 2 personas)
22784,1,1,6,2,2,2,4,De leña,Usado,No le da mantenimiento,De 50 a 60 litros (hasta 3 personas)
22785,1,1,3,0,1,2,2,De gas instantáneo de paso,Nuevo,Cada año,
22786,1,1,3,0,1,3,2,De gas instantáneo de paso,Nuevo,Cada año,
22787,1,1,3,0,1,10,2,De gas instantáneo de paso,Nuevo,Cada año,
22791,1,1,1,4,1,12,4,De gas con deposito,Nuevo,No le da mantenimiento,De 90 a 110 litros (hasta 6 personas)
22792,1,1,3,0,1,2,4,De gas instantáneo de paso,Nuevo,No le da mantenimiento,
22793,1,1,1,2,2,3,2,De gas con deposito,Usado,Cada año,De 50 a 60 litros (hasta 3 personas)
22796,1,1,1,1,1,20,4,De gas con deposito,Nuevo,No le da mantenimiento,De 38 a 40 litros (hasta 2 personas)
22797,1,1,3,0,1,4,2,De gas instantáneo de paso,Nuevo,Cada año,
22798,1,1,2,0,1,5,2,De gas de rápida recuperación,Nuevo,Cada año,
22799,1,1,3,0,1,1,4,De gas instantáneo de paso,Nuevo,No le da mantenimiento,
22800,1,1,1,1,1,5,2,De gas con deposito,Nuevo,Cada año,De 38 a 40 litros (hasta 2 personas)
22802,1,1,1,2,2,3,2,De gas con deposito,Usado,Cada año,De 50 a 60 litros (hasta 3 personas)
22810,1,1,3,0,1,1,4,De gas instantáneo de paso,Nuevo,No le da mantenimiento,
22813,1,1,2,0,1,3,4,De gas de rápida recuperación,Nuevo,No le da mantenimiento,
22814,1,1,1,1,1,10,4,De gas con deposito,Nuevo,No le da mantenimiento,De 38 a 40 litros (hasta 2 personas)
22817,1,1,2,0,1,10,3,De gas de rápida recuperación,Nuevo,Cada 2 años,
22818,1,1,1,3,1,8,2,De gas con deposito,Nuevo,Cada año,De 70 a 80 litros (hasta 4 personas)
22821,1,1,1,2,1,1,4,De gas con deposito,Nuevo,No le da mantenimiento,De 50 a 60 litros (hasta 3 personas)
22831,1,1,1,1,1,15,4,De gas con deposito,Nuevo,No le da mantenimiento,De 38 a 40 litros (hasta 2 personas)
22833,1,1,1,1,1,17,2,De gas con deposito,Nuevo,Cada año,De 38 a 40 litros (hasta 2 personas)
22834,1,1,1,3,1,10,4,De gas con deposito,Nuevo,No le da mantenimiento,De 70 a 80 litros (hasta 4 personas)
22839,1,1,1,1,1,4,2,De gas con deposito,Nuevo,Cada año,De 38 a 40 litros (hasta 2 personas)
22840,1,1,2,0,1,10,4,De gas de rápida recuperación,Nuevo,No le da mantenimiento,
22841,1,1,2,0,1,3,4,De gas de rápida recuperación,Nuevo,No le da mantenimiento,
22843,1,1,1,3,1,12,4,De gas con deposito,Nuevo,No le da mantenimiento,De 70 a 80 litros (hasta 4 personas)
22844,1,1,1,2,1,3,4,De gas con deposito,Nuevo,No le da mantenimiento,De 50 a 60 litros (hasta 3 personas)
22846,1,1,1,1,2,3,4,De gas con deposito,Usado,No le da mantenimiento,De 38 a 40 litros (hasta 2 personas)
22847,1,1,2,0,1,4,2,De gas de rápida recuperación,Nuevo,Cada año,
22848,1,1,3,0,1,3,4,De gas instantáneo de paso,Nuevo,No le da mantenimiento,
22851,1,1,1,1,1,2,2,De gas con deposito,Nuevo,Cada año,De 38 a 40 litros (hasta 2 personas)
22852,1,1,3,0,1,1,4,De gas instantáneo de paso,Nuevo,No le da mantenimiento,
22854,1,1,6,3,2,15,1,De leña,Usado,Cada 6 meses,De 70 a 80 litros (hasta 4 personas)
22855,1,1,3,0,1,1,1,De gas instantáneo de paso,Nuevo,Cada 6 meses,
22857,1,1,1,1,1,15,1,De gas con deposito,Nuevo,Cada 6 meses,De 38 a 40 litros (hasta 2 personas)
22859,1,1,1,3,1,8,4,De gas con deposito,Nuevo,No le da mantenimiento,De 70 a 80 litros (hasta 4 personas)
22861,1,1,2,0,1,6,4,De gas de rápida recuperación,Nuevo,No le da mantenimiento,
22863,1,1,1,4,1,12,2,De gas con deposito,Nuevo,Cada año,De 90 a 110 litros (hasta 6 personas)
22864,1,1,4,0,1,5,4,Eléctrico instantáneo de paso,Nuevo,No le da mantenimiento,
22869,1,1,4,0,1,2,4,Eléctrico instantáneo de paso,Nuevo,No le da mantenimiento,
22870,1,1,7,3,1,2,1,Solar,Nuevo,Cada 6 meses,De 70 a 80 litros (hasta 4 personas)
22872,1,1,2,0,1,10,4,De gas de rápida recuperación,Nuevo,No le da mantenimiento,
22873,1,1,3,0,1,1,4,De gas instantáneo de paso,Nuevo,No le da mantenimiento,
22874,1,1,1,3,1,18,4,De gas con deposito,Nuevo,No le da mantenimiento,De 70 a 80 litros (hasta 4 personas)
22875,1,1,5,1,1,2,1,Eléctrico con depósito,Nuevo,Cada 6 meses,De 38 a 40 litros (hasta 2 personas)
22876,1,1,1,3,1,6,2,De gas con deposito,Nuevo,Cada año,De 70 a 80 litros (hasta 4 personas)
22877,1,1,2,0,1,1,4,De gas de rápida recuperación,Nuevo,No le da mantenimiento,
22878,1,1,1,2,1,5,2,De gas con deposito,Nuevo,Cada año,De 50 a 60 litros (hasta 3 personas)
22881,1,1,3,0,1,2,2,De gas instantáneo de paso,Nuevo,Cada año,
22888,1,1,1,1,1,5,4,De gas con deposito,Nuevo,No le da mantenimiento,De 38 a 40 litros (hasta 2 personas)
22889,1,1,5,1,1,3,2,Eléctrico con depósito,Nuevo,Cada año,De 38 a 40 litros (hasta 2 personas)
22890,1,1,5,2,2,8,4,Eléctrico con depósito,Usado,No le da mantenimiento,De 50 a 60 litros (hasta 3 personas)
22891,1,1,3,0,1,2,4,De gas instantáneo de paso,Nuevo,No le da mantenimiento,
22892,1,1,1,1,1,14,4,De gas con deposito,Nuevo,No le da mantenimiento,De 38 a 40 litros (hasta 2 personas)
22893,1,1,1,2,1,16,2,De gas con deposito,Nuevo,Cada año,De 50 a 60 litros (hasta 3 personas)
22894,1,1,1,9,1,11,4,De gas con deposito,Nuevo,No le da mantenimiento,No sabe
22896,1,1,1,1,1,10,1,De gas con deposito,Nuevo,Cada 6 meses,De 38 a 40 litros (hasta 2 personas)
22897,1,1,1,2,1,6,1,De gas con deposito,Nuevo,Cada 6 meses,De 50 a 60 litros (hasta 3 personas)
22898,1,1,1,1,2,7,3,De gas con deposito,Usado,Cada 2 años,De 38 a 40 litros (hasta 2 personas)
22899,1,1,1,1,1,9,4,De gas con deposito,Nuevo,No le da mantenimiento,De 38 a 40 litros (hasta 2 personas)
22900,1,1,1,1,1,12,1,De gas con deposito,Nuevo,Cada 6 meses,De 38 a 40 litros (hasta 2 personas)
22901,1,1,3,0,1,4,4,De gas instantáneo de paso,Nuevo,No le da mantenimiento,
22903,1,1,1,1,1,1,4,De gas con deposito,Nuevo,No le da mantenimiento,De 38 a 40 litros (hasta 2 personas)
22905,1,1,1,1,1,5,4,De gas con deposito,Nuevo,No le da mantenimiento,De 38 a 40 litros (hasta 2 personas)
22906,1,1,1,9,1,5,4,De gas con deposito,Nuevo,No le da mantenimiento,No sabe
22907,1,1,4,0,1,6,2,Eléctrico instantáneo de paso,Nuevo,Cada año,
22908,1,1,1,1,1,5,2,De gas con deposito,Nuevo,Cada año,De 38 a 40 litros (hasta 2 personas)
22909,1,1,1,4,1,1,2,De gas con deposito,Nuevo,Cada año,De 90 a 110 litros (hasta 6 personas)
22911,1,1,1,2,1,13,4,De gas con deposito,Nuevo,No le da mantenimiento,De 50 a 60 litros (hasta 3 personas)
22914,1,1,1,3,2,5,2,De gas con deposito,Usado,Cada año,De 70 a 80 litros (hasta 4 personas)
22916,1,1,1,2,1,6,2,De gas con deposito,Nuevo,Cada año,De 50 a 60 litros (hasta 3 personas)
22919,1,1,4,0,1,1,4,Eléctrico instantáneo de paso,Nuevo,No le da mantenimiento,
22928,1,1,3,0,1,6,2,De gas instantáneo de paso,Nuevo,Cada año,
22948,1,1,3,0,1,3,2,De gas instantáneo de paso,Nuevo,Cada año,
22949,1,1,1,2,1,6,2,De gas con deposito,Nuevo,Cada año,De 50 a 60 litros (hasta 3 personas)
22953,1,1,1,1,1,8,2,De gas con deposito,Nuevo,Cada año,De 38 a 40 litros (hasta 2 personas)
22956,1,1,1,1,1,2,2,De gas con deposito,Nuevo,Cada año,De 38 a 40 litros (hasta 2 personas)
22957,1,1,1,1,1,2,2,De gas con deposito,Nuevo,Cada año,De 38 a 40 litros (hasta 2 personas)
22961,1,1,3,0,1,1,4,De gas instantáneo de paso,Nuevo,No le da mantenimiento,
22966,1,1,2,0,1,3,4,De gas de rápida recuperación,Nuevo,No le da mantenimiento,
22972,1,1,1,3,1,4,2,De gas con deposito,Nuevo,Cada año,De 70 a 80 litros (hasta 4 personas)
22975,1,1,1,1,1,15,2,De gas con deposito,Nuevo,Cada año,De 38 a 40 litros (hasta 2 personas)
22978,1,1,2,0,1,8,2,De gas de rápida recuperación,Nuevo,Cada año,
22979,1,1,2,0,1,1,4,De gas de rápida recuperación,Nuevo,No le da mantenimiento,
22981,1,1,1,3,1,2,4,De gas con deposito,Nuevo,No le da mantenimiento,De 70 a 80 litros (hasta 4 personas)
22990,1,1,1,1,1,2,4,De gas con deposito,Nuevo,No le da mantenimiento,De 38 a 40 litros (hasta 2 personas)
22991,1,1,5,1,1,1,4,Eléctrico con depósito,Nuevo,No le da mantenimiento,De 38 a 40 litros (hasta 2 personas)
22992,1,1,1,1,2,99,1,De gas con deposito,Usado,Cada 6 meses,De 38 a 40 litros (hasta 2 personas)
22993,1,1,5,1,1,1,4,Eléctrico con depósito,Nuevo,No le da mantenimiento,De 38 a 40 litros (hasta 2 personas)
22995,1,1,3,0,1,3,2,De gas instantáneo de paso,Nuevo,Cada año,
22996,1,1,3,0,2,2,4,De gas instantáneo de paso,Usado,No le da mantenimiento,
23004,1,1,5,6,1,10,1,Eléctrico con depósito,Nuevo,Cada 6 meses,Más de 140 litros (más de 7 personas)
23007,1,1,3,0,1,3,4,De gas instantáneo de paso,Nuevo,No le da mantenimiento,
23008,1,1,2,0,1,15,4,De gas de rápida recuperación,Nuevo,No le da mantenimiento,
23010,1,1,1,3,1,4,2,De gas con deposito,Nuevo,Cada año,De 70 a 80 litros (hasta 4 personas)
23012,1,1,1,1,1,1,4,De gas con deposito,Nuevo,No le da mantenimiento,De 38 a 40 litros (hasta 2 personas)
23013,1,1,1,1,2,1,4,De gas con deposito,Usado,No le da mantenimiento,De 38 a 40 litros (hasta 2 personas)
23015,1,1,3,0,1,1,2,De gas instantáneo de paso,Nuevo,Cada año,
23021,1,1,1,2,1,3,4,De gas con deposito,Nuevo,No le da mantenimiento,De 50 a 60 litros (hasta 3 personas)
23024,1,1,1,3,2,9,4,De gas con deposito,Usado,No le da mantenimiento,De 70 a 80 litros (hasta 4 personas)
23025,1,1,1,1,1,12,4,De gas con deposito,Nuevo,No le da mantenimiento,De 38 a 40 litros (hasta 2 personas)
23027,1,1,1,9,1,9,4,De gas con deposito,Nuevo,No le da mantenimiento,No sabe
23028,1,1,1,1,1,4,4,De gas con deposito,Nuevo,No le da mantenimiento,De 38 a 40 litros (hasta 2 personas)
23029,1,1,3,0,1,2,4,De gas instantáneo de paso,Nuevo,No le da mantenimiento,
23030,1,1,1,1,1,3,4,De gas con deposito,Nuevo,No le da mantenimiento,De 38 a 40 litros (hasta 2 personas)
23032,1,1,1,1,1,2,1,De gas con deposito,Nuevo,Cada 6 meses,De 38 a 40 litros (hasta 2 personas)
23033,1,1,1,1,1,2,4,De gas con deposito,Nuevo,No le da mantenimiento,De 38 a 40 litros (hasta 2 personas)
23037,1,1,3,0,1,1,4,De gas instantáneo de paso,Nuevo,No le da mantenimiento,
23042,1,1,5,1,2,1,4,Eléctrico con depósito,Usado,No le da mantenimiento,De 38 a 40 litros (hasta 2 personas)
23045,1,1,3,0,1,2,4,De gas instantáneo de paso,Nuevo,No le da mantenimiento,
23047,1,1,3,0,1,1,4,De gas instantáneo de paso,Nuevo,No le da mantenimiento,
23049,1,1,1,3,1,1,4,De gas con deposito,Nuevo,No le da mantenimiento,De 70 a 80 litros (hasta 4 personas)
23053,1,1,4,0,1,2,2,Eléctrico instantáneo de paso,Nuevo,Cada año,
23054,1,1,3,0,1,4,4,De gas instantáneo de paso,Nuevo,No le da mantenimiento,
23055,1,1,3,0,1,1,4,De gas instantáneo de paso,Nuevo,No le da mantenimiento,
23056,1,1,1,2,1,2,1,De gas con deposito,Nuevo,Cada 6 meses,De 50 a 60 litros (hasta 3 personas)
23058,1,1,5,1,1,15,4,Eléctrico con depósito,Nuevo,No le da mantenimiento,De 38 a 40 litros (hasta 2 personas)
23060,1,1,1,1,1,7,4,De gas con deposito,Nuevo,No le da mantenimiento,De 38 a 40 litros (hasta 2 personas)
23061,1,1,4,0,2,1,4,Eléctrico instantáneo de paso,Usado,No le da mantenimiento,
23062,1,2,3,0,1,1,2,De gas instantáneo de paso,Nuevo,Cada año,
23062,1,1,1,3,1,5,2,De gas con deposito,Nuevo,Cada año,De 70 a 80 litros (hasta 4 personas)
23063,1,1,3,0,1,2,4,De gas instantáneo de paso,Nuevo,No le da mantenimiento,
23065,1,1,3,0,1,1,2,De gas instantáneo de paso,Nuevo,Cada año,
23066,1,1,3,0,1,4,4,De gas instantáneo de paso,Nuevo,No le da mantenimiento,
23070,1,1,5,5,2,3,2,Eléctrico con depósito,Usado,Cada año,De 120 a 140 litros (hasta 7 personas)
23071,1,1,1,2,1,20,2,De gas con deposito,Nuevo,Cada año,De 50 a 60 litros (hasta 3 personas)
23074,1,1,1,2,1,10,4,De gas con deposito,Nuevo,No le da mantenimiento,De 50 a 60 litros (hasta 3 personas)
23076,1,1,2,0,1,3,4,De gas de rápida recuperación,Nuevo,No le da mantenimiento,
23077,1,1,5,1,1,10,4,Eléctrico con depósito,Nuevo,No le da mantenimiento,De 38 a 40 litros (hasta 2 personas)
23081,1,1,5,3,2,4,4,Eléctrico con depósito,Usado,No le da mantenimiento,De 70 a 80 litros (hasta 4 personas)
23082,1,1,4,0,2,2,4,Eléctrico instantáneo de paso,Usado,No le da mantenimiento,
23083,1,1,3,0,1,1,4,De gas instantáneo de paso,Nuevo,No le da mantenimiento,
23086,1,1,3,0,1,3,4,De gas instantáneo de paso,Nuevo,No le da mantenimiento,
23091,1,1,4,0,1,2,4,Eléctrico instantáneo de paso,Nuevo,No le da mantenimiento,
23093,1,1,1,2,1,2,2,De gas con deposito,Nuevo,Cada año,De 50 a 60 litros (hasta 3 personas)
23094,1,1,1,2,2,3,4,De gas con deposito,Usado,No le da mantenimiento,De 50 a 60 litros (hasta 3 personas)
23095,1,1,3,0,2,3,2,De gas instantáneo de paso,Usado,Cada año,
23097,1,1,1,3,1,2,4,De gas con deposito,Nuevo,No le da mantenimiento,De 70 a 80 litros (hasta 4 personas)
23098,1,1,1,1,2,15,1,De gas con deposito,Usado,Cada 6 meses,De 38 a 40 litros (hasta 2 personas)
23099,1,1,1,5,1,3,4,De gas con deposito,Nuevo,No le da mantenimiento,De 120 a 140 litros (hasta 7 personas)
23099,1,2,1,5,1,2,4,De gas con deposito,Nuevo,No le da mantenimiento,De 120 a 140 litros (hasta 7 personas)
23100,1,1,1,2,1,5,2,De gas con deposito,Nuevo,Cada año,De 50 a 60 litros (hasta 3 personas)
23101,1,1,1,2,1,4,4,De gas con deposito,Nuevo,No le da mantenimiento,De 50 a 60 litros (hasta 3 personas)
23102,1,1,1,4,2,3,1,De gas con deposito,Usado,Cada 6 meses,De 90 a 110 litros (hasta 6 personas)
23103,1,1,1,3,1,2,2,De gas con deposito,Nuevo,Cada año,De 70 a 80 litros (hasta 4 personas)
23105,1,1,1,1,2,1,4,De gas con deposito,Usado,No le da mantenimiento,De 38 a 40 litros (hasta 2 personas)
23106,1,1,3,0,1,1,4,De gas instantáneo de paso,Nuevo,No le da mantenimiento,
23108,1,1,1,1,2,8,2,De gas con deposito,Usado,Cada año,De 38 a 40 litros (hasta 2 personas)
23111,1,1,5,4,1,5,4,Eléctrico con depósito,Nuevo,No le da mantenimiento,De 90 a 110 litros (hasta 6 personas)
23112,1,1,1,6,1,5,1,De gas con deposito,Nuevo,Cada 6 meses,Más de 140 litros (más de 7 personas)
23114,1,1,5,1,1,2,1,Eléctrico con depósito,Nuevo,Cada 6 meses,De 38 a 40 litros (hasta 2 personas)
23115,1,1,1,3,2,6,2,De gas con deposito,Usado,Cada año,De 70 a 80 litros (hasta 4 personas)
23116,1,1,3,0,1,1,4,De gas instantáneo de paso,Nuevo,No le da mantenimiento,
23118,1,1,5,1,1,2,4,Eléctrico con depósito,Nuevo,No le da mantenimiento,De 38 a 40 litros (hasta 2 personas)
23127,1,1,5,1,1,10,4,Eléctrico con depósito,Nuevo,No le da mantenimiento,De 38 a 40 litros (hasta 2 personas)
23128,1,1,5,2,1,6,2,Eléctrico con depósito,Nuevo,Cada año,De 50 a 60 litros (hasta 3 personas)
23129,1,1,2,0,1,13,1,De gas de rápida recuperación,Nuevo,Cada 6 meses,
23131,1,1,3,0,1,3,4,De gas instantáneo de paso,Nuevo,No le da mantenimiento,
23132,1,1,5,2,1,10,4,Eléctrico con depósito,Nuevo,No le da mantenimiento,De 50 a 60 litros (hasta 3 personas)
23133,1,1,6,1,2,8,4,De leña,Usado,No le da mantenimiento,De 38 a 40 litros (hasta 2 personas)
23134,1,1,1,1,1,15,4,De gas con deposito,Nuevo,No le da mantenimiento,De 38 a 40 litros (hasta 2 personas)
23135,1,1,5,1,1,1,4,Eléctrico con depósito,Nuevo,No le da mantenimiento,De 38 a 40 litros (hasta 2 personas)
23136,1,1,5,1,1,2,4,Eléctrico con depósito,Nuevo,No le da mantenimiento,De 38 a 40 litros (hasta 2 personas)
23137,1,1,5,1,1,8,2,Eléctrico con depósito,Nuevo,Cada año,De 38 a 40 litros (hasta 2 personas)
23138,1,1,6,2,2,1,4,De leña,Usado,No le da mantenimiento,De 50 a 60 litros (hasta 3 personas)
23140,1,1,5,1,1,3,1,Eléctrico con depósito,Nuevo,Cada 6 meses,De 38 a 40 litros (hasta 2 personas)
23141,1,1,1,1,1,2,4,De gas con deposito,Nuevo,No le da mantenimiento,De 38 a 40 litros (hasta 2 personas)
23142,1,1,2,0,1,2,4,De gas de rápida recuperación,Nuevo,No le da mantenimiento,
23143,1,1,1,1,1,2,2,De gas con deposito,Nuevo,Cada año,De 38 a 40 litros (hasta 2 personas)
23144,1,1,5,4,1,1,4,Eléctrico con depósito,Nuevo,No le da mantenimiento,De 90 a 110 litros (hasta 6 personas)
23145,1,1,1,1,1,8,3,De gas con deposito,Nuevo,Cada 2 años,De 38 a 40 litros (hasta 2 personas)
23149,1,1,1,2,1,10,4,De gas con deposito,Nuevo,No le da mantenimiento,De 50 a 60 litros (hasta 3 personas)
23150,1,1,1,1,1,2,2,De gas con deposito,Nuevo,Cada año,De 38 a 40 litros (hasta 2 personas)
23151,1,1,1,2,1,10,4,De gas con deposito,Nuevo,No le da mantenimiento,De 50 a 60 litros (hasta 3 personas)
23156,1,1,2,0,2,6,4,De gas de rápida recuperación,Usado,No le da mantenimiento,
23157,1,1,1,2,1,3,2,De gas con deposito,Nuevo,Cada año,De 50 a 60 litros (hasta 3 personas)
23161,1,1,3,0,1,2,4,De gas instantáneo de paso,Nuevo,No le da mantenimiento,
23164,1,1,1,2,1,5,4,De gas con deposito,Nuevo,No le da mantenimiento,De 50 a 60 litros (hasta 3 personas)
23165,1,1,2,0,1,3,4,De gas de rápida recuperación,Nuevo,No le da mantenimiento,
23166,1,1,1,3,1,10,3,De gas con deposito,Nuevo,Cada 2 años,De 70 a 80 litros (hasta 4 personas)
23167,1,1,1,2,2,4,2,De gas con deposito,Usado,Cada año,De 50 a 60 litros (hasta 3 personas)
23169,1,1,2,0,1,4,4,De gas de rápida recuperación,Nuevo,No le da mantenimiento,
23170,1,1,1,1,1,1,4,De gas con deposito,Nuevo,No le da mantenimiento,De 38 a 40 litros (hasta 2 personas)
23171,1,1,1,3,1,5,4,De gas con deposito,Nuevo,No le da mantenimiento,De 70 a 80 litros (hasta 4 personas)
23172,1,1,1,2,2,3,4,De gas con deposito,Usado,No le da mantenimiento,De 50 a 60 litros (hasta 3 personas)
23175,1,1,1,1,2,1,4,De gas con deposito,Usado,No le da mantenimiento,De 38 a 40 litros (hasta 2 personas)
23176,1,1,3,0,1,2,1,De gas instantáneo de paso,Nuevo,Cada 6 meses,
23177,1,1,3,0,1,2,4,De gas instantáneo de paso,Nuevo,No le da mantenimiento,
23178,1,1,3,0,1,1,4,De gas instantáneo de paso,Nuevo,No le da mantenimiento,
23179,1,1,3,0,1,5,4,De gas instantáneo de paso,Nuevo,No le da mantenimiento,
23180,1,1,1,3,1,10,4,De gas con deposito,Nuevo,No le da mantenimiento,De 70 a 80 litros (hasta 4 personas)
23181,1,1,1,3,1,10,4,De gas con deposito,Nuevo,No le da mantenimiento,De 70 a 80 litros (hasta 4 personas)
23220,1,1,3,0,1,1,4,De gas instantáneo de paso,Nuevo,No le da mantenimiento,
23221,1,1,2,0,1,1,4,De gas de rápida recuperación,Nuevo,No le da mantenimiento,
23222,1,1,1,1,1,5,2,De gas con deposito,Nuevo,Cada año,De 38 a 40 litros (hasta 2 personas)
23223,1,1,1,9,2,5,2,De gas con deposito,Usado,Cada año,No sabe
23224,1,1,1,1,1,1,4,De gas con deposito,Nuevo,No le da mantenimiento,De 38 a 40 litros (hasta 2 personas)
23226,1,1,1,2,1,2,4,De gas con deposito,Nuevo,No le da mantenimiento,De 50 a 60 litros (hasta 3 personas)
23227,1,1,3,0,1,1,4,De gas instantáneo de paso,Nuevo,No le da mantenimiento,
23231,1,1,3,0,1,3,4,De gas instantáneo de paso,Nuevo,No le da mantenimiento,
23232,1,1,1,3,2,5,2,De gas con deposito,Usado,Cada año,De 70 a 80 litros (hasta 4 personas)
23235,1,1,4,0,1,1,4,Eléctrico instantáneo de paso,Nuevo,No le da mantenimiento,
23237,1,1,1,2,1,3,2,De gas con deposito,Nuevo,Cada año,De 50 a 60 litros (hasta 3 personas)
23239,1,1,6,3,1,18,1,De leña,Nuevo,Cada 6 meses,De 70 a 80 litros (hasta 4 personas)
23240,1,1,1,3,2,1,4,De gas con deposito,Usado,No le da mantenimiento,De 70 a 80 litros (hasta 4 personas)
23242,1,1,1,1,1,4,2,De gas con deposito,Nuevo,Cada año,De 38 a 40 litros (hasta 2 personas)
23243,1,1,6,1,1,2,4,De leña,Nuevo,No le da mantenimiento,De 38 a 40 litros (hasta 2 personas)
23245,1,1,5,1,1,3,2,Eléctrico con depósito,Nuevo,Cada año,De 38 a 40 litros (hasta 2 personas)
23246,1,1,5,9,1,6,3,Eléctrico con depósito,Nuevo,Cada 2 años,No sabe
23250,1,1,1,5,2,1,4,De gas con deposito,Usado,No le da mantenimiento,De 120 a 140 litros (hasta 7 personas)
23256,1,1,3,0,1,2,2,De gas instantáneo de paso,Nuevo,Cada año,
23276,1,1,6,5,2,10,2,De leña,Usado,Cada año,De 120 a 140 litros (hasta 7 personas)
23277,1,1,6,3,2,12,4,De leña,Usado,No le da mantenimiento,De 70 a 80 litros (hasta 4 personas)
23278,1,1,3,0,1,1,4,De gas instantáneo de paso,Nuevo,No le da mantenimiento,
23279,1,1,3,0,1,3,4,De gas instantáneo de paso,Nuevo,No le da mantenimiento,
23281,1,1,6,3,1,6,4,De leña,Nuevo,No le da mantenimiento,De 70 a 80 litros (hasta 4 personas)
23282,1,1,1,4,2,2,2,De gas con deposito,Usado,Cada año,De 90 a 110 litros (hasta 6 personas)
23283,1,1,1,4,1,6,4,De gas con deposito,Nuevo,No le da mantenimiento,De 90 a 110 litros (hasta 6 personas)
23285,1,1,6,1,2,2,4,De leña,Usado,No le da mantenimiento,De 38 a 40 litros (hasta 2 personas)
23287,1,1,2,0,1,5,4,De gas de rápida recuperación,Nuevo,No le da mantenimiento,
23288,1,1,2,0,1,4,2,De gas de rápida recuperación,Nuevo,Cada año,
23290,1,1,3,0,1,1,4,De gas instantáneo de paso,Nuevo,No le da mantenimiento,
23291,1,1,1,2,1,2,4,De gas con deposito,Nuevo,No le da mantenimiento,De 50 a 60 litros (hasta 3 personas)
23294,1,1,5,2,1,6,4,Eléctrico con depósito,Nuevo,No le da mantenimiento,De 50 a 60 litros (hasta 3 personas)
23296,1,1,4,0,2,5,4,Eléctrico instantáneo de paso,Usado,No le da mantenimiento,
23297,1,1,1,1,2,7,4,De gas con deposito,Usado,No le da mantenimiento,De 38 a 40 litros (hasta 2 personas)
23298,1,1,4,0,1,2,4,Eléctrico instantáneo de paso,Nuevo,No le da mantenimiento,
23299,1,1,5,5,1,10,2,Eléctrico con depósito,Nuevo,Cada año,De 120 a 140 litros (hasta 7 personas)
23300,1,1,5,3,1,99,4,Eléctrico con depósito,Nuevo,No le da mantenimiento,De 70 a 80 litros (hasta 4 personas)
23300,1,2,5,3,2,99,4,Eléctrico con depósito,Usado,No le da mantenimiento,De 70 a 80 litros (hasta 4 personas)
23301,1,1,5,1,1,2,4,Eléctrico con depósito,Nuevo,No le da mantenimiento,De 38 a 40 litros (hasta 2 personas)
23302,1,1,2,0,1,6,4,De gas de rápida recuperación,Nuevo,No le da mantenimiento,
23304,1,1,5,2,2,1,4,Eléctrico con depósito,Usado,No le da mantenimiento,De 50 a 60 litros (hasta 3 personas)
23308,1,1,1,1,1,99,4,De gas con deposito,Nuevo,No le da mantenimiento,De 38 a 40 litros (hasta 2 personas)
23309,1,1,5,3,1,5,4,Eléctrico con depósito,Nuevo,No le da mantenimiento,De 70 a 80 litros (hasta 4 personas)
23310,1,1,3,0,1,1,4,De gas instantáneo de paso,Nuevo,No le da mantenimiento,
23312,1,1,6,1,2,3,4,De leña,Usado,No le da mantenimiento,De 38 a 40 litros (hasta 2 personas)
23318,1,1,5,2,2,12,2,Eléctrico con depósito,Usado,Cada año,De 50 a 60 litros (hasta 3 personas)
23319,1,1,1,1,1,10,4,De gas con deposito,Nuevo,No le da mantenimiento,De 38 a 40 litros (hasta 2 personas)
23320,1,1,3,0,1,1,4,De gas instantáneo de paso,Nuevo,No le da mantenimiento,
23371,1,1,6,1,2,2,4,De leña,Usado,No le da mantenimiento,De 38 a 40 litros (hasta 2 personas)
23375,1,1,5,1,1,1,4,Eléctrico con depósito,Nuevo,No le da mantenimiento,De 38 a 40 litros (hasta 2 personas)
23378,1,1,6,2,2,3,4,De leña,Usado,No le da mantenimiento,De 50 a 60 litros (hasta 3 personas)
23385,1,1,3,0,1,2,4,De gas instantáneo de paso,Nuevo,No le da mantenimiento,
23386,1,1,3,0,1,5,4,De gas instantáneo de paso,Nuevo,No le da mantenimiento,
23396,1,1,5,1,2,2,2,Eléctrico con depósito,Usado,Cada año,De 38 a 40 litros (hasta 2 personas)
23418,1,1,1,1,1,2,2,De gas con deposito,Nuevo,Cada año,De 38 a 40 litros (hasta 2 personas)
23421,1,1,6,1,2,13,4,De leña,Usado,No le da mantenimiento,De 38 a 40 litros (hasta 2 personas)
23423,1,1,3,0,1,4,4,De gas instantáneo de paso,Nuevo,No le da mantenimiento,
23424,1,1,1,1,1,1,4,De gas con deposito,Nuevo,No le da mantenimiento,De 38 a 40 litros (hasta 2 personas)
23426,1,1,6,1,1,14,4,De leña,Nuevo,No le da mantenimiento,De 38 a 40 litros (hasta 2 personas)
23427,1,1,3,0,2,1,4,De gas instantáneo de paso,Usado,No le da mantenimiento,
23429,1,1,6,1,2,26,4,De leña,Usado,No le da mantenimiento,De 38 a 40 litros (hasta 2 personas)
23431,1,1,6,2,2,7,4,De leña,Usado,No le da mantenimiento,De 50 a 60 litros (hasta 3 personas)
23438,1,1,6,1,1,4,4,De leña,Nuevo,No le da mantenimiento,De 38 a 40 litros (hasta 2 personas)
23443,1,1,6,1,1,20,4,De leña,Nuevo,No le da mantenimiento,De 38 a 40 litros (hasta 2 personas)
23444,1,1,1,2,1,2,4,De gas con deposito,Nuevo,No le da mantenimiento,De 50 a 60 litros (hasta 3 personas)
23445,1,1,6,1,1,5,4,De leña,Nuevo,No le da mantenimiento,De 38 a 40 litros (hasta 2 personas)
23449,1,1,6,3,1,2,4,De leña,Nuevo,No le da mantenimiento,De 70 a 80 litros (hasta 4 personas)
23453,1,1,1,1,1,1,4,De gas con deposito,Nuevo,No le da mantenimiento,De 38 a 40 litros (hasta 2 personas)
23483,1,1,1,2,1,2,4,De gas con deposito,Nuevo,No le da mantenimiento,De 50 a 60 litros (hasta 3 personas)
23495,1,1,1,1,2,10,4,De gas con deposito,Usado,No le da mantenimiento,De 38 a 40 litros (hasta 2 personas)
23501,1,1,1,2,1,1,1,De gas con deposito,Nuevo,Cada 6 meses,De 50 a 60 litros (hasta 3 personas)
23502,1,1,1,1,1,2,1,De gas con deposito,Nuevo,Cada 6 meses,De 38 a 40 litros (hasta 2 personas)
23529,1,1,3,0,1,2,4,De gas instantáneo de paso,Nuevo,No le da mantenimiento,
23532,1,1,1,2,1,3,2,De gas con deposito,Nuevo,Cada año,De 50 a 60 litros (hasta 3 personas)
23581,1,1,1,4,1,10,4,De gas con deposito,Nuevo,No le da mantenimiento,De 90 a 110 litros (hasta 6 personas)
23582,1,1,1,1,1,5,3,De gas con deposito,Nuevo,Cada 2 años,De 38 a 40 litros (hasta 2 personas)
23605,1,1,3,0,1,2,4,De gas instantáneo de paso,Nuevo,No le da mantenimiento,
23619,1,1,1,1,1,4,2,De gas con deposito,Nuevo,Cada año,De 38 a 40 litros (hasta 2 personas)
23685,1,1,1,1,1,6,2,De gas con deposito,Nuevo,Cada año,De 38 a 40 litros (hasta 2 personas)
23703,1,1,4,0,1,10,3,Eléctrico instantáneo de paso,Nuevo,Cada 2 años,
23725,1,1,1,1,1,4,1,De gas con deposito,Nuevo,Cada 6 meses,De 38 a 40 litros (hasta 2 personas)
23809,1,1,1,2,1,11,4,De gas con deposito,Nuevo,No le da mantenimiento,De 50 a 60 litros (hasta 3 personas)
23826,1,1,2,0,1,3,1,De gas de rápida recuperación,Nuevo,Cada 6 meses,
23827,1,1,1,2,1,2,2,De gas con deposito,Nuevo,Cada año,De 50 a 60 litros (hasta 3 personas)
23829,1,1,1,2,1,8,2,De gas con deposito,Nuevo,Cada año,De 50 a 60 litros (hasta 3 personas)
23830,1,1,1,2,2,8,2,De gas con deposito,Usado,Cada año,De 50 a 60 litros (hasta 3 personas)
23906,1,1,1,3,1,3,1,De gas con deposito,Nuevo,Cada 6 meses,De 70 a 80 litros (hasta 4 personas)
24019,1,1,1,2,1,5,4,De gas con deposito,Nuevo,No le da mantenimiento,De 50 a 60 litros (hasta 3 personas)
24026,1,1,4,0,1,5,1,Eléctrico instantáneo de paso,Nuevo,Cada 6 meses,
24032,1,1,2,0,1,3,4,De gas de rápida recuperación,Nuevo,No le da mantenimiento,
24440,1,1,4,0,1,1,2,Eléctrico instantáneo de paso,Nuevo,Cada año,
24459,1,1,3,0,1,3,4,De gas instantáneo de paso,Nuevo,No le da mantenimiento,
24471,1,1,3,0,1,5,4,De gas instantáneo de paso,Nuevo,No le da mantenimiento,
24483,1,1,1,1,1,8,2,De gas con deposito,Nuevo,Cada año,De 38 a 40 litros (hasta 2 personas)
24484,1,1,3,0,1,7,4,De gas instantáneo de paso,Nuevo,No le da mantenimiento,
24486,1,1,1,1,1,8,2,De gas con deposito,Nuevo,Cada año,De 38 a 40 litros (hasta 2 personas)
24487,1,1,1,1,1,6,2,De gas con deposito,Nuevo,Cada año,De 38 a 40 litros (hasta 2 personas)
24488,1,1,1,1,1,5,4,De gas con deposito,Nuevo,No le da mantenimiento,De 38 a 40 litros (hasta 2 personas)
24489,1,1,4,0,1,1,1,Eléctrico instantáneo de paso,Nuevo,Cada 6 meses,
24490,1,1,1,1,1,10,2,De gas con deposito,Nuevo,Cada año,De 38 a 40 litros (hasta 2 personas)
24491,1,1,3,0,1,1,4,De gas instantáneo de paso,Nuevo,No le da mantenimiento,
24492,1,1,1,1,2,2,2,De gas con deposito,Usado,Cada año,De 38 a 40 litros (hasta 2 personas)
24493,1,1,1,1,1,6,2,De gas con deposito,Nuevo,Cada año,De 38 a 40 litros (hasta 2 personas)
24495,1,1,1,1,1,10,1,De gas con deposito,Nuevo,Cada 6 meses,De 38 a 40 litros (hasta 2 personas)
24501,1,1,1,1,1,5,2,De gas con deposito,Nuevo,Cada año,De 38 a 40 litros (hasta 2 personas)
24502,1,1,3,0,1,4,4,De gas instantáneo de paso,Nuevo,No le da mantenimiento,
24503,1,1,1,1,1,3,4,De gas con deposito,Nuevo,No le da mantenimiento,De 38 a 40 litros (hasta 2 personas)
24507,1,1,1,3,1,5,4,De gas con deposito,Nuevo,No le da mantenimiento,De 70 a 80 litros (hasta 4 personas)
24509,1,1,4,0,2,2,4,Eléctrico instantáneo de paso,Usado,No le da mantenimiento,
24511,1,1,1,1,1,1,4,De gas con deposito,Nuevo,No le da mantenimiento,De 38 a 40 litros (hasta 2 personas)
24514,1,1,1,1,1,1,1,De gas con deposito,Nuevo,Cada 6 meses,De 38 a 40 litros (hasta 2 personas)
24530,1,1,3,0,1,2,2,De gas instantáneo de paso,Nuevo,Cada año,
24534,1,1,3,0,1,1,4,De gas instantáneo de paso,Nuevo,No le da mantenimiento,
24535,1,1,5,2,1,1,4,Eléctrico con depósito,Nuevo,No le da mantenimiento,De 50 a 60 litros (hasta 3 personas)
24536,1,1,4,0,1,1,4,Eléctrico instantáneo de paso,Nuevo,No le da mantenimiento,
24537,1,1,1,2,1,3,4,De gas con deposito,Nuevo,No le da mantenimiento,De 50 a 60 litros (hasta 3 personas)
24539,1,1,4,0,1,2,4,Eléctrico instantáneo de paso,Nuevo,No le da mantenimiento,
24540,1,1,2,0,1,8,3,De gas de rápida recuperación,Nuevo,Cada 2 años,
24543,1,1,1,9,1,4,4,De gas con deposito,Nuevo,No le da mantenimiento,No sabe
24544,1,1,1,1,1,5,2,De gas con deposito,Nuevo,Cada año,De 38 a 40 litros (hasta 2 personas)
24546,1,1,4,0,1,1,4,Eléctrico instantáneo de paso,Nuevo,No le da mantenimiento,
24547,1,1,3,0,1,1,4,De gas instantáneo de paso,Nuevo,No le da mantenimiento,
24548,1,1,3,0,1,3,4,De gas instantáneo de paso,Nuevo,No le da mantenimiento,
24549,1,1,4,0,1,2,1,Eléctrico instantáneo de paso,Nuevo,Cada 6 meses,
24550,1,1,4,0,1,3,2,Eléctrico instantáneo de paso,Nuevo,Cada año,
24557,1,1,3,0,1,1,4,De gas instantáneo de paso,Nuevo,No le da mantenimiento,
24558,1,1,3,0,2,1,4,De gas instantáneo de paso,Usado,No le da mantenimiento,
24561,1,1,1,9,1,99,4,De gas con deposito,Nuevo,No le da mantenimiento,No sabe
24562,1,1,5,1,1,2,4,Eléctrico con depósito,Nuevo,No le da mantenimiento,De 38 a 40 litros (hasta 2 personas)
24566,1,1,2,0,1,1,1,De gas de rápida recuperación,Nuevo,Cada 6 meses,
24569,1,1,1,9,1,3,4,De gas con deposito,Nuevo,No le da mantenimiento,No sabe
24572,1,1,4,0,1,2,1,Eléctrico instantáneo de paso,Nuevo,Cada 6 meses,
24573,1,1,1,1,1,6,1,De gas con deposito,Nuevo,Cada 6 meses,De 38 a 40 litros (hasta 2 personas)
24580,1,1,3,0,1,1,4,De gas instantáneo de paso,Nuevo,No le da mantenimiento,
24591,1,1,1,1,1,5,4,De gas con deposito,Nuevo,No le da mantenimiento,De 38 a 40 litros (hasta 2 personas)
24612,1,1,1,1,1,4,2,De gas con deposito,Nuevo,Cada año,De 38 a 40 litros (hasta 2 personas)
24616,1,1,5,9,1,6,2,Eléctrico con depósito,Nuevo,Cada año,No sabe
24621,1,1,2,0,1,3,4,De gas de rápida recuperación,Nuevo,No le da mantenimiento,
24631,1,1,1,1,1,4,2,De gas con deposito,Nuevo,Cada año,De 38 a 40 litros (hasta 2 personas)
24635,1,1,1,2,1,3,1,De gas con deposito,Nuevo,Cada 6 meses,De 50 a 60 litros (hasta 3 personas)
24643,1,1,4,0,1,3,2,Eléctrico instantáneo de paso,Nuevo,Cada año,
24644,1,1,1,9,1,3,1,De gas con deposito,Nuevo,Cada 6 meses,No sabe
24659,1,1,1,3,1,15,4,De gas con deposito,Nuevo,No le da mantenimiento,De 70 a 80 litros (hasta 4 personas)
24661,1,1,1,1,1,99,1,De gas con deposito,Nuevo,Cada 6 meses,De 38 a 40 litros (hasta 2 personas)
24662,1,1,1,5,1,18,3,De gas con deposito,Nuevo,Cada 2 años,De 120 a 140 litros (hasta 7 personas)
24665,1,1,1,1,1,10,2,De gas con deposito,Nuevo,Cada año,De 38 a 40 litros (hasta 2 personas)
24666,1,1,2,0,2,99,4,De gas de rápida recuperación,Usado,No le da mantenimiento,
24671,1,1,1,1,1,3,1,De gas con deposito,Nuevo,Cada 6 meses,De 38 a 40 litros (hasta 2 personas)
24672,1,1,2,0,2,1,4,De gas de rápida recuperación,Usado,No le da mantenimiento,
24673,1,1,6,9,2,1,4,De leña,Usado,No le da mantenimiento,No sabe
24674,1,1,1,1,2,99,4,De gas con deposito,Usado,No le da mantenimiento,De 38 a 40 litros (hasta 2 personas)
24675,1,1,1,1,2,99,2,De gas con deposito,Usado,Cada año,De 38 a 40 litros (hasta 2 personas)
24676,1,1,2,0,1,2,4,De gas de rápida recuperación,Nuevo,No le da mantenimiento,
24678,1,1,1,1,1,1,4,De gas con deposito,Nuevo,No le da mantenimiento,De 38 a 40 litros (hasta 2 personas)
24680,1,1,1,9,1,4,4,De gas con deposito,Nuevo,No le da mantenimiento,No sabe
24682,1,1,1,1,2,1,4,De gas con deposito,Usado,No le da mantenimiento,De 38 a 40 litros (hasta 2 personas)
24684,1,1,1,3,1,4,4,De gas con deposito,Nuevo,No le da mantenimiento,De 70 a 80 litros (hasta 4 personas)
24686,1,1,1,3,2,8,1,De gas con deposito,Usado,Cada 6 meses,De 70 a 80 litros (hasta 4 personas)
24687,1,1,1,1,1,5,4,De gas con deposito,Nuevo,No le da mantenimiento,De 38 a 40 litros (hasta 2 personas)
24690,1,1,1,9,2,99,3,De gas con deposito,Usado,Cada 2 años,No sabe
24691,1,1,1,9,1,6,4,De gas con deposito,Nuevo,No le da mantenimiento,No sabe
24692,1,1,1,1,1,5,4,De gas con deposito,Nuevo,No le da mantenimiento,De 38 a 40 litros (hasta 2 personas)
24693,1,1,4,0,1,5,1,Eléctrico instantáneo de paso,Nuevo,Cada 6 meses,
24694,1,1,3,0,1,99,4,De gas instantáneo de paso,Nuevo,No le da mantenimiento,
24695,1,1,5,3,2,3,2,Eléctrico con depósito,Usado,Cada año,De 70 a 80 litros (hasta 4 personas)
24699,1,1,1,1,1,1,4,De gas con deposito,Nuevo,No le da mantenimiento,De 38 a 40 litros (hasta 2 personas)
24701,1,1,1,9,1,13,2,De gas con deposito,Nuevo,Cada año,No sabe
24702,1,1,1,9,1,15,4,De gas con deposito,Nuevo,No le da mantenimiento,No sabe
24703,1,1,1,9,1,2,2,De gas con deposito,Nuevo,Cada año,No sabe
24706,1,1,1,1,1,2,4,De gas con deposito,Nuevo,No le da mantenimiento,De 38 a 40 litros (hasta 2 personas)
24708,1,1,1,1,1,1,4,De gas con deposito,Nuevo,No le da mantenimiento,De 38 a 40 litros (hasta 2 personas)
24711,1,1,1,1,1,15,4,De gas con deposito,Nuevo,No le da mantenimiento,De 38 a 40 litros (hasta 2 personas)
24714,1,1,1,2,1,10,2,De gas con deposito,Nuevo,Cada año,De 50 a 60 litros (hasta 3 personas)
24715,1,1,1,1,1,10,4,De gas con deposito,Nuevo,No le da mantenimiento,De 38 a 40 litros (hasta 2 personas)
24716,1,1,1,2,1,1,1,De gas con deposito,Nuevo,Cada 6 meses,De 50 a 60 litros (hasta 3 personas)
24717,1,1,1,9,1,2,4,De gas con deposito,Nuevo,No le da mantenimiento,No sabe
24719,1,1,1,1,1,5,4,De gas con deposito,Nuevo,No le da mantenimiento,De 38 a 40 litros (hasta 2 personas)
24721,1,1,5,1,1,6,4,Eléctrico con depósito,Nuevo,No le da mantenimiento,De 38 a 40 litros (hasta 2 personas)
24722,1,1,1,2,2,3,4,De gas con deposito,Usado,No le da mantenimiento,De 50 a 60 litros (hasta 3 personas)
24725,1,1,3,0,2,1,4,De gas instantáneo de paso,Usado,No le da mantenimiento,
24728,1,1,5,3,1,1,4,Eléctrico con depósito,Nuevo,No le da mantenimiento,De 70 a 80 litros (hasta 4 personas)
24735,1,1,3,0,1,2,1,De gas instantáneo de paso,Nuevo,Cada 6 meses,
24741,1,1,1,9,1,3,4,De gas con deposito,Nuevo,No le da mantenimiento,No sabe
24742,1,1,1,1,2,12,4,De gas con deposito,Usado,No le da mantenimiento,De 38 a 40 litros (hasta 2 personas)
24745,1,1,3,0,1,4,1,De gas instantáneo de paso,Nuevo,Cada 6 meses,
24748,1,1,4,0,1,1,4,Eléctrico instantáneo de paso,Nuevo,No le da mantenimiento,
24753,1,1,1,2,1,14,1,De gas con deposito,Nuevo,Cada 6 meses,De 50 a 60 litros (hasta 3 personas)
24757,1,1,1,2,1,4,1,De gas con deposito,Nuevo,Cada 6 meses,De 50 a 60 litros (hasta 3 personas)
24758,1,1,1,1,1,3,4,De gas con deposito,Nuevo,No le da mantenimiento,De 38 a 40 litros (hasta 2 personas)
24759,1,1,1,9,1,99,1,De gas con deposito,Nuevo,Cada 6 meses,No sabe
24761,1,1,2,0,1,20,4,De gas de rápida recuperación,Nuevo,No le da mantenimiento,
24762,1,1,1,1,1,10,4,De gas con deposito,Nuevo,No le da mantenimiento,De 38 a 40 litros (hasta 2 personas)
24763,1,1,4,0,1,1,4,Eléctrico instantáneo de paso,Nuevo,No le da mantenimiento,
24771,1,1,1,1,1,10,4,De gas con deposito,Nuevo,No le da mantenimiento,De 38 a 40 litros (hasta 2 personas)
24772,1,1,1,9,1,3,4,De gas con deposito,Nuevo,No le da mantenimiento,No sabe
24773,1,1,1,1,1,2,2,De gas con deposito,Nuevo,Cada año,De 38 a 40 litros (hasta 2 personas)
24779,1,1,1,1,1,2,4,De gas con deposito,Nuevo,No le da mantenimiento,De 38 a 40 litros (hasta 2 personas)
24806,1,1,2,0,1,4,4,De gas de rápida recuperación,Nuevo,No le da mantenimiento,
24809,1,1,1,1,1,3,1,De gas con deposito,Nuevo,Cada 6 meses,De 38 a 40 litros (hasta 2 personas)
24811,1,1,2,0,1,3,2,De gas de rápida recuperación,Nuevo,Cada año,
24812,1,1,1,3,1,2,2,De gas con deposito,Nuevo,Cada año,De 70 a 80 litros (hasta 4 personas)
24813,1,1,1,9,1,5,4,De gas con deposito,Nuevo,No le da mantenimiento,No sabe
24814,1,1,3,0,1,9,1,De gas instantáneo de paso,Nuevo,Cada 6 meses,
24815,1,1,1,1,2,5,2,De gas con deposito,Usado,Cada año,De 38 a 40 litros (hasta 2 personas)
24817,1,1,5,1,1,3,4,Eléctrico con depósito,Nuevo,No le da mantenimiento,De 38 a 40 litros (hasta 2 personas)
24818,1,1,3,0,1,1,1,De gas instantáneo de paso,Nuevo,Cada 6 meses,
24819,1,1,1,1,1,10,4,De gas con deposito,Nuevo,No le da mantenimiento,De 38 a 40 litros (hasta 2 personas)
24820,1,1,3,0,1,1,4,De gas instantáneo de paso,Nuevo,No le da mantenimiento,
24823,1,1,1,1,1,1,1,De gas con deposito,Nuevo,Cada 6 meses,De 38 a 40 litros (hasta 2 personas)
24825,1,1,1,9,2,1,4,De gas con deposito,Usado,No le da mantenimiento,No sabe
24827,1,1,1,2,1,5,3,De gas con deposito,Nuevo,Cada 2 años,De 50 a 60 litros (hasta 3 personas)
24843,1,1,1,1,2,2,2,De gas con deposito,Usado,Cada año,De 38 a 40 litros (hasta 2 personas)
24844,1,1,5,1,1,2,1,Eléctrico con depósito,Nuevo,Cada 6 meses,De 38 a 40 litros (hasta 2 personas)
24845,1,2,1,1,1,4,1,De gas con deposito,Nuevo,Cada 6 meses,De 38 a 40 litros (hasta 2 personas)
24845,1,1,1,1,1,1,4,De gas con deposito,Nuevo,No le da mantenimiento,De 38 a 40 litros (hasta 2 personas)
24851,1,1,3,0,1,2,2,De gas instantáneo de paso,Nuevo,Cada año,
24852,1,1,1,1,1,3,1,De gas con deposito,Nuevo,Cada 6 meses,De 38 a 40 litros (hasta 2 personas)
24853,1,1,1,9,2,99,1,De gas con deposito,Usado,Cada 6 meses,No sabe
24854,1,1,4,0,1,2,1,Eléctrico instantáneo de paso,Nuevo,Cada 6 meses,
24857,1,1,1,1,1,99,4,De gas con deposito,Nuevo,No le da mantenimiento,De 38 a 40 litros (hasta 2 personas)
24858,1,1,3,0,1,2,2,De gas instantáneo de paso,Nuevo,Cada año,
24862,1,1,3,0,2,1,4,De gas instantáneo de paso,Usado,No le da mantenimiento,
24863,1,1,1,1,2,3,4,De gas con deposito,Usado,No le da mantenimiento,De 38 a 40 litros (hasta 2 personas)
24867,1,1,3,0,1,2,4,De gas instantáneo de paso,Nuevo,No le da mantenimiento,
24869,1,1,1,2,1,6,1,De gas con deposito,Nuevo,Cada 6 meses,De 50 a 60 litros (hasta 3 personas)
24871,1,1,1,1,1,10,1,De gas con deposito,Nuevo,Cada 6 meses,De 38 a 40 litros (hasta 2 personas)
24878,1,1,4,0,2,7,4,Eléctrico instantáneo de paso,Usado,No le da mantenimiento,
24882,1,1,3,0,2,1,4,De gas instantáneo de paso,Usado,No le da mantenimiento,
24897,1,1,3,0,1,4,2,De gas instantáneo de paso,Nuevo,Cada año,
24906,1,1,5,1,1,7,2,Eléctrico con depósito,Nuevo,Cada año,De 38 a 40 litros (hasta 2 personas)
24909,1,1,1,1,1,2,1,De gas con deposito,Nuevo,Cada 6 meses,De 38 a 40 litros (hasta 2 personas)
24912,1,1,1,9,1,10,4,De gas con deposito,Nuevo,No le da mantenimiento,No sabe
24918,1,1,1,1,1,5,1,De gas con deposito,Nuevo,Cada 6 meses,De 38 a 40 litros (hasta 2 personas)
24920,1,1,3,0,1,2,4,De gas instantáneo de paso,Nuevo,No le da mantenimiento,
24926,1,1,3,0,1,3,4,De gas instantáneo de paso,Nuevo,No le da mantenimiento,
24933,1,2,3,0,1,99,2,De gas instantáneo de paso,Nuevo,Cada año,
24933,1,1,3,0,1,7,2,De gas instantáneo de paso,Nuevo,Cada año,
24934,1,1,1,1,1,1,4,De gas con deposito,Nuevo,No le da mantenimiento,De 38 a 40 litros (hasta 2 personas)
24935,1,1,4,0,1,2,2,Eléctrico instantáneo de paso,Nuevo,Cada año,
24937,1,1,1,1,1,4,2,De gas con deposito,Nuevo,Cada año,De 38 a 40 litros (hasta 2 personas)
24938,1,1,1,1,1,1,1,De gas con deposito,Nuevo,Cada 6 meses,De 38 a 40 litros (hasta 2 personas)
24940,1,1,3,0,1,2,1,De gas instantáneo de paso,Nuevo,Cada 6 meses,
24942,1,1,1,1,1,4,2,De gas con deposito,Nuevo,Cada año,De 38 a 40 litros (hasta 2 personas)
24943,1,1,1,1,2,2,1,De gas con deposito,Usado,Cada 6 meses,De 38 a 40 litros (hasta 2 personas)
24945,1,1,1,1,1,1,4,De gas con deposito,Nuevo,No le da mantenimiento,De 38 a 40 litros (hasta 2 personas)
24946,1,1,1,2,1,7,4,De gas con deposito,Nuevo,No le da mantenimiento,De 50 a 60 litros (hasta 3 personas)
24947,1,1,1,2,1,4,1,De gas con deposito,Nuevo,Cada 6 meses,De 50 a 60 litros (hasta 3 personas)
24948,1,1,1,2,1,4,4,De gas con deposito,Nuevo,No le da mantenimiento,De 50 a 60 litros (hasta 3 personas)
24951,1,1,1,1,1,10,4,De gas con deposito,Nuevo,No le da mantenimiento,De 38 a 40 litros (hasta 2 personas)
24952,1,1,2,0,2,99,4,De gas de rápida recuperación,Usado,No le da mantenimiento,
24954,1,1,1,1,1,3,2,De gas con deposito,Nuevo,Cada año,De 38 a 40 litros (hasta 2 personas)
24956,1,1,1,2,2,99,4,De gas con deposito,Usado,No le da mantenimiento,De 50 a 60 litros (hasta 3 personas)
24957,1,1,1,2,1,2,1,De gas con deposito,Nuevo,Cada 6 meses,De 50 a 60 litros (hasta 3 personas)
24958,1,1,1,3,1,1,4,De gas con deposito,Nuevo,No le da mantenimiento,De 70 a 80 litros (hasta 4 personas)
24960,1,1,1,1,1,7,4,De gas con deposito,Nuevo,No le da mantenimiento,De 38 a 40 litros (hasta 2 personas)
24969,1,1,2,0,1,3,2,De gas de rápida recuperación,Nuevo,Cada año,
24970,1,1,3,0,1,1,4,De gas instantáneo de paso,Nuevo,No le da mantenimiento,
24971,1,1,4,0,2,3,1,Eléctrico instantáneo de paso,Usado,Cada 6 meses,
24972,1,1,1,2,1,2,4,De gas con deposito,Nuevo,No le da mantenimiento,De 50 a 60 litros (hasta 3 personas)
24979,1,1,1,1,1,1,4,De gas con deposito,Nuevo,No le da mantenimiento,De 38 a 40 litros (hasta 2 personas)
24980,1,1,1,2,1,8,4,De gas con deposito,Nuevo,No le da mantenimiento,De 50 a 60 litros (hasta 3 personas)
24981,1,1,1,1,1,10,1,De gas con deposito,Nuevo,Cada 6 meses,De 38 a 40 litros (hasta 2 personas)
24988,1,1,1,2,1,99,1,De gas con deposito,Nuevo,Cada 6 meses,De 50 a 60 litros (hasta 3 personas)
24991,1,1,1,1,1,7,4,De gas con deposito,Nuevo,No le da mantenimiento,De 38 a 40 litros (hasta 2 personas)
24993,1,1,1,1,1,8,1,De gas con deposito,Nuevo,Cada 6 meses,De 38 a 40 litros (hasta 2 personas)
24995,1,1,3,0,1,3,3,De gas instantáneo de paso,Nuevo,Cada 2 años,
24997,1,1,1,1,1,2,1,De gas con deposito,Nuevo,Cada 6 meses,De 38 a 40 litros (hasta 2 personas)
24998,1,1,1,1,1,5,4,De gas con deposito,Nuevo,No le da mantenimiento,De 38 a 40 litros (hasta 2 personas)
25000,1,1,1,1,1,10,2,De gas con deposito,Nuevo,Cada año,De 38 a 40 litros (hasta 2 personas)
25002,1,1,1,1,1,2,2,De gas con deposito,Nuevo,Cada año,De 38 a 40 litros (hasta 2 personas)
25003,1,1,1,1,1,15,4,De gas con deposito,Nuevo,No le da mantenimiento,De 38 a 40 litros (hasta 2 personas)
25005,1,1,5,1,1,5,4,Eléctrico con depósito,Nuevo,No le da mantenimiento,De 38 a 40 litros (hasta 2 personas)
25006,1,2,3,0,1,1,4,De gas instantáneo de paso,Nuevo,No le da mantenimiento,
25006,1,1,3,0,1,1,4,De gas instantáneo de paso,Nuevo,No le da mantenimiento,
25007,1,1,1,1,1,1,4,De gas con deposito,Nuevo,No le da mantenimiento,De 38 a 40 litros (hasta 2 personas)
25009,1,1,1,1,1,4,4,De gas con deposito,Nuevo,No le da mantenimiento,De 38 a 40 litros (hasta 2 personas)
25010,1,1,1,1,1,3,1,De gas con deposito,Nuevo,Cada 6 meses,De 38 a 40 litros (hasta 2 personas)
25011,1,1,1,9,1,99,1,De gas con deposito,Nuevo,Cada 6 meses,No sabe
25018,1,1,1,1,1,15,1,De gas con deposito,Nuevo,Cada 6 meses,De 38 a 40 litros (hasta 2 personas)
25019,1,1,3,0,1,2,1,De gas instantáneo de paso,Nuevo,Cada 6 meses,
25024,1,1,1,9,1,6,4,De gas con deposito,Nuevo,No le da mantenimiento,No sabe
25027,1,1,1,9,1,15,4,De gas con deposito,Nuevo,No le da mantenimiento,No sabe
25028,1,1,1,1,1,2,2,De gas con deposito,Nuevo,Cada año,De 38 a 40 litros (hasta 2 personas)
25031,1,1,2,0,1,1,4,De gas de rápida recuperación,Nuevo,No le da mantenimiento,
25032,1,1,1,9,1,15,4,De gas con deposito,Nuevo,No le da mantenimiento,No sabe
25033,1,1,3,0,1,1,4,De gas instantáneo de paso,Nuevo,No le da mantenimiento,
25034,1,1,3,0,1,5,1,De gas instantáneo de paso,Nuevo,Cada 6 meses,
25035,1,1,4,0,1,2,4,Eléctrico instantáneo de paso,Nuevo,No le da mantenimiento,
25037,1,1,3,0,1,12,3,De gas instantáneo de paso,Nuevo,Cada 2 años,
25039,1,1,2,0,1,4,2,De gas de rápida recuperación,Nuevo,Cada año,
25041,1,1,1,1,1,3,1,De gas con deposito,Nuevo,Cada 6 meses,De 38 a 40 litros (hasta 2 personas)
25043,1,1,1,9,1,5,4,De gas con deposito,Nuevo,No le da mantenimiento,No sabe
25050,1,1,3,0,1,3,4,De gas instantáneo de paso,Nuevo,No le da mantenimiento,
25054,1,1,3,0,1,1,1,De gas instantáneo de paso,Nuevo,Cada 6 meses,
25055,1,1,5,3,1,4,1,Eléctrico con depósito,Nuevo,Cada 6 meses,De 70 a 80 litros (hasta 4 personas)
25056,1,1,1,9,1,5,2,De gas con deposito,Nuevo,Cada año,No sabe
25057,1,1,1,3,1,14,1,De gas con deposito,Nuevo,Cada 6 meses,De 70 a 80 litros (hasta 4 personas)
25058,1,1,2,0,1,3,1,De gas de rápida recuperación,Nuevo,Cada 6 meses,
25059,1,1,5,1,1,7,4,Eléctrico con depósito,Nuevo,No le da mantenimiento,De 38 a 40 litros (hasta 2 personas)
25060,1,1,1,2,1,3,2,De gas con deposito,Nuevo,Cada año,De 50 a 60 litros (hasta 3 personas)
25064,1,1,3,0,1,2,1,De gas instantáneo de paso,Nuevo,Cada 6 meses,
25077,1,1,3,0,1,1,1,De gas instantáneo de paso,Nuevo,Cada 6 meses,
25078,1,1,1,1,1,10,1,De gas con deposito,Nuevo,Cada 6 meses,De 38 a 40 litros (hasta 2 personas)
25079,1,1,1,1,1,3,4,De gas con deposito,Nuevo,No le da mantenimiento,De 38 a 40 litros (hasta 2 personas)
25080,1,1,1,1,1,5,2,De gas con deposito,Nuevo,Cada año,De 38 a 40 litros (hasta 2 personas)
25081,1,1,1,9,2,99,2,De gas con deposito,Usado,Cada año,No sabe
25083,1,1,1,9,1,99,4,De gas con deposito,Nuevo,No le da mantenimiento,No sabe
25085,1,1,3,0,1,4,3,De gas instantáneo de paso,Nuevo,Cada 2 años,
25092,1,1,1,1,1,3,2,De gas con deposito,Nuevo,Cada año,De 38 a 40 litros (hasta 2 personas)
25119,1,1,5,2,1,4,1,Eléctrico con depósito,Nuevo,Cada 6 meses,De 50 a 60 litros (hasta 3 personas)
25131,1,1,5,3,1,3,1,Eléctrico con depósito,Nuevo,Cada 6 meses,De 70 a 80 litros (hasta 4 personas)
25146,1,1,1,1,2,2,1,De gas con deposito,Usado,Cada 6 meses,De 38 a 40 litros (hasta 2 personas)
25150,1,1,1,1,1,1,4,De gas con deposito,Nuevo,No le da mantenimiento,De 38 a 40 litros (hasta 2 personas)
25151,1,1,1,1,1,10,2,De gas con deposito,Nuevo,Cada año,De 38 a 40 litros (hasta 2 personas)
25153,1,1,1,1,1,2,4,De gas con deposito,Nuevo,No le da mantenimiento,De 38 a 40 litros (hasta 2 personas)
25154,1,1,4,0,1,6,2,Eléctrico instantáneo de paso,Nuevo,Cada año,
25156,1,1,4,0,1,2,4,Eléctrico instantáneo de paso,Nuevo,No le da mantenimiento,
25157,1,1,4,0,1,8,1,Eléctrico instantáneo de paso,Nuevo,Cada 6 meses,
25159,1,1,1,1,1,2,4,De gas con deposito,Nuevo,No le da mantenimiento,De 38 a 40 litros (hasta 2 personas)
25164,1,1,1,1,1,7,1,De gas con deposito,Nuevo,Cada 6 meses,De 38 a 40 litros (hasta 2 personas)
25166,1,1,4,0,1,3,4,Eléctrico instantáneo de paso,Nuevo,No le da mantenimiento,
25177,1,1,1,1,1,2,1,De gas con deposito,Nuevo,Cada 6 meses,De 38 a 40 litros (hasta 2 personas)
25185,1,1,3,0,2,3,4,De gas instantáneo de paso,Usado,No le da mantenimiento,
25216,1,1,1,1,1,1,4,De gas con deposito,Nuevo,No le da mantenimiento,De 38 a 40 litros (hasta 2 personas)
25265,1,1,3,0,1,3,4,De gas instantáneo de paso,Nuevo,No le da mantenimiento,
25266,1,1,1,1,1,3,1,De gas con deposito,Nuevo,Cada 6 meses,De 38 a 40 litros (hasta 2 personas)
25272,1,1,1,1,1,3,4,De gas con deposito,Nuevo,No le da mantenimiento,De 38 a 40 litros (hasta 2 personas)
25276,1,1,1,2,2,1,2,De gas con deposito,Usado,Cada año,De 50 a 60 litros (hasta 3 personas)
25307,1,1,1,2,1,4,1,De gas con deposito,Nuevo,Cada 6 meses,De 50 a 60 litros (hasta 3 personas)
25322,1,1,5,2,1,2,2,Eléctrico con depósito,Nuevo,Cada año,De 50 a 60 litros (hasta 3 personas)
25323,1,1,5,1,1,1,4,Eléctrico con depósito,Nuevo,No le da mantenimiento,De 38 a 40 litros (hasta 2 personas)
25324,1,1,5,1,1,15,4,Eléctrico con depósito,Nuevo,No le da mantenimiento,De 38 a 40 litros (hasta 2 personas)
25332,1,1,1,1,1,4,2,De gas con deposito,Nuevo,Cada año,De 38 a 40 litros (hasta 2 personas)
25333,1,1,1,2,1,3,4,De gas con deposito,Nuevo,No le da mantenimiento,De 50 a 60 litros (hasta 3 personas)
25336,1,1,3,0,1,1,4,De gas instantáneo de paso,Nuevo,No le da mantenimiento,
25337,1,2,7,3,1,5,4,Solar,Nuevo,No le da mantenimiento,De 70 a 80 litros (hasta 4 personas)
25337,1,1,1,3,1,30,4,De gas con deposito,Nuevo,No le da mantenimiento,De 70 a 80 litros (hasta 4 personas)
25338,1,1,1,1,1,10,2,De gas con deposito,Nuevo,Cada año,De 38 a 40 litros (hasta 2 personas)
25339,1,1,7,4,1,2,4,Solar,Nuevo,No le da mantenimiento,De 90 a 110 litros (hasta 6 personas)
25341,1,1,6,1,1,30,4,De leña,Nuevo,No le da mantenimiento,De 38 a 40 litros (hasta 2 personas)
25342,1,1,3,0,1,4,1,De gas instantáneo de paso,Nuevo,Cada 6 meses,
25344,1,1,2,0,1,18,4,De gas de rápida recuperación,Nuevo,No le da mantenimiento,
25345,1,1,1,6,2,2,1,De gas con deposito,Usado,Cada 6 meses,Más de 140 litros (más de 7 personas)
25346,1,1,6,1,1,9,1,De leña,Nuevo,Cada 6 meses,De 38 a 40 litros (hasta 2 personas)
25348,1,1,2,0,1,10,4,De gas de rápida recuperación,Nuevo,No le da mantenimiento,
25349,1,1,2,0,1,3,1,De gas de rápida recuperación,Nuevo,Cada 6 meses,
25350,1,1,1,2,1,7,1,De gas con deposito,Nuevo,Cada 6 meses,De 50 a 60 litros (hasta 3 personas)
25352,1,1,6,1,1,4,2,De leña,Nuevo,Cada año,De 38 a 40 litros (hasta 2 personas)
25353,1,1,2,0,1,3,2,De gas de rápida recuperación,Nuevo,Cada año,
25354,1,1,1,1,1,20,4,De gas con deposito,Nuevo,No le da mantenimiento,De 38 a 40 litros (hasta 2 personas)
25355,1,1,1,3,1,10,1,De gas con deposito,Nuevo,Cada 6 meses,De 70 a 80 litros (hasta 4 personas)
25356,1,1,1,1,1,15,1,De gas con deposito,Nuevo,Cada 6 meses,De 38 a 40 litros (hasta 2 personas)
25357,1,1,1,2,2,20,3,De gas con deposito,Usado,Cada 2 años,De 50 a 60 litros (hasta 3 personas)
25358,1,1,2,0,1,1,1,De gas de rápida recuperación,Nuevo,Cada 6 meses,
25359,1,1,1,4,1,11,4,De gas con deposito,Nuevo,No le da mantenimiento,De 90 a 110 litros (hasta 6 personas)
25360,1,1,3,0,1,1,3,De gas instantáneo de paso,Nuevo,Cada 2 años,
25361,1,1,1,1,1,20,4,De gas con deposito,Nuevo,No le da mantenimiento,De 38 a 40 litros (hasta 2 personas)
25362,1,1,3,0,1,15,4,De gas instantáneo de paso,Nuevo,No le da mantenimiento,
25363,1,1,2,0,1,5,1,De gas de rápida recuperación,Nuevo,Cada 6 meses,
25364,1,1,7,4,1,1,4,Solar,Nuevo,No le da mantenimiento,De 90 a 110 litros (hasta 6 personas)
25365,1,1,1,1,1,15,4,De gas con deposito,Nuevo,No le da mantenimiento,De 38 a 40 litros (hasta 2 personas)
25366,1,1,7,3,1,6,4,Solar,Nuevo,No le da mantenimiento,De 70 a 80 litros (hasta 4 personas)
25369,1,1,2,0,1,14,1,De gas de rápida recuperación,Nuevo,Cada 6 meses,
25370,1,1,7,4,1,1,4,Solar,Nuevo,No le da mantenimiento,De 90 a 110 litros (hasta 6 personas)
25371,1,1,2,0,1,5,4,De gas de rápida recuperación,Nuevo,No le da mantenimiento,
25372,1,1,3,0,1,3,3,De gas instantáneo de paso,Nuevo,Cada 2 años,
25373,1,1,1,1,2,99,4,De gas con deposito,Usado,No le da mantenimiento,De 38 a 40 litros (hasta 2 personas)
25374,1,1,1,2,2,15,4,De gas con deposito,Usado,No le da mantenimiento,De 50 a 60 litros (hasta 3 personas)
25375,1,1,1,1,1,35,4,De gas con deposito,Nuevo,No le da mantenimiento,De 38 a 40 litros (hasta 2 personas)
25376,1,1,2,0,1,8,1,De gas de rápida recuperación,Nuevo,Cada 6 meses,
25377,1,1,2,0,1,8,1,De gas de rápida recuperación,Nuevo,Cada 6 meses,
25379,1,1,2,0,1,6,2,De gas de rápida recuperación,Nuevo,Cada año,
25380,1,1,2,0,1,10,1,De gas de rápida recuperación,Nuevo,Cada 6 meses,
25381,1,1,7,2,1,3,4,Solar,Nuevo,No le da mantenimiento,De 50 a 60 litros (hasta 3 personas)
25382,1,1,1,2,2,5,2,De gas con deposito,Usado,Cada año,De 50 a 60 litros (hasta 3 personas)
25383,1,1,7,1,2,3,4,Solar,Usado,No le da mantenimiento,De 38 a 40 litros (hasta 2 personas)
25384,1,1,3,0,1,2,1,De gas instantáneo de paso,Nuevo,Cada 6 meses,
25385,1,1,1,1,1,20,3,De gas con deposito,Nuevo,Cada 2 años,De 38 a 40 litros (hasta 2 personas)
25386,1,1,7,3,1,1,4,Solar,Nuevo,No le da mantenimiento,De 70 a 80 litros (hasta 4 personas)
25387,1,1,1,2,2,8,4,De gas con deposito,Usado,No le da mantenimiento,De 50 a 60 litros (hasta 3 personas)
25388,1,1,2,0,1,11,1,De gas de rápida recuperación,Nuevo,Cada 6 meses,
25389,1,1,2,0,1,5,1,De gas de rápida recuperación,Nuevo,Cada 6 meses,
25390,1,1,7,6,1,1,2,Solar,Nuevo,Cada año,Más de 140 litros (más de 7 personas)
25391,1,1,2,0,1,99,4,De gas de rápida recuperación,Nuevo,No le da mantenimiento,
25392,1,1,2,0,1,1,1,De gas de rápida recuperación,Nuevo,Cada 6 meses,
25393,1,1,2,0,1,4,2,De gas de rápida recuperación,Nuevo,Cada año,
25394,1,1,4,0,1,4,4,Eléctrico instantáneo de paso,Nuevo,No le da mantenimiento,
25395,1,1,1,2,2,5,1,De gas con deposito,Usado,Cada 6 meses,De 50 a 60 litros (hasta 3 personas)
25396,1,1,7,4,1,3,4,Solar,Nuevo,No le da mantenimiento,De 90 a 110 litros (hasta 6 personas)
25397,1,1,1,2,1,9,4,De gas con deposito,Nuevo,No le da mantenimiento,De 50 a 60 litros (hasta 3 personas)
25400,1,1,1,2,2,99,4,De gas con deposito,Usado,No le da mantenimiento,De 50 a 60 litros (hasta 3 personas)
25401,1,1,7,3,1,1,4,Solar,Nuevo,No le da mantenimiento,De 70 a 80 litros (hasta 4 personas)
25402,1,1,3,0,1,11,1,De gas instantáneo de paso,Nuevo,Cada 6 meses,
25403,1,1,4,0,1,4,4,Eléctrico instantáneo de paso,Nuevo,No le da mantenimiento,
25404,1,1,1,1,1,10,4,De gas con deposito,Nuevo,No le da mantenimiento,De 38 a 40 litros (hasta 2 personas)
25406,1,1,1,1,1,6,2,De gas con deposito,Nuevo,Cada año,De 38 a 40 litros (hasta 2 personas)
25411,1,1,2,0,1,2,1,De gas de rápida recuperación,Nuevo,Cada 6 meses,
25412,1,1,1,1,1,12,4,De gas con deposito,Nuevo,No le da mantenimiento,De 38 a 40 litros (hasta 2 personas)
25413,1,1,1,3,2,15,4,De gas con deposito,Usado,No le da mantenimiento,De 70 a 80 litros (hasta 4 personas)
25415,1,1,1,3,1,15,2,De gas con deposito,Nuevo,Cada año,De 70 a 80 litros (hasta 4 personas)
25417,1,1,1,1,1,20,4,De gas con deposito,Nuevo,No le da mantenimiento,De 38 a 40 litros (hasta 2 personas)
25418,1,1,1,4,1,20,3,De gas con deposito,Nuevo,Cada 2 años,De 90 a 110 litros (hasta 6 personas)
25420,1,1,2,0,1,5,4,De gas de rápida recuperación,Nuevo,No le da mantenimiento,
25423,1,1,4,0,1,1,1,Eléctrico instantáneo de paso,Nuevo,Cada 6 meses,
25424,1,1,2,0,1,6,2,De gas de rápida recuperación,Nuevo,Cada año,
25425,1,1,2,0,1,3,1,De gas de rápida recuperación,Nuevo,Cada 6 meses,
25429,1,1,6,1,2,6,4,De leña,Usado,No le da mantenimiento,De 38 a 40 litros (hasta 2 personas)
25430,1,1,7,5,1,2,4,Solar,Nuevo,No le da mantenimiento,De 120 a 140 litros (hasta 7 personas)
25432,1,1,1,1,1,20,4,De gas con deposito,Nuevo,No le da mantenimiento,De 38 a 40 litros (hasta 2 personas)
25433,1,1,3,0,1,2,4,De gas instantáneo de paso,Nuevo,No le da mantenimiento,
25434,1,2,7,3,1,7,4,Solar,Nuevo,No le da mantenimiento,De 70 a 80 litros (hasta 4 personas)
25434,1,1,2,0,1,7,4,De gas de rápida recuperación,Nuevo,No le da mantenimiento,
25435,1,1,2,0,1,10,2,De gas de rápida recuperación,Nuevo,Cada año,
25436,1,1,1,1,1,10,4,De gas con deposito,Nuevo,No le da mantenimiento,De 38 a 40 litros (hasta 2 personas)
25437,1,1,1,1,1,20,4,De gas con deposito,Nuevo,No le da mantenimiento,De 38 a 40 litros (hasta 2 personas)
25440,1,1,1,1,1,18,4,De gas con deposito,Nuevo,No le da mantenimiento,De 38 a 40 litros (hasta 2 personas)
25441,1,1,3,0,1,5,1,De gas instantáneo de paso,Nuevo,Cada 6 meses,
25443,1,1,7,3,1,4,1,Solar,Nuevo,Cada 6 meses,De 70 a 80 litros (hasta 4 personas)
25444,1,1,1,2,1,15,1,De gas con deposito,Nuevo,Cada 6 meses,De 50 a 60 litros (hasta 3 personas)
25445,1,1,7,4,1,3,2,Solar,Nuevo,Cada año,De 90 a 110 litros (hasta 6 personas)
25446,1,1,2,0,1,99,1,De gas de rápida recuperación,Nuevo,Cada 6 meses,
25447,1,1,7,4,1,3,4,Solar,Nuevo,No le da mantenimiento,De 90 a 110 litros (hasta 6 personas)
25448,1,1,6,1,2,10,1,De leña,Usado,Cada 6 meses,De 38 a 40 litros (hasta 2 personas)
25449,1,1,2,0,1,3,1,De gas de rápida recuperación,Nuevo,Cada 6 meses,
25450,1,1,1,9,1,10,2,De gas con deposito,Nuevo,Cada año,No sabe
25452,1,1,1,3,1,3,2,De gas con deposito,Nuevo,Cada año,De 70 a 80 litros (hasta 4 personas)
25453,1,1,1,2,1,12,1,De gas con deposito,Nuevo,Cada 6 meses,De 50 a 60 litros (hasta 3 personas)
25454,1,1,7,3,1,1,4,Solar,Nuevo,No le da mantenimiento,De 70 a 80 litros (hasta 4 personas)
25455,1,1,1,1,1,2,1,De gas con deposito,Nuevo,Cada 6 meses,De 38 a 40 litros (hasta 2 personas)
25456,1,1,4,0,1,7,3,Eléctrico instantáneo de paso,Nuevo,Cada 2 años,
25457,1,1,1,1,1,2,1,De gas con deposito,Nuevo,Cada 6 meses,De 38 a 40 litros (hasta 2 personas)
25458,1,1,2,0,1,4,4,De gas de rápida recuperación,Nuevo,No le da mantenimiento,
25459,1,1,1,4,1,20,1,De gas con deposito,Nuevo,Cada 6 meses,De 90 a 110 litros (hasta 6 personas)
25460,1,1,7,3,1,4,4,Solar,Nuevo,No le da mantenimiento,De 70 a 80 litros (hasta 4 personas)
25462,1,1,3,0,1,1,1,De gas instantáneo de paso,Nuevo,Cada 6 meses,
25463,1,1,2,0,1,2,1,De gas de rápida recuperación,Nuevo,Cada 6 meses,
25465,1,1,6,1,1,7,4,De leña,Nuevo,No le da mantenimiento,De 38 a 40 litros (hasta 2 personas)
25467,1,1,3,0,1,12,1,De gas instantáneo de paso,Nuevo,Cada 6 meses,
25468,1,1,2,0,2,99,4,De gas de rápida recuperación,Usado,No le da mantenimiento,
25469,1,1,7,4,1,1,4,Solar,Nuevo,No le da mantenimiento,De 90 a 110 litros (hasta 6 personas)
25469,1,2,3,0,1,14,3,De gas instantáneo de paso,Nuevo,Cada 2 años,
25470,1,1,6,1,1,1,4,De leña,Nuevo,No le da mantenimiento,De 38 a 40 litros (hasta 2 personas)
25471,1,1,1,1,2,10,1,De gas con deposito,Usado,Cada 6 meses,De 38 a 40 litros (hasta 2 personas)
25473,1,1,2,0,1,3,2,De gas de rápida recuperación,Nuevo,Cada año,
25474,1,1,3,0,1,99,4,De gas instantáneo de paso,Nuevo,No le da mantenimiento,
25475,1,1,7,4,1,2,2,Solar,Nuevo,Cada año,De 90 a 110 litros (hasta 6 personas)
25475,1,2,1,1,1,20,3,De gas con deposito,Nuevo,Cada 2 años,De 38 a 40 litros (hasta 2 personas)
25476,1,1,7,4,1,3,3,Solar,Nuevo,Cada 2 años,De 90 a 110 litros (hasta 6 personas)
25477,1,1,1,2,1,20,1,De gas con deposito,Nuevo,Cada 6 meses,De 50 a 60 litros (hasta 3 personas)
25479,1,1,1,1,1,12,4,De gas con deposito,Nuevo,No le da mantenimiento,De 38 a 40 litros (hasta 2 personas)
25480,1,1,2,0,1,3,4,De gas de rápida recuperación,Nuevo,No le da mantenimiento,
25481,1,1,1,3,1,20,1,De gas con deposito,Nuevo,Cada 6 meses,De 70 a 80 litros (hasta 4 personas)
25482,1,1,1,2,1,5,4,De gas con deposito,Nuevo,No le da mantenimiento,De 50 a 60 litros (hasta 3 personas)
25485,1,1,7,4,1,3,4,Solar,Nuevo,No le da mantenimiento,De 90 a 110 litros (hasta 6 personas)
25487,1,1,2,0,1,99,1,De gas de rápida recuperación,Nuevo,Cada 6 meses,
25489,1,1,3,0,1,1,3,De gas instantáneo de paso,Nuevo,Cada 2 años,
25490,1,1,1,3,1,99,4,De gas con deposito,Nuevo,No le da mantenimiento,De 70 a 80 litros (hasta 4 personas)
25491,1,1,1,1,1,2,2,De gas con deposito,Nuevo,Cada año,De 38 a 40 litros (hasta 2 personas)
25491,1,2,7,2,1,2,4,Solar,Nuevo,No le da mantenimiento,De 50 a 60 litros (hasta 3 personas)
25492,1,1,1,1,1,2,2,De gas con deposito,Nuevo,Cada año,De 38 a 40 litros (hasta 2 personas)
25495,1,1,1,1,1,12,1,De gas con deposito,Nuevo,Cada 6 meses,De 38 a 40 litros (hasta 2 personas)
25496,1,1,2,0,1,5,4,De gas de rápida recuperación,Nuevo,No le da mantenimiento,
25497,1,1,7,4,1,1,4,Solar,Nuevo,No le da mantenimiento,De 90 a 110 litros (hasta 6 personas)
25497,1,2,2,0,1,8,3,De gas de rápida recuperación,Nuevo,Cada 2 años,
25499,1,1,2,0,1,1,4,De gas de rápida recuperación,Nuevo,No le da mantenimiento,
25500,1,1,1,2,1,35,2,De gas con deposito,Nuevo,Cada año,De 50 a 60 litros (hasta 3 personas)
25501,1,1,1,3,1,11,4,De gas con deposito,Nuevo,No le da mantenimiento,De 70 a 80 litros (hasta 4 personas)
25502,1,1,2,0,1,1,4,De gas de rápida recuperación,Nuevo,No le da mantenimiento,
25503,1,1,2,0,1,8,2,De gas de rápida recuperación,Nuevo,Cada año,
25503,1,2,7,2,1,8,4,Solar,Nuevo,No le da mantenimiento,De 50 a 60 litros (hasta 3 personas)
25504,1,1,3,0,1,8,3,De gas instantáneo de paso,Nuevo,Cada 2 años,
25507,1,1,2,0,1,1,4,De gas de rápida recuperación,Nuevo,No le da mantenimiento,
25508,1,1,3,0,1,1,2,De gas instantáneo de paso,Nuevo,Cada año,
25509,1,1,2,0,1,4,1,De gas de rápida recuperación,Nuevo,Cada 6 meses,
25511,1,2,7,4,1,3,4,Solar,Nuevo,No le da mantenimiento,De 90 a 110 litros (hasta 6 personas)
25511,1,1,2,0,1,2,4,De gas de rápida recuperación,Nuevo,No le da mantenimiento,
25514,1,1,1,3,1,5,4,De gas con deposito,Nuevo,No le da mantenimiento,De 70 a 80 litros (hasta 4 personas)
25515,1,1,1,2,1,21,2,De gas con deposito,Nuevo,Cada año,De 50 a 60 litros (hasta 3 personas)
25517,1,1,1,1,1,20,4,De gas con deposito,Nuevo,No le da mantenimiento,De 38 a 40 litros (hasta 2 personas)
25518,1,1,2,0,1,99,4,De gas de rápida recuperación,Nuevo,No le da mantenimiento,
25519,1,1,1,1,1,7,4,De gas con deposito,Nuevo,No le da mantenimiento,De 38 a 40 litros (hasta 2 personas)
25524,1,1,2,0,1,13,2,De gas de rápida recuperación,Nuevo,Cada año,
25535,1,1,3,0,1,1,1,De gas instantáneo de paso,Nuevo,Cada 6 meses,
25537,1,1,1,3,1,2,4,De gas con deposito,Nuevo,No le da mantenimiento,De 70 a 80 litros (hasta 4 personas)
25541,1,1,1,3,1,20,4,De gas con deposito,Nuevo,No le da mantenimiento,De 70 a 80 litros (hasta 4 personas)
25542,1,1,7,4,1,2,2,Solar,Nuevo,Cada año,De 90 a 110 litros (hasta 6 personas)
25542,1,2,1,3,1,5,2,De gas con deposito,Nuevo,Cada año,De 70 a 80 litros (hasta 4 personas)
25548,1,1,2,0,1,2,4,De gas de rápida recuperación,Nuevo,No le da mantenimiento,
25550,1,1,1,2,1,15,3,De gas con deposito,Nuevo,Cada 2 años,De 50 a 60 litros (hasta 3 personas)
25551,1,1,6,1,1,10,2,De leña,Nuevo,Cada año,De 38 a 40 litros (hasta 2 personas)
25556,1,1,6,1,1,2,1,De leña,Nuevo,Cada 6 meses,De 38 a 40 litros (hasta 2 personas)
25558,1,1,1,1,1,99,1,De gas con deposito,Nuevo,Cada 6 meses,De 38 a 40 litros (hasta 2 personas)
25565,1,1,7,1,1,1,1,Solar,Nuevo,Cada 6 meses,De 38 a 40 litros (hasta 2 personas)
25567,1,1,2,0,1,1,4,De gas de rápida recuperación,Nuevo,No le da mantenimiento,
25574,1,1,7,4,1,3,2,Solar,Nuevo,Cada año,De 90 a 110 litros (hasta 6 personas)
25578,1,1,1,3,1,10,4,De gas con deposito,Nuevo,No le da mantenimiento,De 70 a 80 litros (hasta 4 personas)
25581,1,1,1,3,1,99,4,De gas con deposito,Nuevo,No le da mantenimiento,De 70 a 80 litros (hasta 4 personas)
25582,1,1,1,3,1,7,4,De gas con deposito,Nuevo,No le da mantenimiento,De 70 a 80 litros (hasta 4 personas)
25584,1,1,2,0,1,1,4,De gas de rápida recuperación,Nuevo,No le da mantenimiento,
25585,1,1,6,1,1,1,4,De leña,Nuevo,No le da mantenimiento,De 38 a 40 litros (hasta 2 personas)
25586,1,2,3,0,1,5,4,De gas instantáneo de paso,Nuevo,No le da mantenimiento,
25586,1,1,7,4,1,5,4,Solar,Nuevo,No le da mantenimiento,De 90 a 110 litros (hasta 6 personas)
25587,1,1,6,1,1,2,4,De leña,Nuevo,No le da mantenimiento,De 38 a 40 litros (hasta 2 personas)
25588,1,1,1,3,2,10,4,De gas con deposito,Usado,No le da mantenimiento,De 70 a 80 litros (hasta 4 personas)
25590,1,1,7,3,1,6,4,Solar,Nuevo,No le da mantenimiento,De 70 a 80 litros (hasta 4 personas)
25591,1,1,2,0,1,1,1,De gas de rápida recuperación,Nuevo,Cada 6 meses,
25594,1,1,1,9,1,15,4,De gas con deposito,Nuevo,No le da mantenimiento,No sabe
25596,1,1,7,3,1,3,4,Solar,Nuevo,No le da mantenimiento,De 70 a 80 litros (hasta 4 personas)
25597,1,1,1,3,1,1,4,De gas con deposito,Nuevo,No le da mantenimiento,De 70 a 80 litros (hasta 4 personas)
25598,1,2,7,3,1,9,4,Solar,Nuevo,No le da mantenimiento,De 70 a 80 litros (hasta 4 personas)
25598,1,1,2,0,1,9,4,De gas de rápida recuperación,Nuevo,No le da mantenimiento,
25599,1,1,7,3,1,1,4,Solar,Nuevo,No le da mantenimiento,De 70 a 80 litros (hasta 4 personas)
25600,1,1,1,1,1,13,1,De gas con deposito,Nuevo,Cada 6 meses,De 38 a 40 litros (hasta 2 personas)
25601,1,1,3,0,1,12,4,De gas instantáneo de paso,Nuevo,No le da mantenimiento,
25603,1,1,1,3,1,4,1,De gas con deposito,Nuevo,Cada 6 meses,De 70 a 80 litros (hasta 4 personas)
25604,1,1,2,0,1,6,2,De gas de rápida recuperación,Nuevo,Cada año,
25605,1,1,3,0,1,1,1,De gas instantáneo de paso,Nuevo,Cada 6 meses,
25606,1,1,3,0,1,1,4,De gas instantáneo de paso,Nuevo,No le da mantenimiento,
25607,1,1,4,0,1,10,3,Eléctrico instantáneo de paso,Nuevo,Cada 2 años,
25608,1,1,1,1,1,15,1,De gas con deposito,Nuevo,Cada 6 meses,De 38 a 40 litros (hasta 2 personas)
25609,1,1,3,0,1,3,4,De gas instantáneo de paso,Nuevo,No le da mantenimiento,
25610,1,2,7,1,1,2,4,Solar,Nuevo,No le da mantenimiento,De 38 a 40 litros (hasta 2 personas)
25610,1,1,2,0,1,6,2,De gas de rápida recuperación,Nuevo,Cada año,
25611,1,2,7,3,1,1,4,Solar,Nuevo,No le da mantenimiento,De 70 a 80 litros (hasta 4 personas)
25611,1,1,1,1,1,8,4,De gas con deposito,Nuevo,No le da mantenimiento,De 38 a 40 litros (hasta 2 personas)
25612,1,1,4,0,1,1,4,Eléctrico instantáneo de paso,Nuevo,No le da mantenimiento,
25613,1,1,1,4,1,8,1,De gas con deposito,Nuevo,Cada 6 meses,De 90 a 110 litros (hasta 6 personas)
25614,1,1,7,3,1,1,4,Solar,Nuevo,No le da mantenimiento,De 70 a 80 litros (hasta 4 personas)
25616,1,1,3,0,1,1,1,De gas instantáneo de paso,Nuevo,Cada 6 meses,
25617,1,1,2,0,1,1,1,De gas de rápida recuperación,Nuevo,Cada 6 meses,
25618,1,1,1,4,1,7,1,De gas con deposito,Nuevo,Cada 6 meses,De 90 a 110 litros (hasta 6 personas)
25620,1,1,2,0,1,2,1,De gas de rápida recuperación,Nuevo,Cada 6 meses,
25621,1,1,3,0,1,1,1,De gas instantáneo de paso,Nuevo,Cada 6 meses,
25622,1,1,6,1,1,6,4,De leña,Nuevo,No le da mantenimiento,De 38 a 40 litros (hasta 2 personas)
25626,1,1,3,0,2,7,4,De gas instantáneo de paso,Usado,No le da mantenimiento,
25627,1,1,7,4,1,3,2,Solar,Nuevo,Cada año,De 90 a 110 litros (hasta 6 personas)
25627,1,2,2,0,1,4,2,De gas de rápida recuperación,Nuevo,Cada año,
25628,1,1,3,0,2,99,4,De gas instantáneo de paso,Usado,No le da mantenimiento,
25629,1,1,7,3,1,3,4,Solar,Nuevo,No le da mantenimiento,De 70 a 80 litros (hasta 4 personas)
25631,1,3,7,3,1,2,4,Solar,Nuevo,No le da mantenimiento,De 70 a 80 litros (hasta 4 personas)
25631,1,1,1,1,1,2,4,De gas con deposito,Nuevo,No le da mantenimiento,De 38 a 40 litros (hasta 2 personas)
25631,1,2,5,1,1,1,4,Eléctrico con depósito,Nuevo,No le da mantenimiento,De 38 a 40 litros (hasta 2 personas)
25632,1,1,1,3,1,35,2,De gas con deposito,Nuevo,Cada año,De 70 a 80 litros (hasta 4 personas)
25635,1,1,6,3,1,3,1,De leña,Nuevo,Cada 6 meses,De 70 a 80 litros (hasta 4 personas)
25636,1,1,3,0,1,1,4,De gas instantáneo de paso,Nuevo,No le da mantenimiento,
25640,1,1,2,0,1,1,4,De gas de rápida recuperación,Nuevo,No le da mantenimiento,
25642,1,1,2,0,2,99,1,De gas de rápida recuperación,Usado,Cada 6 meses,
25643,1,1,2,0,1,3,1,De gas de rápida recuperación,Nuevo,Cada 6 meses,
25644,1,1,1,1,1,10,2,De gas con deposito,Nuevo,Cada año,De 38 a 40 litros (hasta 2 personas)
25646,1,1,2,0,1,8,1,De gas de rápida recuperación,Nuevo,Cada 6 meses,
25647,1,1,6,1,1,5,4,De leña,Nuevo,No le da mantenimiento,De 38 a 40 litros (hasta 2 personas)
25648,1,1,6,1,1,4,4,De leña,Nuevo,No le da mantenimiento,De 38 a 40 litros (hasta 2 personas)
25649,1,1,2,0,1,12,2,De gas de rápida recuperación,Nuevo,Cada año,
25650,1,1,7,3,1,6,4,Solar,Nuevo,No le da mantenimiento,De 70 a 80 litros (hasta 4 personas)
25651,1,1,2,0,1,4,4,De gas de rápida recuperación,Nuevo,No le da mantenimiento,
25652,1,1,7,2,1,2,2,Solar,Nuevo,Cada año,De 50 a 60 litros (hasta 3 personas)
25654,1,1,3,0,1,6,4,De gas instantáneo de paso,Nuevo,No le da mantenimiento,
25655,1,1,1,1,1,12,3,De gas con deposito,Nuevo,Cada 2 años,De 38 a 40 litros (hasta 2 personas)
25656,1,1,7,4,1,1,2,Solar,Nuevo,Cada año,De 90 a 110 litros (hasta 6 personas)
25656,1,2,3,0,1,2,4,De gas instantáneo de paso,Nuevo,No le da mantenimiento,
25657,1,1,1,4,1,20,3,De gas con deposito,Nuevo,Cada 2 años,De 90 a 110 litros (hasta 6 personas)
25658,1,1,7,1,1,1,4,Solar,Nuevo,No le da mantenimiento,De 38 a 40 litros (hasta 2 personas)
25659,1,1,7,5,1,3,4,Solar,Nuevo,No le da mantenimiento,De 120 a 140 litros (hasta 7 personas)
25660,1,1,3,0,1,5,3,De gas instantáneo de paso,Nuevo,Cada 2 años,
25661,1,1,1,1,1,5,2,De gas con deposito,Nuevo,Cada año,De 38 a 40 litros (hasta 2 personas)
25662,1,1,1,1,2,99,4,De gas con deposito,Usado,No le da mantenimiento,De 38 a 40 litros (hasta 2 personas)
25663,1,1,2,0,1,2,4,De gas de rápida recuperación,Nuevo,No le da mantenimiento,
25664,1,1,1,1,1,4,1,De gas con deposito,Nuevo,Cada 6 meses,De 38 a 40 litros (hasta 2 personas)
25665,1,1,2,0,1,2,1,De gas de rápida recuperación,Nuevo,Cada 6 meses,
25667,1,1,1,2,1,10,1,De gas con deposito,Nuevo,Cada 6 meses,De 50 a 60 litros (hasta 3 personas)
25668,1,1,6,1,1,26,4,De leña,Nuevo,No le da mantenimiento,De 38 a 40 litros (hasta 2 personas)
25669,1,1,3,0,1,3,4,De gas instantáneo de paso,Nuevo,No le da mantenimiento,
25669,1,2,7,5,1,1,4,Solar,Nuevo,No le da mantenimiento,De 120 a 140 litros (hasta 7 personas)
25671,1,1,2,0,1,99,4,De gas de rápida recuperación,Nuevo,No le da mantenimiento,
25674,1,1,1,1,1,8,1,De gas con deposito,Nuevo,Cada 6 meses,De 38 a 40 litros (hasta 2 personas)
25676,1,1,3,0,1,15,2,De gas instantáneo de paso,Nuevo,Cada año,
25678,1,1,1,1,1,15,2,De gas con deposito,Nuevo,Cada año,De 38 a 40 litros (hasta 2 personas)
25679,1,1,1,4,1,6,1,De gas con deposito,Nuevo,Cada 6 meses,De 90 a 110 litros (hasta 6 personas)
25680,1,1,1,3,1,1,4,De gas con deposito,Nuevo,No le da mantenimiento,De 70 a 80 litros (hasta 4 personas)
25681,1,3,7,3,1,1,4,Solar,Nuevo,No le da mantenimiento,De 70 a 80 litros (hasta 4 personas)
25681,1,2,3,0,1,3,4,De gas instantáneo de paso,Nuevo,No le da mantenimiento,
25681,1,1,2,0,1,1,2,De gas de rápida recuperación,Nuevo,Cada año,
25682,1,1,7,6,1,1,4,Solar,Nuevo,No le da mantenimiento,Más de 140 litros (más de 7 personas)
25683,1,1,2,0,1,3,1,De gas de rápida recuperación,Nuevo,Cada 6 meses,
25686,1,1,1,3,2,99,1,De gas con deposito,Usado,Cada 6 meses,De 70 a 80 litros (hasta 4 personas)
25687,1,1,1,3,1,2,1,De gas con deposito,Nuevo,Cada 6 meses,De 70 a 80 litros (hasta 4 personas)
25688,1,1,3,0,1,2,2,De gas instantáneo de paso,Nuevo,Cada año,
25692,1,1,6,1,1,1,4,De leña,Nuevo,No le da mantenimiento,De 38 a 40 litros (hasta 2 personas)
25694,1,1,3,0,2,3,1,De gas instantáneo de paso,Usado,Cada 6 meses,
25695,1,1,7,2,2,4,4,Solar,Usado,No le da mantenimiento,De 50 a 60 litros (hasta 3 personas)
25697,1,1,2,0,1,5,1,De gas de rápida recuperación,Nuevo,Cada 6 meses,
25698,1,1,3,0,1,5,4,De gas instantáneo de paso,Nuevo,No le da mantenimiento,
25699,1,1,7,3,1,99,4,Solar,Nuevo,No le da mantenimiento,De 70 a 80 litros (hasta 4 personas)
25700,1,1,1,3,1,5,2,De gas con deposito,Nuevo,Cada año,De 70 a 80 litros (hasta 4 personas)
25702,1,1,7,9,1,1,4,Solar,Nuevo,No le da mantenimiento,No sabe
25703,1,1,3,0,1,10,3,De gas instantáneo de paso,Nuevo,Cada 2 años,
25704,1,1,7,4,1,1,4,Solar,Nuevo,No le da mantenimiento,De 90 a 110 litros (hasta 6 personas)
25706,1,1,7,6,1,1,4,Solar,Nuevo,No le da mantenimiento,Más de 140 litros (más de 7 personas)
25709,1,1,7,3,1,1,4,Solar,Nuevo,No le da mantenimiento,De 70 a 80 litros (hasta 4 personas)
25710,1,1,1,2,1,1,1,De gas con deposito,Nuevo,Cada 6 meses,De 50 a 60 litros (hasta 3 personas)
25711,1,1,7,3,1,2,4,Solar,Nuevo,No le da mantenimiento,De 70 a 80 litros (hasta 4 personas)
25712,1,1,7,6,1,2,2,Solar,Nuevo,Cada año,Más de 140 litros (más de 7 personas)
25713,1,1,6,9,1,3,4,De leña,Nuevo,No le da mantenimiento,No sabe
25714,1,1,7,3,1,1,1,Solar,Nuevo,Cada 6 meses,De 70 a 80 litros (hasta 4 personas)
25717,1,1,6,2,2,99,1,De leña,Usado,Cada 6 meses,De 50 a 60 litros (hasta 3 personas)
25718,1,1,6,1,1,3,4,De leña,Nuevo,No le da mantenimiento,De 38 a 40 litros (hasta 2 personas)
25722,1,1,7,9,1,1,4,Solar,Nuevo,No le da mantenimiento,No sabe
25723,1,1,1,2,1,15,4,De gas con deposito,Nuevo,No le da mantenimiento,De 50 a 60 litros (hasta 3 personas)
25724,1,1,1,3,1,10,2,De gas con deposito,Nuevo,Cada año,De 70 a 80 litros (hasta 4 personas)
25725,1,1,1,1,2,99,1,De gas con deposito,Usado,Cada 6 meses,De 38 a 40 litros (hasta 2 personas)
25728,1,1,2,0,1,3,2,De gas de rápida recuperación,Nuevo,Cada año,
25729,1,1,2,0,2,2,1,De gas de rápida recuperación,Usado,Cada 6 meses,
25736,1,1,1,3,1,8,1,De gas con deposito,Nuevo,Cada 6 meses,De 70 a 80 litros (hasta 4 personas)
25739,1,1,1,2,1,12,1,De gas con deposito,Nuevo,Cada 6 meses,De 50 a 60 litros (hasta 3 personas)
25740,1,1,7,3,1,6,4,Solar,Nuevo,No le da mantenimiento,De 70 a 80 litros (hasta 4 personas)
25745,1,1,7,1,1,1,1,Solar,Nuevo,Cada 6 meses,De 38 a 40 litros (hasta 2 personas)
25746,1,1,2,0,1,7,1,De gas de rápida recuperación,Nuevo,Cada 6 meses,
25746,1,2,7,6,1,4,1,Solar,Nuevo,Cada 6 meses,Más de 140 litros (más de 7 personas)
25747,1,1,7,9,1,5,4,Solar,Nuevo,No le da mantenimiento,No sabe
25748,1,1,2,0,1,3,1,De gas de rápida recuperación,Nuevo,Cada 6 meses,
25749,1,1,7,3,1,1,4,Solar,Nuevo,No le da mantenimiento,De 70 a 80 litros (hasta 4 personas)
25750,1,1,1,3,1,15,1,De gas con deposito,Nuevo,Cada 6 meses,De 70 a 80 litros (hasta 4 personas)
25752,1,1,4,0,1,7,2,Eléctrico instantáneo de paso,Nuevo,Cada año,
25754,1,1,1,3,1,10,4,De gas con deposito,Nuevo,No le da mantenimiento,De 70 a 80 litros (hasta 4 personas)
25757,1,1,7,2,1,1,4,Solar,Nuevo,No le da mantenimiento,De 50 a 60 litros (hasta 3 personas)
25759,1,1,2,0,1,2,4,De gas de rápida recuperación,Nuevo,No le da mantenimiento,
25760,1,1,2,0,1,5,1,De gas de rápida recuperación,Nuevo,Cada 6 meses,
25763,1,1,7,4,1,4,4,Solar,Nuevo,No le da mantenimiento,De 90 a 110 litros (hasta 6 personas)
25770,1,1,1,1,1,4,4,De gas con deposito,Nuevo,No le da mantenimiento,De 38 a 40 litros (hasta 2 personas)
25778,1,1,3,0,1,4,4,De gas instantáneo de paso,Nuevo,No le da mantenimiento,
25782,1,1,1,9,1,6,4,De gas con deposito,Nuevo,No le da mantenimiento,No sabe
25783,1,1,3,0,2,5,1,De gas instantáneo de paso,Usado,Cada 6 meses,
25788,1,1,7,9,1,99,4,Solar,Nuevo,No le da mantenimiento,No sabe
25793,1,1,2,0,2,99,4,De gas de rápida recuperación,Usado,No le da mantenimiento,
25795,1,1,2,0,2,99,1,De gas de rápida recuperación,Usado,Cada 6 meses,
25796,1,1,2,0,1,14,4,De gas de rápida recuperación,Nuevo,No le da mantenimiento,
25797,1,1,2,0,1,10,1,De gas de rápida recuperación,Nuevo,Cada 6 meses,
25799,1,1,7,3,1,1,4,Solar,Nuevo,No le da mantenimiento,De 70 a 80 litros (hasta 4 personas)
25800,1,1,5,1,1,2,4,Eléctrico con depósito,Nuevo,No le da mantenimiento,De 38 a 40 litros (hasta 2 personas)
25801,1,1,1,1,1,15,4,De gas con deposito,Nuevo,No le da mantenimiento,De 38 a 40 litros (hasta 2 personas)
25802,1,1,1,1,1,15,2,De gas con deposito,Nuevo,Cada año,De 38 a 40 litros (hasta 2 personas)
25803,1,1,1,1,1,3,4,De gas con deposito,Nuevo,No le da mantenimiento,De 38 a 40 litros (hasta 2 personas)
25805,1,1,2,0,2,99,4,De gas de rápida recuperación,Usado,No le da mantenimiento,
25806,1,1,7,4,1,3,1,Solar,Nuevo,Cada 6 meses,De 90 a 110 litros (hasta 6 personas)
25808,1,1,3,0,1,2,1,De gas instantáneo de paso,Nuevo,Cada 6 meses,
25810,1,1,1,3,1,1,1,De gas con deposito,Nuevo,Cada 6 meses,De 70 a 80 litros (hasta 4 personas)
25812,1,1,1,4,1,10,3,De gas con deposito,Nuevo,Cada 2 años,De 90 a 110 litros (hasta 6 personas)
25815,1,1,1,2,1,1,1,De gas con deposito,Nuevo,Cada 6 meses,De 50 a 60 litros (hasta 3 personas)
25815,1,2,7,3,1,1,4,Solar,Nuevo,No le da mantenimiento,De 70 a 80 litros (hasta 4 personas)
25817,1,2,7,5,1,1,4,Solar,Nuevo,No le da mantenimiento,De 120 a 140 litros (hasta 7 personas)
25817,1,1,2,0,1,2,2,De gas de rápida recuperación,Nuevo,Cada año,
25818,1,2,7,3,1,2,1,Solar,Nuevo,Cada 6 meses,De 70 a 80 litros (hasta 4 personas)
25818,1,1,1,2,1,15,1,De gas con deposito,Nuevo,Cada 6 meses,De 50 a 60 litros (hasta 3 personas)
25819,1,1,2,0,1,6,2,De gas de rápida recuperación,Nuevo,Cada año,
25820,1,1,1,4,1,6,1,De gas con deposito,Nuevo,Cada 6 meses,De 90 a 110 litros (hasta 6 personas)
25822,1,1,6,3,1,40,4,De leña,Nuevo,No le da mantenimiento,De 70 a 80 litros (hasta 4 personas)
25824,1,1,1,1,1,15,1,De gas con deposito,Nuevo,Cada 6 meses,De 38 a 40 litros (hasta 2 personas)
25826,1,1,7,6,1,3,1,Solar,Nuevo,Cada 6 meses,Más de 140 litros (más de 7 personas)
25830,1,1,1,3,1,14,4,De gas con deposito,Nuevo,No le da mantenimiento,De 70 a 80 litros (hasta 4 personas)
25831,1,1,1,1,1,32,4,De gas con deposito,Nuevo,No le da mantenimiento,De 38 a 40 litros (hasta 2 personas)
25832,1,1,1,2,2,3,1,De gas con deposito,Usado,Cada 6 meses,De 50 a 60 litros (hasta 3 personas)
25833,1,1,7,3,1,4,1,Solar,Nuevo,Cada 6 meses,De 70 a 80 litros (hasta 4 personas)
25834,1,1,6,2,1,15,1,De leña,Nuevo,Cada 6 meses,De 50 a 60 litros (hasta 3 personas)
25836,1,1,7,3,1,1,2,Solar,Nuevo,Cada año,De 70 a 80 litros (hasta 4 personas)
25837,1,1,1,3,1,4,2,De gas con deposito,Nuevo,Cada año,De 70 a 80 litros (hasta 4 personas)
25838,1,1,1,3,1,1,4,De gas con deposito,Nuevo,No le da mantenimiento,De 70 a 80 litros (hasta 4 personas)
25839,1,1,2,0,1,18,2,De gas de rápida recuperación,Nuevo,Cada año,
25839,1,2,6,9,1,2,1,De leña,Nuevo,Cada 6 meses,No sabe
25840,1,1,6,2,1,20,2,De leña,Nuevo,Cada año,De 50 a 60 litros (hasta 3 personas)
25841,1,1,1,3,1,6,4,De gas con deposito,Nuevo,No le da mantenimiento,De 70 a 80 litros (hasta 4 personas)
25841,1,2,7,3,1,1,4,Solar,Nuevo,No le da mantenimiento,De 70 a 80 litros (hasta 4 personas)
25842,1,1,3,0,1,10,2,De gas instantáneo de paso,Nuevo,Cada año,
25843,1,1,3,0,1,7,1,De gas instantáneo de paso,Nuevo,Cada 6 meses,
25844,1,1,3,0,1,8,1,De gas instantáneo de paso,Nuevo,Cada 6 meses,
25845,1,1,6,1,1,1,2,De leña,Nuevo,Cada año,De 38 a 40 litros (hasta 2 personas)
25846,1,1,7,3,1,2,4,Solar,Nuevo,No le da mantenimiento,De 70 a 80 litros (hasta 4 personas)
25847,1,1,7,3,1,1,4,Solar,Nuevo,No le da mantenimiento,De 70 a 80 litros (hasta 4 personas)
25849,1,1,7,6,1,1,4,Solar,Nuevo,No le da mantenimiento,Más de 140 litros (más de 7 personas)
25850,1,1,1,1,1,15,2,De gas con deposito,Nuevo,Cada año,De 38 a 40 litros (hasta 2 personas)
25851,1,1,7,4,1,1,2,Solar,Nuevo,Cada año,De 90 a 110 litros (hasta 6 personas)
25854,1,1,6,1,1,25,1,De leña,Nuevo,Cada 6 meses,De 38 a 40 litros (hasta 2 personas)
25855,1,1,1,2,1,4,1,De gas con deposito,Nuevo,Cada 6 meses,De 50 a 60 litros (hasta 3 personas)
25856,1,1,1,1,1,7,4,De gas con deposito,Nuevo,No le da mantenimiento,De 38 a 40 litros (hasta 2 personas)
25857,1,1,2,0,1,6,1,De gas de rápida recuperación,Nuevo,Cada 6 meses,
25859,1,1,1,3,1,5,1,De gas con deposito,Nuevo,Cada 6 meses,De 70 a 80 litros (hasta 4 personas)
25860,1,1,7,4,1,2,1,Solar,Nuevo,Cada 6 meses,De 90 a 110 litros (hasta 6 personas)
25861,1,1,3,0,1,7,2,De gas instantáneo de paso,Nuevo,Cada año,
25862,1,2,3,0,1,2,1,De gas instantáneo de paso,Nuevo,Cada 6 meses,
25862,1,1,7,3,1,2,4,Solar,Nuevo,No le da mantenimiento,De 70 a 80 litros (hasta 4 personas)
25866,1,1,3,0,1,5,1,De gas instantáneo de paso,Nuevo,Cada 6 meses,
25867,1,1,1,1,1,10,2,De gas con deposito,Nuevo,Cada año,De 38 a 40 litros (hasta 2 personas)
25868,1,1,1,1,1,20,2,De gas con deposito,Nuevo,Cada año,De 38 a 40 litros (hasta 2 personas)
25869,1,1,3,0,2,2,1,De gas instantáneo de paso,Usado,Cada 6 meses,
25870,1,1,1,9,1,15,4,De gas con deposito,Nuevo,No le da mantenimiento,No sabe
25872,1,1,1,3,1,5,2,De gas con deposito,Nuevo,Cada año,De 70 a 80 litros (hasta 4 personas)
25873,1,1,3,0,1,2,1,De gas instantáneo de paso,Nuevo,Cada 6 meses,
25876,1,1,1,2,2,10,4,De gas con deposito,Usado,No le da mantenimiento,De 50 a 60 litros (hasta 3 personas)
25877,1,1,1,2,1,10,2,De gas con deposito,Nuevo,Cada año,De 50 a 60 litros (hasta 3 personas)
25879,1,1,1,1,1,1,4,De gas con deposito,Nuevo,No le da mantenimiento,De 38 a 40 litros (hasta 2 personas)
25882,1,1,3,0,2,4,4,De gas instantáneo de paso,Usado,No le da mantenimiento,
25883,1,1,3,0,2,6,1,De gas instantáneo de paso,Usado,Cada 6 meses,
25884,1,1,1,9,2,99,4,De gas con deposito,Usado,No le da mantenimiento,No sabe
25885,1,1,2,0,1,10,3,De gas de rápida recuperación,Nuevo,Cada 2 años,
25886,1,1,1,1,1,10,4,De gas con deposito,Nuevo,No le da mantenimiento,De 38 a 40 litros (hasta 2 personas)
25887,1,1,3,0,2,8,4,De gas instantáneo de paso,Usado,No le da mantenimiento,
25888,1,1,2,0,2,6,4,De gas de rápida recuperación,Usado,No le da mantenimiento,
25889,1,1,3,0,1,10,1,De gas instantáneo de paso,Nuevo,Cada 6 meses,
25890,1,1,2,0,1,7,2,De gas de rápida recuperación,Nuevo,Cada año,
25891,1,1,2,0,1,3,1,De gas de rápida recuperación,Nuevo,Cada 6 meses,
25892,1,1,2,0,1,2,4,De gas de rápida recuperación,Nuevo,No le da mantenimiento,
25893,1,2,7,5,1,1,4,Solar,Nuevo,No le da mantenimiento,De 120 a 140 litros (hasta 7 personas)
25893,1,1,3,0,1,1,4,De gas instantáneo de paso,Nuevo,No le da mantenimiento,
25894,1,2,2,0,1,2,4,De gas de rápida recuperación,Nuevo,No le da mantenimiento,
25894,1,1,7,1,1,2,4,Solar,Nuevo,No le da mantenimiento,De 38 a 40 litros (hasta 2 personas)
25897,1,1,2,0,1,17,4,De gas de rápida recuperación,Nuevo,No le da mantenimiento,
25898,1,1,2,0,1,6,1,De gas de rápida recuperación,Nuevo,Cada 6 meses,
25899,1,1,1,2,1,1,1,De gas con deposito,Nuevo,Cada 6 meses,De 50 a 60 litros (hasta 3 personas)
25900,1,1,2,0,2,10,1,De gas de rápida recuperación,Usado,Cada 6 meses,
25901,1,1,1,2,2,15,2,De gas con deposito,Usado,Cada año,De 50 a 60 litros (hasta 3 personas)
25902,1,1,2,0,1,12,2,De gas de rápida recuperación,Nuevo,Cada año,
25903,1,1,2,0,1,3,1,De gas de rápida recuperación,Nuevo,Cada 6 meses,
25904,1,1,7,5,1,2,4,Solar,Nuevo,No le da mantenimiento,De 120 a 140 litros (hasta 7 personas)
25905,1,1,7,1,1,1,4,Solar,Nuevo,No le da mantenimiento,De 38 a 40 litros (hasta 2 personas)
25906,1,1,7,4,1,3,4,Solar,Nuevo,No le da mantenimiento,De 90 a 110 litros (hasta 6 personas)
25907,1,1,1,1,1,99,4,De gas con deposito,Nuevo,No le da mantenimiento,De 38 a 40 litros (hasta 2 personas)
25908,1,1,1,1,1,5,4,De gas con deposito,Nuevo,No le da mantenimiento,De 38 a 40 litros (hasta 2 personas)
25910,1,1,1,1,2,6,4,De gas con deposito,Usado,No le da mantenimiento,De 38 a 40 litros (hasta 2 personas)
25911,1,1,6,2,1,4,4,De leña,Nuevo,No le da mantenimiento,De 50 a 60 litros (hasta 3 personas)
25912,1,1,1,2,1,17,1,De gas con deposito,Nuevo,Cada 6 meses,De 50 a 60 litros (hasta 3 personas)
25913,1,1,1,1,1,20,4,De gas con deposito,Nuevo,No le da mantenimiento,De 38 a 40 litros (hasta 2 personas)
25914,1,1,6,2,2,99,1,De leña,Usado,Cada 6 meses,De 50 a 60 litros (hasta 3 personas)
25915,1,1,2,0,1,12,1,De gas de rápida recuperación,Nuevo,Cada 6 meses,
25916,1,1,1,1,2,99,2,De gas con deposito,Usado,Cada año,De 38 a 40 litros (hasta 2 personas)
25917,1,1,6,2,1,8,4,De leña,Nuevo,No le da mantenimiento,De 50 a 60 litros (hasta 3 personas)
25918,1,1,2,0,2,5,2,De gas de rápida recuperación,Usado,Cada año,
25919,1,1,6,2,1,8,4,De leña,Nuevo,No le da mantenimiento,De 50 a 60 litros (hasta 3 personas)
25920,1,1,6,1,2,16,1,De leña,Usado,Cada 6 meses,De 38 a 40 litros (hasta 2 personas)
25922,1,1,6,1,1,6,4,De leña,Nuevo,No le da mantenimiento,De 38 a 40 litros (hasta 2 personas)
25923,1,1,6,1,1,4,4,De leña,Nuevo,No le da mantenimiento,De 38 a 40 litros (hasta 2 personas)
25925,1,1,2,0,1,8,1,De gas de rápida recuperación,Nuevo,Cada 6 meses,
25930,1,1,7,4,1,2,4,Solar,Nuevo,No le da mantenimiento,De 90 a 110 litros (hasta 6 personas)
25931,1,1,1,1,1,15,2,De gas con deposito,Nuevo,Cada año,De 38 a 40 litros (hasta 2 personas)
25932,1,1,1,1,1,4,4,De gas con deposito,Nuevo,No le da mantenimiento,De 38 a 40 litros (hasta 2 personas)
25933,1,1,6,1,1,6,2,De leña,Nuevo,Cada año,De 38 a 40 litros (hasta 2 personas)
25935,1,1,6,1,1,1,4,De leña,Nuevo,No le da mantenimiento,De 38 a 40 litros (hasta 2 personas)
25936,1,1,7,6,1,3,4,Solar,Nuevo,No le da mantenimiento,Más de 140 litros (más de 7 personas)
25937,1,1,6,9,1,1,4,De leña,Nuevo,No le da mantenimiento,No sabe
25938,1,1,6,3,1,2,1,De leña,Nuevo,Cada 6 meses,De 70 a 80 litros (hasta 4 personas)
25939,1,1,2,0,1,5,2,De gas de rápida recuperación,Nuevo,Cada año,
25940,1,1,6,9,1,2,4,De leña,Nuevo,No le da mantenimiento,No sabe
25944,1,1,2,0,1,6,2,De gas de rápida recuperación,Nuevo,Cada año,
25945,1,1,7,4,1,2,4,Solar,Nuevo,No le da mantenimiento,De 90 a 110 litros (hasta 6 personas)
25946,1,1,2,0,1,5,1,De gas de rápida recuperación,Nuevo,Cada 6 meses,
25947,1,1,7,3,1,3,2,Solar,Nuevo,Cada año,De 70 a 80 litros (hasta 4 personas)
25949,1,1,1,3,1,9,4,De gas con deposito,Nuevo,No le da mantenimiento,De 70 a 80 litros (hasta 4 personas)
25950,1,1,1,2,1,5,2,De gas con deposito,Nuevo,Cada año,De 50 a 60 litros (hasta 3 personas)
25951,1,1,1,2,1,2,1,De gas con deposito,Nuevo,Cada 6 meses,De 50 a 60 litros (hasta 3 personas)
25954,1,1,3,0,1,12,3,De gas instantáneo de paso,Nuevo,Cada 2 años,
25960,1,1,7,3,1,2,4,Solar,Nuevo,No le da mantenimiento,De 70 a 80 litros (hasta 4 personas)
25962,1,1,7,4,1,1,4,Solar,Nuevo,No le da mantenimiento,De 90 a 110 litros (hasta 6 personas)
25964,1,1,6,9,2,8,4,De leña,Usado,No le da mantenimiento,No sabe
25966,1,1,7,9,1,1,4,Solar,Nuevo,No le da mantenimiento,No sabe
25967,1,1,6,1,1,5,1,De leña,Nuevo,Cada 6 meses,De 38 a 40 litros (hasta 2 personas)
25968,1,1,2,0,1,9,2,De gas de rápida recuperación,Nuevo,Cada año,
25972,1,1,6,1,1,5,4,De leña,Nuevo,No le da mantenimiento,De 38 a 40 litros (hasta 2 personas)
25973,1,1,7,2,1,4,2,Solar,Nuevo,Cada año,De 50 a 60 litros (hasta 3 personas)
25974,1,1,1,1,1,12,4,De gas con deposito,Nuevo,No le da mantenimiento,De 38 a 40 litros (hasta 2 personas)
25976,1,1,1,2,1,5,1,De gas con deposito,Nuevo,Cada 6 meses,De 50 a 60 litros (hasta 3 personas)
25977,1,1,6,3,1,5,1,De leña,Nuevo,Cada 6 meses,De 70 a 80 litros (hasta 4 personas)
25979,1,1,1,3,1,99,1,De gas con deposito,Nuevo,Cada 6 meses,De 70 a 80 litros (hasta 4 personas)
25981,1,1,2,0,1,6,3,De gas de rápida recuperación,Nuevo,Cada 2 años,
25982,1,1,3,0,1,2,2,De gas instantáneo de paso,Nuevo,Cada año,
25983,1,1,3,0,1,14,1,De gas instantáneo de paso,Nuevo,Cada 6 meses,
25984,1,1,7,6,1,1,1,Solar,Nuevo,Cada 6 meses,Más de 140 litros (más de 7 personas)
25985,1,1,1,1,2,99,4,De gas con deposito,Usado,No le da mantenimiento,De 38 a 40 litros (hasta 2 personas)
25986,1,1,1,4,1,4,1,De gas con deposito,Nuevo,Cada 6 meses,De 90 a 110 litros (hasta 6 personas)
25987,1,1,2,0,1,15,2,De gas de rápida recuperación,Nuevo,Cada año,
25988,1,2,7,2,1,1,4,Solar,Nuevo,No le da mantenimiento,De 50 a 60 litros (hasta 3 personas)
25988,1,1,1,2,1,25,4,De gas con deposito,Nuevo,No le da mantenimiento,De 50 a 60 litros (hasta 3 personas)
25989,1,1,7,2,1,6,4,Solar,Nuevo,No le da mantenimiento,De 50 a 60 litros (hasta 3 personas)
25990,1,1,2,0,1,1,4,De gas de rápida recuperación,Nuevo,No le da mantenimiento,
25992,1,1,2,0,1,4,4,De gas de rápida recuperación,Nuevo,No le da mantenimiento,
25993,1,1,7,4,1,1,4,Solar,Nuevo,No le da mantenimiento,De 90 a 110 litros (hasta 6 personas)
25995,1,1,3,0,1,6,1,De gas instantáneo de paso,Nuevo,Cada 6 meses,
25995,1,2,7,3,2,3,1,Solar,Usado,Cada 6 meses,De 70 a 80 litros (hasta 4 personas)
25997,1,1,1,4,1,8,4,De gas con deposito,Nuevo,No le da mantenimiento,De 90 a 110 litros (hasta 6 personas)
25999,1,1,1,3,1,5,4,De gas con deposito,Nuevo,No le da mantenimiento,De 70 a 80 litros (hasta 4 personas)
26000,1,1,1,9,2,99,4,De gas con deposito,Usado,No le da mantenimiento,No sabe
26001,1,1,4,0,2,99,1,Eléctrico instantáneo de paso,Usado,Cada 6 meses,
26002,1,1,2,0,1,99,2,De gas de rápida recuperación,Nuevo,Cada año,
26006,1,1,7,3,1,1,1,Solar,Nuevo,Cada 6 meses,De 70 a 80 litros (hasta 4 personas)
26007,1,1,1,2,1,5,1,De gas con deposito,Nuevo,Cada 6 meses,De 50 a 60 litros (hasta 3 personas)
26010,1,1,7,6,1,3,1,Solar,Nuevo,Cada 6 meses,Más de 140 litros (más de 7 personas)
26012,1,1,6,1,1,40,1,De leña,Nuevo,Cada 6 meses,De 38 a 40 litros (hasta 2 personas)
26014,1,1,2,0,1,5,3,De gas de rápida recuperación,Nuevo,Cada 2 años,
26016,1,1,7,4,1,1,1,Solar,Nuevo,Cada 6 meses,De 90 a 110 litros (hasta 6 personas)
26017,1,1,1,1,2,5,1,De gas con deposito,Usado,Cada 6 meses,De 38 a 40 litros (hasta 2 personas)
26018,1,1,2,0,1,2,4,De gas de rápida recuperación,Nuevo,No le da mantenimiento,
26020,1,1,2,0,1,6,4,De gas de rápida recuperación,Nuevo,No le da mantenimiento,
26026,1,1,2,0,1,1,4,De gas de rápida recuperación,Nuevo,No le da mantenimiento,
26027,1,1,1,1,1,10,4,De gas con deposito,Nuevo,No le da mantenimiento,De 38 a 40 litros (hasta 2 personas)
26028,1,1,3,0,1,9,2,De gas instantáneo de paso,Nuevo,Cada año,
26029,1,1,2,0,2,99,1,De gas de rápida recuperación,Usado,Cada 6 meses,
26030,1,1,2,0,1,12,2,De gas de rápida recuperación,Nuevo,Cada año,
26031,1,1,6,4,1,1,4,De leña,Nuevo,No le da mantenimiento,De 90 a 110 litros (hasta 6 personas)
26032,1,1,6,3,1,1,4,De leña,Nuevo,No le da mantenimiento,De 70 a 80 litros (hasta 4 personas)
26034,1,1,2,0,1,3,2,De gas de rápida recuperación,Nuevo,Cada año,
26035,1,1,7,4,1,4,3,Solar,Nuevo,Cada 2 años,De 90 a 110 litros (hasta 6 personas)
26036,1,1,7,9,1,1,4,Solar,Nuevo,No le da mantenimiento,No sabe
26039,1,1,1,1,1,30,1,De gas con deposito,Nuevo,Cada 6 meses,De 38 a 40 litros (hasta 2 personas)
26042,1,1,6,1,2,4,4,De leña,Usado,No le da mantenimiento,De 38 a 40 litros (hasta 2 personas)
26044,1,1,1,2,1,10,3,De gas con deposito,Nuevo,Cada 2 años,De 50 a 60 litros (hasta 3 personas)
26046,1,1,1,4,1,6,1,De gas con deposito,Nuevo,Cada 6 meses,De 90 a 110 litros (hasta 6 personas)
26047,1,1,7,6,1,1,4,Solar,Nuevo,No le da mantenimiento,Más de 140 litros (más de 7 personas)
26051,1,1,2,0,1,1,1,De gas de rápida recuperación,Nuevo,Cada 6 meses,
26052,1,1,6,1,1,2,1,De leña,Nuevo,Cada 6 meses,De 38 a 40 litros (hasta 2 personas)
26053,1,1,6,1,1,15,4,De leña,Nuevo,No le da mantenimiento,De 38 a 40 litros (hasta 2 personas)
26054,1,1,6,1,1,4,4,De leña,Nuevo,No le da mantenimiento,De 38 a 40 litros (hasta 2 personas)
26055,1,1,6,3,1,2,3,De leña,Nuevo,Cada 2 años,De 70 a 80 litros (hasta 4 personas)
26057,1,1,6,3,1,2,1,De leña,Nuevo,Cada 6 meses,De 70 a 80 litros (hasta 4 personas)
26058,1,1,1,2,1,15,4,De gas con deposito,Nuevo,No le da mantenimiento,De 50 a 60 litros (hasta 3 personas)
26059,1,1,1,9,1,6,1,De gas con deposito,Nuevo,Cada 6 meses,No sabe
26060,1,1,3,0,1,6,2,De gas instantáneo de paso,Nuevo,Cada año,
26061,1,1,7,6,1,1,4,Solar,Nuevo,No le da mantenimiento,Más de 140 litros (más de 7 personas)
26061,1,2,3,0,1,4,3,De gas instantáneo de paso,Nuevo,Cada 2 años,
26062,1,1,7,4,1,1,4,Solar,Nuevo,No le da mantenimiento,De 90 a 110 litros (hasta 6 personas)
26063,1,1,2,0,1,8,2,De gas de rápida recuperación,Nuevo,Cada año,
26066,1,1,1,1,1,4,1,De gas con deposito,Nuevo,Cada 6 meses,De 38 a 40 litros (hasta 2 personas)
26067,1,1,1,3,1,5,1,De gas con deposito,Nuevo,Cada 6 meses,De 70 a 80 litros (hasta 4 personas)
26068,1,1,7,3,1,1,1,Solar,Nuevo,Cada 6 meses,De 70 a 80 litros (hasta 4 personas)
26069,1,1,7,3,1,7,2,Solar,Nuevo,Cada año,De 70 a 80 litros (hasta 4 personas)
26070,1,2,2,0,1,2,1,De gas de rápida recuperación,Nuevo,Cada 6 meses,
26070,1,1,7,4,1,3,1,Solar,Nuevo,Cada 6 meses,De 90 a 110 litros (hasta 6 personas)
26071,1,2,7,5,1,1,1,Solar,Nuevo,Cada 6 meses,De 120 a 140 litros (hasta 7 personas)
26071,1,1,2,0,1,1,4,De gas de rápida recuperación,Nuevo,No le da mantenimiento,
26073,1,1,7,3,1,5,4,Solar,Nuevo,No le da mantenimiento,De 70 a 80 litros (hasta 4 personas)
26074,1,1,4,0,1,2,4,Eléctrico instantáneo de paso,Nuevo,No le da mantenimiento,
26075,1,1,1,1,1,4,1,De gas con deposito,Nuevo,Cada 6 meses,De 38 a 40 litros (hasta 2 personas)
26076,1,1,1,1,1,6,2,De gas con deposito,Nuevo,Cada año,De 38 a 40 litros (hasta 2 personas)
26078,1,1,3,0,1,3,2,De gas instantáneo de paso,Nuevo,Cada año,
26079,1,1,2,0,1,4,4,De gas de rápida recuperación,Nuevo,No le da mantenimiento,
26080,1,1,2,0,1,3,1,De gas de rápida recuperación,Nuevo,Cada 6 meses,
26082,1,1,1,1,1,17,4,De gas con deposito,Nuevo,No le da mantenimiento,De 38 a 40 litros (hasta 2 personas)
26083,1,1,2,0,1,10,3,De gas de rápida recuperación,Nuevo,Cada 2 años,
26084,1,1,3,0,1,15,4,De gas instantáneo de paso,Nuevo,No le da mantenimiento,
26085,1,1,6,1,1,16,2,De leña,Nuevo,Cada año,De 38 a 40 litros (hasta 2 personas)
26085,1,2,7,3,1,4,4,Solar,Nuevo,No le da mantenimiento,De 70 a 80 litros (hasta 4 personas)
26086,1,1,2,0,1,1,1,De gas de rápida recuperación,Nuevo,Cada 6 meses,
26087,1,1,6,1,1,20,4,De leña,Nuevo,No le da mantenimiento,De 38 a 40 litros (hasta 2 personas)
26089,1,1,7,2,1,5,1,Solar,Nuevo,Cada 6 meses,De 50 a 60 litros (hasta 3 personas)
26092,1,1,6,1,1,6,4,De leña,Nuevo,No le da mantenimiento,De 38 a 40 litros (hasta 2 personas)
26094,1,1,1,1,1,18,1,De gas con deposito,Nuevo,Cada 6 meses,De 38 a 40 litros (hasta 2 personas)
26094,1,2,7,3,1,3,2,Solar,Nuevo,Cada año,De 70 a 80 litros (hasta 4 personas)
26097,1,1,7,3,1,3,4,Solar,Nuevo,No le da mantenimiento,De 70 a 80 litros (hasta 4 personas)
26098,1,1,6,5,2,20,1,De leña,Usado,Cada 6 meses,De 120 a 140 litros (hasta 7 personas)
26098,1,2,7,6,1,2,4,Solar,Nuevo,No le da mantenimiento,Más de 140 litros (más de 7 personas)
26099,1,1,6,1,2,6,2,De leña,Usado,Cada año,De 38 a 40 litros (hasta 2 personas)
26100,1,1,7,3,1,4,3,Solar,Nuevo,Cada 2 años,De 70 a 80 litros (hasta 4 personas)
26101,1,1,7,4,1,3,2,Solar,Nuevo,Cada año,De 90 a 110 litros (hasta 6 personas)
26102,1,2,7,4,1,3,4,Solar,Nuevo,No le da mantenimiento,De 90 a 110 litros (hasta 6 personas)
26102,1,1,6,1,1,10,1,De leña,Nuevo,Cada 6 meses,De 38 a 40 litros (hasta 2 personas)
26107,1,1,2,0,1,7,1,De gas de rápida recuperación,Nuevo,Cada 6 meses,
26109,1,1,7,2,1,1,4,Solar,Nuevo,No le da mantenimiento,De 50 a 60 litros (hasta 3 personas)
26110,1,1,3,0,1,3,4,De gas instantáneo de paso,Nuevo,No le da mantenimiento,
26113,1,1,1,1,1,8,2,De gas con deposito,Nuevo,Cada año,De 38 a 40 litros (hasta 2 personas)
26117,1,2,2,0,1,5,2,De gas de rápida recuperación,Nuevo,Cada año,
26117,1,1,2,0,1,15,2,De gas de rápida recuperación,Nuevo,Cada año,
26118,1,1,1,2,1,10,3,De gas con deposito,Nuevo,Cada 2 años,De 50 a 60 litros (hasta 3 personas)
26122,1,1,3,0,1,7,2,De gas instantáneo de paso,Nuevo,Cada año,
26125,1,1,6,1,1,12,4,De leña,Nuevo,No le da mantenimiento,De 38 a 40 litros (hasta 2 personas)
26126,1,1,1,1,1,1,2,De gas con deposito,Nuevo,Cada año,De 38 a 40 litros (hasta 2 personas)
26127,1,1,1,1,1,6,1,De gas con deposito,Nuevo,Cada 6 meses,De 38 a 40 litros (hasta 2 personas)
26130,1,1,6,1,1,5,4,De leña,Nuevo,No le da mantenimiento,De 38 a 40 litros (hasta 2 personas)
26132,1,1,6,1,1,20,2,De leña,Nuevo,Cada año,De 38 a 40 litros (hasta 2 personas)
26133,1,1,1,1,1,2,4,De gas con deposito,Nuevo,No le da mantenimiento,De 38 a 40 litros (hasta 2 personas)
26134,1,1,2,0,1,3,1,De gas de rápida recuperación,Nuevo,Cada 6 meses,
26138,1,1,1,2,1,8,4,De gas con deposito,Nuevo,No le da mantenimiento,De 50 a 60 litros (hasta 3 personas)
26139,1,1,6,1,1,4,1,De leña,Nuevo,Cada 6 meses,De 38 a 40 litros (hasta 2 personas)
26141,1,1,6,3,1,35,4,De leña,Nuevo,No le da mantenimiento,De 70 a 80 litros (hasta 4 personas)
26143,1,1,7,3,1,8,3,Solar,Nuevo,Cada 2 años,De 70 a 80 litros (hasta 4 personas)
26144,1,1,1,2,1,6,4,De gas con deposito,Nuevo,No le da mantenimiento,De 50 a 60 litros (hasta 3 personas)
26146,1,1,5,3,1,2,2,Eléctrico con depósito,Nuevo,Cada año,De 70 a 80 litros (hasta 4 personas)
26147,1,1,2,0,1,8,4,De gas de rápida recuperación,Nuevo,No le da mantenimiento,
26148,1,1,7,1,1,3,4,Solar,Nuevo,No le da mantenimiento,De 38 a 40 litros (hasta 2 personas)
26149,1,1,1,1,1,6,4,De gas con deposito,Nuevo,No le da mantenimiento,De 38 a 40 litros (hasta 2 personas)
26150,1,1,7,4,1,1,2,Solar,Nuevo,Cada año,De 90 a 110 litros (hasta 6 personas)
26151,1,1,1,1,1,7,2,De gas con deposito,Nuevo,Cada año,De 38 a 40 litros (hasta 2 personas)
26155,1,1,7,5,1,3,1,Solar,Nuevo,Cada 6 meses,De 120 a 140 litros (hasta 7 personas)
26157,1,1,2,0,1,2,1,De gas de rápida recuperación,Nuevo,Cada 6 meses,
26160,1,1,7,6,1,20,1,Solar,Nuevo,Cada 6 meses,Más de 140 litros (más de 7 personas)
26162,1,1,7,6,1,1,2,Solar,Nuevo,Cada año,Más de 140 litros (más de 7 personas)
26163,1,1,7,4,1,1,4,Solar,Nuevo,No le da mantenimiento,De 90 a 110 litros (hasta 6 personas)
26165,1,1,7,4,1,6,4,Solar,Nuevo,No le da mantenimiento,De 90 a 110 litros (hasta 6 personas)
26170,1,1,1,3,1,8,1,De gas con deposito,Nuevo,Cada 6 meses,De 70 a 80 litros (hasta 4 personas)
26172,1,1,1,3,2,12,3,De gas con deposito,Usado,Cada 2 años,De 70 a 80 litros (hasta 4 personas)
26173,1,1,3,0,1,15,2,De gas instantáneo de paso,Nuevo,Cada año,
26174,1,1,7,4,1,1,4,Solar,Nuevo,No le da mantenimiento,De 90 a 110 litros (hasta 6 personas)
26174,1,2,6,3,1,4,4,De leña,Nuevo,No le da mantenimiento,De 70 a 80 litros (hasta 4 personas)
26175,1,1,1,3,1,5,4,De gas con deposito,Nuevo,No le da mantenimiento,De 70 a 80 litros (hasta 4 personas)
26176,1,1,2,0,1,5,1,De gas de rápida recuperación,Nuevo,Cada 6 meses,
26177,1,1,2,0,1,5,1,De gas de rápida recuperación,Nuevo,Cada 6 meses,
26179,1,1,7,3,1,4,1,Solar,Nuevo,Cada 6 meses,De 70 a 80 litros (hasta 4 personas)
26180,1,1,1,1,2,99,1,De gas con deposito,Usado,Cada 6 meses,De 38 a 40 litros (hasta 2 personas)
26183,1,1,6,1,1,3,2,De leña,Nuevo,Cada año,De 38 a 40 litros (hasta 2 personas)
26185,1,1,7,4,1,2,4,Solar,Nuevo,No le da mantenimiento,De 90 a 110 litros (hasta 6 personas)
26186,1,1,6,3,1,99,1,De leña,Nuevo,Cada 6 meses,De 70 a 80 litros (hasta 4 personas)
26188,1,1,7,9,1,1,4,Solar,Nuevo,No le da mantenimiento,No sabe
26188,1,2,3,0,1,1,4,De gas instantáneo de paso,Nuevo,No le da mantenimiento,
26190,1,1,7,3,1,7,4,Solar,Nuevo,No le da mantenimiento,De 70 a 80 litros (hasta 4 personas)
26191,1,1,3,0,1,5,1,De gas instantáneo de paso,Nuevo,Cada 6 meses,
26192,1,1,7,4,1,1,4,Solar,Nuevo,No le da mantenimiento,De 90 a 110 litros (hasta 6 personas)
26194,1,1,7,4,1,3,4,Solar,Nuevo,No le da mantenimiento,De 90 a 110 litros (hasta 6 personas)
26195,1,1,7,4,1,1,4,Solar,Nuevo,No le da mantenimiento,De 90 a 110 litros (hasta 6 personas)
26197,1,1,7,2,1,1,4,Solar,Nuevo,No le da mantenimiento,De 50 a 60 litros (hasta 3 personas)
26209,1,1,6,1,1,3,4,De leña,Nuevo,No le da mantenimiento,De 38 a 40 litros (hasta 2 personas)
26210,1,1,7,2,1,1,4,Solar,Nuevo,No le da mantenimiento,De 50 a 60 litros (hasta 3 personas)
26211,1,1,6,1,1,5,4,De leña,Nuevo,No le da mantenimiento,De 38 a 40 litros (hasta 2 personas)
26213,1,1,6,9,1,5,3,De leña,Nuevo,Cada 2 años,No sabe
26217,1,1,6,1,1,3,4,De leña,Nuevo,No le da mantenimiento,De 38 a 40 litros (hasta 2 personas)
26219,1,1,6,9,1,6,4,De leña,Nuevo,No le da mantenimiento,No sabe
26220,1,1,7,4,1,2,4,Solar,Nuevo,No le da mantenimiento,De 90 a 110 litros (hasta 6 personas)
26221,1,1,2,0,1,4,1,De gas de rápida recuperación,Nuevo,Cada 6 meses,
26222,1,1,7,3,1,3,4,Solar,Nuevo,No le da mantenimiento,De 70 a 80 litros (hasta 4 personas)
26224,1,1,7,2,1,2,4,Solar,Nuevo,No le da mantenimiento,De 50 a 60 litros (hasta 3 personas)
26225,1,1,3,0,1,7,4,De gas instantáneo de paso,Nuevo,No le da mantenimiento,
26226,1,1,2,0,1,4,1,De gas de rápida recuperación,Nuevo,Cada 6 meses,
26227,1,1,1,2,2,20,2,De gas con deposito,Usado,Cada año,De 50 a 60 litros (hasta 3 personas)
26229,1,1,2,0,1,5,1,De gas de rápida recuperación,Nuevo,Cada 6 meses,
26236,1,1,1,3,1,5,1,De gas con deposito,Nuevo,Cada 6 meses,De 70 a 80 litros (hasta 4 personas)
26237,1,1,6,3,1,3,4,De leña,Nuevo,No le da mantenimiento,De 70 a 80 litros (hasta 4 personas)
26239,1,1,1,1,1,2,4,De gas con deposito,Nuevo,No le da mantenimiento,De 38 a 40 litros (hasta 2 personas)
26240,1,1,1,3,1,12,1,De gas con deposito,Nuevo,Cada 6 meses,De 70 a 80 litros (hasta 4 personas)
26241,1,1,3,0,1,2,1,De gas instantáneo de paso,Nuevo,Cada 6 meses,
26242,1,1,7,4,1,1,4,Solar,Nuevo,No le da mantenimiento,De 90 a 110 litros (hasta 6 personas)
26245,1,1,1,2,1,9,1,De gas con deposito,Nuevo,Cada 6 meses,De 50 a 60 litros (hasta 3 personas)
26246,1,1,1,1,2,99,4,De gas con deposito,Usado,No le da mantenimiento,De 38 a 40 litros (hasta 2 personas)
26248,1,1,1,1,1,9,3,De gas con deposito,Nuevo,Cada 2 años,De 38 a 40 litros (hasta 2 personas)
26249,1,1,2,0,1,2,4,De gas de rápida recuperación,Nuevo,No le da mantenimiento,
26250,1,1,2,0,1,3,3,De gas de rápida recuperación,Nuevo,Cada 2 años,
26251,1,1,7,4,1,14,3,Solar,Nuevo,Cada 2 años,De 90 a 110 litros (hasta 6 personas)
26252,1,1,7,3,1,20,4,Solar,Nuevo,No le da mantenimiento,De 70 a 80 litros (hasta 4 personas)
26254,1,1,1,1,1,14,2,De gas con deposito,Nuevo,Cada año,De 38 a 40 litros (hasta 2 personas)
26255,1,1,7,4,1,2,2,Solar,Nuevo,Cada año,De 90 a 110 litros (hasta 6 personas)
26257,1,1,6,1,1,20,4,De leña,Nuevo,No le da mantenimiento,De 38 a 40 litros (hasta 2 personas)
26259,1,1,6,2,1,4,4,De leña,Nuevo,No le da mantenimiento,De 50 a 60 litros (hasta 3 personas)
26260,1,1,6,3,1,12,1,De leña,Nuevo,Cada 6 meses,De 70 a 80 litros (hasta 4 personas)
26265,1,1,6,1,1,1,4,De leña,Nuevo,No le da mantenimiento,De 38 a 40 litros (hasta 2 personas)
26266,1,1,7,4,1,4,2,Solar,Nuevo,Cada año,De 90 a 110 litros (hasta 6 personas)
26267,1,1,7,1,1,3,1,Solar,Nuevo,Cada 6 meses,De 38 a 40 litros (hasta 2 personas)
26268,1,1,6,1,1,3,4,De leña,Nuevo,No le da mantenimiento,De 38 a 40 litros (hasta 2 personas)
26270,1,1,6,1,1,1,1,De leña,Nuevo,Cada 6 meses,De 38 a 40 litros (hasta 2 personas)
26272,1,1,2,0,1,15,1,De gas de rápida recuperación,Nuevo,Cada 6 meses,
26276,1,1,1,1,1,5,1,De gas con deposito,Nuevo,Cada 6 meses,De 38 a 40 litros (hasta 2 personas)
26278,1,1,1,1,1,3,2,De gas con deposito,Nuevo,Cada año,De 38 a 40 litros (hasta 2 personas)
26286,1,1,1,1,1,5,1,De gas con deposito,Nuevo,Cada 6 meses,De 38 a 40 litros (hasta 2 personas)
26287,1,1,1,1,1,1,1,De gas con deposito,Nuevo,Cada 6 meses,De 38 a 40 litros (hasta 2 personas)
26292,1,1,1,1,1,4,2,De gas con deposito,Nuevo,Cada año,De 38 a 40 litros (hasta 2 personas)
26313,1,1,1,1,1,20,1,De gas con deposito,Nuevo,Cada 6 meses,De 38 a 40 litros (hasta 2 personas)
26315,1,1,1,1,1,3,1,De gas con deposito,Nuevo,Cada 6 meses,De 38 a 40 litros (hasta 2 personas)
26330,1,1,1,1,2,99,4,De gas con deposito,Usado,No le da mantenimiento,De 38 a 40 litros (hasta 2 personas)
26331,1,1,1,9,2,99,4,De gas con deposito,Usado,No le da mantenimiento,No sabe
26332,1,1,2,0,1,1,1,De gas de rápida recuperación,Nuevo,Cada 6 meses,
26334,1,1,4,0,1,2,2,Eléctrico instantáneo de paso,Nuevo,Cada año,
26335,1,1,2,0,1,10,4,De gas de rápida recuperación,Nuevo,No le da mantenimiento,
26336,1,1,1,1,2,99,2,De gas con deposito,Usado,Cada año,De 38 a 40 litros (hasta 2 personas)
26340,1,1,2,0,1,6,4,De gas de rápida recuperación,Nuevo,No le da mantenimiento,
26341,1,1,1,9,2,99,4,De gas con deposito,Usado,No le da mantenimiento,No sabe
26345,1,1,1,9,2,99,4,De gas con deposito,Usado,No le da mantenimiento,No sabe
26346,1,1,3,0,1,8,2,De gas instantáneo de paso,Nuevo,Cada año,
26348,1,1,1,1,1,30,1,De gas con deposito,Nuevo,Cada 6 meses,De 38 a 40 litros (hasta 2 personas)
26349,1,1,1,3,1,1,2,De gas con deposito,Nuevo,Cada año,De 70 a 80 litros (hasta 4 personas)
26350,1,1,1,2,1,8,3,De gas con deposito,Nuevo,Cada 2 años,De 50 a 60 litros (hasta 3 personas)
26351,1,1,1,9,1,10,2,De gas con deposito,Nuevo,Cada año,No sabe
26352,1,1,1,1,1,5,4,De gas con deposito,Nuevo,No le da mantenimiento,De 38 a 40 litros (hasta 2 personas)
26354,1,1,1,9,1,6,1,De gas con deposito,Nuevo,Cada 6 meses,No sabe
26356,1,1,1,9,1,3,3,De gas con deposito,Nuevo,Cada 2 años,No sabe
26357,1,1,2,0,1,3,1,De gas de rápida recuperación,Nuevo,Cada 6 meses,
26360,1,1,1,9,2,99,1,De gas con deposito,Usado,Cada 6 meses,No sabe
26365,1,1,5,1,1,4,1,Eléctrico con depósito,Nuevo,Cada 6 meses,De 38 a 40 litros (hasta 2 personas)
26366,1,1,1,2,2,99,1,De gas con deposito,Usado,Cada 6 meses,De 50 a 60 litros (hasta 3 personas)
26380,1,1,1,9,1,5,1,De gas con deposito,Nuevo,Cada 6 meses,No sabe
26380,1,2,7,9,1,5,1,Solar,Nuevo,Cada 6 meses,No sabe
26383,1,1,2,0,1,1,4,De gas de rápida recuperación,Nuevo,No le da mantenimiento,
26384,1,1,3,0,1,14,1,De gas instantáneo de paso,Nuevo,Cada 6 meses,
26385,1,1,1,1,1,13,4,De gas con deposito,Nuevo,No le da mantenimiento,De 38 a 40 litros (hasta 2 personas)
26386,1,1,1,1,2,12,4,De gas con deposito,Usado,No le da mantenimiento,De 38 a 40 litros (hasta 2 personas)
26387,1,1,3,0,1,2,2,De gas instantáneo de paso,Nuevo,Cada año,
26390,1,1,1,2,1,2,1,De gas con deposito,Nuevo,Cada 6 meses,De 50 a 60 litros (hasta 3 personas)
26391,1,1,1,1,1,15,2,De gas con deposito,Nuevo,Cada año,De 38 a 40 litros (hasta 2 personas)
26394,1,1,1,9,1,20,4,De gas con deposito,Nuevo,No le da mantenimiento,No sabe
26396,1,1,2,0,1,3,1,De gas de rápida recuperación,Nuevo,Cada 6 meses,
26397,1,1,1,1,2,99,2,De gas con deposito,Usado,Cada año,De 38 a 40 litros (hasta 2 personas)
26403,1,1,1,9,1,25,2,De gas con deposito,Nuevo,Cada año,No sabe
26407,1,1,3,0,1,1,2,De gas instantáneo de paso,Nuevo,Cada año,
26409,1,1,1,9,1,1,4,De gas con deposito,Nuevo,No le da mantenimiento,No sabe
26430,1,1,1,1,1,20,4,De gas con deposito,Nuevo,No le da mantenimiento,De 38 a 40 litros (hasta 2 personas)
26431,1,1,2,0,1,12,2,De gas de rápida recuperación,Nuevo,Cada año,
26436,1,1,1,3,1,2,1,De gas con deposito,Nuevo,Cada 6 meses,De 70 a 80 litros (hasta 4 personas)
26451,1,1,1,1,1,14,2,De gas con deposito,Nuevo,Cada año,De 38 a 40 litros (hasta 2 personas)
26452,1,1,1,1,1,3,4,De gas con deposito,Nuevo,No le da mantenimiento,De 38 a 40 litros (hasta 2 personas)
26459,1,1,1,9,1,3,4,De gas con deposito,Nuevo,No le da mantenimiento,No sabe
26504,1,1,4,0,1,2,1,Eléctrico instantáneo de paso,Nuevo,Cada 6 meses,
26506,1,1,1,1,1,5,2,De gas con deposito,Nuevo,Cada año,De 38 a 40 litros (hasta 2 personas)
26519,1,1,1,9,1,7,2,De gas con deposito,Nuevo,Cada año,No sabe
26522,1,1,1,1,1,16,3,De gas con deposito,Nuevo,Cada 2 años,De 38 a 40 litros (hasta 2 personas)
26543,1,1,1,9,1,6,4,De gas con deposito,Nuevo,No le da mantenimiento,No sabe
26562,1,1,2,0,1,10,1,De gas de rápida recuperación,Nuevo,Cada 6 meses,
26596,1,1,1,9,1,3,2,De gas con deposito,Nuevo,Cada año,No sabe
26598,1,1,1,1,2,44,4,De gas con deposito,Usado,No le da mantenimiento,De 38 a 40 litros (hasta 2 personas)
26599,1,1,1,9,1,15,4,De gas con deposito,Nuevo,No le da mantenimiento,No sabe
26616,1,1,2,0,1,1,4,De gas de rápida recuperación,Nuevo,No le da mantenimiento,
26619,1,1,1,9,2,8,2,De gas con deposito,Usado,Cada año,No sabe
26622,1,1,1,1,1,3,2,De gas con deposito,Nuevo,Cada año,De 38 a 40 litros (hasta 2 personas)
26624,1,1,1,2,1,15,1,De gas con deposito,Nuevo,Cada 6 meses,De 50 a 60 litros (hasta 3 personas)
26626,1,1,2,0,1,1,1,De gas de rápida recuperación,Nuevo,Cada 6 meses,
26627,1,1,2,0,1,10,1,De gas de rápida recuperación,Nuevo,Cada 6 meses,
26631,1,1,3,0,1,2,4,De gas instantáneo de paso,Nuevo,No le da mantenimiento,
26633,1,1,2,0,1,6,4,De gas de rápida recuperación,Nuevo,No le da mantenimiento,
26646,1,1,4,0,1,1,4,Eléctrico instantáneo de paso,Nuevo,No le da mantenimiento,
26647,1,1,1,1,1,5,4,De gas con deposito,Nuevo,No le da mantenimiento,De 38 a 40 litros (hasta 2 personas)
26651,1,1,1,9,1,4,2,De gas con deposito,Nuevo,Cada año,No sabe
26652,1,1,1,9,1,10,1,De gas con deposito,Nuevo,Cada 6 meses,No sabe
26679,1,1,1,1,1,3,1,De gas con deposito,Nuevo,Cada 6 meses,De 38 a 40 litros (hasta 2 personas)
26687,1,1,1,1,1,12,3,De gas con deposito,Nuevo,Cada 2 años,De 38 a 40 litros (hasta 2 personas)
26721,1,1,1,1,1,2,1,De gas con deposito,Nuevo,Cada 6 meses,De 38 a 40 litros (hasta 2 personas)
26757,1,1,1,2,1,3,2,De gas con deposito,Nuevo,Cada año,De 50 a 60 litros (hasta 3 personas)
26758,1,1,1,1,1,10,2,De gas con deposito,Nuevo,Cada año,De 38 a 40 litros (hasta 2 personas)
26803,1,1,1,1,1,1,4,De gas con deposito,Nuevo,No le da mantenimiento,De 38 a 40 litros (hasta 2 personas)
26812,1,1,2,0,1,10,4,De gas de rápida recuperación,Nuevo,No le da mantenimiento,
26825,1,1,1,9,1,8,4,De gas con deposito,Nuevo,No le da mantenimiento,No sabe
26861,1,1,5,1,1,12,1,Eléctrico con depósito,Nuevo,Cada 6 meses,De 38 a 40 litros (hasta 2 personas)
26874,1,1,5,2,2,2,3,Eléctrico con depósito,Usado,Cada 2 años,De 50 a 60 litros (hasta 3 personas)
26952,1,1,1,1,1,1,1,De gas con deposito,Nuevo,Cada 6 meses,De 38 a 40 litros (hasta 2 personas)
26960,1,1,3,0,1,1,1,De gas instantáneo de paso,Nuevo,Cada 6 meses,
26969,1,1,1,9,1,10,4,De gas con deposito,Nuevo,No le da mantenimiento,No sabe
27116,1,1,1,2,1,4,4,De gas con deposito,Nuevo,No le da mantenimiento,De 50 a 60 litros (hasta 3 personas)
27117,1,1,7,3,1,1,4,Solar,Nuevo,No le da mantenimiento,De 70 a 80 litros (hasta 4 personas)
27118,1,1,5,1,1,4,2,Eléctrico con depósito,Nuevo,Cada año,De 38 a 40 litros (hasta 2 personas)
27125,1,1,3,0,1,1,4,De gas instantáneo de paso,Nuevo,No le da mantenimiento,
27126,1,1,5,1,1,4,4,Eléctrico con depósito,Nuevo,No le da mantenimiento,De 38 a 40 litros (hasta 2 personas)
27127,1,1,1,1,1,5,1,De gas con deposito,Nuevo,Cada 6 meses,De 38 a 40 litros (hasta 2 personas)
27128,1,1,5,9,1,4,2,Eléctrico con depósito,Nuevo,Cada año,No sabe
27130,1,1,5,9,1,99,4,Eléctrico con depósito,Nuevo,No le da mantenimiento,No sabe
27131,1,1,1,1,2,10,2,De gas con deposito,Usado,Cada año,De 38 a 40 litros (hasta 2 personas)
27132,1,1,1,1,1,2,2,De gas con deposito,Nuevo,Cada año,De 38 a 40 litros (hasta 2 personas)
27155,1,1,1,1,1,3,4,De gas con deposito,Nuevo,No le da mantenimiento,De 38 a 40 litros (hasta 2 personas)
27158,1,1,1,1,1,3,4,De gas con deposito,Nuevo,No le da mantenimiento,De 38 a 40 litros (hasta 2 personas)
27159,1,1,4,0,1,5,4,Eléctrico instantáneo de paso,Nuevo,No le da mantenimiento,
27164,1,1,5,9,1,8,2,Eléctrico con depósito,Nuevo,Cada año,No sabe
27165,1,1,1,2,1,7,2,De gas con deposito,Nuevo,Cada año,De 50 a 60 litros (hasta 3 personas)
27167,1,1,1,1,1,10,1,De gas con deposito,Nuevo,Cada 6 meses,De 38 a 40 litros (hasta 2 personas)
27168,1,1,1,1,2,5,2,De gas con deposito,Usado,Cada año,De 38 a 40 litros (hasta 2 personas)
27172,1,1,1,1,1,3,1,De gas con deposito,Nuevo,Cada 6 meses,De 38 a 40 litros (hasta 2 personas)
27178,1,1,1,9,1,10,2,De gas con deposito,Nuevo,Cada año,No sabe
27191,1,1,1,9,1,1,4,De gas con deposito,Nuevo,No le da mantenimiento,No sabe
27197,1,1,1,2,1,20,4,De gas con deposito,Nuevo,No le da mantenimiento,De 50 a 60 litros (hasta 3 personas)
27198,1,1,1,9,1,13,4,De gas con deposito,Nuevo,No le da mantenimiento,No sabe
27199,1,1,5,9,1,1,4,Eléctrico con depósito,Nuevo,No le da mantenimiento,No sabe
27200,1,1,5,1,1,3,2,Eléctrico con depósito,Nuevo,Cada año,De 38 a 40 litros (hasta 2 personas)
27201,1,1,1,1,1,4,1,De gas con deposito,Nuevo,Cada 6 meses,De 38 a 40 litros (hasta 2 personas)
27203,1,1,5,9,2,1,4,Eléctrico con depósito,Usado,No le da mantenimiento,No sabe
27204,1,1,4,0,1,5,4,Eléctrico instantáneo de paso,Nuevo,No le da mantenimiento,
27205,1,1,1,1,1,5,4,De gas con deposito,Nuevo,No le da mantenimiento,De 38 a 40 litros (hasta 2 personas)
27206,1,1,5,1,2,2,1,Eléctrico con depósito,Usado,Cada 6 meses,De 38 a 40 litros (hasta 2 personas)
27209,1,1,1,1,1,7,4,De gas con deposito,Nuevo,No le da mantenimiento,De 38 a 40 litros (hasta 2 personas)
27210,1,1,1,9,2,99,1,De gas con deposito,Usado,Cada 6 meses,No sabe
27211,1,1,1,9,1,2,4,De gas con deposito,Nuevo,No le da mantenimiento,No sabe
27214,1,1,1,2,1,3,4,De gas con deposito,Nuevo,No le da mantenimiento,De 50 a 60 litros (hasta 3 personas)
27215,1,1,1,1,1,1,2,De gas con deposito,Nuevo,Cada año,De 38 a 40 litros (hasta 2 personas)
27219,1,1,1,1,1,2,1,De gas con deposito,Nuevo,Cada 6 meses,De 38 a 40 litros (hasta 2 personas)
27220,1,1,1,1,1,2,1,De gas con deposito,Nuevo,Cada 6 meses,De 38 a 40 litros (hasta 2 personas)
27222,1,1,1,1,1,6,4,De gas con deposito,Nuevo,No le da mantenimiento,De 38 a 40 litros (hasta 2 personas)
27225,1,1,4,0,1,2,2,Eléctrico instantáneo de paso,Nuevo,Cada año,
27226,1,1,2,0,1,3,2,De gas de rápida recuperación,Nuevo,Cada año,
27228,1,1,1,9,1,8,2,De gas con deposito,Nuevo,Cada año,No sabe
27229,1,1,2,0,1,3,2,De gas de rápida recuperación,Nuevo,Cada año,
27230,1,1,1,1,1,1,4,De gas con deposito,Nuevo,No le da mantenimiento,De 38 a 40 litros (hasta 2 personas)
27233,1,1,1,9,1,2,2,De gas con deposito,Nuevo,Cada año,No sabe
27234,1,1,1,1,1,1,4,De gas con deposito,Nuevo,No le da mantenimiento,De 38 a 40 litros (hasta 2 personas)
27239,1,1,5,1,1,1,4,Eléctrico con depósito,Nuevo,No le da mantenimiento,De 38 a 40 litros (hasta 2 personas)
27257,1,1,2,0,1,3,2,De gas de rápida recuperación,Nuevo,Cada año,
27262,1,1,5,1,1,8,4,Eléctrico con depósito,Nuevo,No le da mantenimiento,De 38 a 40 litros (hasta 2 personas)
27263,1,1,5,1,1,4,4,Eléctrico con depósito,Nuevo,No le da mantenimiento,De 38 a 40 litros (hasta 2 personas)
27265,1,1,1,1,1,14,4,De gas con deposito,Nuevo,No le da mantenimiento,De 38 a 40 litros (hasta 2 personas)
27267,1,1,5,1,1,10,1,Eléctrico con depósito,Nuevo,Cada 6 meses,De 38 a 40 litros (hasta 2 personas)
27272,1,1,4,0,1,10,1,Eléctrico instantáneo de paso,Nuevo,Cada 6 meses,
27277,1,1,4,0,1,1,4,Eléctrico instantáneo de paso,Nuevo,No le da mantenimiento,
27287,1,1,1,1,1,5,2,De gas con deposito,Nuevo,Cada año,De 38 a 40 litros (hasta 2 personas)
27290,1,1,1,9,1,6,2,De gas con deposito,Nuevo,Cada año,No sabe
27296,1,1,5,1,1,4,1,Eléctrico con depósito,Nuevo,Cada 6 meses,De 38 a 40 litros (hasta 2 personas)
27302,1,1,5,1,1,1,1,Eléctrico con depósito,Nuevo,Cada 6 meses,De 38 a 40 litros (hasta 2 personas)
27305,1,1,5,1,1,6,4,Eléctrico con depósito,Nuevo,No le da mantenimiento,De 38 a 40 litros (hasta 2 personas)
27307,1,1,1,1,1,10,1,De gas con deposito,Nuevo,Cada 6 meses,De 38 a 40 litros (hasta 2 personas)
27308,1,1,1,1,1,4,3,De gas con deposito,Nuevo,Cada 2 años,De 38 a 40 litros (hasta 2 personas)
27309,1,1,1,9,2,4,1,De gas con deposito,Usado,Cada 6 meses,No sabe
27311,1,1,5,1,1,3,2,Eléctrico con depósito,Nuevo,Cada año,De 38 a 40 litros (hasta 2 personas)
27312,1,1,2,0,2,1,4,De gas de rápida recuperación,Usado,No le da mantenimiento,
27315,1,1,7,9,1,1,4,Solar,Nuevo,No le da mantenimiento,No sabe
27320,1,1,7,9,1,1,4,Solar,Nuevo,No le da mantenimiento,No sabe
27322,1,1,5,1,1,1,4,Eléctrico con depósito,Nuevo,No le da mantenimiento,De 38 a 40 litros (hasta 2 personas)
27323,1,1,1,1,1,8,1,De gas con deposito,Nuevo,Cada 6 meses,De 38 a 40 litros (hasta 2 personas)
27328,1,1,1,1,2,99,4,De gas con deposito,Usado,No le da mantenimiento,De 38 a 40 litros (hasta 2 personas)
27330,1,1,5,9,1,1,4,Eléctrico con depósito,Nuevo,No le da mantenimiento,No sabe
27337,1,1,2,0,1,10,1,De gas de rápida recuperación,Nuevo,Cada 6 meses,
27342,1,1,1,1,1,3,4,De gas con deposito,Nuevo,No le da mantenimiento,De 38 a 40 litros (hasta 2 personas)
27343,1,1,1,1,1,99,2,De gas con deposito,Nuevo,Cada año,De 38 a 40 litros (hasta 2 personas)
27344,1,1,5,1,1,2,4,Eléctrico con depósito,Nuevo,No le da mantenimiento,De 38 a 40 litros (hasta 2 personas)
27345,1,1,1,1,1,3,4,De gas con deposito,Nuevo,No le da mantenimiento,De 38 a 40 litros (hasta 2 personas)
27363,1,1,3,0,1,7,2,De gas instantáneo de paso,Nuevo,Cada año,
27366,1,1,1,1,1,4,1,De gas con deposito,Nuevo,Cada 6 meses,De 38 a 40 litros (hasta 2 personas)
27372,1,1,5,1,1,4,2,Eléctrico con depósito,Nuevo,Cada año,De 38 a 40 litros (hasta 2 personas)
27373,1,1,3,0,1,2,4,De gas instantáneo de paso,Nuevo,No le da mantenimiento,
27375,1,1,1,1,1,2,4,De gas con deposito,Nuevo,No le da mantenimiento,De 38 a 40 litros (hasta 2 personas)
27376,1,1,1,9,1,1,4,De gas con deposito,Nuevo,No le da mantenimiento,No sabe
27377,1,1,5,1,1,2,1,Eléctrico con depósito,Nuevo,Cada 6 meses,De 38 a 40 litros (hasta 2 personas)
27378,1,1,3,0,1,3,2,De gas instantáneo de paso,Nuevo,Cada año,
27379,1,1,1,9,1,5,4,De gas con deposito,Nuevo,No le da mantenimiento,No sabe
27380,1,1,1,9,1,99,1,De gas con deposito,Nuevo,Cada 6 meses,No sabe
27381,1,1,5,9,1,2,1,Eléctrico con depósito,Nuevo,Cada 6 meses,No sabe
27382,1,1,1,1,1,2,1,De gas con deposito,Nuevo,Cada 6 meses,De 38 a 40 litros (hasta 2 personas)
27384,1,1,1,1,1,8,4,De gas con deposito,Nuevo,No le da mantenimiento,De 38 a 40 litros (hasta 2 personas)
27385,1,1,5,1,1,4,2,Eléctrico con depósito,Nuevo,Cada año,De 38 a 40 litros (hasta 2 personas)
27391,1,1,4,0,1,3,4,Eléctrico instantáneo de paso,Nuevo,No le da mantenimiento,
27392,1,1,5,1,1,4,1,Eléctrico con depósito,Nuevo,Cada 6 meses,De 38 a 40 litros (hasta 2 personas)
27394,1,1,5,1,1,2,4,Eléctrico con depósito,Nuevo,No le da mantenimiento,De 38 a 40 litros (hasta 2 personas)
27395,1,1,1,1,1,6,4,De gas con deposito,Nuevo,No le da mantenimiento,De 38 a 40 litros (hasta 2 personas)
27400,1,1,1,1,1,2,1,De gas con deposito,Nuevo,Cada 6 meses,De 38 a 40 litros (hasta 2 personas)
27401,1,1,1,9,1,1,4,De gas con deposito,Nuevo,No le da mantenimiento,No sabe
27403,1,1,2,0,1,10,2,De gas de rápida recuperación,Nuevo,Cada año,
27407,1,1,1,1,1,2,2,De gas con deposito,Nuevo,Cada año,De 38 a 40 litros (hasta 2 personas)
27411,1,1,1,2,1,1,1,De gas con deposito,Nuevo,Cada 6 meses,De 50 a 60 litros (hasta 3 personas)
27412,1,1,2,0,2,1,4,De gas de rápida recuperación,Usado,No le da mantenimiento,
27414,1,1,1,9,1,5,1,De gas con deposito,Nuevo,Cada 6 meses,No sabe
27416,1,1,1,1,1,4,2,De gas con deposito,Nuevo,Cada año,De 38 a 40 litros (hasta 2 personas)
27417,1,1,1,1,1,2,1,De gas con deposito,Nuevo,Cada 6 meses,De 38 a 40 litros (hasta 2 personas)
27418,1,1,1,1,1,6,4,De gas con deposito,Nuevo,No le da mantenimiento,De 38 a 40 litros (hasta 2 personas)
27419,1,1,1,1,1,4,4,De gas con deposito,Nuevo,No le da mantenimiento,De 38 a 40 litros (hasta 2 personas)
27428,1,1,1,1,1,5,4,De gas con deposito,Nuevo,No le da mantenimiento,De 38 a 40 litros (hasta 2 personas)
27440,1,1,1,1,1,7,1,De gas con deposito,Nuevo,Cada 6 meses,De 38 a 40 litros (hasta 2 personas)
27442,1,1,1,9,1,5,1,De gas con deposito,Nuevo,Cada 6 meses,No sabe
27443,1,1,1,1,1,2,4,De gas con deposito,Nuevo,No le da mantenimiento,De 38 a 40 litros (hasta 2 personas)
27444,1,1,3,0,1,2,2,De gas instantáneo de paso,Nuevo,Cada año,
27445,1,1,1,9,1,4,1,De gas con deposito,Nuevo,Cada 6 meses,No sabe
27450,1,1,1,1,1,5,2,De gas con deposito,Nuevo,Cada año,De 38 a 40 litros (hasta 2 personas)
27452,1,1,1,1,1,4,4,De gas con deposito,Nuevo,No le da mantenimiento,De 38 a 40 litros (hasta 2 personas)
27453,1,1,1,1,1,1,4,De gas con deposito,Nuevo,No le da mantenimiento,De 38 a 40 litros (hasta 2 personas)
27457,1,1,1,1,1,4,1,De gas con deposito,Nuevo,Cada 6 meses,De 38 a 40 litros (hasta 2 personas)
27458,1,1,2,0,1,8,2,De gas de rápida recuperación,Nuevo,Cada año,
27459,1,1,4,0,1,2,4,Eléctrico instantáneo de paso,Nuevo,No le da mantenimiento,
27473,1,1,4,0,1,6,2,Eléctrico instantáneo de paso,Nuevo,Cada año,
27478,1,1,1,1,1,3,4,De gas con deposito,Nuevo,No le da mantenimiento,De 38 a 40 litros (hasta 2 personas)
27479,1,1,1,9,1,11,2,De gas con deposito,Nuevo,Cada año,No sabe
27480,1,1,1,1,1,5,4,De gas con deposito,Nuevo,No le da mantenimiento,De 38 a 40 litros (hasta 2 personas)
27481,1,1,1,1,1,3,4,De gas con deposito,Nuevo,No le da mantenimiento,De 38 a 40 litros (hasta 2 personas)
27482,1,1,1,1,1,8,1,De gas con deposito,Nuevo,Cada 6 meses,De 38 a 40 litros (hasta 2 personas)
27483,1,1,1,1,1,7,2,De gas con deposito,Nuevo,Cada año,De 38 a 40 litros (hasta 2 personas)
27489,1,1,5,1,2,2,4,Eléctrico con depósito,Usado,No le da mantenimiento,De 38 a 40 litros (hasta 2 personas)
27493,1,1,1,1,1,1,4,De gas con deposito,Nuevo,No le da mantenimiento,De 38 a 40 litros (hasta 2 personas)
27497,1,1,4,0,1,1,4,Eléctrico instantáneo de paso,Nuevo,No le da mantenimiento,
27513,1,1,4,0,1,2,2,Eléctrico instantáneo de paso,Nuevo,Cada año,
27517,1,1,3,0,1,5,2,De gas instantáneo de paso,Nuevo,Cada año,
27541,1,1,3,0,1,1,4,De gas instantáneo de paso,Nuevo,No le da mantenimiento,
27557,1,1,5,1,1,12,4,Eléctrico con depósito,Nuevo,No le da mantenimiento,De 38 a 40 litros (hasta 2 personas)
27561,1,1,5,1,1,2,4,Eléctrico con depósito,Nuevo,No le da mantenimiento,De 38 a 40 litros (hasta 2 personas)
27564,1,1,4,0,1,2,1,Eléctrico instantáneo de paso,Nuevo,Cada 6 meses,
27568,1,1,5,1,1,2,4,Eléctrico con depósito,Nuevo,No le da mantenimiento,De 38 a 40 litros (hasta 2 personas)
27569,1,1,4,0,1,1,1,Eléctrico instantáneo de paso,Nuevo,Cada 6 meses,
27593,1,1,1,1,1,1,1,De gas con deposito,Nuevo,Cada 6 meses,De 38 a 40 litros (hasta 2 personas)
27595,1,1,1,1,1,1,4,De gas con deposito,Nuevo,No le da mantenimiento,De 38 a 40 litros (hasta 2 personas)
27596,1,1,1,1,1,5,4,De gas con deposito,Nuevo,No le da mantenimiento,De 38 a 40 litros (hasta 2 personas)
27599,1,1,5,1,1,12,4,Eléctrico con depósito,Nuevo,No le da mantenimiento,De 38 a 40 litros (hasta 2 personas)
27602,1,1,5,1,1,6,4,Eléctrico con depósito,Nuevo,No le da mantenimiento,De 38 a 40 litros (hasta 2 personas)
27605,1,1,1,1,1,3,4,De gas con deposito,Nuevo,No le da mantenimiento,De 38 a 40 litros (hasta 2 personas)
27607,1,1,1,1,1,3,1,De gas con deposito,Nuevo,Cada 6 meses,De 38 a 40 litros (hasta 2 personas)
27609,1,1,1,1,1,3,2,De gas con deposito,Nuevo,Cada año,De 38 a 40 litros (hasta 2 personas)
27620,1,1,5,1,1,3,2,Eléctrico con depósito,Nuevo,Cada año,De 38 a 40 litros (hasta 2 personas)
27621,1,1,1,2,1,1,4,De gas con deposito,Nuevo,No le da mantenimiento,De 50 a 60 litros (hasta 3 personas)
27657,1,1,5,1,1,2,1,Eléctrico con depósito,Nuevo,Cada 6 meses,De 38 a 40 litros (hasta 2 personas)
27667,1,1,5,9,1,1,1,Eléctrico con depósito,Nuevo,Cada 6 meses,No sabe
27732,1,1,1,1,1,3,2,De gas con deposito,Nuevo,Cada año,De 38 a 40 litros (hasta 2 personas)
27737,1,1,7,6,1,1,1,Solar,Nuevo,Cada 6 meses,Más de 140 litros (más de 7 personas)
27834,1,1,1,1,1,15,4,De gas con deposito,Nuevo,No le da mantenimiento,De 38 a 40 litros (hasta 2 personas)
27845,1,1,5,1,1,10,2,Eléctrico con depósito,Nuevo,Cada año,De 38 a 40 litros (hasta 2 personas)
27868,1,1,5,1,1,4,1,Eléctrico con depósito,Nuevo,Cada 6 meses,De 38 a 40 litros (hasta 2 personas)
27904,1,1,5,3,2,1,4,Eléctrico con depósito,Usado,No le da mantenimiento,De 70 a 80 litros (hasta 4 personas)
28022,1,1,1,4,1,10,2,De gas con deposito,Nuevo,Cada año,De 90 a 110 litros (hasta 6 personas)
28023,1,1,1,1,1,8,1,De gas con deposito,Nuevo,Cada 6 meses,De 38 a 40 litros (hasta 2 personas)
28024,1,1,1,2,1,2,1,De gas con deposito,Nuevo,Cada 6 meses,De 50 a 60 litros (hasta 3 personas)
28025,1,1,2,0,1,1,4,De gas de rápida recuperación,Nuevo,No le da mantenimiento,
28025,1,2,7,4,1,1,4,Solar,Nuevo,No le da mantenimiento,De 90 a 110 litros (hasta 6 personas)
28026,1,2,7,3,1,1,4,Solar,Nuevo,No le da mantenimiento,De 70 a 80 litros (hasta 4 personas)
28026,1,1,1,2,2,20,1,De gas con deposito,Usado,Cada 6 meses,De 50 a 60 litros (hasta 3 personas)
28027,1,1,1,3,1,10,4,De gas con deposito,Nuevo,No le da mantenimiento,De 70 a 80 litros (hasta 4 personas)
28028,1,1,1,1,1,4,3,De gas con deposito,Nuevo,Cada 2 años,De 38 a 40 litros (hasta 2 personas)
28029,1,1,1,3,2,99,1,De gas con deposito,Usado,Cada 6 meses,De 70 a 80 litros (hasta 4 personas)
28030,1,1,7,9,2,99,4,Solar,Usado,No le da mantenimiento,No sabe
28031,1,1,2,0,1,10,2,De gas de rápida recuperación,Nuevo,Cada año,
28033,1,1,1,1,1,99,1,De gas con deposito,Nuevo,Cada 6 meses,De 38 a 40 litros (hasta 2 personas)
28034,1,1,7,3,1,1,4,Solar,Nuevo,No le da mantenimiento,De 70 a 80 litros (hasta 4 personas)
28036,1,1,6,3,2,1,4,De leña,Usado,No le da mantenimiento,De 70 a 80 litros (hasta 4 personas)
28037,1,1,1,9,2,99,4,De gas con deposito,Usado,No le da mantenimiento,No sabe
28039,1,1,1,2,1,20,4,De gas con deposito,Nuevo,No le da mantenimiento,De 50 a 60 litros (hasta 3 personas)
28040,1,1,7,4,1,5,4,Solar,Nuevo,No le da mantenimiento,De 90 a 110 litros (hasta 6 personas)
28041,1,1,7,6,1,3,4,Solar,Nuevo,No le da mantenimiento,Más de 140 litros (más de 7 personas)
28043,1,1,7,2,1,1,4,Solar,Nuevo,No le da mantenimiento,De 50 a 60 litros (hasta 3 personas)
28043,1,2,3,0,1,1,4,De gas instantáneo de paso,Nuevo,No le da mantenimiento,
28044,1,1,1,3,1,10,2,De gas con deposito,Nuevo,Cada año,De 70 a 80 litros (hasta 4 personas)
28045,1,1,1,1,2,99,3,De gas con deposito,Usado,Cada 2 años,De 38 a 40 litros (hasta 2 personas)
28047,1,1,1,2,1,20,4,De gas con deposito,Nuevo,No le da mantenimiento,De 50 a 60 litros (hasta 3 personas)
28048,1,1,1,1,1,15,4,De gas con deposito,Nuevo,No le da mantenimiento,De 38 a 40 litros (hasta 2 personas)
28049,1,1,7,4,1,1,4,Solar,Nuevo,No le da mantenimiento,De 90 a 110 litros (hasta 6 personas)
28052,1,2,2,0,1,1,1,De gas de rápida recuperación,Nuevo,Cada 6 meses,
28052,1,1,7,6,1,1,1,Solar,Nuevo,Cada 6 meses,Más de 140 litros (más de 7 personas)
28053,1,1,7,2,1,4,2,Solar,Nuevo,Cada año,De 50 a 60 litros (hasta 3 personas)
28054,1,1,1,1,1,8,2,De gas con deposito,Nuevo,Cada año,De 38 a 40 litros (hasta 2 personas)
28055,1,1,7,3,1,10,4,Solar,Nuevo,No le da mantenimiento,De 70 a 80 litros (hasta 4 personas)
28056,1,1,2,0,1,5,3,De gas de rápida recuperación,Nuevo,Cada 2 años,
28057,1,1,1,1,1,99,4,De gas con deposito,Nuevo,No le da mantenimiento,De 38 a 40 litros (hasta 2 personas)
28058,1,1,7,4,1,2,4,Solar,Nuevo,No le da mantenimiento,De 90 a 110 litros (hasta 6 personas)
28059,1,1,2,0,1,15,4,De gas de rápida recuperación,Nuevo,No le da mantenimiento,
28060,1,1,1,3,1,10,1,De gas con deposito,Nuevo,Cada 6 meses,De 70 a 80 litros (hasta 4 personas)
28061,1,1,1,3,1,20,4,De gas con deposito,Nuevo,No le da mantenimiento,De 70 a 80 litros (hasta 4 personas)
28062,1,1,1,2,2,5,4,De gas con deposito,Usado,No le da mantenimiento,De 50 a 60 litros (hasta 3 personas)
28063,1,1,6,3,2,15,4,De leña,Usado,No le da mantenimiento,De 70 a 80 litros (hasta 4 personas)
28064,1,1,1,2,1,99,4,De gas con deposito,Nuevo,No le da mantenimiento,De 50 a 60 litros (hasta 3 personas)
28065,1,1,1,1,2,99,4,De gas con deposito,Usado,No le da mantenimiento,De 38 a 40 litros (hasta 2 personas)
28066,1,1,1,1,2,99,4,De gas con deposito,Usado,No le da mantenimiento,De 38 a 40 litros (hasta 2 personas)
28067,1,1,1,1,1,1,1,De gas con deposito,Nuevo,Cada 6 meses,De 38 a 40 litros (hasta 2 personas)
28068,1,1,1,1,1,1,4,De gas con deposito,Nuevo,No le da mantenimiento,De 38 a 40 litros (hasta 2 personas)
28068,1,2,7,2,1,1,4,Solar,Nuevo,No le da mantenimiento,De 50 a 60 litros (hasta 3 personas)
28069,1,1,7,2,1,99,4,Solar,Nuevo,No le da mantenimiento,De 50 a 60 litros (hasta 3 personas)
28070,1,1,6,1,1,8,3,De leña,Nuevo,Cada 2 años,De 38 a 40 litros (hasta 2 personas)
28071,1,1,6,9,2,12,4,De leña,Usado,No le da mantenimiento,No sabe
28073,1,1,8,1,1,20,4,Otro tipo de calentador (especificar),Nuevo,No le da mantenimiento,De 38 a 40 litros (hasta 2 personas)
28074,1,1,7,4,1,2,2,Solar,Nuevo,Cada año,De 90 a 110 litros (hasta 6 personas)
28075,1,1,2,0,2,7,4,De gas de rápida recuperación,Usado,No le da mantenimiento,
28076,1,1,2,0,1,1,4,De gas de rápida recuperación,Nuevo,No le da mantenimiento,
28077,1,1,7,9,2,1,4,Solar,Usado,No le da mantenimiento,No sabe
28078,1,1,2,0,1,8,4,De gas de rápida recuperación,Nuevo,No le da mantenimiento,
28079,1,1,1,9,1,3,4,De gas con deposito,Nuevo,No le da mantenimiento,No sabe
28080,1,1,1,2,2,99,4,De gas con deposito,Usado,No le da mantenimiento,De 50 a 60 litros (hasta 3 personas)
28082,1,1,3,0,1,10,4,De gas instantáneo de paso,Nuevo,No le da mantenimiento,
28083,1,1,2,0,1,99,4,De gas de rápida recuperación,Nuevo,No le da mantenimiento,
28084,1,1,1,1,1,12,1,De gas con deposito,Nuevo,Cada 6 meses,De 38 a 40 litros (hasta 2 personas)
28085,1,1,1,1,1,15,4,De gas con deposito,Nuevo,No le da mantenimiento,De 38 a 40 litros (hasta 2 personas)
28086,1,1,7,2,1,1,4,Solar,Nuevo,No le da mantenimiento,De 50 a 60 litros (hasta 3 personas)
28087,1,1,1,1,2,15,1,De gas con deposito,Usado,Cada 6 meses,De 38 a 40 litros (hasta 2 personas)
28089,1,1,6,1,2,99,4,De leña,Usado,No le da mantenimiento,De 38 a 40 litros (hasta 2 personas)
28090,1,1,7,3,1,1,4,Solar,Nuevo,No le da mantenimiento,De 70 a 80 litros (hasta 4 personas)
28091,1,1,2,0,1,12,1,De gas de rápida recuperación,Nuevo,Cada 6 meses,
28092,1,1,7,4,1,5,4,Solar,Nuevo,No le da mantenimiento,De 90 a 110 litros (hasta 6 personas)
28093,1,1,7,3,1,1,4,Solar,Nuevo,No le da mantenimiento,De 70 a 80 litros (hasta 4 personas)
28093,1,2,1,9,1,9,1,De gas con deposito,Nuevo,Cada 6 meses,No sabe
28095,1,1,2,0,1,10,2,De gas de rápida recuperación,Nuevo,Cada año,
28096,1,1,1,9,1,12,4,De gas con deposito,Nuevo,No le da mantenimiento,No sabe
28097,1,1,1,9,1,4,4,De gas con deposito,Nuevo,No le da mantenimiento,No sabe
28098,1,1,1,2,1,99,1,De gas con deposito,Nuevo,Cada 6 meses,De 50 a 60 litros (hasta 3 personas)
28099,1,1,7,3,2,3,4,Solar,Usado,No le da mantenimiento,De 70 a 80 litros (hasta 4 personas)
28100,1,1,1,1,1,99,4,De gas con deposito,Nuevo,No le da mantenimiento,De 38 a 40 litros (hasta 2 personas)
28100,1,2,1,3,1,99,4,De gas con deposito,Nuevo,No le da mantenimiento,De 70 a 80 litros (hasta 4 personas)
28100,1,3,7,3,1,99,4,Solar,Nuevo,No le da mantenimiento,De 70 a 80 litros (hasta 4 personas)
28101,1,1,1,3,1,15,3,De gas con deposito,Nuevo,Cada 2 años,De 70 a 80 litros (hasta 4 personas)
28102,1,1,1,3,1,22,2,De gas con deposito,Nuevo,Cada año,De 70 a 80 litros (hasta 4 personas)
28103,1,1,1,3,1,27,1,De gas con deposito,Nuevo,Cada 6 meses,De 70 a 80 litros (hasta 4 personas)
28104,1,1,7,3,1,1,4,Solar,Nuevo,No le da mantenimiento,De 70 a 80 litros (hasta 4 personas)
28104,1,2,1,2,1,10,4,De gas con deposito,Nuevo,No le da mantenimiento,De 50 a 60 litros (hasta 3 personas)
28105,1,1,7,3,1,3,1,Solar,Nuevo,Cada 6 meses,De 70 a 80 litros (hasta 4 personas)
28106,1,1,1,4,1,4,2,De gas con deposito,Nuevo,Cada año,De 90 a 110 litros (hasta 6 personas)
28107,1,1,1,2,2,1,4,De gas con deposito,Usado,No le da mantenimiento,De 50 a 60 litros (hasta 3 personas)
28108,1,1,7,5,1,2,4,Solar,Nuevo,No le da mantenimiento,De 120 a 140 litros (hasta 7 personas)
28109,1,2,1,1,1,3,4,De gas con deposito,Nuevo,No le da mantenimiento,De 38 a 40 litros (hasta 2 personas)
28109,1,1,7,2,1,1,4,Solar,Nuevo,No le da mantenimiento,De 50 a 60 litros (hasta 3 personas)
28110,1,1,1,1,1,3,2,De gas con deposito,Nuevo,Cada año,De 38 a 40 litros (hasta 2 personas)
28111,1,1,1,1,1,99,1,De gas con deposito,Nuevo,Cada 6 meses,De 38 a 40 litros (hasta 2 personas)
28112,1,1,2,0,1,7,4,De gas de rápida recuperación,Nuevo,No le da mantenimiento,
28113,1,1,1,1,1,14,1,De gas con deposito,Nuevo,Cada 6 meses,De 38 a 40 litros (hasta 2 personas)
28114,1,1,1,1,1,99,4,De gas con deposito,Nuevo,No le da mantenimiento,De 38 a 40 litros (hasta 2 personas)
28116,1,1,1,1,1,15,3,De gas con deposito,Nuevo,Cada 2 años,De 38 a 40 litros (hasta 2 personas)
28117,1,1,1,1,1,16,2,De gas con deposito,Nuevo,Cada año,De 38 a 40 litros (hasta 2 personas)
28118,1,1,1,1,1,1,1,De gas con deposito,Nuevo,Cada 6 meses,De 38 a 40 litros (hasta 2 personas)
28119,1,1,7,3,1,3,4,Solar,Nuevo,No le da mantenimiento,De 70 a 80 litros (hasta 4 personas)
28120,1,1,1,1,1,4,3,De gas con deposito,Nuevo,Cada 2 años,De 38 a 40 litros (hasta 2 personas)
28121,1,1,2,0,1,10,4,De gas de rápida recuperación,Nuevo,No le da mantenimiento,
28123,1,1,7,3,1,3,1,Solar,Nuevo,Cada 6 meses,De 70 a 80 litros (hasta 4 personas)
28124,1,1,1,1,1,2,4,De gas con deposito,Nuevo,No le da mantenimiento,De 38 a 40 litros (hasta 2 personas)
28125,1,1,7,3,1,1,4,Solar,Nuevo,No le da mantenimiento,De 70 a 80 litros (hasta 4 personas)
28125,1,2,3,0,1,2,1,De gas instantáneo de paso,Nuevo,Cada 6 meses,
28126,1,1,1,3,1,1,2,De gas con deposito,Nuevo,Cada año,De 70 a 80 litros (hasta 4 personas)
28128,1,1,2,0,2,1,4,De gas de rápida recuperación,Usado,No le da mantenimiento,
28129,1,1,7,4,1,1,4,Solar,Nuevo,No le da mantenimiento,De 90 a 110 litros (hasta 6 personas)
28131,1,1,7,3,1,1,4,Solar,Nuevo,No le da mantenimiento,De 70 a 80 litros (hasta 4 personas)
28132,1,1,1,1,1,15,1,De gas con deposito,Nuevo,Cada 6 meses,De 38 a 40 litros (hasta 2 personas)
28133,1,2,2,0,1,17,4,De gas de rápida recuperación,Nuevo,No le da mantenimiento,
28133,1,1,7,3,1,1,4,Solar,Nuevo,No le da mantenimiento,De 70 a 80 litros (hasta 4 personas)
28134,1,1,2,0,1,6,2,De gas de rápida recuperación,Nuevo,Cada año,
28135,1,1,1,2,1,2,1,De gas con deposito,Nuevo,Cada 6 meses,De 50 a 60 litros (hasta 3 personas)
28136,1,1,2,0,1,8,2,De gas de rápida recuperación,Nuevo,Cada año,
28137,1,2,7,3,1,1,4,Solar,Nuevo,No le da mantenimiento,De 70 a 80 litros (hasta 4 personas)
28137,1,1,1,1,1,10,4,De gas con deposito,Nuevo,No le da mantenimiento,De 38 a 40 litros (hasta 2 personas)
28138,1,1,1,1,1,13,4,De gas con deposito,Nuevo,No le da mantenimiento,De 38 a 40 litros (hasta 2 personas)
28139,1,1,1,1,1,2,1,De gas con deposito,Nuevo,Cada 6 meses,De 38 a 40 litros (hasta 2 personas)
28140,1,1,2,0,1,2,2,De gas de rápida recuperación,Nuevo,Cada año,
28141,1,1,1,1,1,99,4,De gas con deposito,Nuevo,No le da mantenimiento,De 38 a 40 litros (hasta 2 personas)
28142,1,1,1,1,1,4,1,De gas con deposito,Nuevo,Cada 6 meses,De 38 a 40 litros (hasta 2 personas)
28143,1,1,7,4,1,2,4,Solar,Nuevo,No le da mantenimiento,De 90 a 110 litros (hasta 6 personas)
28144,1,2,7,4,1,4,2,Solar,Nuevo,Cada año,De 90 a 110 litros (hasta 6 personas)
28144,1,1,3,0,1,3,4,De gas instantáneo de paso,Nuevo,No le da mantenimiento,
28145,1,1,1,1,1,4,1,De gas con deposito,Nuevo,Cada 6 meses,De 38 a 40 litros (hasta 2 personas)
28146,1,1,1,1,1,99,4,De gas con deposito,Nuevo,No le da mantenimiento,De 38 a 40 litros (hasta 2 personas)
28147,1,1,1,1,1,1,1,De gas con deposito,Nuevo,Cada 6 meses,De 38 a 40 litros (hasta 2 personas)
28149,1,1,1,1,2,14,2,De gas con deposito,Usado,Cada año,De 38 a 40 litros (hasta 2 personas)
28150,1,1,2,0,2,4,1,De gas de rápida recuperación,Usado,Cada 6 meses,
28151,1,1,2,0,1,9,1,De gas de rápida recuperación,Nuevo,Cada 6 meses,
28152,1,1,2,0,1,2,4,De gas de rápida recuperación,Nuevo,No le da mantenimiento,
28153,1,1,1,1,1,99,1,De gas con deposito,Nuevo,Cada 6 meses,De 38 a 40 litros (hasta 2 personas)
28154,1,1,3,0,1,1,4,De gas instantáneo de paso,Nuevo,No le da mantenimiento,
28155,1,1,1,1,2,99,2,De gas con deposito,Usado,Cada año,De 38 a 40 litros (hasta 2 personas)
28156,1,2,7,4,1,3,4,Solar,Nuevo,No le da mantenimiento,De 90 a 110 litros (hasta 6 personas)
28156,1,1,2,0,1,5,4,De gas de rápida recuperación,Nuevo,No le da mantenimiento,
28157,1,1,3,0,1,3,2,De gas instantáneo de paso,Nuevo,Cada año,
28157,1,2,7,3,1,3,2,Solar,Nuevo,Cada año,De 70 a 80 litros (hasta 4 personas)
28158,1,1,1,9,1,15,2,De gas con deposito,Nuevo,Cada año,No sabe
28159,1,1,1,6,1,10,1,De gas con deposito,Nuevo,Cada 6 meses,Más de 140 litros (más de 7 personas)
28160,1,1,1,9,1,99,2,De gas con deposito,Nuevo,Cada año,No sabe
28162,1,2,7,4,1,3,4,Solar,Nuevo,No le da mantenimiento,De 90 a 110 litros (hasta 6 personas)
28162,1,1,3,0,1,7,2,De gas instantáneo de paso,Nuevo,Cada año,
28164,1,1,2,0,1,1,4,De gas de rápida recuperación,Nuevo,No le da mantenimiento,
28165,1,1,7,9,1,4,4,Solar,Nuevo,No le da mantenimiento,No sabe
28165,1,2,1,1,1,15,4,De gas con deposito,Nuevo,No le da mantenimiento,De 38 a 40 litros (hasta 2 personas)
28166,1,1,7,3,2,5,4,Solar,Usado,No le da mantenimiento,De 70 a 80 litros (hasta 4 personas)
28167,1,1,1,1,2,99,4,De gas con deposito,Usado,No le da mantenimiento,De 38 a 40 litros (hasta 2 personas)
28168,1,1,7,3,1,3,4,Solar,Nuevo,No le da mantenimiento,De 70 a 80 litros (hasta 4 personas)
28169,1,1,2,0,1,15,2,De gas de rápida recuperación,Nuevo,Cada año,
28170,1,1,7,2,1,3,4,Solar,Nuevo,No le da mantenimiento,De 50 a 60 litros (hasta 3 personas)
28171,1,1,1,1,2,15,4,De gas con deposito,Usado,No le da mantenimiento,De 38 a 40 litros (hasta 2 personas)
28172,1,1,1,1,2,40,4,De gas con deposito,Usado,No le da mantenimiento,De 38 a 40 litros (hasta 2 personas)
28173,1,1,7,3,1,4,3,Solar,Nuevo,Cada 2 años,De 70 a 80 litros (hasta 4 personas)
28174,1,1,1,1,2,99,4,De gas con deposito,Usado,No le da mantenimiento,De 38 a 40 litros (hasta 2 personas)
28175,1,1,1,2,1,15,2,De gas con deposito,Nuevo,Cada año,De 50 a 60 litros (hasta 3 personas)
28176,1,1,5,6,1,5,4,Eléctrico con depósito,Nuevo,No le da mantenimiento,Más de 140 litros (más de 7 personas)
28178,1,1,1,4,1,1,4,De gas con deposito,Nuevo,No le da mantenimiento,De 90 a 110 litros (hasta 6 personas)
28180,1,1,7,2,1,1,4,Solar,Nuevo,No le da mantenimiento,De 50 a 60 litros (hasta 3 personas)
28181,1,1,1,1,1,12,1,De gas con deposito,Nuevo,Cada 6 meses,De 38 a 40 litros (hasta 2 personas)
28183,1,1,7,3,1,5,4,Solar,Nuevo,No le da mantenimiento,De 70 a 80 litros (hasta 4 personas)
28184,1,1,1,1,1,7,2,De gas con deposito,Nuevo,Cada año,De 38 a 40 litros (hasta 2 personas)
28185,1,1,7,3,1,10,4,Solar,Nuevo,No le da mantenimiento,De 70 a 80 litros (hasta 4 personas)
28186,1,1,1,1,2,4,4,De gas con deposito,Usado,No le da mantenimiento,De 38 a 40 litros (hasta 2 personas)
28187,1,1,7,3,1,1,4,Solar,Nuevo,No le da mantenimiento,De 70 a 80 litros (hasta 4 personas)
28188,1,1,7,2,1,5,2,Solar,Nuevo,Cada año,De 50 a 60 litros (hasta 3 personas)
28189,1,1,7,3,1,4,4,Solar,Nuevo,No le da mantenimiento,De 70 a 80 litros (hasta 4 personas)
28190,1,1,3,0,1,7,4,De gas instantáneo de paso,Nuevo,No le da mantenimiento,
28191,1,1,5,1,1,3,4,Eléctrico con depósito,Nuevo,No le da mantenimiento,De 38 a 40 litros (hasta 2 personas)
28192,1,1,2,0,1,10,4,De gas de rápida recuperación,Nuevo,No le da mantenimiento,
28193,1,1,3,0,1,99,3,De gas instantáneo de paso,Nuevo,Cada 2 años,
28194,1,1,1,1,2,18,4,De gas con deposito,Usado,No le da mantenimiento,De 38 a 40 litros (hasta 2 personas)
28195,1,1,7,3,1,1,4,Solar,Nuevo,No le da mantenimiento,De 70 a 80 litros (hasta 4 personas)
28196,1,1,7,4,1,1,4,Solar,Nuevo,No le da mantenimiento,De 90 a 110 litros (hasta 6 personas)
28197,1,1,1,1,1,20,4,De gas con deposito,Nuevo,No le da mantenimiento,De 38 a 40 litros (hasta 2 personas)
28198,1,1,1,1,1,7,1,De gas con deposito,Nuevo,Cada 6 meses,De 38 a 40 litros (hasta 2 personas)
28199,1,1,7,3,1,3,4,Solar,Nuevo,No le da mantenimiento,De 70 a 80 litros (hasta 4 personas)
28200,1,1,1,1,1,1,4,De gas con deposito,Nuevo,No le da mantenimiento,De 38 a 40 litros (hasta 2 personas)
28200,1,2,7,3,1,1,1,Solar,Nuevo,Cada 6 meses,De 70 a 80 litros (hasta 4 personas)
28201,1,1,1,9,2,3,4,De gas con deposito,Usado,No le da mantenimiento,No sabe
28204,1,1,3,0,2,3,4,De gas instantáneo de paso,Usado,No le da mantenimiento,
28205,1,1,1,3,1,15,1,De gas con deposito,Nuevo,Cada 6 meses,De 70 a 80 litros (hasta 4 personas)
28206,1,1,3,0,1,5,4,De gas instantáneo de paso,Nuevo,No le da mantenimiento,
28207,1,1,1,3,1,15,3,De gas con deposito,Nuevo,Cada 2 años,De 70 a 80 litros (hasta 4 personas)
28208,1,1,7,3,1,1,4,Solar,Nuevo,No le da mantenimiento,De 70 a 80 litros (hasta 4 personas)
28210,1,1,1,9,1,12,4,De gas con deposito,Nuevo,No le da mantenimiento,No sabe
28211,1,1,1,1,1,10,4,De gas con deposito,Nuevo,No le da mantenimiento,De 38 a 40 litros (hasta 2 personas)
28212,1,1,7,3,1,3,3,Solar,Nuevo,Cada 2 años,De 70 a 80 litros (hasta 4 personas)
28213,1,1,7,1,1,3,4,Solar,Nuevo,No le da mantenimiento,De 38 a 40 litros (hasta 2 personas)
28214,1,1,1,1,2,1,4,De gas con deposito,Usado,No le da mantenimiento,De 38 a 40 litros (hasta 2 personas)
28215,1,1,1,1,1,99,1,De gas con deposito,Nuevo,Cada 6 meses,De 38 a 40 litros (hasta 2 personas)
28216,1,1,1,1,1,8,1,De gas con deposito,Nuevo,Cada 6 meses,De 38 a 40 litros (hasta 2 personas)
28218,1,1,1,2,1,3,4,De gas con deposito,Nuevo,No le da mantenimiento,De 50 a 60 litros (hasta 3 personas)
28219,1,1,1,2,2,99,4,De gas con deposito,Usado,No le da mantenimiento,De 50 a 60 litros (hasta 3 personas)
28220,1,1,7,3,1,1,4,Solar,Nuevo,No le da mantenimiento,De 70 a 80 litros (hasta 4 personas)
28220,1,2,1,4,1,20,2,De gas con deposito,Nuevo,Cada año,De 90 a 110 litros (hasta 6 personas)
28221,1,1,1,3,1,1,4,De gas con deposito,Nuevo,No le da mantenimiento,De 70 a 80 litros (hasta 4 personas)
28222,1,1,1,5,1,99,2,De gas con deposito,Nuevo,Cada año,De 120 a 140 litros (hasta 7 personas)
28223,1,1,1,1,2,99,4,De gas con deposito,Usado,No le da mantenimiento,De 38 a 40 litros (hasta 2 personas)
28224,1,1,7,3,1,3,2,Solar,Nuevo,Cada año,De 70 a 80 litros (hasta 4 personas)
28225,1,1,1,1,1,10,1,De gas con deposito,Nuevo,Cada 6 meses,De 38 a 40 litros (hasta 2 personas)
28227,1,1,7,2,1,99,4,Solar,Nuevo,No le da mantenimiento,De 50 a 60 litros (hasta 3 personas)
28228,1,1,2,0,1,4,4,De gas de rápida recuperación,Nuevo,No le da mantenimiento,
28229,1,1,2,0,1,10,4,De gas de rápida recuperación,Nuevo,No le da mantenimiento,
28229,1,2,7,1,1,1,4,Solar,Nuevo,No le da mantenimiento,De 38 a 40 litros (hasta 2 personas)
28230,1,1,7,3,1,3,2,Solar,Nuevo,Cada año,De 70 a 80 litros (hasta 4 personas)
28231,1,1,1,4,1,9,4,De gas con deposito,Nuevo,No le da mantenimiento,De 90 a 110 litros (hasta 6 personas)
28232,1,1,3,0,1,1,4,De gas instantáneo de paso,Nuevo,No le da mantenimiento,
28232,1,2,7,3,1,1,4,Solar,Nuevo,No le da mantenimiento,De 70 a 80 litros (hasta 4 personas)
28233,1,1,7,9,1,4,4,Solar,Nuevo,No le da mantenimiento,No sabe
28234,1,1,7,3,1,2,2,Solar,Nuevo,Cada año,De 70 a 80 litros (hasta 4 personas)
28235,1,1,1,1,1,15,4,De gas con deposito,Nuevo,No le da mantenimiento,De 38 a 40 litros (hasta 2 personas)
28237,1,1,1,1,1,2,4,De gas con deposito,Nuevo,No le da mantenimiento,De 38 a 40 litros (hasta 2 personas)
28238,1,2,7,1,1,3,4,Solar,Nuevo,No le da mantenimiento,De 38 a 40 litros (hasta 2 personas)
28238,1,1,1,1,1,8,2,De gas con deposito,Nuevo,Cada año,De 38 a 40 litros (hasta 2 personas)
28240,1,1,1,1,1,22,2,De gas con deposito,Nuevo,Cada año,De 38 a 40 litros (hasta 2 personas)
28242,1,1,1,1,1,1,4,De gas con deposito,Nuevo,No le da mantenimiento,De 38 a 40 litros (hasta 2 personas)
28243,1,1,2,0,1,1,4,De gas de rápida recuperación,Nuevo,No le da mantenimiento,
28244,1,1,7,4,2,1,4,Solar,Usado,No le da mantenimiento,De 90 a 110 litros (hasta 6 personas)
28244,1,2,1,1,2,1,4,De gas con deposito,Usado,No le da mantenimiento,De 38 a 40 litros (hasta 2 personas)
28245,1,1,7,3,1,3,4,Solar,Nuevo,No le da mantenimiento,De 70 a 80 litros (hasta 4 personas)
28245,1,2,1,1,1,99,4,De gas con deposito,Nuevo,No le da mantenimiento,De 38 a 40 litros (hasta 2 personas)
28246,1,1,1,1,1,15,2,De gas con deposito,Nuevo,Cada año,De 38 a 40 litros (hasta 2 personas)
28247,1,1,1,1,1,8,4,De gas con deposito,Nuevo,No le da mantenimiento,De 38 a 40 litros (hasta 2 personas)
28247,1,2,7,2,1,4,4,Solar,Nuevo,No le da mantenimiento,De 50 a 60 litros (hasta 3 personas)
28248,1,1,7,1,1,2,4,Solar,Nuevo,No le da mantenimiento,De 38 a 40 litros (hasta 2 personas)
28249,1,1,2,0,1,1,4,De gas de rápida recuperación,Nuevo,No le da mantenimiento,
28250,1,1,7,4,1,2,4,Solar,Nuevo,No le da mantenimiento,De 90 a 110 litros (hasta 6 personas)
28251,1,1,3,0,1,1,4,De gas instantáneo de paso,Nuevo,No le da mantenimiento,
28252,1,1,7,3,1,2,4,Solar,Nuevo,No le da mantenimiento,De 70 a 80 litros (hasta 4 personas)
28252,1,2,1,5,1,30,3,De gas con deposito,Nuevo,Cada 2 años,De 120 a 140 litros (hasta 7 personas)
28254,1,1,1,5,1,15,4,De gas con deposito,Nuevo,No le da mantenimiento,De 120 a 140 litros (hasta 7 personas)
28256,1,1,1,1,2,99,4,De gas con deposito,Usado,No le da mantenimiento,De 38 a 40 litros (hasta 2 personas)
28257,1,1,2,0,2,1,4,De gas de rápida recuperación,Usado,No le da mantenimiento,
28259,1,1,3,0,1,1,4,De gas instantáneo de paso,Nuevo,No le da mantenimiento,
28260,1,1,1,1,2,5,4,De gas con deposito,Usado,No le da mantenimiento,De 38 a 40 litros (hasta 2 personas)
28261,1,1,1,9,2,2,4,De gas con deposito,Usado,No le da mantenimiento,No sabe
28263,1,1,7,4,1,1,4,Solar,Nuevo,No le da mantenimiento,De 90 a 110 litros (hasta 6 personas)
28264,1,1,1,1,1,2,2,De gas con deposito,Nuevo,Cada año,De 38 a 40 litros (hasta 2 personas)
28265,1,2,3,0,1,1,4,De gas instantáneo de paso,Nuevo,No le da mantenimiento,
28265,1,1,7,3,1,1,4,Solar,Nuevo,No le da mantenimiento,De 70 a 80 litros (hasta 4 personas)
28266,1,1,7,3,1,1,4,Solar,Nuevo,No le da mantenimiento,De 70 a 80 litros (hasta 4 personas)
28267,1,1,1,1,2,99,4,De gas con deposito,Usado,No le da mantenimiento,De 38 a 40 litros (hasta 2 personas)
28268,1,1,6,2,2,8,1,De leña,Usado,Cada 6 meses,De 50 a 60 litros (hasta 3 personas)
28269,1,1,7,3,1,3,4,Solar,Nuevo,No le da mantenimiento,De 70 a 80 litros (hasta 4 personas)
28270,1,1,1,9,1,15,4,De gas con deposito,Nuevo,No le da mantenimiento,No sabe
28274,1,1,2,0,1,1,4,De gas de rápida recuperación,Nuevo,No le da mantenimiento,
28276,1,1,7,3,1,3,4,Solar,Nuevo,No le da mantenimiento,De 70 a 80 litros (hasta 4 personas)
28277,1,1,7,4,1,5,1,Solar,Nuevo,Cada 6 meses,De 90 a 110 litros (hasta 6 personas)
28278,1,1,2,0,2,3,4,De gas de rápida recuperación,Usado,No le da mantenimiento,
28280,1,1,7,3,1,5,4,Solar,Nuevo,No le da mantenimiento,De 70 a 80 litros (hasta 4 personas)
28281,1,1,7,3,1,1,4,Solar,Nuevo,No le da mantenimiento,De 70 a 80 litros (hasta 4 personas)
28282,1,1,7,3,1,1,4,Solar,Nuevo,No le da mantenimiento,De 70 a 80 litros (hasta 4 personas)
28283,1,1,1,1,1,20,4,De gas con deposito,Nuevo,No le da mantenimiento,De 38 a 40 litros (hasta 2 personas)
28287,1,1,2,0,2,3,4,De gas de rápida recuperación,Usado,No le da mantenimiento,
28288,1,1,7,4,1,1,4,Solar,Nuevo,No le da mantenimiento,De 90 a 110 litros (hasta 6 personas)
28289,1,1,7,3,1,5,4,Solar,Nuevo,No le da mantenimiento,De 70 a 80 litros (hasta 4 personas)
28291,1,1,1,1,1,1,4,De gas con deposito,Nuevo,No le da mantenimiento,De 38 a 40 litros (hasta 2 personas)
28292,1,1,1,1,2,30,4,De gas con deposito,Usado,No le da mantenimiento,De 38 a 40 litros (hasta 2 personas)
28294,1,1,1,1,1,30,4,De gas con deposito,Nuevo,No le da mantenimiento,De 38 a 40 litros (hasta 2 personas)
28298,1,1,2,0,1,4,4,De gas de rápida recuperación,Nuevo,No le da mantenimiento,
28300,1,1,1,3,2,99,4,De gas con deposito,Usado,No le da mantenimiento,De 70 a 80 litros (hasta 4 personas)
28301,1,1,1,3,1,99,4,De gas con deposito,Nuevo,No le da mantenimiento,De 70 a 80 litros (hasta 4 personas)
28303,1,1,7,2,1,1,4,Solar,Nuevo,No le da mantenimiento,De 50 a 60 litros (hasta 3 personas)
28304,1,1,7,9,1,1,4,Solar,Nuevo,No le da mantenimiento,No sabe
28305,1,1,6,2,1,14,4,De leña,Nuevo,No le da mantenimiento,De 50 a 60 litros (hasta 3 personas)
28306,1,1,7,1,1,1,4,Solar,Nuevo,No le da mantenimiento,De 38 a 40 litros (hasta 2 personas)
28308,1,1,2,0,1,1,4,De gas de rápida recuperación,Nuevo,No le da mantenimiento,
28308,1,2,7,9,1,2,4,Solar,Nuevo,No le da mantenimiento,No sabe
28312,1,1,7,9,1,2,4,Solar,Nuevo,No le da mantenimiento,No sabe
28313,1,1,6,1,1,7,4,De leña,Nuevo,No le da mantenimiento,De 38 a 40 litros (hasta 2 personas)
28314,1,1,1,1,2,99,2,De gas con deposito,Usado,Cada año,De 38 a 40 litros (hasta 2 personas)
28315,1,1,7,9,2,1,4,Solar,Usado,No le da mantenimiento,No sabe
28318,1,1,6,1,1,1,4,De leña,Nuevo,No le da mantenimiento,De 38 a 40 litros (hasta 2 personas)
28320,1,1,1,1,2,30,4,De gas con deposito,Usado,No le da mantenimiento,De 38 a 40 litros (hasta 2 personas)
28321,1,1,1,1,1,25,4,De gas con deposito,Nuevo,No le da mantenimiento,De 38 a 40 litros (hasta 2 personas)
28322,1,1,7,9,1,6,3,Solar,Nuevo,Cada 2 años,No sabe
28323,1,1,1,2,2,99,4,De gas con deposito,Usado,No le da mantenimiento,De 50 a 60 litros (hasta 3 personas)
28324,1,1,3,0,1,1,4,De gas instantáneo de paso,Nuevo,No le da mantenimiento,
28326,1,1,7,6,1,7,4,Solar,Nuevo,No le da mantenimiento,Más de 140 litros (más de 7 personas)
28327,1,1,7,6,1,1,1,Solar,Nuevo,Cada 6 meses,Más de 140 litros (más de 7 personas)
28329,1,1,6,2,2,99,1,De leña,Usado,Cada 6 meses,De 50 a 60 litros (hasta 3 personas)
28330,1,1,6,1,1,99,4,De leña,Nuevo,No le da mantenimiento,De 38 a 40 litros (hasta 2 personas)
28331,1,1,7,9,1,3,4,Solar,Nuevo,No le da mantenimiento,No sabe
28332,1,1,1,1,2,20,4,De gas con deposito,Usado,No le da mantenimiento,De 38 a 40 litros (hasta 2 personas)
28335,1,1,1,9,1,99,1,De gas con deposito,Nuevo,Cada 6 meses,No sabe
28336,1,1,7,3,1,3,4,Solar,Nuevo,No le da mantenimiento,De 70 a 80 litros (hasta 4 personas)
28337,1,1,7,3,1,3,4,Solar,Nuevo,No le da mantenimiento,De 70 a 80 litros (hasta 4 personas)
28337,1,2,2,0,1,1,4,De gas de rápida recuperación,Nuevo,No le da mantenimiento,
28338,1,1,7,3,1,4,4,Solar,Nuevo,No le da mantenimiento,De 70 a 80 litros (hasta 4 personas)
28339,1,1,2,0,1,2,2,De gas de rápida recuperación,Nuevo,Cada año,
28340,1,1,7,4,1,2,4,Solar,Nuevo,No le da mantenimiento,De 90 a 110 litros (hasta 6 personas)
28340,1,2,1,4,1,30,4,De gas con deposito,Nuevo,No le da mantenimiento,De 90 a 110 litros (hasta 6 personas)
28341,1,1,1,1,1,10,3,De gas con deposito,Nuevo,Cada 2 años,De 38 a 40 litros (hasta 2 personas)
28343,1,1,2,0,1,1,1,De gas de rápida recuperación,Nuevo,Cada 6 meses,
28344,1,1,7,2,2,99,4,Solar,Usado,No le da mantenimiento,De 50 a 60 litros (hasta 3 personas)
28345,1,1,1,9,2,99,4,De gas con deposito,Usado,No le da mantenimiento,No sabe
28346,1,1,2,0,2,99,4,De gas de rápida recuperación,Usado,No le da mantenimiento,
28347,1,1,7,3,1,3,4,Solar,Nuevo,No le da mantenimiento,De 70 a 80 litros (hasta 4 personas)
28348,1,1,2,0,1,3,4,De gas de rápida recuperación,Nuevo,No le da mantenimiento,
28349,1,1,2,0,1,7,4,De gas de rápida recuperación,Nuevo,No le da mantenimiento,
28350,1,2,2,0,1,15,4,De gas de rápida recuperación,Nuevo,No le da mantenimiento,
28350,1,1,7,9,1,1,4,Solar,Nuevo,No le da mantenimiento,No sabe
28351,1,1,2,0,1,8,4,De gas de rápida recuperación,Nuevo,No le da mantenimiento,
28352,1,1,7,3,1,1,4,Solar,Nuevo,No le da mantenimiento,De 70 a 80 litros (hasta 4 personas)
28352,1,2,4,0,1,12,2,Eléctrico instantáneo de paso,Nuevo,Cada año,
28353,1,2,1,2,2,99,1,De gas con deposito,Usado,Cada 6 meses,De 50 a 60 litros (hasta 3 personas)
28353,1,1,7,4,1,3,4,Solar,Nuevo,No le da mantenimiento,De 90 a 110 litros (hasta 6 personas)
28354,1,1,2,0,1,9,4,De gas de rápida recuperación,Nuevo,No le da mantenimiento,
28357,1,1,7,3,1,3,1,Solar,Nuevo,Cada 6 meses,De 70 a 80 litros (hasta 4 personas)
28360,1,1,6,3,2,2,1,De leña,Usado,Cada 6 meses,De 70 a 80 litros (hasta 4 personas)
28361,1,1,1,3,1,8,4,De gas con deposito,Nuevo,No le da mantenimiento,De 70 a 80 litros (hasta 4 personas)
28362,1,1,7,3,1,3,4,Solar,Nuevo,No le da mantenimiento,De 70 a 80 litros (hasta 4 personas)
28363,1,1,7,5,1,4,2,Solar,Nuevo,Cada año,De 120 a 140 litros (hasta 7 personas)
28364,1,1,6,9,2,99,1,De leña,Usado,Cada 6 meses,No sabe
28366,1,2,1,1,1,10,2,De gas con deposito,Nuevo,Cada año,De 38 a 40 litros (hasta 2 personas)
28366,1,1,7,4,1,2,4,Solar,Nuevo,No le da mantenimiento,De 90 a 110 litros (hasta 6 personas)
28367,1,2,7,4,1,1,4,Solar,Nuevo,No le da mantenimiento,De 90 a 110 litros (hasta 6 personas)
28367,1,1,7,4,1,3,2,Solar,Nuevo,Cada año,De 90 a 110 litros (hasta 6 personas)
28368,1,1,7,4,1,3,4,Solar,Nuevo,No le da mantenimiento,De 90 a 110 litros (hasta 6 personas)
28369,1,1,2,0,1,1,1,De gas de rápida recuperación,Nuevo,Cada 6 meses,
28370,1,1,6,1,2,99,1,De leña,Usado,Cada 6 meses,De 38 a 40 litros (hasta 2 personas)
28371,1,1,6,1,2,1,1,De leña,Usado,Cada 6 meses,De 38 a 40 litros (hasta 2 personas)
28373,1,1,6,1,1,2,1,De leña,Nuevo,Cada 6 meses,De 38 a 40 litros (hasta 2 personas)
28374,1,1,7,4,1,8,4,Solar,Nuevo,No le da mantenimiento,De 90 a 110 litros (hasta 6 personas)
28374,1,2,1,1,1,14,4,De gas con deposito,Nuevo,No le da mantenimiento,De 38 a 40 litros (hasta 2 personas)
28375,1,1,6,1,2,8,1,De leña,Usado,Cada 6 meses,De 38 a 40 litros (hasta 2 personas)
28376,1,1,2,0,2,3,1,De gas de rápida recuperación,Usado,Cada 6 meses,
28377,1,1,6,9,2,6,4,De leña,Usado,No le da mantenimiento,No sabe
28378,1,1,1,2,1,5,4,De gas con deposito,Nuevo,No le da mantenimiento,De 50 a 60 litros (hasta 3 personas)
28378,1,2,7,2,1,2,4,Solar,Nuevo,No le da mantenimiento,De 50 a 60 litros (hasta 3 personas)
28379,1,1,3,0,1,1,4,De gas instantáneo de paso,Nuevo,No le da mantenimiento,
28380,1,2,2,0,1,5,4,De gas de rápida recuperación,Nuevo,No le da mantenimiento,
28380,1,1,7,3,1,1,4,Solar,Nuevo,No le da mantenimiento,De 70 a 80 litros (hasta 4 personas)
28381,1,2,2,0,1,1,1,De gas de rápida recuperación,Nuevo,Cada 6 meses,
28381,1,1,7,3,1,2,1,Solar,Nuevo,Cada 6 meses,De 70 a 80 litros (hasta 4 personas)
28383,1,1,1,2,1,6,4,De gas con deposito,Nuevo,No le da mantenimiento,De 50 a 60 litros (hasta 3 personas)
28386,1,1,6,2,1,99,4,De leña,Nuevo,No le da mantenimiento,De 50 a 60 litros (hasta 3 personas)
28387,1,1,7,9,1,1,4,Solar,Nuevo,No le da mantenimiento,No sabe
28390,1,1,7,4,1,3,4,Solar,Nuevo,No le da mantenimiento,De 90 a 110 litros (hasta 6 personas)
28391,1,1,7,9,1,1,4,Solar,Nuevo,No le da mantenimiento,No sabe
28392,1,1,7,3,1,5,4,Solar,Nuevo,No le da mantenimiento,De 70 a 80 litros (hasta 4 personas)
28392,1,2,1,2,1,1,1,De gas con deposito,Nuevo,Cada 6 meses,De 50 a 60 litros (hasta 3 personas)
28393,1,1,2,0,1,12,1,De gas de rápida recuperación,Nuevo,Cada 6 meses,
28393,1,2,7,2,1,1,4,Solar,Nuevo,No le da mantenimiento,De 50 a 60 litros (hasta 3 personas)
28394,1,1,7,2,1,1,4,Solar,Nuevo,No le da mantenimiento,De 50 a 60 litros (hasta 3 personas)
28394,1,2,1,2,1,40,1,De gas con deposito,Nuevo,Cada 6 meses,De 50 a 60 litros (hasta 3 personas)
28395,1,1,3,0,1,9,1,De gas instantáneo de paso,Nuevo,Cada 6 meses,
28397,1,1,1,9,1,12,2,De gas con deposito,Nuevo,Cada año,No sabe
28398,1,1,7,3,1,7,4,Solar,Nuevo,No le da mantenimiento,De 70 a 80 litros (hasta 4 personas)
28398,1,2,1,2,1,99,4,De gas con deposito,Nuevo,No le da mantenimiento,De 50 a 60 litros (hasta 3 personas)
28399,1,1,7,4,1,2,2,Solar,Nuevo,Cada año,De 90 a 110 litros (hasta 6 personas)
28400,1,1,7,9,1,1,4,Solar,Nuevo,No le da mantenimiento,No sabe
28401,1,1,1,1,1,1,4,De gas con deposito,Nuevo,No le da mantenimiento,De 38 a 40 litros (hasta 2 personas)
28402,1,1,1,9,1,20,2,De gas con deposito,Nuevo,Cada año,No sabe
28403,1,1,1,5,1,20,4,De gas con deposito,Nuevo,No le da mantenimiento,De 120 a 140 litros (hasta 7 personas)
28404,1,1,7,4,1,1,4,Solar,Nuevo,No le da mantenimiento,De 90 a 110 litros (hasta 6 personas)
28404,1,2,1,3,2,6,2,De gas con deposito,Usado,Cada año,De 70 a 80 litros (hasta 4 personas)
28405,1,1,5,4,1,99,4,Eléctrico con depósito,Nuevo,No le da mantenimiento,De 90 a 110 litros (hasta 6 personas)
28406,1,1,7,2,1,1,4,Solar,Nuevo,No le da mantenimiento,De 50 a 60 litros (hasta 3 personas)
28407,1,1,7,2,1,3,4,Solar,Nuevo,No le da mantenimiento,De 50 a 60 litros (hasta 3 personas)
28408,1,1,2,0,1,3,4,De gas de rápida recuperación,Nuevo,No le da mantenimiento,
28409,1,1,7,3,1,4,4,Solar,Nuevo,No le da mantenimiento,De 70 a 80 litros (hasta 4 personas)
28410,1,1,7,3,1,1,4,Solar,Nuevo,No le da mantenimiento,De 70 a 80 litros (hasta 4 personas)
28411,1,1,7,9,1,2,4,Solar,Nuevo,No le da mantenimiento,No sabe
28412,1,1,1,2,1,3,4,De gas con deposito,Nuevo,No le da mantenimiento,De 50 a 60 litros (hasta 3 personas)
28413,1,1,7,6,1,5,4,Solar,Nuevo,No le da mantenimiento,Más de 140 litros (más de 7 personas)
28414,1,1,7,4,1,5,4,Solar,Nuevo,No le da mantenimiento,De 90 a 110 litros (hasta 6 personas)
28415,1,1,2,0,1,8,2,De gas de rápida recuperación,Nuevo,Cada año,
28416,1,1,7,6,1,2,4,Solar,Nuevo,No le da mantenimiento,Más de 140 litros (más de 7 personas)
28417,1,1,7,4,1,2,4,Solar,Nuevo,No le da mantenimiento,De 90 a 110 litros (hasta 6 personas)
28418,1,1,7,1,1,3,3,Solar,Nuevo,Cada 2 años,De 38 a 40 litros (hasta 2 personas)
28418,1,2,1,1,1,10,3,De gas con deposito,Nuevo,Cada 2 años,De 38 a 40 litros (hasta 2 personas)
28419,1,1,7,3,1,8,4,Solar,Nuevo,No le da mantenimiento,De 70 a 80 litros (hasta 4 personas)
28420,1,1,7,9,1,99,4,Solar,Nuevo,No le da mantenimiento,No sabe
28421,1,1,7,2,1,2,4,Solar,Nuevo,No le da mantenimiento,De 50 a 60 litros (hasta 3 personas)
28422,1,2,2,0,1,1,4,De gas de rápida recuperación,Nuevo,No le da mantenimiento,
28422,1,1,7,3,1,2,1,Solar,Nuevo,Cada 6 meses,De 70 a 80 litros (hasta 4 personas)
28423,1,1,7,4,1,7,4,Solar,Nuevo,No le da mantenimiento,De 90 a 110 litros (hasta 6 personas)
28424,1,1,7,2,1,4,1,Solar,Nuevo,Cada 6 meses,De 50 a 60 litros (hasta 3 personas)
28425,1,1,7,3,1,1,4,Solar,Nuevo,No le da mantenimiento,De 70 a 80 litros (hasta 4 personas)
28426,1,1,1,6,1,99,4,De gas con deposito,Nuevo,No le da mantenimiento,Más de 140 litros (más de 7 personas)
28428,1,2,7,9,1,1,4,Solar,Nuevo,No le da mantenimiento,No sabe
28428,1,1,6,9,1,20,4,De leña,Nuevo,No le da mantenimiento,No sabe
28429,1,1,7,4,1,5,4,Solar,Nuevo,No le da mantenimiento,De 90 a 110 litros (hasta 6 personas)
28430,1,1,6,9,1,4,4,De leña,Nuevo,No le da mantenimiento,No sabe
28431,1,1,7,3,2,2,1,Solar,Usado,Cada 6 meses,De 70 a 80 litros (hasta 4 personas)
28432,1,2,7,6,1,4,4,Solar,Nuevo,No le da mantenimiento,Más de 140 litros (más de 7 personas)
28432,1,1,1,9,1,8,1,De gas con deposito,Nuevo,Cada 6 meses,No sabe
28433,1,1,7,4,1,1,4,Solar,Nuevo,No le da mantenimiento,De 90 a 110 litros (hasta 6 personas)
28434,1,1,1,1,2,1,4,De gas con deposito,Usado,No le da mantenimiento,De 38 a 40 litros (hasta 2 personas)
28435,1,1,7,3,1,1,4,Solar,Nuevo,No le da mantenimiento,De 70 a 80 litros (hasta 4 personas)
28436,1,1,7,3,1,1,4,Solar,Nuevo,No le da mantenimiento,De 70 a 80 litros (hasta 4 personas)
28437,1,1,6,1,1,1,1,De leña,Nuevo,Cada 6 meses,De 38 a 40 litros (hasta 2 personas)
28438,1,1,7,3,1,1,4,Solar,Nuevo,No le da mantenimiento,De 70 a 80 litros (hasta 4 personas)
28439,1,1,1,1,1,99,2,De gas con deposito,Nuevo,Cada año,De 38 a 40 litros (hasta 2 personas)
28440,1,1,7,3,1,1,4,Solar,Nuevo,No le da mantenimiento,De 70 a 80 litros (hasta 4 personas)
28441,1,2,6,9,1,5,4,De leña,Nuevo,No le da mantenimiento,No sabe
28441,1,1,7,9,1,3,4,Solar,Nuevo,No le da mantenimiento,No sabe
28442,1,1,7,3,1,1,4,Solar,Nuevo,No le da mantenimiento,De 70 a 80 litros (hasta 4 personas)
28443,1,1,7,2,1,3,4,Solar,Nuevo,No le da mantenimiento,De 50 a 60 litros (hasta 3 personas)
28445,1,1,7,9,1,8,4,Solar,Nuevo,No le da mantenimiento,No sabe
28446,1,1,7,4,1,6,4,Solar,Nuevo,No le da mantenimiento,De 90 a 110 litros (hasta 6 personas)
28447,1,1,7,3,1,2,2,Solar,Nuevo,Cada año,De 70 a 80 litros (hasta 4 personas)
28448,1,1,7,5,1,4,4,Solar,Nuevo,No le da mantenimiento,De 120 a 140 litros (hasta 7 personas)
28449,1,1,7,2,1,1,4,Solar,Nuevo,No le da mantenimiento,De 50 a 60 litros (hasta 3 personas)
28450,1,1,7,5,1,3,4,Solar,Nuevo,No le da mantenimiento,De 120 a 140 litros (hasta 7 personas)
28451,1,1,7,9,1,99,4,Solar,Nuevo,No le da mantenimiento,No sabe
28452,1,1,7,9,1,99,4,Solar,Nuevo,No le da mantenimiento,No sabe
28453,1,1,1,9,1,25,4,De gas con deposito,Nuevo,No le da mantenimiento,No sabe
28455,1,1,7,9,1,1,4,Solar,Nuevo,No le da mantenimiento,No sabe
28456,1,1,7,5,1,3,4,Solar,Nuevo,No le da mantenimiento,De 120 a 140 litros (hasta 7 personas)
28459,1,1,7,2,1,2,2,Solar,Nuevo,Cada año,De 50 a 60 litros (hasta 3 personas)
28461,1,1,1,9,2,99,4,De gas con deposito,Usado,No le da mantenimiento,No sabe
28466,1,1,1,1,2,99,1,De gas con deposito,Usado,Cada 6 meses,De 38 a 40 litros (hasta 2 personas)
28467,1,1,2,0,1,6,4,De gas de rápida recuperación,Nuevo,No le da mantenimiento,
28468,1,1,7,2,1,3,4,Solar,Nuevo,No le da mantenimiento,De 50 a 60 litros (hasta 3 personas)
28469,1,1,7,3,1,6,4,Solar,Nuevo,No le da mantenimiento,De 70 a 80 litros (hasta 4 personas)
28470,1,1,7,3,1,3,4,Solar,Nuevo,No le da mantenimiento,De 70 a 80 litros (hasta 4 personas)
28472,1,1,1,1,1,19,1,De gas con deposito,Nuevo,Cada 6 meses,De 38 a 40 litros (hasta 2 personas)
28474,1,1,7,4,1,4,4,Solar,Nuevo,No le da mantenimiento,De 90 a 110 litros (hasta 6 personas)
28474,1,2,1,1,1,15,4,De gas con deposito,Nuevo,No le da mantenimiento,De 38 a 40 litros (hasta 2 personas)
28475,1,1,1,1,1,99,4,De gas con deposito,Nuevo,No le da mantenimiento,De 38 a 40 litros (hasta 2 personas)
28476,1,1,2,0,1,10,1,De gas de rápida recuperación,Nuevo,Cada 6 meses,
28478,1,1,1,1,1,5,4,De gas con deposito,Nuevo,No le da mantenimiento,De 38 a 40 litros (hasta 2 personas)
28479,1,1,6,9,1,3,4,De leña,Nuevo,No le da mantenimiento,No sabe
28480,1,2,3,0,1,2,1,De gas instantáneo de paso,Nuevo,Cada 6 meses,
28480,1,1,7,3,1,4,2,Solar,Nuevo,Cada año,De 70 a 80 litros (hasta 4 personas)
28481,1,1,7,3,1,4,2,Solar,Nuevo,Cada año,De 70 a 80 litros (hasta 4 personas)
28481,1,2,1,1,2,1,4,De gas con deposito,Usado,No le da mantenimiento,De 38 a 40 litros (hasta 2 personas)
28482,1,1,6,1,2,5,1,De leña,Usado,Cada 6 meses,De 38 a 40 litros (hasta 2 personas)
28483,1,1,2,0,2,1,4,De gas de rápida recuperación,Usado,No le da mantenimiento,
28484,1,1,7,4,1,2,1,Solar,Nuevo,Cada 6 meses,De 90 a 110 litros (hasta 6 personas)
28486,1,1,7,4,1,1,4,Solar,Nuevo,No le da mantenimiento,De 90 a 110 litros (hasta 6 personas)
28487,1,1,6,2,2,1,4,De leña,Usado,No le da mantenimiento,De 50 a 60 litros (hasta 3 personas)
28488,1,1,7,6,1,2,4,Solar,Nuevo,No le da mantenimiento,Más de 140 litros (más de 7 personas)
28489,1,1,7,9,1,6,3,Solar,Nuevo,Cada 2 años,No sabe
28491,1,2,7,3,2,2,4,Solar,Usado,No le da mantenimiento,De 70 a 80 litros (hasta 4 personas)
28491,1,1,2,0,2,5,4,De gas de rápida recuperación,Usado,No le da mantenimiento,
28494,1,1,7,3,1,1,4,Solar,Nuevo,No le da mantenimiento,De 70 a 80 litros (hasta 4 personas)
28496,1,1,7,3,1,2,4,Solar,Nuevo,No le da mantenimiento,De 70 a 80 litros (hasta 4 personas)
28499,1,1,7,3,1,1,4,Solar,Nuevo,No le da mantenimiento,De 70 a 80 litros (hasta 4 personas)
28500,1,1,7,1,1,1,4,Solar,Nuevo,No le da mantenimiento,De 38 a 40 litros (hasta 2 personas)
28501,1,1,6,2,1,99,4,De leña,Nuevo,No le da mantenimiento,De 50 a 60 litros (hasta 3 personas)
28502,1,1,7,9,1,1,4,Solar,Nuevo,No le da mantenimiento,No sabe
28502,1,2,1,1,1,20,4,De gas con deposito,Nuevo,No le da mantenimiento,De 38 a 40 litros (hasta 2 personas)
28503,1,1,7,9,1,2,4,Solar,Nuevo,No le da mantenimiento,No sabe
28504,1,1,1,2,1,20,4,De gas con deposito,Nuevo,No le da mantenimiento,De 50 a 60 litros (hasta 3 personas)
28505,1,1,6,9,1,1,4,De leña,Nuevo,No le da mantenimiento,No sabe
28506,1,1,7,3,1,1,4,Solar,Nuevo,No le da mantenimiento,De 70 a 80 litros (hasta 4 personas)
28507,1,1,7,3,1,99,4,Solar,Nuevo,No le da mantenimiento,De 70 a 80 litros (hasta 4 personas)
28508,1,1,7,9,1,4,4,Solar,Nuevo,No le da mantenimiento,No sabe
28509,1,1,7,9,1,1,4,Solar,Nuevo,No le da mantenimiento,No sabe
28511,1,1,7,4,1,5,4,Solar,Nuevo,No le da mantenimiento,De 90 a 110 litros (hasta 6 personas)
28512,1,1,7,4,1,1,4,Solar,Nuevo,No le da mantenimiento,De 90 a 110 litros (hasta 6 personas)
28513,1,1,3,0,1,1,4,De gas instantáneo de paso,Nuevo,No le da mantenimiento,
28514,1,1,7,3,1,1,4,Solar,Nuevo,No le da mantenimiento,De 70 a 80 litros (hasta 4 personas)
28514,1,2,1,1,1,18,4,De gas con deposito,Nuevo,No le da mantenimiento,De 38 a 40 litros (hasta 2 personas)
28515,1,1,1,2,1,5,1,De gas con deposito,Nuevo,Cada 6 meses,De 50 a 60 litros (hasta 3 personas)
28515,1,2,3,0,1,2,4,De gas instantáneo de paso,Nuevo,No le da mantenimiento,
28516,1,1,6,2,2,99,4,De leña,Usado,No le da mantenimiento,De 50 a 60 litros (hasta 3 personas)
28518,1,1,7,3,1,1,4,Solar,Nuevo,No le da mantenimiento,De 70 a 80 litros (hasta 4 personas)
28520,1,1,7,4,2,3,3,Solar,Usado,Cada 2 años,De 90 a 110 litros (hasta 6 personas)
28521,1,1,7,1,1,3,4,Solar,Nuevo,No le da mantenimiento,De 38 a 40 litros (hasta 2 personas)
28522,1,1,3,0,1,2,1,De gas instantáneo de paso,Nuevo,Cada 6 meses,
28523,1,1,7,3,1,2,4,Solar,Nuevo,No le da mantenimiento,De 70 a 80 litros (hasta 4 personas)
28524,1,1,7,2,1,1,1,Solar,Nuevo,Cada 6 meses,De 50 a 60 litros (hasta 3 personas)
28525,1,1,1,1,2,99,1,De gas con deposito,Usado,Cada 6 meses,De 38 a 40 litros (hasta 2 personas)
28526,1,1,1,1,1,8,1,De gas con deposito,Nuevo,Cada 6 meses,De 38 a 40 litros (hasta 2 personas)
28527,1,1,1,1,1,10,1,De gas con deposito,Nuevo,Cada 6 meses,De 38 a 40 litros (hasta 2 personas)
28529,1,1,7,1,1,1,4,Solar,Nuevo,No le da mantenimiento,De 38 a 40 litros (hasta 2 personas)
28530,1,2,1,1,1,7,4,De gas con deposito,Nuevo,No le da mantenimiento,De 38 a 40 litros (hasta 2 personas)
28530,1,1,7,3,1,3,4,Solar,Nuevo,No le da mantenimiento,De 70 a 80 litros (hasta 4 personas)
28531,1,1,1,1,1,10,4,De gas con deposito,Nuevo,No le da mantenimiento,De 38 a 40 litros (hasta 2 personas)
28532,1,1,7,1,1,2,4,Solar,Nuevo,No le da mantenimiento,De 38 a 40 litros (hasta 2 personas)
28533,1,1,7,2,1,99,4,Solar,Nuevo,No le da mantenimiento,De 50 a 60 litros (hasta 3 personas)
28534,1,1,7,1,1,3,2,Solar,Nuevo,Cada año,De 38 a 40 litros (hasta 2 personas)
28535,1,1,7,3,1,2,4,Solar,Nuevo,No le da mantenimiento,De 70 a 80 litros (hasta 4 personas)
28536,1,1,7,3,1,1,4,Solar,Nuevo,No le da mantenimiento,De 70 a 80 litros (hasta 4 personas)
28537,1,1,6,9,2,9,4,De leña,Usado,No le da mantenimiento,No sabe
28538,1,1,7,3,1,9,4,Solar,Nuevo,No le da mantenimiento,De 70 a 80 litros (hasta 4 personas)
28539,1,1,1,9,2,9,4,De gas con deposito,Usado,No le da mantenimiento,No sabe
28541,1,1,7,3,1,2,4,Solar,Nuevo,No le da mantenimiento,De 70 a 80 litros (hasta 4 personas)
28542,1,1,7,2,2,10,1,Solar,Usado,Cada 6 meses,De 50 a 60 litros (hasta 3 personas)
28544,1,1,6,1,2,4,1,De leña,Usado,Cada 6 meses,De 38 a 40 litros (hasta 2 personas)
28545,1,1,2,0,1,5,1,De gas de rápida recuperación,Nuevo,Cada 6 meses,
28546,1,1,7,4,1,1,4,Solar,Nuevo,No le da mantenimiento,De 90 a 110 litros (hasta 6 personas)
28547,1,1,6,1,1,1,4,De leña,Nuevo,No le da mantenimiento,De 38 a 40 litros (hasta 2 personas)
28548,1,1,6,9,1,10,4,De leña,Nuevo,No le da mantenimiento,No sabe
28549,1,1,7,4,1,10,4,Solar,Nuevo,No le da mantenimiento,De 90 a 110 litros (hasta 6 personas)
28550,1,1,6,3,2,2,4,De leña,Usado,No le da mantenimiento,De 70 a 80 litros (hasta 4 personas)
28552,1,1,6,6,1,3,3,De leña,Nuevo,Cada 2 años,Más de 140 litros (más de 7 personas)
28554,1,1,6,3,1,7,4,De leña,Nuevo,No le da mantenimiento,De 70 a 80 litros (hasta 4 personas)
28555,1,1,1,1,1,10,1,De gas con deposito,Nuevo,Cada 6 meses,De 38 a 40 litros (hasta 2 personas)
28556,1,1,6,1,2,2,2,De leña,Usado,Cada año,De 38 a 40 litros (hasta 2 personas)
28558,1,1,1,1,1,20,4,De gas con deposito,Nuevo,No le da mantenimiento,De 38 a 40 litros (hasta 2 personas)
28559,1,1,6,1,2,99,4,De leña,Usado,No le da mantenimiento,De 38 a 40 litros (hasta 2 personas)
28560,1,1,2,0,1,10,1,De gas de rápida recuperación,Nuevo,Cada 6 meses,
28561,1,1,1,1,1,5,4,De gas con deposito,Nuevo,No le da mantenimiento,De 38 a 40 litros (hasta 2 personas)
28562,1,1,2,0,1,5,4,De gas de rápida recuperación,Nuevo,No le da mantenimiento,
28563,1,1,6,1,2,18,4,De leña,Usado,No le da mantenimiento,De 38 a 40 litros (hasta 2 personas)
28564,1,1,3,0,1,10,4,De gas instantáneo de paso,Nuevo,No le da mantenimiento,
28566,1,1,7,1,1,5,4,Solar,Nuevo,No le da mantenimiento,De 38 a 40 litros (hasta 2 personas)
28567,1,1,6,1,1,25,4,De leña,Nuevo,No le da mantenimiento,De 38 a 40 litros (hasta 2 personas)
28569,1,1,6,1,1,4,1,De leña,Nuevo,Cada 6 meses,De 38 a 40 litros (hasta 2 personas)
28570,1,1,7,6,1,3,4,Solar,Nuevo,No le da mantenimiento,Más de 140 litros (más de 7 personas)
28571,1,1,1,1,1,20,1,De gas con deposito,Nuevo,Cada 6 meses,De 38 a 40 litros (hasta 2 personas)
28572,1,1,6,3,2,1,4,De leña,Usado,No le da mantenimiento,De 70 a 80 litros (hasta 4 personas)
28573,1,1,1,2,1,99,1,De gas con deposito,Nuevo,Cada 6 meses,De 50 a 60 litros (hasta 3 personas)
28574,1,1,7,3,1,2,4,Solar,Nuevo,No le da mantenimiento,De 70 a 80 litros (hasta 4 personas)
28575,1,1,7,3,1,1,4,Solar,Nuevo,No le da mantenimiento,De 70 a 80 litros (hasta 4 personas)
28576,1,1,7,4,1,4,4,Solar,Nuevo,No le da mantenimiento,De 90 a 110 litros (hasta 6 personas)
28577,1,1,6,1,1,5,4,De leña,Nuevo,No le da mantenimiento,De 38 a 40 litros (hasta 2 personas)
28578,1,1,6,1,1,6,4,De leña,Nuevo,No le da mantenimiento,De 38 a 40 litros (hasta 2 personas)
28580,1,1,1,3,1,10,4,De gas con deposito,Nuevo,No le da mantenimiento,De 70 a 80 litros (hasta 4 personas)
28581,1,1,7,9,1,4,4,Solar,Nuevo,No le da mantenimiento,No sabe
28583,1,1,7,3,1,2,4,Solar,Nuevo,No le da mantenimiento,De 70 a 80 litros (hasta 4 personas)
28584,1,1,7,3,1,1,4,Solar,Nuevo,No le da mantenimiento,De 70 a 80 litros (hasta 4 personas)
28585,1,1,7,4,1,3,4,Solar,Nuevo,No le da mantenimiento,De 90 a 110 litros (hasta 6 personas)
28586,1,1,7,4,1,1,4,Solar,Nuevo,No le da mantenimiento,De 90 a 110 litros (hasta 6 personas)
28587,1,1,7,3,1,1,4,Solar,Nuevo,No le da mantenimiento,De 70 a 80 litros (hasta 4 personas)
28591,1,1,6,2,1,1,4,De leña,Nuevo,No le da mantenimiento,De 50 a 60 litros (hasta 3 personas)
28593,1,1,6,1,1,5,4,De leña,Nuevo,No le da mantenimiento,De 38 a 40 litros (hasta 2 personas)
28594,1,1,6,1,2,8,3,De leña,Usado,Cada 2 años,De 38 a 40 litros (hasta 2 personas)
28595,1,1,7,3,1,1,4,Solar,Nuevo,No le da mantenimiento,De 70 a 80 litros (hasta 4 personas)
28596,1,1,6,1,2,10,1,De leña,Usado,Cada 6 meses,De 38 a 40 litros (hasta 2 personas)
28597,1,1,6,2,2,1,4,De leña,Usado,No le da mantenimiento,De 50 a 60 litros (hasta 3 personas)
28598,1,1,6,9,1,99,4,De leña,Nuevo,No le da mantenimiento,No sabe
28601,1,1,7,4,1,1,4,Solar,Nuevo,No le da mantenimiento,De 90 a 110 litros (hasta 6 personas)
28603,1,1,7,3,1,1,4,Solar,Nuevo,No le da mantenimiento,De 70 a 80 litros (hasta 4 personas)
28603,1,2,6,1,1,99,4,De leña,Nuevo,No le da mantenimiento,De 38 a 40 litros (hasta 2 personas)
28604,1,1,6,1,1,20,4,De leña,Nuevo,No le da mantenimiento,De 38 a 40 litros (hasta 2 personas)
28605,1,1,6,1,2,15,4,De leña,Usado,No le da mantenimiento,De 38 a 40 litros (hasta 2 personas)
28608,1,1,1,3,1,20,3,De gas con deposito,Nuevo,Cada 2 años,De 70 a 80 litros (hasta 4 personas)
28610,1,1,6,1,1,1,4,De leña,Nuevo,No le da mantenimiento,De 38 a 40 litros (hasta 2 personas)
28611,1,1,7,3,1,1,4,Solar,Nuevo,No le da mantenimiento,De 70 a 80 litros (hasta 4 personas)
28616,1,1,7,3,1,2,4,Solar,Nuevo,No le da mantenimiento,De 70 a 80 litros (hasta 4 personas)
28617,1,1,6,1,2,20,4,De leña,Usado,No le da mantenimiento,De 38 a 40 litros (hasta 2 personas)
28618,1,2,7,3,1,1,4,Solar,Nuevo,No le da mantenimiento,De 70 a 80 litros (hasta 4 personas)
28618,1,1,3,0,1,2,1,De gas instantáneo de paso,Nuevo,Cada 6 meses,
28619,1,1,7,9,1,4,4,Solar,Nuevo,No le da mantenimiento,No sabe
28620,1,1,7,4,1,7,4,Solar,Nuevo,No le da mantenimiento,De 90 a 110 litros (hasta 6 personas)
28622,1,1,6,4,2,2,4,De leña,Usado,No le da mantenimiento,De 90 a 110 litros (hasta 6 personas)
28623,1,1,6,1,2,5,1,De leña,Usado,Cada 6 meses,De 38 a 40 litros (hasta 2 personas)
28624,1,1,6,1,1,99,4,De leña,Nuevo,No le da mantenimiento,De 38 a 40 litros (hasta 2 personas)
28625,1,1,7,5,1,3,4,Solar,Nuevo,No le da mantenimiento,De 120 a 140 litros (hasta 7 personas)
28626,1,1,2,0,1,4,4,De gas de rápida recuperación,Nuevo,No le da mantenimiento,
28630,1,1,7,6,1,4,2,Solar,Nuevo,Cada año,Más de 140 litros (más de 7 personas)
28631,1,1,7,3,1,3,2,Solar,Nuevo,Cada año,De 70 a 80 litros (hasta 4 personas)
28633,1,1,7,3,1,1,4,Solar,Nuevo,No le da mantenimiento,De 70 a 80 litros (hasta 4 personas)
28636,1,1,6,1,1,6,3,De leña,Nuevo,Cada 2 años,De 38 a 40 litros (hasta 2 personas)
28637,1,1,7,1,1,1,4,Solar,Nuevo,No le da mantenimiento,De 38 a 40 litros (hasta 2 personas)
28647,1,1,6,3,2,1,4,De leña,Usado,No le da mantenimiento,De 70 a 80 litros (hasta 4 personas)
28654,1,1,7,3,1,1,4,Solar,Nuevo,No le da mantenimiento,De 70 a 80 litros (hasta 4 personas)
28655,1,1,6,3,2,5,1,De leña,Usado,Cada 6 meses,De 70 a 80 litros (hasta 4 personas)
28657,1,1,7,9,1,1,4,Solar,Nuevo,No le da mantenimiento,No sabe
28659,1,1,6,1,2,3,1,De leña,Usado,Cada 6 meses,De 38 a 40 litros (hasta 2 personas)
28660,1,1,1,1,1,10,4,De gas con deposito,Nuevo,No le da mantenimiento,De 38 a 40 litros (hasta 2 personas)
28661,1,1,7,3,1,1,4,Solar,Nuevo,No le da mantenimiento,De 70 a 80 litros (hasta 4 personas)
28662,1,1,7,3,1,1,4,Solar,Nuevo,No le da mantenimiento,De 70 a 80 litros (hasta 4 personas)
28665,1,1,7,2,1,1,4,Solar,Nuevo,No le da mantenimiento,De 50 a 60 litros (hasta 3 personas)
28670,1,1,1,9,2,5,2,De gas con deposito,Usado,Cada año,No sabe
28672,1,1,1,1,1,6,4,De gas con deposito,Nuevo,No le da mantenimiento,De 38 a 40 litros (hasta 2 personas)
28674,1,1,2,0,2,7,4,De gas de rápida recuperación,Usado,No le da mantenimiento,
28675,1,1,1,1,2,1,1,De gas con deposito,Usado,Cada 6 meses,De 38 a 40 litros (hasta 2 personas)
28676,1,1,6,2,2,2,1,De leña,Usado,Cada 6 meses,De 50 a 60 litros (hasta 3 personas)
28677,1,1,1,2,1,8,1,De gas con deposito,Nuevo,Cada 6 meses,De 50 a 60 litros (hasta 3 personas)
28678,1,1,1,3,1,20,1,De gas con deposito,Nuevo,Cada 6 meses,De 70 a 80 litros (hasta 4 personas)
28679,1,1,7,3,1,6,4,Solar,Nuevo,No le da mantenimiento,De 70 a 80 litros (hasta 4 personas)
28680,1,1,7,3,1,2,4,Solar,Nuevo,No le da mantenimiento,De 70 a 80 litros (hasta 4 personas)
28683,1,1,1,1,2,2,2,De gas con deposito,Usado,Cada año,De 38 a 40 litros (hasta 2 personas)
28684,1,1,7,3,1,1,4,Solar,Nuevo,No le da mantenimiento,De 70 a 80 litros (hasta 4 personas)
28685,1,1,7,9,1,2,4,Solar,Nuevo,No le da mantenimiento,No sabe
28686,1,1,6,9,2,99,4,De leña,Usado,No le da mantenimiento,No sabe
28687,1,1,1,1,1,7,4,De gas con deposito,Nuevo,No le da mantenimiento,De 38 a 40 litros (hasta 2 personas)
28689,1,1,7,9,1,1,4,Solar,Nuevo,No le da mantenimiento,No sabe
28692,1,1,7,2,1,1,4,Solar,Nuevo,No le da mantenimiento,De 50 a 60 litros (hasta 3 personas)
28694,1,1,6,3,1,1,4,De leña,Nuevo,No le da mantenimiento,De 70 a 80 litros (hasta 4 personas)
28696,1,1,6,1,1,2,4,De leña,Nuevo,No le da mantenimiento,De 38 a 40 litros (hasta 2 personas)
28697,1,1,6,1,2,2,4,De leña,Usado,No le da mantenimiento,De 38 a 40 litros (hasta 2 personas)
28699,1,1,7,9,1,1,4,Solar,Nuevo,No le da mantenimiento,No sabe
28700,1,1,7,6,1,1,4,Solar,Nuevo,No le da mantenimiento,Más de 140 litros (más de 7 personas)
28702,1,1,6,2,2,3,4,De leña,Usado,No le da mantenimiento,De 50 a 60 litros (hasta 3 personas)
28704,1,1,6,2,1,3,2,De leña,Nuevo,Cada año,De 50 a 60 litros (hasta 3 personas)
28705,1,1,7,2,1,1,4,Solar,Nuevo,No le da mantenimiento,De 50 a 60 litros (hasta 3 personas)
28709,1,1,7,2,1,1,4,Solar,Nuevo,No le da mantenimiento,De 50 a 60 litros (hasta 3 personas)
28714,1,1,6,1,1,99,4,De leña,Nuevo,No le da mantenimiento,De 38 a 40 litros (hasta 2 personas)
28715,1,1,7,9,1,4,4,Solar,Nuevo,No le da mantenimiento,No sabe
28717,1,1,7,4,1,2,4,Solar,Nuevo,No le da mantenimiento,De 90 a 110 litros (hasta 6 personas)
28718,1,1,7,9,1,1,4,Solar,Nuevo,No le da mantenimiento,No sabe
28719,1,1,7,4,1,2,4,Solar,Nuevo,No le da mantenimiento,De 90 a 110 litros (hasta 6 personas)
28720,1,1,1,1,1,21,3,De gas con deposito,Nuevo,Cada 2 años,De 38 a 40 litros (hasta 2 personas)
28720,1,2,7,4,1,3,4,Solar,Nuevo,No le da mantenimiento,De 90 a 110 litros (hasta 6 personas)
28722,1,1,7,3,1,1,4,Solar,Nuevo,No le da mantenimiento,De 70 a 80 litros (hasta 4 personas)
28723,1,1,7,2,1,1,4,Solar,Nuevo,No le da mantenimiento,De 50 a 60 litros (hasta 3 personas)
28724,1,1,1,1,1,6,4,De gas con deposito,Nuevo,No le da mantenimiento,De 38 a 40 litros (hasta 2 personas)
28725,1,1,1,4,1,99,4,De gas con deposito,Nuevo,No le da mantenimiento,De 90 a 110 litros (hasta 6 personas)
28727,1,1,7,3,2,2,1,Solar,Usado,Cada 6 meses,De 70 a 80 litros (hasta 4 personas)
28731,1,2,7,9,1,1,4,Solar,Nuevo,No le da mantenimiento,No sabe
28731,1,1,6,1,1,2,4,De leña,Nuevo,No le da mantenimiento,De 38 a 40 litros (hasta 2 personas)
28732,1,1,6,1,1,3,4,De leña,Nuevo,No le da mantenimiento,De 38 a 40 litros (hasta 2 personas)
28734,1,1,7,2,1,3,4,Solar,Nuevo,No le da mantenimiento,De 50 a 60 litros (hasta 3 personas)
28737,1,1,6,9,1,8,2,De leña,Nuevo,Cada año,No sabe
28738,1,1,7,3,1,7,4,Solar,Nuevo,No le da mantenimiento,De 70 a 80 litros (hasta 4 personas)
28739,1,1,6,1,1,1,4,De leña,Nuevo,No le da mantenimiento,De 38 a 40 litros (hasta 2 personas)
28743,1,1,6,1,1,1,4,De leña,Nuevo,No le da mantenimiento,De 38 a 40 litros (hasta 2 personas)
28747,1,1,7,3,1,2,4,Solar,Nuevo,No le da mantenimiento,De 70 a 80 litros (hasta 4 personas)
28748,1,1,1,2,1,13,4,De gas con deposito,Nuevo,No le da mantenimiento,De 50 a 60 litros (hasta 3 personas)
28750,1,1,7,2,1,1,4,Solar,Nuevo,No le da mantenimiento,De 50 a 60 litros (hasta 3 personas)
28751,1,2,6,1,2,4,1,De leña,Usado,Cada 6 meses,De 38 a 40 litros (hasta 2 personas)
28751,1,1,7,3,1,1,1,Solar,Nuevo,Cada 6 meses,De 70 a 80 litros (hasta 4 personas)
28754,1,1,6,1,1,1,4,De leña,Nuevo,No le da mantenimiento,De 38 a 40 litros (hasta 2 personas)
28756,1,1,7,2,1,1,4,Solar,Nuevo,No le da mantenimiento,De 50 a 60 litros (hasta 3 personas)
28757,1,1,7,3,1,1,4,Solar,Nuevo,No le da mantenimiento,De 70 a 80 litros (hasta 4 personas)
28757,1,2,6,3,1,5,4,De leña,Nuevo,No le da mantenimiento,De 70 a 80 litros (hasta 4 personas)
28760,1,1,7,9,1,1,4,Solar,Nuevo,No le da mantenimiento,No sabe
28763,1,1,7,3,1,2,4,Solar,Nuevo,No le da mantenimiento,De 70 a 80 litros (hasta 4 personas)
28764,1,1,7,6,1,1,4,Solar,Nuevo,No le da mantenimiento,Más de 140 litros (más de 7 personas)
28764,1,2,6,1,1,3,1,De leña,Nuevo,Cada 6 meses,De 38 a 40 litros (hasta 2 personas)
28771,1,1,7,4,1,4,4,Solar,Nuevo,No le da mantenimiento,De 90 a 110 litros (hasta 6 personas)
28775,1,1,6,2,1,4,4,De leña,Nuevo,No le da mantenimiento,De 50 a 60 litros (hasta 3 personas)
28776,1,1,7,5,1,4,4,Solar,Nuevo,No le da mantenimiento,De 120 a 140 litros (hasta 7 personas)
28777,1,1,7,9,1,1,4,Solar,Nuevo,No le da mantenimiento,No sabe
28779,1,1,7,6,1,4,4,Solar,Nuevo,No le da mantenimiento,Más de 140 litros (más de 7 personas)
28782,1,1,7,4,1,3,4,Solar,Nuevo,No le da mantenimiento,De 90 a 110 litros (hasta 6 personas)
28786,1,1,6,1,2,2,4,De leña,Usado,No le da mantenimiento,De 38 a 40 litros (hasta 2 personas)
28788,1,1,7,2,1,3,4,Solar,Nuevo,No le da mantenimiento,De 50 a 60 litros (hasta 3 personas)
28806,1,1,6,3,2,2,4,De leña,Usado,No le da mantenimiento,De 70 a 80 litros (hasta 4 personas)
28808,1,1,1,3,1,12,1,De gas con deposito,Nuevo,Cada 6 meses,De 70 a 80 litros (hasta 4 personas)
28810,1,1,6,1,2,5,2,De leña,Usado,Cada año,De 38 a 40 litros (hasta 2 personas)
28811,1,1,7,3,1,2,4,Solar,Nuevo,No le da mantenimiento,De 70 a 80 litros (hasta 4 personas)
28812,1,1,7,1,1,1,4,Solar,Nuevo,No le da mantenimiento,De 38 a 40 litros (hasta 2 personas)
28813,1,1,7,9,1,3,4,Solar,Nuevo,No le da mantenimiento,No sabe
28814,1,1,6,3,1,3,4,De leña,Nuevo,No le da mantenimiento,De 70 a 80 litros (hasta 4 personas)
28815,1,1,6,2,1,10,1,De leña,Nuevo,Cada 6 meses,De 50 a 60 litros (hasta 3 personas)
28817,1,1,6,1,1,12,1,De leña,Nuevo,Cada 6 meses,De 38 a 40 litros (hasta 2 personas)
28817,1,2,7,6,1,1,4,Solar,Nuevo,No le da mantenimiento,Más de 140 litros (más de 7 personas)
28819,1,1,6,1,1,50,4,De leña,Nuevo,No le da mantenimiento,De 38 a 40 litros (hasta 2 personas)
28820,1,1,6,4,1,15,4,De leña,Nuevo,No le da mantenimiento,De 90 a 110 litros (hasta 6 personas)
28821,1,1,6,1,1,9,4,De leña,Nuevo,No le da mantenimiento,De 38 a 40 litros (hasta 2 personas)
28822,1,1,6,1,2,99,4,De leña,Usado,No le da mantenimiento,De 38 a 40 litros (hasta 2 personas)
28823,1,1,6,1,1,99,4,De leña,Nuevo,No le da mantenimiento,De 38 a 40 litros (hasta 2 personas)
28824,1,1,6,1,1,99,4,De leña,Nuevo,No le da mantenimiento,De 38 a 40 litros (hasta 2 personas)
28826,1,1,6,9,2,99,4,De leña,Usado,No le da mantenimiento,No sabe
28827,1,1,6,1,1,99,4,De leña,Nuevo,No le da mantenimiento,De 38 a 40 litros (hasta 2 personas)
28828,1,2,1,2,1,20,3,De gas con deposito,Nuevo,Cada 2 años,De 50 a 60 litros (hasta 3 personas)
28828,1,1,7,2,1,1,4,Solar,Nuevo,No le da mantenimiento,De 50 a 60 litros (hasta 3 personas)
28829,1,1,6,3,1,3,3,De leña,Nuevo,Cada 2 años,De 70 a 80 litros (hasta 4 personas)
28831,1,1,6,2,1,30,1,De leña,Nuevo,Cada 6 meses,De 50 a 60 litros (hasta 3 personas)
28832,1,1,7,2,1,3,4,Solar,Nuevo,No le da mantenimiento,De 50 a 60 litros (hasta 3 personas)
28833,1,1,6,2,1,99,4,De leña,Nuevo,No le da mantenimiento,De 50 a 60 litros (hasta 3 personas)
28834,1,1,6,2,1,1,4,De leña,Nuevo,No le da mantenimiento,De 50 a 60 litros (hasta 3 personas)
28835,1,1,7,4,1,3,4,Solar,Nuevo,No le da mantenimiento,De 90 a 110 litros (hasta 6 personas)
28836,1,1,7,3,1,2,4,Solar,Nuevo,No le da mantenimiento,De 70 a 80 litros (hasta 4 personas)
28837,1,1,2,0,1,99,4,De gas de rápida recuperación,Nuevo,No le da mantenimiento,
28839,1,1,7,4,1,1,4,Solar,Nuevo,No le da mantenimiento,De 90 a 110 litros (hasta 6 personas)
28840,1,1,7,2,1,2,4,Solar,Nuevo,No le da mantenimiento,De 50 a 60 litros (hasta 3 personas)
28841,1,1,7,3,1,1,1,Solar,Nuevo,Cada 6 meses,De 70 a 80 litros (hasta 4 personas)
28842,1,1,7,4,1,4,4,Solar,Nuevo,No le da mantenimiento,De 90 a 110 litros (hasta 6 personas)
28843,1,2,6,3,2,10,4,De leña,Usado,No le da mantenimiento,De 70 a 80 litros (hasta 4 personas)
28843,1,1,7,3,1,1,4,Solar,Nuevo,No le da mantenimiento,De 70 a 80 litros (hasta 4 personas)
28844,1,2,6,3,1,13,4,De leña,Nuevo,No le da mantenimiento,De 70 a 80 litros (hasta 4 personas)
28844,1,1,7,3,1,2,4,Solar,Nuevo,No le da mantenimiento,De 70 a 80 litros (hasta 4 personas)
28846,1,1,6,1,2,99,4,De leña,Usado,No le da mantenimiento,De 38 a 40 litros (hasta 2 personas)
28847,1,1,6,1,1,6,4,De leña,Nuevo,No le da mantenimiento,De 38 a 40 litros (hasta 2 personas)
28848,1,1,6,9,1,12,4,De leña,Nuevo,No le da mantenimiento,No sabe
28850,1,1,6,2,1,1,4,De leña,Nuevo,No le da mantenimiento,De 50 a 60 litros (hasta 3 personas)
28850,1,2,5,1,1,4,4,Eléctrico con depósito,Nuevo,No le da mantenimiento,De 38 a 40 litros (hasta 2 personas)
28851,1,1,7,4,1,1,4,Solar,Nuevo,No le da mantenimiento,De 90 a 110 litros (hasta 6 personas)
28852,1,1,7,3,1,2,4,Solar,Nuevo,No le da mantenimiento,De 70 a 80 litros (hasta 4 personas)
28855,1,1,7,2,1,3,4,Solar,Nuevo,No le da mantenimiento,De 50 a 60 litros (hasta 3 personas)
28857,1,1,7,3,1,1,4,Solar,Nuevo,No le da mantenimiento,De 70 a 80 litros (hasta 4 personas)
28858,1,1,6,2,2,99,4,De leña,Usado,No le da mantenimiento,De 50 a 60 litros (hasta 3 personas)
28859,1,1,7,3,1,5,3,Solar,Nuevo,Cada 2 años,De 70 a 80 litros (hasta 4 personas)
28860,1,1,1,3,1,10,4,De gas con deposito,Nuevo,No le da mantenimiento,De 70 a 80 litros (hasta 4 personas)
28862,1,1,2,0,1,1,4,De gas de rápida recuperación,Nuevo,No le da mantenimiento,
28866,1,1,7,4,1,1,2,Solar,Nuevo,Cada año,De 90 a 110 litros (hasta 6 personas)
28870,1,1,6,2,2,1,4,De leña,Usado,No le da mantenimiento,De 50 a 60 litros (hasta 3 personas)
28871,1,1,6,9,2,7,4,De leña,Usado,No le da mantenimiento,No sabe
28873,1,1,6,1,2,3,1,De leña,Usado,Cada 6 meses,De 38 a 40 litros (hasta 2 personas)
28875,1,1,7,3,1,5,4,Solar,Nuevo,No le da mantenimiento,De 70 a 80 litros (hasta 4 personas)
28878,1,1,7,3,1,2,4,Solar,Nuevo,No le da mantenimiento,De 70 a 80 litros (hasta 4 personas)
28885,1,1,7,3,1,1,4,Solar,Nuevo,No le da mantenimiento,De 70 a 80 litros (hasta 4 personas)
28887,1,1,7,2,1,4,4,Solar,Nuevo,No le da mantenimiento,De 50 a 60 litros (hasta 3 personas)
28888,1,1,7,3,1,2,4,Solar,Nuevo,No le da mantenimiento,De 70 a 80 litros (hasta 4 personas)
28898,1,1,1,2,1,16,4,De gas con deposito,Nuevo,No le da mantenimiento,De 50 a 60 litros (hasta 3 personas)
28899,1,1,6,2,1,13,4,De leña,Nuevo,No le da mantenimiento,De 50 a 60 litros (hasta 3 personas)
28901,1,1,7,3,1,1,4,Solar,Nuevo,No le da mantenimiento,De 70 a 80 litros (hasta 4 personas)
28902,1,1,7,3,1,1,4,Solar,Nuevo,No le da mantenimiento,De 70 a 80 litros (hasta 4 personas)
28904,1,1,5,1,1,1,4,Eléctrico con depósito,Nuevo,No le da mantenimiento,De 38 a 40 litros (hasta 2 personas)
28906,1,1,7,4,1,2,4,Solar,Nuevo,No le da mantenimiento,De 90 a 110 litros (hasta 6 personas)
28915,1,1,7,4,1,2,4,Solar,Nuevo,No le da mantenimiento,De 90 a 110 litros (hasta 6 personas)
28916,1,1,1,1,2,6,4,De gas con deposito,Usado,No le da mantenimiento,De 38 a 40 litros (hasta 2 personas)
28917,1,1,7,4,1,1,4,Solar,Nuevo,No le da mantenimiento,De 90 a 110 litros (hasta 6 personas)
28918,1,1,7,9,1,2,4,Solar,Nuevo,No le da mantenimiento,No sabe
28919,1,1,7,9,1,3,4,Solar,Nuevo,No le da mantenimiento,No sabe
28921,1,1,1,1,1,99,4,De gas con deposito,Nuevo,No le da mantenimiento,De 38 a 40 litros (hasta 2 personas)
28922,1,1,7,4,1,1,4,Solar,Nuevo,No le da mantenimiento,De 90 a 110 litros (hasta 6 personas)
28923,1,1,7,4,1,1,4,Solar,Nuevo,No le da mantenimiento,De 90 a 110 litros (hasta 6 personas)
28924,1,1,7,3,1,1,4,Solar,Nuevo,No le da mantenimiento,De 70 a 80 litros (hasta 4 personas)
28925,1,1,7,3,1,3,4,Solar,Nuevo,No le da mantenimiento,De 70 a 80 litros (hasta 4 personas)
28929,1,1,7,3,1,3,4,Solar,Nuevo,No le da mantenimiento,De 70 a 80 litros (hasta 4 personas)
28930,1,1,1,2,1,15,4,De gas con deposito,Nuevo,No le da mantenimiento,De 50 a 60 litros (hasta 3 personas)
28931,1,1,1,3,1,1,1,De gas con deposito,Nuevo,Cada 6 meses,De 70 a 80 litros (hasta 4 personas)
28932,1,1,7,6,1,1,4,Solar,Nuevo,No le da mantenimiento,Más de 140 litros (más de 7 personas)
28934,1,1,7,4,1,2,1,Solar,Nuevo,Cada 6 meses,De 90 a 110 litros (hasta 6 personas)
28935,1,1,6,3,2,2,4,De leña,Usado,No le da mantenimiento,De 70 a 80 litros (hasta 4 personas)
28936,1,1,7,3,1,4,4,Solar,Nuevo,No le da mantenimiento,De 70 a 80 litros (hasta 4 personas)
28937,1,1,7,3,1,2,4,Solar,Nuevo,No le da mantenimiento,De 70 a 80 litros (hasta 4 personas)
28938,1,1,7,9,1,1,4,Solar,Nuevo,No le da mantenimiento,No sabe
28939,1,1,7,9,1,1,4,Solar,Nuevo,No le da mantenimiento,No sabe
28940,1,1,3,0,1,8,4,De gas instantáneo de paso,Nuevo,No le da mantenimiento,
28941,1,1,7,4,1,1,4,Solar,Nuevo,No le da mantenimiento,De 90 a 110 litros (hasta 6 personas)
28944,1,1,7,3,1,1,4,Solar,Nuevo,No le da mantenimiento,De 70 a 80 litros (hasta 4 personas)
28945,1,1,6,1,2,7,4,De leña,Usado,No le da mantenimiento,De 38 a 40 litros (hasta 2 personas)
28946,1,1,7,3,1,1,4,Solar,Nuevo,No le da mantenimiento,De 70 a 80 litros (hasta 4 personas)
28948,1,1,2,0,1,10,3,De gas de rápida recuperación,Nuevo,Cada 2 años,
28948,1,2,7,4,1,3,2,Solar,Nuevo,Cada año,De 90 a 110 litros (hasta 6 personas)
28949,1,1,7,4,1,2,4,Solar,Nuevo,No le da mantenimiento,De 90 a 110 litros (hasta 6 personas)
28950,1,1,2,0,2,99,4,De gas de rápida recuperación,Usado,No le da mantenimiento,
28951,1,2,7,3,1,2,4,Solar,Nuevo,No le da mantenimiento,De 70 a 80 litros (hasta 4 personas)
28951,1,1,1,1,1,17,4,De gas con deposito,Nuevo,No le da mantenimiento,De 38 a 40 litros (hasta 2 personas)
28952,1,1,7,9,1,1,4,Solar,Nuevo,No le da mantenimiento,No sabe
28953,1,1,7,3,1,2,4,Solar,Nuevo,No le da mantenimiento,De 70 a 80 litros (hasta 4 personas)
